ticker_a,ticker_b,sector,pvalue,hedge_ratio,intercept,half_life,n_obs
AEP,SRE,utilities,0.00026608337507447774,0.9108057674370389,19.864217626729477,10.633508795939823,757
NTRS,PNC,financials,0.0016252299806029287,0.4359821939266008,29.110199076278345,13.927298332500396,757
AEP,ETR,utilities,0.0025230257947332422,1.0339743264412338,25.828241331655605,9.156542971180869,757
DTE,PEG,utilities,0.002702974410801834,1.943701179330898,-4.380561189036507,12.367247644024316,757
CVX,FANG,energy,0.0036599514443098917,0.5016217580482444,49.945148604824546,12.740640687335723,757
BAC,NTRS,financials,0.0038413337913861707,0.48395247110663897,-11.366440616897657,14.03506853480372,757
AXP,COF,financials,0.004171660246938092,0.785783882461818,43.15373119458515,15.30306682665402,757
HBAN,TFC,financials,0.005328487826928867,0.2859606845764256,-0.7125145966845018,16.15389284840611,757
AXP,NTRS,financials,0.006359760794425717,1.8478436641454694,-32.31749418548352,21.887652867408878,757
AWK,NEE,utilities,0.006940507824151345,1.8795619717626626,15.655953196313702,16.911328347857836,757
D,ES,utilities,0.007030128957989793,0.45475156208869927,28.93243359741343,12.24798604154224,757
D,WEC,utilities,0.007208706848059423,0.43433161766124456,27.03638565407695,9.573316243866438,757
AON,NDAQ,financials,0.007759568122924766,3.097945217677232,81.26650681371298,21.37138670564516,757
EOG,FANG,energy,0.007774554080168932,0.6666344092007749,14.238666923128694,17.320258495214357,757
MA,PGR,financials,0.008821246466922514,3.83749763227657,18.391895474185155,16.929294916880934,757
AEP,EIX,utilities,0.01020243243591647,0.6807318611194078,37.41442981234428,19.005429220044384,757
ATO,FE,utilities,0.011130682529252083,0.8874021449174195,59.46301065457161,13.559944689342194,757
KEY,TFC,financials,0.014003266066937164,0.4335500865411409,-3.2881117830874507,16.427959066790816,757
HBAN,TRV,financials,0.014339317136911877,0.11004451089321399,-3.270899911646392,20.905483227582888,757
CB,PNC,financials,0.014766368680698338,0.6957320957793227,54.63162966063441,24.836600684884292,757
ES,WEC,utilities,0.015212388797699046,0.8481825343109871,3.675799159619044,21.175005523790205,757
CVX,EOG,energy,0.01563378387687371,0.7141798230037467,41.2871001716218,19.67088739778616,757
ALL,COF,financials,0.0170915729609766,0.38787993766187706,56.66349039424071,22.47828164167622,757
AFL,USB,financials,0.017403540819764928,0.9245631365387681,5.909901881062063,17.027171690153036,757
D,NRG,utilities,0.017593450296934238,-0.022061754101500245,59.600585952943575,14.70529018620705,757
AEE,AWK,utilities,0.018388893193242786,0.22379293196814037,37.826581356863024,14.696857539907867,757
D,PNW,utilities,0.019216166551573544,0.002530343036806754,58.74519702927507,14.915307793469585,757
CB,FITB,financials,0.019228508413037766,2.8935673932441284,68.4265970611766,25.04841679961152,757
AEP,PPL,utilities,0.019907474102977173,1.7122452870154123,29.619080878186573,23.0618623398359,757
AEP,CNP,utilities,0.02009077952396691,0.37086381618290637,61.314450627073384,23.92753450858647,757
CFG,MET,financials,0.020462896168581636,0.7784028329757495,-3.4091978178135203,15.651754212134808,757
MS,TROW,financials,0.02079522203756329,0.5885011681504301,-13.26005931520823,20.230722354676264,757
D,NEE,utilities,0.02097018348389484,0.16606878111838821,49.50480137624199,12.772788006111996,757
D,EXC,utilities,0.023171156535351057,0.08341311444220395,56.77204629510753,15.420040802175194,757
KMI,VLO,energy,0.023434710483036403,0.13206498710018616,4.639334070999154,21.195867698099722,757
AEP,AES,utilities,0.0239964726614641,0.3714515528758077,63.225690963370546,23.267222035282227,757
AEP,NRG,utilities,0.02452979811358034,0.22359804484568044,62.03509601953489,24.269811619800304,757
AMP,MS,financials,0.02785914059978804,2.786970166802956,24.62601477635069,31.0307092829272,757
MET,RF,financials,0.027943370405683378,2.5929724449277947,7.515535531191132,22.918863075018315,757
D,NI,utilities,0.02808929953561552,0.16199463530274089,55.51068337643453,15.99197946772725,757
AEP,FE,utilities,0.02915460916448206,0.5706668356131768,51.78743329067749,24.072740300227984,757
D,FE,utilities,0.02950484787743064,0.12339514658824133,55.171486983719454,15.852164220724141,757
AJG,BLK,financials,0.03099148886477155,0.1546374612453068,19.61948336684706,28.692878227950608,757
OKE,VLO,energy,0.031347846301651716,0.835003216598218,-11.044024832530004,27.221942280384187,757
KMI,SLB,energy,0.031617596268587386,0.19409797269272813,7.228135020553961,29.839458249394557,757
AEP,EXC,utilities,0.033069939725242824,0.656956383123414,52.24799695929305,26.0573711458034,757
FITB,NTRS,financials,0.0334483399392296,0.5080941980521589,-17.32222318634745,20.308899410382537,757
BKR,MPC,energy,0.03362488362082649,0.3051812273937493,4.930895632013135,22.803820137883783,757
CB,KEY,financials,0.0342652028210008,6.6971300941076874,49.865422580769334,21.700184500594194,757
AXP,MET,financials,0.034826816457577625,2.7382862419458376,5.878962570999901,22.613393339290624,757
MET,PNC,financials,0.036169330014953656,0.3030221761395536,4.6534832302727756,21.947280476031622,757
AJG,ICE,financials,0.03618983540760979,1.57693258045696,-44.07701338569124,24.36398398167838,757
AJG,AMP,financials,0.03632435561845233,0.46567216200508477,24.51265417839135,21.848455519520023,757
NTRS,ZION,financials,0.0379945930430343,1.3858595716427304,28.664127452250952,26.98658174900147,757
AEP,NI,utilities,0.038100829102638456,1.6239858638979856,35.014672624979916,31.784901837621813,757
KMI,XOM,energy,0.03834919533479337,0.15066327222958242,5.370130951627479,26.867547803053178,757
KMI,PSX,energy,0.03865675607062805,0.11394286620770248,4.8940022922665225,31.707836531147947,757
C,USB,financials,0.038881752161393585,1.1640712573661927,6.392275492798018,42.42701446605586,757
ATO,NEE,utilities,0.03918955501942274,-0.07078941337205677,90.3357708272232,16.730378101891297,757
AEP,NEE,utilities,0.039507298848923254,0.15665252579979835,60.1944031772778,24.68599667770766,757
BAC,PNC,financials,0.039695709954930984,0.21982689340995315,1.6777724980424418,20.69997085889486,757
BAC,FITB,financials,0.04068135758204083,0.9187069483732629,5.931475871636897,24.09069360044769,757
AXP,FITB,financials,0.04127524006003534,3.5505264808358334,32.72056340680525,23.31427113541931,757
FITB,RF,financials,0.04256581846814999,2.0200030509297484,-2.0205157272267957,35.013778446277286,757
D,EVRG,utilities,0.04270215714980853,0.44359219223805496,37.815563245366846,17.433794258898246,757
ATO,AWK,utilities,0.04338439762295979,-0.02739167949181633,89.67162081701356,16.94230943202306,757
ALL,JPM,financials,0.044486101642862826,0.5235531048637911,36.78468806442784,30.203609139795716,757
ATO,ED,utilities,0.044516623898762014,0.9011052257822525,28.56648172912073,18.44773096525851,757
AEP,AWK,utilities,0.04483330519099768,0.09075061999716437,57.985571015542526,25.896473390704767,757
D,XEL,utilities,0.04638296165190111,0.5530127766365047,29.786315334596384,11.296424588295977,757
NTRS,SCHW,financials,0.047762182753531404,0.8381035213662368,41.055555842076444,22.62882567970881,757
BKR,HAL,energy,0.04816104619161912,0.641631601127168,6.565746790073313,31.714012647812385,757
CB,SCHW,financials,0.04823230150522507,1.3012875691001815,75.40048098001786,30.89120159328194,757
AXP,PNC,financials,0.049775543059090925,0.8541662897415748,15.73751671333702,18.23367941856267,757
CB,NTRS,financials,0.0513351222987268,1.4918879574686459,16.555222469896265,28.21589376800204,757
COF,NTRS,financials,0.05150538838762878,2.3057512205338297,-92.34949028208142,23.296364909992413,757
MSCI,NDAQ,financials,0.05157759333729111,11.24918527364968,-104.40888349090469,22.866523293765926,757
JPM,NTRS,financials,0.052072502830299384,1.716962582837157,-31.152358431586862,23.73117505441966,757
ALL,GS,financials,0.052398422673085476,0.1637842114020122,56.23225698064563,32.38327646938519,757
AON,MS,financials,0.052563848285760946,1.8595273244723707,109.36857516780293,28.987460003456427,757
BKR,FANG,energy,0.05266216145683768,0.1485589697290283,9.295674638778324,29.728904082910987,757
MPC,TRGP,energy,0.05483032534844467,0.9631445254268695,14.730427812140382,19.43269147925698,757
ATO,NRG,utilities,0.05675561313058586,-0.10717728670749169,89.69685987148056,17.530797574966012,757
AJG,NDAQ,financials,0.05804502540051085,2.1545263297931596,16.66944410499114,24.681843746734163,757
KEY,NTRS,financials,0.05831034521857598,0.22036898501029667,-4.78058552015456,24.881130990155526,757
APA,SLB,energy,0.05894333049040826,0.8158410250670435,-3.000537750011925,22.920855211031135,757
AFL,AIG,financials,0.05924465799460317,0.7244185254240848,13.88800305523389,21.45854485143134,757
AON,ICE,financials,0.05988319093083514,2.2210047237956805,-1.7716784226883244,30.587490115643156,757
AEP,ED,utilities,0.06075274698061052,0.7062721438731261,23.791100636569258,29.34278816835458,757
AON,SCHW,financials,0.060981750414479625,2.3455480538387254,93.52774709383543,34.0234413639907,757
CMS,D,utilities,0.06119681292025179,0.9116169626678738,-3.858255736101726,15.471741033102512,757
AEP,DTE,utilities,0.06393626526027817,0.31138946498276243,42.00099352957285,23.8136291321094,757
AXP,CB,financials,0.06491407190069028,1.104896231380671,-34.526269214018924,24.553048448602983,757
AEP,EVRG,utilities,0.06553309606536895,0.8104843426434407,30.5273712997938,23.197408325333647,757
CVX,XOM,energy,0.06754413109737768,1.1201889570526702,29.01356461577241,20.471611117782547,757
CFG,RF,financials,0.06794167774301238,2.076194131113108,1.706271705490814,25.813360167510783,757
CMS,NEE,utilities,0.06809821153524966,0.23027327289828842,36.80509565709884,19.582549397420493,757
ALL,RF,financials,0.06916327369563663,3.274328456651802,51.35168383086478,43.712592789843555,757
AEP,SO,utilities,0.06958419218077176,0.6483859042500749,38.76034927225542,26.68583754057382,757
CB,CFG,financials,0.07026547930740774,2.8009510240808737,58.17825475781377,26.118598327823385,757
AON,TROW,financials,0.07044809952722912,1.1193402975668045,81.97872542440442,30.860339297658488,757
TFC,TRV,financials,0.0705909494236128,0.3732158288808035,-7.544320996739623,26.202524619904526,757
D,ED,utilities,0.07116952720087731,0.24820746747974207,42.99685126092317,20.14251798505961,757
BKR,EOG,energy,0.07136465658477258,0.21735092113603469,6.417854768678074,30.05616757805863,757
CB,ZION,financials,0.07249508364910834,2.219568718695178,53.61829464481223,26.56623525469906,757
EQT,WMB,energy,0.07315034063594947,1.1306406083099858,-4.945411203532444,31.36807680763457,757
ALL,AXP,financials,0.07373148494724134,0.4732653189323085,37.73700435607126,29.55263757023033,757
MSCI,TROW,financials,0.0738982894325759,4.060512283317306,-101.38455887401226,26.069002362714944,757
D,PPL,utilities,0.07404905858624221,0.7577986743529892,41.44991331754635,17.655632382026248,757
D,LNT,utilities,0.07429377869181114,0.5678883245765949,34.40656090048058,13.024308881762174,757
KMI,OXY,energy,0.0755274413786003,0.08162385247508637,9.785840598759101,35.443568848036485,757
AEP,ATO,utilities,0.07595279013882605,0.6300232104156076,14.675012422032466,30.63316106067762,757
D,DUK,utilities,0.07610840803595006,0.23305684802750593,42.00560050054552,17.07025922086221,757
AEP,DUK,utilities,0.07629884565573151,0.36650838702890143,42.484049873268084,28.62946126391956,757
CFG,TRV,financials,0.07643179404594978,0.39055862717993245,-19.09416882514763,26.57222142996922,757
CFG,NTRS,financials,0.07770133763259494,0.5199627940572095,-13.838438849777654,23.552554589414203,757
ATO,CNP,utilities,0.07909292074826552,0.3975573945189898,78.0209965908151,18.872259151003487,757
ALL,BAC,financials,0.07991061477478445,1.8123624235590157,42.83458039515487,39.777332377013714,757
AON,STT,financials,0.08046941432593163,2.9242219504843563,30.070471781866157,29.336407114698776,757
STT,TROW,financials,0.08069462452309539,0.31762520020188145,24.870765571479485,32.348816757228995,757
ALL,SCHW,financials,0.08194604563024177,0.7629381747400797,56.929551118664,39.62946900933324,757
BAC,CB,financials,0.08208871119662131,0.2768339492010142,-10.228875978800847,31.40411545288087,757
D,EIX,utilities,0.0827868616014043,0.25127275871389254,47.2247211717513,16.473676994405096,757
CB,TFC,financials,0.08283526587819445,2.899189090399237,28.007901698657246,28.172502037404318,757
ATO,EXC,utilities,0.08354499603627397,0.23822894417265322,80.23013457937675,19.4922203652408,757
ED,EIX,utilities,0.0844706280864363,0.7110723786244781,31.0408520777697,17.8305134399251,757
OKE,XOM,energy,0.08482916619603986,0.9962310170502098,-8.395519022608498,47.36558819881093,757
AEE,NEE,utilities,0.08514788220616343,0.40936530516984865,41.9681974257092,16.414584738639803,757
DTE,NRG,utilities,0.08748912923227165,1.5271375748841756,38.905717779262694,42.98749838504342,757
APA,XOM,energy,0.0877214753060026,0.5808396908190226,-8.44050592027605,27.664131731376404,757
FITB,SCHW,financials,0.0881905454428693,0.4588680332580151,1.9780278436347534,27.21030017575758,757
PRU,TRV,financials,0.08851395510482696,0.7271282697786735,-23.508352956537145,28.195272680901425,757
MCO,MSCI,financials,0.08860347512479633,0.4715649025846171,94.411445662882,30.34118828469152,757
MA,MCO,financials,0.08861952365686449,0.6439283929978762,132.5408596237329,28.627236041393942,757
AXP,CFG,financials,0.08918059366479875,3.395549114921976,21.30635897085158,28.659669918121907,757
D,PEG,utilities,0.08928787599031485,0.2824947250273667,45.63919033929195,16.338795486397654,757
ATO,DUK,utilities,0.09088611307698158,0.0629638620981714,81.76169234876605,19.51129764692837,757
COP,TRGP,energy,0.09393521288839235,0.8860250944980422,17.173841703512824,22.932421584787917,757
ED,FE,utilities,0.09508284166551673,0.8002408577628781,39.87443421353751,19.044200928463507,757
NTRS,RF,financials,0.09522481333297733,3.6538477733598236,34.20478395157126,23.06703440131139,757
D,DTE,utilities,0.09577627731089766,0.1481791797172731,46.02897868751417,16.59050517140008,757
AEP,D,utilities,0.09590138399236903,0.9675625160144754,12.067280647118094,26.771757966576104,757
MET,NTRS,financials,0.09598364272000048,0.6529613301577168,-12.186726641115468,27.74651202570718,757
ATO,NI,utilities,0.09654820300070777,2.378273100210044,36.464391601042536,21.159155572097404,757
AMP,AON,financials,0.09701834443718849,1.3401415776422538,-106.88820986151447,25.299651835243143,757
NTRS,TFC,financials,0.09722459473282374,1.7852574619796222,13.609936060956644,29.61920868236067,757
MCO,TROW,financials,0.09728255968538291,1.9451088985399294,43.289692250887455,31.0458954925519,757
MA,SPGI,financials,0.09768136340990935,0.5744355305578764,133.65805050798824,29.199061425201343,757
CB,CME,financials,0.09801132787099853,1.075106198422874,-26.10522011143314,29.05901776071528,757
EOG,XOM,energy,0.09906141243292543,1.4388243764671582,-11.325216721791717,27.51920356338365,757
DTE,DUK,utilities,0.10011382679710218,1.0748528831090527,8.95979515706819,29.408776328568198,757
ES,PNW,utilities,0.1002663768758667,-0.216381886618391,79.75997289224894,23.797116079730852,757
EIX,FE,utilities,0.10044701107375503,0.7464395838821756,23.895407732071032,32.71808672657593,757
CB,COF,financials,0.10053935725238666,0.6136904818216959,79.4274324094146,34.69829725019465,757
PGR,TROW,financials,0.10175872994106255,0.3029361270673011,39.5721362749361,34.43215161753013,757
PGR,V,financials,0.10254690056081917,0.3801424128298908,2.0306935179765477,25.897270912620417,757
CB,RF,financials,0.10291788509704769,5.8711533514655025,62.24797459421374,27.568465019607864,757
BLK,PGR,financials,0.1035388591873706,13.205925647639022,-425.52151421164933,32.08111970669996,757
AEE,LNT,utilities,0.10414187590963964,1.2173138680250182,12.626333872739815,9.067739144476338,757
TRV,USB,financials,0.10638593930493379,2.1515222095831055,37.47322543167263,30.24422055705917,757
ALL,FITB,financials,0.10654739552489106,1.6447695729928846,54.06364919969677,40.824006022196244,757
CMS,NRG,utilities,0.10834633590705794,0.08027357787409004,47.31917323619269,26.68976632443545,757
WEC,XEL,utilities,0.10838724541480405,1.2785324753320633,6.0532441794561125,15.140576076716176,757
ETR,NRG,utilities,0.10945826717022705,0.2247044519327319,34.751449392778,40.391626803548455,757
NRG,PEG,utilities,0.11001729775583019,0.5193023581494239,7.043554608150123,30.283910575262187,757
AEE,DUK,utilities,0.11014665268415474,0.674599358810572,16.22261396517365,20.236889020973482,757
RF,SCHW,financials,0.11331802843000688,0.22186425842528004,2.22964281355875,30.96868155509401,757
MA,V,financials,0.1136398076173441,1.7922614811144935,-35.784195270129175,19.42466716840233,757
D,SO,utilities,0.11431152740833633,0.44848753517226797,37.946401885032074,14.383134004671168,757
ALL,NTRS,financials,0.11554997499921427,0.9028669373656595,20.156612907972708,31.5307873617827,757
AXP,BAC,financials,0.1159391106025075,3.7966852665616084,11.678169230170571,25.212214408245075,757
AEP,LNT,utilities,0.11709637092747155,0.7737195948314632,35.68281449974253,28.506962128062273,757
ATO,EIX,utilities,0.11778759390890897,0.7373783770860562,52.04507616859824,15.833000121735504,757
ED,NI,utilities,0.11877450847735815,2.3497050277871883,14.83609263915686,17.246083851372653,757
FE,NI,utilities,0.1198066242019859,1.9869281275284751,-11.384831891155859,32.25971373708241,757
BKR,TRGP,energy,0.12019971586567724,0.3036535274780965,9.139870631789977,27.739964138945428,757
AON,GS,financials,0.12117333320001161,0.497967227551265,92.63175113490624,29.273520277824062,757
ALL,MSCI,financials,0.12125815870201018,0.07480803975965859,67.34952381296786,48.629716692174796,757
ATO,PEG,utilities,0.12196042648751437,0.18491491883206043,77.6430022416352,19.982403591792902,757
CB,JPM,financials,0.12214180742288894,0.8499546688011441,45.65769014028741,31.088004698374053,757
ALL,CME,financials,0.12362488012748912,0.6421544122479139,-4.375067494489466,32.95717197926924,757
CMS,ETR,utilities,0.12657128291465336,0.7639520590409808,17.898019741694494,22.360859633354618,757
AEP,PEG,utilities,0.12682537456099763,0.6096496793819409,40.43020277808012,25.858272072269706,757
VLO,XOM,energy,0.12780030779310447,1.04273926309124,9.966471279714575,31.896425134051686,757
SRE,WEC,utilities,0.1278350735848794,0.36882874502575136,26.953212209441418,30.923572667597583,757
ETR,SRE,utilities,0.127927939894794,0.8367632726394818,-3.3850667017399445,15.871746811592939,757
MSCI,STT,financials,0.12888735729414702,9.75540106665864,-238.89764064497746,41.47924503822341,757
AEP,CMS,utilities,0.12915491702347132,1.0503751043805936,16.71030782869396,30.855205259695648,757
ETR,EXC,utilities,0.1295894721188534,0.5625423429779771,27.415769918840034,47.200062461802666,757
EIX,NRG,utilities,0.13128568004785707,0.34856655176717766,35.53613870824995,44.6133241258981,757
ALL,PNC,financials,0.13149179421864804,0.4146566807386374,43.95490567750464,34.10263440914736,757
COF,MET,financials,0.13220977048402105,3.426504221728324,-45.07829387419025,30.557228634533416,757
FITB,MET,financials,0.13264820862802157,0.7578634727717797,-7.0188898239959485,20.24169693511963,757
KEY,TRV,financials,0.13380535254259035,0.16420552532814645,-6.848614822840592,30.231883209623394,757
FITB,PNC,financials,0.13401138140620927,0.23484320299324227,-4.105952362643545,30.954750131851913,757
AMP,ICE,financials,0.1359328312982186,3.2232655933702516,-132.16045244152832,31.560063509990183,757
MCO,NDAQ,financials,0.13658925138062983,5.390519563099003,41.76876951707473,26.034904925605726,757
CME,USB,financials,0.13725113612076828,1.9038477273714116,77.8316423663255,26.920674376703417,757
PNC,RF,financials,0.13772790764966103,8.37761139312352,11.724893823622505,40.00408156067123,757
MET,TFC,financials,0.13785995696570824,1.2532482854163487,-6.586541813826231,30.789702760588185,757
ATO,DTE,utilities,0.13832915061245127,0.11571708746885727,76.27101776473751,20.441544858864066,757
CB,HBAN,financials,0.1388321888396094,9.771042702988007,38.91387958404303,29.103981371791907,757
CMS,CNP,utilities,0.1389579826619488,-0.042597052927878375,50.73251919674933,25.605933591972164,757
MS,STT,financials,0.1398495324714819,1.5492176633511945,-41.253435703237905,34.79209037572701,757
COP,DVN,energy,0.14299772922780624,1.302514548484889,21.22338813598721,30.856971601519916,757
BLK,TROW,financials,0.14319416104983784,5.031098731909629,-15.541403422881238,23.82721230308338,757
ALL,TROW,financials,0.14355387390442303,0.3529818072249211,54.38662413259005,38.928245492473884,757
AJG,AON,financials,0.14446752786350286,0.6395646580342534,-28.428266400094795,35.28970767718587,757
AEP,WEC,utilities,0.14467344012806388,0.4862110235845562,33.386021009335785,35.11370503074788,757
CB,MET,financials,0.14477454777181548,2.233285462392549,46.4840321036723,29.0714769054203,757
CMS,FE,utilities,0.14607348390516178,0.13166949756046473,45.85634772707038,28.433016733597075,757
CFG,TFC,financials,0.1465450552121732,1.0173027930169534,-10.1043357233905,19.621198193487754,757
JPM,PNC,financials,0.14822410535623592,0.7969717145838896,13.108366217980377,19.07510686564649,757
APA,CVX,energy,0.1484201177714407,0.4609806849255843,-18.902327824871048,31.162573325940215,757
ETR,FE,utilities,0.14854828805403697,0.4996864877101646,26.687397563238115,43.554886816735134,757
LNT,NEE,utilities,0.14875979680465296,0.31663683192118514,25.216239550318136,34.60545318168147,757
ETR,NEE,utilities,0.14915130772578256,0.16402777538107663,32.52797093749693,40.72376554060958,757
APA,OXY,energy,0.14916135363161576,0.40500094045806034,5.934755492796017,35.13516679305012,757
CB,PRU,financials,0.14943638459952124,1.4238376861819062,45.250432252122955,44.51319652653775,757
MA,STT,financials,0.15005636673779088,2.9682608232949113,120.43573400084632,40.62296001730023,757
MCO,SPGI,financials,0.15075856902411144,0.8906251393232454,2.14930592721703,19.250686029449703,757
HAL,WMB,energy,0.15236108442138868,1.2826801076243342,-4.175501424958953,55.81313864867955,757
DUK,SO,utilities,0.1527401054434369,1.2177031167396628,15.60986508142657,38.51275891590495,757
BKR,COP,energy,0.15280386081099534,0.3191509847000272,4.274152929676898,33.95402070267902,757
MA,MS,financials,0.15396543463464651,1.970513175548455,196.6923097390148,32.492033927521724,757
ALL,CB,financials,0.15405013652838623,0.5144489657786666,22.55467516108018,52.41581063390804,757
AMP,STT,financials,0.15544984089242891,4.408584372710107,-95.76528666098098,35.30359400365014,757
MA,RF,financials,0.15695241486776906,9.135162737663045,181.20188575469248,47.71885698073108,757
APA,EOG,energy,0.1574267526922502,0.3920305954158478,-3.2424956884218012,32.63992513523866,757
TFC,ZION,financials,0.15780388795113248,0.7507887107227874,9.388390222704222,25.68002707857015,757
ETR,EVRG,utilities,0.15875439723292822,0.7470769122811242,6.293345322581902,35.96742023243362,757
CMS,EXC,utilities,0.15893541868251182,0.3491212335291236,40.90628188107257,29.18197132326273,757
ES,SO,utilities,0.15971575179876157,0.9593994750967775,21.075489512535533,33.96923347116245,757
CMS,EVRG,utilities,0.1601178043899779,0.5931251579663306,21.64105298553322,30.311792407447957,757
PGR,SCHW,financials,0.16046476546083327,0.5529946593223437,46.56044697859545,47.69024078673005,757
SRE,XEL,utilities,0.16164013984061876,0.4480869030859726,30.42185449725713,34.81659093329716,757
BLK,MSCI,financials,0.1640892616413337,1.1766522344969939,131.4294198458657,32.1642756716173,757
AXP,KEY,financials,0.1644988020706034,7.920066648142442,13.810367551092053,34.789312456676605,757
AXP,TRV,financials,0.16463117077090994,1.3749575376323933,-49.423681753368236,33.24292481788232,757
ALL,MET,financials,0.1649879712062607,1.3221578370486375,39.45830085747738,35.65522118952171,757
AON,NTRS,financials,0.16602463754493452,2.5385955848417017,-0.40418553943579255,34.82184879352464,757
ALL,MS,financials,0.16609263916539646,0.5874328003057405,62.97115780187229,37.492132216399895,757
PNW,XEL,utilities,0.16686510599804927,-0.16105612211600615,72.46775524357913,30.23015038494354,757
AXP,RF,financials,0.16725753243148261,7.053906143826518,27.04815742236119,35.59435146205891,757
AMP,SCHW,financials,0.167706528266735,3.611072403787441,-3.633487338080058,42.77794656691127,757
CMS,SO,utilities,0.16773702655076977,0.5972189621368269,21.93058218211737,21.125499985730738,757
AON,BLK,financials,0.1678200412613176,0.2130144077124753,90.49524569096825,40.508926325476345,757
ATO,SO,utilities,0.16804381050882494,0.28406320809441804,73.05179314145141,22.090072855506357,757
ATO,EVRG,utilities,0.16941158669466783,0.6445124208957314,55.683166149843125,23.613994478029174,757
ATO,XEL,utilities,0.1701610732533756,0.22142004213923458,74.66825767686224,22.03449790960821,757
GS,STT,financials,0.17042950940974894,5.755924736833354,-118.69892809913276,35.25605584598979,757
MET,TRV,financials,0.17082450947049332,0.49615953506348065,-19.475618197980022,27.972942015523373,757
APA,HAL,energy,0.17286207400592513,1.1161425844186603,-2.236641118169953,34.02342140450933,757
CMS,PNW,utilities,0.17433239846022563,0.025075967124191363,48.23793024529241,27.393930161983178,757
MA,PNC,financials,0.17451632897160457,1.1546630289583815,160.82558261997033,45.73704884868929,757
EIX,SRE,utilities,0.1749195599061621,0.7925090391823415,3.6835536887894396,32.228625053726695,757
AON,BAC,financials,0.17516247963636755,5.386817569373683,55.31210579666376,34.99637774831892,757
ES,NEE,utilities,0.1751890865809264,0.44899447086237365,40.49370279929948,17.47072742135351,757
COF,PNC,financials,0.17534707398773636,1.0673644643490816,-32.566976183114505,31.396743057730795,757
AON,PNC,financials,0.17682982956213222,1.1957668881290735,62.97919979247081,37.964545547732776,757
AEP,ES,utilities,0.17767247170469214,0.49003278723511345,36.763375505936935,35.99890150548867,757
AMP,NDAQ,financials,0.178082305503024,4.438981792642873,-9.388295826599544,34.710135965754795,757
BAC,COF,financials,0.17810166234546793,0.19552833863759736,9.36044784482148,44.32671904472129,757
D,ETR,utilities,0.1784119079369329,0.6331318643511908,32.43287415284504,12.049100517093247,757
CMS,PPL,utilities,0.17846084060226358,0.938233340150214,28.228646662682632,34.01434455056846,757
AON,FITB,financials,0.1789606624103477,4.88039419741693,88.88395833741151,42.18301601821038,757
TROW,V,financials,0.17967558570017234,1.0950281319223076,-94.22329234761835,34.83820639383156,757
EIX,NI,utilities,0.18031901198089567,2.031169499912861,3.9068062501112624,34.87267544451188,757
ATO,ES,utilities,0.18076918231732375,0.19356068776810756,73.56945699939742,22.751330820264187,757
AEP,XEL,utilities,0.18140514517698397,0.5602420414081106,39.56211588182839,35.89499627604129,757
AFL,HBAN,financials,0.18199639441146592,3.0690199099629396,10.95876404053968,31.319239176648995,757
MA,SCHW,financials,0.18287923261914502,2.2007425811922143,193.3546337812226,44.170777488129744,757
MA,MET,financials,0.18379984462864546,3.720646599503179,146.72885382937352,47.932937986506765,757
JPM,MET,financials,0.1842751871664109,2.5336485902126284,4.771117651830662,30.843942081103187,757
ATO,LNT,utilities,0.18552729674585133,0.36046250423844267,70.77636988215227,22.379958994451517,757
ETR,NI,utilities,0.1857797458415294,1.2785201910716197,15.008928630759694,63.97179704460604,757
CME,NTRS,financials,0.1866413388362786,1.0170474186361296,69.56387546614882,23.20199696920495,757
ALL,ZION,financials,0.18734399785690004,1.1647511241496171,49.27997240845186,48.14855198709252,757
BKR,OKE,energy,0.187386271455592,0.2850255610019801,7.649828915513975,41.13238992671887,757
ALL,NDAQ,financials,0.18742792490475302,0.889428064689447,57.636820764385156,49.913624155896876,757
TRV,ZION,financials,0.1884858801873619,1.6808104354408613,57.77669103656823,26.356083873939138,757
HAL,OKE,energy,0.18968833445226335,0.3579780164823466,4.8483560038879965,66.0366381720322,757
LNT,SO,utilities,0.19177120893289784,0.7675589447545038,7.270283778409744,35.28675300767761,757
COP,MPC,energy,0.1921697977681261,0.851787365865022,6.560987751832333,33.95791096860508,757
CMS,NI,utilities,0.1933014125626728,0.46573940430113414,40.07764591427403,33.79970779031293,757
GS,SCHW,financials,0.19344040775293775,4.8155830488431315,-3.174857638703347,34.92687889170358,757
HAL,KMI,energy,0.19351333662261838,1.8782628075541201,-4.91540775431949,70.73441516950795,757
MTB,WFC,financials,0.19369957643120078,2.088300234064928,43.78209775689855,27.12798880361446,757
JPM,RF,financials,0.19409380899914075,6.6696929915621785,22.542054030829387,39.91516509979602,757
EIX,PPL,utilities,0.19436727374161966,1.7618306826675523,5.906049207455204,34.48613539066639,757
BKR,WMB,energy,0.1950038457694126,1.0630149477139395,-0.25524396367194496,36.461438312020135,757
APA,BKR,energy,0.19520612061880305,1.3386579732578232,-6.406301257686801,44.91038000284316,757
ETR,WEC,utilities,0.19744251894391468,0.4506688453456146,8.745194067108551,36.50737519725586,757
AFL,TRV,financials,0.1977910985623021,0.3633971152394378,-2.180547533222507,31.211607539065547,757
AXP,GS,financials,0.1981711419906939,0.33154077677527444,42.338492581320345,29.648063666937816,757
SCHW,STT,financials,0.19982457927548863,1.1669494436507835,-22.302336879643168,36.71129980065883,757
ALL,CFG,financials,0.200134937884408,1.587038063778675,48.38111666932244,39.71772546524761,757
ICE,MS,financials,0.2002538403294501,0.7557267836692881,54.2016573443809,36.13939224996452,757
PNW,WEC,utilities,0.2005041536862353,-0.08430723320592229,70.17315214964242,32.41176230595195,757
CVX,OKE,energy,0.2007491319874205,0.9774735333656926,43.836175778893306,21.807732658469074,757
ICE,STT,financials,0.20077003395195975,1.1483085933212596,24.36443105756363,40.983072350203024,757
AIG,USB,financials,0.20136868337728325,1.189723853817871,-7.6605470894000565,35.32890451839467,757
CMS,WEC,utilities,0.2028808537319743,0.5191493424387308,11.747920683799439,12.543590244635938,757
ATO,WEC,utilities,0.20301695797586827,0.2745350446701737,66.18284780498865,25.038164104858915,757
AJG,STT,financials,0.20315474367471292,1.995667009857011,-16.669510254415393,36.857110653663185,757
ATO,PPL,utilities,0.20366783662141008,1.414072500027589,53.75230626316187,22.496375253952813,757
MA,TROW,financials,0.2039616031121949,1.2719979553741263,158.2869892238786,27.80131094695147,757
AXP,SCHW,financials,0.2040112583914242,1.6352686158511642,39.458126453458945,28.93928907720244,757
CB,GS,financials,0.20425572149288723,0.2611572190453755,78.29145704102235,37.10167202475117,757
COF,JPM,financials,0.2060077224849109,1.309007787269355,-46.87530472916295,37.33959026297566,757
CMS,DTE,utilities,0.2064731486095891,0.2587616859985543,27.35370217988402,28.504558709398957,757
EIX,ETR,utilities,0.20704250428857318,0.8179296067911435,12.291343682297281,35.69190670445851,757
CMS,LNT,utilities,0.20739644023219506,0.7617990103401746,16.975980187492542,18.42259295553498,757
EVRG,NRG,utilities,0.20819646066839154,0.52333913443769,31.096711132839232,35.99667637634228,757
AON,MSCI,financials,0.20885368419219563,0.26335383675684404,114.14095368828035,35.16316068052403,757
KEY,PNC,financials,0.20991471826761338,0.10032849034803043,1.131978720359132,36.94820916462808,757
EOG,OKE,energy,0.21040534657332804,1.1852359505158352,10.287725153387331,45.473744954290375,757
AON,CB,financials,0.2112442105885754,1.554040002739393,-8.38118860768689,39.531503174781285,757
PGR,STT,financials,0.21254254582636717,0.6746244829775531,32.48130232832638,48.929624492763296,757
KEY,ZION,financials,0.21340591361673977,0.33463463957804734,0.439858524011804,23.276827142888536,757
AMP,GS,financials,0.21539698188919393,0.7437501662098851,0.11997938973250744,40.141417702226086,757
APA,FANG,energy,0.21551866271846176,0.2594836706942572,2.449445015304803,42.36375087517401,757
BAC,SCHW,financials,0.21683837680817764,0.4274195879402384,7.472254150497265,29.125205516886076,757
CNP,NI,utilities,0.21687049656908552,1.4876112461277158,-10.29481672648929,41.827219363414486,757
V,ZION,financials,0.217040762833965,1.4977324607302114,129.66985177018876,57.68472656507986,757
CME,PNC,financials,0.2172656098187336,0.47408718576018805,95.54562434202457,21.46524305725252,757
CMS,ES,utilities,0.22045564737146028,0.5414358024022458,14.1540501006299,19.851777637678243,757
ICE,NDAQ,financials,0.22084748893241118,1.2808659660193726,41.91362240520372,35.35303728115238,757
MA,MSCI,financials,0.2213536736074978,0.29192070692216093,197.35141742602028,32.112343777250565,757
CMS,SRE,utilities,0.2225788452716269,0.5879962137606739,18.08042724849942,26.791983850676342,757
SLB,XOM,energy,0.22478811241149715,0.7034463355048093,-6.28352905565245,35.92856795694481,757
EVRG,EXC,utilities,0.22526481302099427,0.9415061603535336,23.44815937998401,36.73206955063373,757
AEP,PNW,utilities,0.22579944304294858,0.34202891695909793,47.17825506535136,32.0773808689201,757
ALL,STT,financials,0.22677135539637394,0.9284294800297018,37.64320855037038,46.31332765927123,757
CMS,DUK,utilities,0.22712195753398556,0.3536844622349025,24.192926139269755,29.15938166213944,757
APA,KMI,energy,0.2274141893051912,2.759564450510817,-15.799530101851419,42.873602136523225,757
NRG,PPL,utilities,0.22759423135930362,1.045793480664241,7.3419551786663275,37.227019981307585,757
C,MTB,financials,0.22813330952099276,0.3946007920622953,5.3290913390949095,41.89318052736551,757
BLK,ICE,financials,0.22870490691409923,9.758308600934788,-371.1512415105164,36.82742911535373,757
APA,OKE,energy,0.23013212837772112,0.4889810330062302,-0.10061144136421522,43.85425146671956,757
ES,NI,utilities,0.23138908160468874,-0.39696048059796313,74.23716829545258,27.711947994764948,757
ICE,TROW,financials,0.2334440278440879,0.46373100131308476,42.1062179773175,33.681790918019644,757
EOG,MPC,energy,0.23693171273856295,1.1621251397757442,3.5917649415797355,45.95353518850719,757
NTRS,PRU,financials,0.2371476785972651,0.8920132189824609,23.24676643715951,44.66436455381974,757
PGR,SPGI,financials,0.23744610455262927,0.1358473732635492,33.979685926390744,32.65094294121626,757
ETR,PPL,utilities,0.24164573897572905,1.6082186928263593,4.76664363514692,40.616551281120685,757
MS,MSCI,financials,0.24250848728930663,0.1343936855409862,5.041428338096698,40.80114761981932,757
EIX,NEE,utilities,0.24260101809476103,0.049266159753741684,43.70354227361339,44.183529176236824,757
RF,TRV,financials,0.24437402270994119,0.18107917912439714,-9.168852200751214,36.394287330715684,757
MA,NTRS,financials,0.2451010548910948,2.3772652767539535,105.59316636297623,53.097041801657504,757
AJG,TROW,financials,0.24740165843637352,0.7848332408177556,16.469139917560696,34.80371382923964,757
EOG,TRGP,energy,0.24808395518643245,1.1945787416821394,18.49150844545548,48.2587291421402,757
FANG,OKE,energy,0.24883028630784937,1.7913226506632647,-6.416867713879931,44.64549267081867,757
AXP,TFC,financials,0.2503565879495211,3.3934741083403033,-10.71982859935519,40.594858999406185,757
EVRG,LNT,utilities,0.2512781364100909,0.7501060587655686,15.185136205524085,34.07819721919156,757
ATO,CMS,utilities,0.25152331460900346,0.6787512839293,52.49725738402824,28.933202503960384,757
AON,AXP,financials,0.25605259046100304,1.3524753735327453,46.48395070118305,39.63793533730573,757
C,WFC,financials,0.25719762579312533,0.8750583773355588,20.818133759114104,45.83519936120392,757
SLB,VLO,energy,0.2572876103289541,0.5402162660062579,-5.334176999431433,43.04453818000084,757
APA,VLO,energy,0.25785151265843026,0.42902816764851326,-6.684276823244526,38.754842987186315,757
AEE,AES,utilities,0.258049410736741,1.0161569342074397,49.17483136801794,22.43934675713366,757
NI,XEL,utilities,0.2581921288196215,-0.03521713808366709,22.820742903620662,24.771971277046006,757
ALL,TFC,financials,0.2584311556709927,1.5833624260161745,33.51405000568557,45.6682646882199,757
CVX,MPC,energy,0.2585479201259965,0.9109094878046552,40.3622212016661,31.768939256282383,757
BAC,KEY,financials,0.2588295557494169,2.0711454420982163,0.7551483317757347,37.457557521095524,757
PNW,SO,utilities,0.2591043427049964,-0.04751938435372589,66.2076771721042,35.66810587823445,757
AES,DUK,utilities,0.25946574897479424,0.41886495968654497,-14.660044219307968,37.9695029898822,757
ICE,PGR,financials,0.2601476417009104,1.2423209581511994,2.493604963563898,39.77252119946086,757
BKR,XOM,energy,0.26082109737274956,0.31967872721276924,3.6422666923627705,42.7392577835265,757
BLK,MS,financials,0.26101835364835496,8.297185267041325,110.67290666577887,33.660069610753034,757
AXP,ZION,financials,0.2622049723565228,2.6337407076082915,17.91610097917358,39.79402343889849,757
MA,ZION,financials,0.262304305202099,2.5962754168752475,199.91994162675542,56.24404421385003,757
MPC,WMB,energy,0.2641527890463301,3.115458308512859,-10.64699533250156,48.93705353708238,757
AJG,MSCI,financials,0.26523938200475805,0.18435076641532439,39.12315178805167,48.64869884415517,757
ALL,KEY,financials,0.26562861425483275,3.695307489494015,44.96115652892809,45.43102252969196,757
AJG,MS,financials,0.2657421395624048,1.2985690777406167,35.94178256656024,38.304187823673615,757
MA,TFC,financials,0.2683520310212508,3.984782686796634,147.68025774811886,57.3540011439769,757
EVRG,SO,utilities,0.26855396554673466,0.6334175440543226,17.94347405647793,33.19883061760463,757
AFL,CME,financials,0.2688355667207938,0.3216993326929831,-7.040541490679487,37.21678845047176,757
EIX,EXC,utilities,0.26884566210685173,0.8549975171956793,24.608148250336825,43.80536637718993,757
ES,XEL,utilities,0.2691057171653676,1.1286585760021537,6.480990196438083,23.787687512759078,757
ES,FE,utilities,0.26926797633843913,-0.11181954030203,69.2995733179228,30.46394493438022,757
PPL,SO,utilities,0.272855117050544,0.20631284073652992,13.39439076903009,40.18028836173743,757
CME,KEY,financials,0.27298340533045135,4.617806891747605,91.59341357730426,20.15967923981502,757
PPL,SRE,utilities,0.2739484608348073,0.3309318887423091,5.160631063543189,24.69464067490368,757
D,SRE,utilities,0.27401160609912745,0.4878323298158184,32.55566566961684,16.096396477726934,757
AON,JPM,financials,0.2741794546579166,1.4869834596554998,44.74974351682693,41.57863211700811,757
CFG,PNC,financials,0.276249358754525,0.23861045559262165,-0.1103712975820468,35.79432732433674,757
CFG,HBAN,financials,0.27775378864031597,3.426014698997467,-6.251776072570977,45.55144908151579,757
MA,NDAQ,financials,0.27811751736313195,3.32472119772506,165.25008283006687,32.4328553061864,757
ED,PPL,utilities,0.27954106301365306,1.3995870898781015,31.858737839854157,30.950754175051415,757
EVRG,NEE,utilities,0.2805072037589569,0.18218407433892142,37.23244249105657,35.54090280874487,757
DUK,LNT,utilities,0.28050991456737806,1.4514963995541177,9.898690842259088,47.10295819170024,757
GS,NTRS,financials,0.2805120667079499,5.090499081487,-186.23332553217588,34.69351715721034,757
BLK,NDAQ,financials,0.28148616403048987,13.53878151638309,-3.432101728618753,37.91996622463381,757
HBAN,MET,financials,0.2815692652089805,0.20732709737835434,1.633962573194135,42.55076097101718,757
AXP,PRU,financials,0.28196214291621235,1.7462565707992848,4.3371984173289535,47.2624535628574,757
PNC,SCHW,financials,0.2824314036336321,1.9224107637724177,27.39511503708896,29.69693688144638,757
DVN,TRGP,energy,0.2826320098433248,0.6441057258561833,-2.043976093142993,50.19735781725061,757
ALL,BLK,financials,0.2827308345240558,0.06581534479241688,57.797917582089326,45.76456893603663,757
PPL,XEL,utilities,0.28385095160384666,0.09083326093501316,18.25357736517733,42.56541805860505,757
ALL,PRU,financials,0.28536059650052414,0.7693302706734805,43.46381555261821,59.83707741610883,757
ETR,SO,utilities,0.2864623016198099,0.6222963725972057,12.730812422784933,43.91550518323104,757
ALL,SPGI,financials,0.28732804600001244,0.1320821547152389,55.33506486805594,65.3562499554339,757
EIX,EVRG,utilities,0.28834073796396553,0.6456849580258561,15.792364514414276,42.751659295298076,757
AFL,PRU,financials,0.28908600644954796,0.4781440537089348,10.959492952076559,28.31381796895192,757
ALL,AMP,financials,0.29018234487823813,0.20455990521732642,58.81829072722443,50.68020364845112,757
AEE,SO,utilities,0.29028061870707,0.9174485317886868,22.266939608095857,26.134781273938152,757
ALL,USB,financials,0.29095484294327795,1.503386943290876,34.728202328452234,55.55474708393144,757
ALL,HBAN,financials,0.2912827989206109,5.1219077377958895,41.61964149732742,52.036512862649914,757
CFG,FITB,financials,0.2915786120631445,1.0134712614178192,4.122225379657322,32.51145764845551,757
COF,TFC,financials,0.2929949773277186,4.204707174618235,-64.28510206390084,51.25990125055353,757
HBAN,USB,financials,0.29343151295479164,0.27327746398574393,-0.5614260624073365,41.63731276762451,757
NDAQ,STT,financials,0.29406131918843437,0.8924127834417226,-13.456961236994337,37.613460753331495,757
LNT,NRG,utilities,0.2949499117600205,0.3921582985729833,30.81629640810179,56.74592730588976,757
ICE,MSCI,financials,0.2961101530058511,0.11050682942911932,54.95075645142365,38.64215050994948,757
ALL,V,financials,0.2974439347669987,0.41982191477873276,14.93986131306429,42.588793648024186,757
SPGI,TROW,financials,0.29748672534921283,2.1241071352795875,52.735114205173765,44.538011575307856,757
ICE,SPGI,financials,0.29755619124200816,0.20449799542985994,34.52961587080035,42.37885985482733,757
AXP,HBAN,financials,0.29793985849143495,11.1828166054627,4.592349942936267,58.38649861282979,757
ICE,SCHW,financials,0.299661226519338,0.9215884995500594,49.2588927259497,49.825095115063235,757
BKR,CVX,energy,0.3002290696839674,0.27740023401647246,-4.0021668793719,34.628375787106485,757
COP,CVX,energy,0.3005466008816601,0.8044016744856226,-20.773333438612443,37.633280894373776,757
PRU,SCHW,financials,0.30204835431754284,0.779490713331954,27.523590155870675,69.8880573450539,757
HBAN,KEY,financials,0.3020995681690619,0.6428643417441199,1.673353751459979,39.5195101419102,757
PPL,WEC,utilities,0.30221765584866456,0.077079479074846,17.380717831757426,42.89447206588598,757
NEE,PNW,utilities,0.3030222852883717,-0.903852581452414,114.45155404952988,43.68654269859067,757
CFG,KEY,financials,0.30358479787973086,2.331670688507977,-2.1970196401758226,25.555711836962317,757
MET,SCHW,financials,0.30363336129320156,0.582515443784495,12.955644027395618,38.163420661130786,757
KEY,RF,financials,0.3046598792385945,0.8691091504660272,1.944967668988741,41.79283772103734,757
EVRG,PEG,utilities,0.30480796782062863,0.6283196127059527,18.03689013296974,35.62943169526772,757
BLK,V,financials,0.30687790461364295,5.549581086020878,-497.0932123629401,42.33314625568366,757
ES,NRG,utilities,0.30788437558439874,0.13627899694417647,61.63065060459252,33.73095975142351,757
CME,JPM,financials,0.3084502541101975,0.5809872296569202,89.23645607292693,24.120627625882552,757
AXP,JPM,financials,0.3088747688941571,1.0406741292437627,5.0241451344485455,33.30680333350832,757
MCO,PGR,financials,0.3090059716869703,5.14187840908098,-117.84943561134129,44.3737168534402,757
BAC,GS,financials,0.30928545479707736,0.08440158039789217,8.730768208580827,54.69255352108127,757
EOG,KMI,energy,0.30958658583991305,6.688487711209419,-27.759951326593807,48.26575382660012,757
EIX,XEL,utilities,0.3099495364171668,0.12563126750509362,39.8772942949367,49.0503716979236,757
KMI,OKE,energy,0.31034655104285275,0.1470001638811372,6.794858703419708,22.16522378165744,757
CME,ZION,financials,0.31049433403270965,1.44877507863823,97.2433254810638,23.976624612121356,757
AON,MCO,financials,0.31258183441908316,0.540043763321028,66.12861858827044,41.69722906110243,757
BKR,VLO,energy,0.3126390762381731,0.25644489575299473,3.4488083627601616,44.199801359637334,757
ATO,ETR,utilities,0.3139029043275711,0.8874966191386024,49.217469406689446,19.13517020212667,757
PNC,ZION,financials,0.3141238830703237,3.1166790170368297,1.3028139891305077,54.31787823087192,757
ES,EXC,utilities,0.3147241074294898,0.2585961432624205,59.2953101527298,35.27246323517233,757
AON,SPGI,financials,0.31525170935096636,0.4788870364551456,67.88450226066095,43.27011997401013,757
CVX,TRGP,energy,0.3153053944887517,0.918640229990805,52.56298995703173,27.613492438776117,757
AWK,LNT,utilities,0.31588822251178045,4.383873314618746,-67.06353933429699,58.872441037876314,757
EOG,WMB,energy,0.31661320547924465,3.992442982245545,-15.199182449036043,48.70469507374933,757
PGR,RF,financials,0.317340522607759,2.1479253465710344,45.38126061904167,60.1304295511386,757
OXY,VLO,energy,0.31824214971732645,0.848668491795821,-19.13139613706448,72.60908231481332,757
CFG,COF,financials,0.31951221406874675,0.2128859809932073,8.167917131239177,43.63873113470919,757
AON,CME,financials,0.3196727470857904,1.7158831760407018,-55.78937844864188,41.141655281558556,757
ICE,MCO,financials,0.32202655980238115,0.22825009710128605,34.3844603542115,44.60477120020075,757
MCO,MS,financials,0.32564125104059727,3.0827906794733155,98.46910221730502,44.44474549919983,757
AJG,SCHW,financials,0.3261589145136804,1.6266092482722594,25.416238804117143,50.38702898585676,757
COF,GS,financials,0.3280971379756302,0.42141812792473304,-0.92414234307004,45.41286905128798,757
OXY,SLB,energy,0.328775468350643,1.799533501567962,-16.581303267232826,37.683544610096845,757
NTRS,TROW,financials,0.3296093468064294,0.3384606128457629,43.64875016506744,45.16356556295662,757
NI,NRG,utilities,0.329620476990666,0.1097298805505169,17.517057978153804,31.123032837749573,757
MCO,STT,financials,0.33007946776225694,4.68416693683919,-23.240577825186936,42.985772350011935,757
ETR,PEG,utilities,0.3301041110032611,0.5356365728107553,16.657504280794434,50.544624539251025,757
PRU,ZION,financials,0.3303091038468907,1.4347054436780704,10.532734576767211,37.54101028888343,757
MA,PRU,financials,0.3304899720331842,1.5496438110458086,197.58467135285693,64.96206096346128,757
CME,SCHW,financials,0.3310209676549266,0.8485854889034514,111.49902496577008,25.924438444795737,757
OKE,SLB,energy,0.33182366604667585,1.3021179917151984,3.4135969152233576,60.67314465520522,757
RF,TFC,financials,0.3345295566137959,0.4784674185748899,-5.256214695587563,30.914913150859405,757
CMS,EIX,utilities,0.33541403061216396,0.3410769916953649,33.98482261127097,29.73614839836557,757
NTRS,TRV,financials,0.33655687151349134,0.6636626692344505,0.45833297151222974,43.317074759205916,757
ATO,PNW,utilities,0.33705178221656706,0.5605358817623594,50.46099937094924,21.807384504521192,757
AFL,KEY,financials,0.33707352163205767,2.0144573413017564,15.555389658129803,39.72576985663424,757
FANG,XOM,energy,0.3371794598368374,2.1209279383635544,-36.656877465874466,23.567780655868543,757
SPGI,STT,financials,0.3400367996220657,5.051933618108807,-16.146777356333896,51.56706356649381,757
DTE,EXC,utilities,0.34043597468907527,2.336182391352723,27.11174624940697,48.73987038147557,757
PGR,PNC,financials,0.3412199866599117,0.26403215896562465,41.47187854701111,60.61055528680116,757
LNT,PNW,utilities,0.34127494105677914,-0.05480698540079813,46.650167314254375,49.32415103368663,757
MCO,V,financials,0.3423485871346087,2.278549181036305,-167.59965577627295,39.23578938008348,757
AIG,WFC,financials,0.34258835038232976,0.9331679346762229,5.722831413874414,54.6128370285418,757
CB,MS,financials,0.3426294272647523,0.9441049206134728,88.6574306211858,43.43242193231259,757
BLK,STT,financials,0.3438557811349585,12.706677882495724,-222.82874447487455,39.04773414742331,757
CME,TFC,financials,0.34422356805132914,1.9365457058768285,78.86872685280952,26.227581130959315,757
CMS,PEG,utilities,0.3445248982304169,0.4976660203535797,26.46860653232066,28.90083620453155,757
BLK,MA,financials,0.34620470787379515,2.957893668848577,-345.1121264685007,47.73500223995534,757
EVRG,PPL,utilities,0.3468710965236816,1.3689479695004365,16.011080565134264,45.96249824701051,757
APA,COP,energy,0.3471835692682513,0.528780619433535,-5.080391592269576,53.835557273704396,757
BLK,MCO,financials,0.3503428132189935,2.382930667957554,-75.42303442908506,42.38660983163942,757
AON,RF,financials,0.35088608049389736,9.544382794292046,83.01320580499667,53.7103153458458,757
MA,TRV,financials,0.3515174236152995,1.5796048501236222,106.45289857955704,62.96359243785204,757
DTE,NEE,utilities,0.3515564863690507,0.49638740091363426,58.80522251301996,50.92936177629836,757
AFL,TFC,financials,0.3527229846922154,0.8805461804174068,8.66215188227391,38.5555713303305,757
AON,ZION,financials,0.35308483746331343,3.4251369551075315,75.84981324465672,55.325366835774595,757
PNC,TRV,financials,0.3545461196571017,1.5387316155483828,-67.71214074318327,49.30222598224342,757
BAC,MET,financials,0.3554315270633227,0.6965321692160857,-0.5280647486200387,40.908223751224206,757
CME,FITB,financials,0.3558314242367252,1.9163765004494877,106.25498039185706,23.353150930390658,757
OXY,PSX,energy,0.3565953569995327,0.795354842984393,-21.531879474258307,80.5036178073309,757
MET,ZION,financials,0.35804594246992694,0.9608994690047272,4.430414866191332,45.92688983071888,757
ALL,WFC,financials,0.3609725909487598,0.8053692224844107,64.73800562116112,73.6054185477351,757
HBAN,NTRS,financials,0.3617035735163383,0.1370551579024877,-1.0280232754125198,47.64637454595926,757
KEY,SCHW,financials,0.36175225724573695,0.1892219196272941,4.052877838714509,39.42302377822802,757
MSCI,PGR,financials,0.3618204100201453,10.477032989087467,-419.1010194167251,43.53088381610376,757
CB,ICE,financials,0.3619689660261013,1.0533379518391384,39.12292267728148,53.17139767398077,757
MS,PGR,financials,0.3627148542823681,1.4182661441560467,-52.02575862454967,56.2535541301873,757
CVX,VLO,energy,0.3628905965360861,0.9065868289271872,27.880304421046766,27.51594901501034,757
GS,TROW,financials,0.3645515428760434,2.1620294239497007,-12.018881746947674,31.489028550391073,757
ATO,D,utilities,0.3650087216165025,0.7499871556005715,42.14831917997022,30.169320115597124,757
EIX,PEG,utilities,0.3656160956669621,0.5042427084297815,22.81009952872325,48.15263132528292,757
NI,WEC,utilities,0.3661910839504119,8.525407542993325e-05,20.96000750478382,28.853890458339308,757
GS,MS,financials,0.36631176972423957,3.6897309782853545,35.882057589477256,34.274452773381135,757
EVRG,FE,utilities,0.3678910297698603,0.6348946247300169,28.326582346658522,37.651220380719316,757
EIX,WEC,utilities,0.3688357735845209,0.19339060620804707,32.30207605494133,51.215956370580706,757
ETR,LNT,utilities,0.36920533039862835,0.7293107255916351,10.349888922567258,47.367701439766215,757
C,SCHW,financials,0.3696096172213572,0.38622874306983196,33.240169546580326,79.1016068112835,757
MCO,SCHW,financials,0.3702886952301,3.5795180040939045,86.79972232600242,68.38557699388804,757
AON,COF,financials,0.3715222326851956,1.0713401837330292,104.04485938479083,48.430176500843196,757
HAL,VLO,energy,0.37152617214364114,0.330036104835092,-0.8820182789028786,60.56065404532721,757
C,NTRS,financials,0.3733526423320218,0.5301779009074262,8.72914255838766,102.65414170627017,757
AEE,EVRG,utilities,0.374451291709858,0.921490060895085,21.330981733566603,40.53752257593869,757
MSCI,V,financials,0.3754405165793757,4.45148019182473,-484.92807304815074,51.04005300012187,757
CFG,SCHW,financials,0.37589862954460596,0.45781283657555766,6.468627728396706,37.89302591914156,757
KMI,MPC,energy,0.37592191128704683,0.11792512477192763,7.0944314452504065,43.0035500784636,757
AXP,CME,financials,0.3768854722979047,1.261482648304309,-74.52568968079802,30.301904048040846,757
AJG,PGR,financials,0.3771023468665884,2.0577461438445703,-47.31690533608206,49.82780718984918,757
AXP,TROW,financials,0.37731910223943,0.6923453286019077,41.02597503067939,49.882509948518226,757
MPC,OKE,energy,0.37742014730631707,0.8827522517724791,10.78464890382834,50.20388638193794,757
AMP,NTRS,financials,0.3776488156344375,3.8269858154570535,-141.69105198820984,52.3927229661668,757
CVX,DVN,energy,0.37794438633736005,1.3120447549920466,57.41236418354783,32.87364609932391,757
MS,NDAQ,financials,0.37809370309023627,1.570035177697441,-11.30224508394633,36.607112493264275,757
CNP,ED,utilities,0.37920025359416715,0.34321742723042514,-1.1056198806308664,77.23286257497674,757
MTB,TRV,financials,0.37927453785366294,0.8163558591471272,18.332256977603475,52.97706625987838,757
NRG,SO,utilities,0.3802908786781899,0.24327348295256343,20.063869068021187,40.71893246717528,757
MSCI,SPGI,financials,0.38047475339009074,1.7882240765520765,-167.0438348276957,43.14894459817855,757
AFL,CB,financials,0.3809839739683435,0.2679016070939586,5.0574717937577125,47.876623016220584,757
HBAN,PRU,financials,0.38291984851765865,0.13927399138415186,1.0631978830762558,50.26402382653152,757
EIX,SO,utilities,0.38374806079759655,0.4407541930764149,25.893565962463786,48.89222098422827,757
DUK,PEG,utilities,0.38434331476127503,1.4529329917970302,4.2811253504490265,30.74771223968143,757
ED,EXC,utilities,0.38483887964800256,0.6539691772525339,47.361497214361144,29.20902177799298,757
NRG,WEC,utilities,0.3864374548235432,-0.042471537027858206,34.55011090489712,41.420513298624265,757
MET,MS,financials,0.3867379886962186,0.41735984427846584,19.15877782319214,64.28140998639837,757
AFL,CFG,financials,0.3880088110722094,0.8271676306776856,18.486752884056784,48.70862739637605,757
AEE,EXC,utilities,0.38913642877605725,0.9853751663797163,39.9233375317832,37.97986065470418,757
JPM,TFC,financials,0.39117297407192714,3.189998552810433,-12.469023800386706,52.542741664933246,757
GS,ICE,financials,0.39118825680681124,4.064356455393094,-152.85755513188312,50.42374178353531,757
AEE,DTE,utilities,0.3923565937572658,0.49706906360049774,21.945352468113683,26.59051635872469,757
BAC,ZION,financials,0.39245120419909213,0.7023900907931852,1.316931733346054,37.22867042500769,757
NDAQ,SCHW,financials,0.3928568219090924,0.7188531163186453,5.765359923711904,65.61023665650127,757
FITB,TFC,financials,0.3942849854654331,0.9661746840627901,-12.625660529298784,45.38534100374032,757
EOG,VLO,energy,0.39449159250267385,1.0526847975236513,-6.3992855249339655,44.617514661199095,757
AFL,ZION,financials,0.395534480731657,0.6793054134059303,16.246540387701835,38.656441273723324,757
COF,TRV,financials,0.3967595770963934,1.6682691468528088,-107.96714094339112,43.01213770460432,757
AWK,DUK,utilities,0.39757122746982476,2.5641235934159337,-63.88171274353531,56.837000451093694,757
C,COF,financials,0.39805977659058733,0.20654162538881157,32.152788847967194,64.77949692698206,757
COP,OKE,energy,0.39823549551859033,0.8262473285118361,13.024725036875022,60.03684422402071,757
COP,EOG,energy,0.3989364471843052,0.6508276907804363,8.338654955376247,42.03910585060131,757
FANG,TRGP,energy,0.3991389426328052,1.7822702273198652,6.665005373332846,52.236246597751524,757
CME,MET,financials,0.4006750857375412,1.4825957668338465,91.58038717876465,23.75840077756267,757
AEE,NRG,utilities,0.4007265188921107,0.46062047974477,50.66624261676183,35.371118298195405,757
ES,PPL,utilities,0.40182064251836286,0.9420725248377935,44.212133865980476,43.04808061765529,757
FANG,MPC,energy,0.40187733748267446,1.6884962814040676,-13.609345828171428,53.04058415555315,757
JPM,SCHW,financials,0.4029290024866622,1.5254175563384251,35.25738262039647,39.08519339261017,757
TFC,USB,financials,0.4033237241639981,0.9329021638888998,1.4092931462115794,51.53067396699463,757
BAC,STT,financials,0.40365947461082996,0.5172230138132431,-3.1591618366578706,44.97453896850375,757
NRG,XEL,utilities,0.4040199935056501,-0.0029773972295214206,31.5903868487665,43.91947339681591,757
AMP,MSCI,financials,0.40457689210580877,0.37523247758001177,38.44311937875991,54.053844884353424,757
HAL,TRGP,energy,0.4061218605678771,0.36774189158791143,7.121549263211102,74.77998773516916,757
MSCI,SCHW,financials,0.4061942736750492,7.809865646052569,-26.48967574541777,71.87507109931377,757
EVRG,SRE,utilities,0.4065546168499341,0.6877208133668342,10.398246629366819,39.315852409360744,757
NDAQ,TROW,financials,0.4083277117841525,0.35948682379303565,0.4298823242761803,28.20176263816823,757
ED,NEE,utilities,0.40900201490057453,-0.05608617530443343,67.27605396813398,25.164786541494195,757
ETR,XEL,utilities,0.40942207855121965,0.517985091791507,14.538432669058043,62.56945294624864,757
ICE,NTRS,financials,0.40943267587771814,0.9491889045253431,16.242605722628053,59.2701092084388,757
AON,MET,financials,0.4098115556345179,3.6891377875364926,55.01481015286549,54.28314096501026,757
CFG,GS,financials,0.4127184841836706,0.08856778388047554,8.22819127176164,55.992138683965166,757
AXP,NDAQ,financials,0.4135027745322546,1.8005133396748896,45.178294853791904,52.39524376838746,757
EIX,LNT,utilities,0.41469093612872177,0.3833094055346955,29.95562959813028,50.97505853297814,757
ALL,MA,financials,0.4154016396035066,0.21206101279562076,29.91572653589204,53.507716400441026,757
AWK,PNW,utilities,0.4159871985126529,-1.5084709726248053,218.59319453659788,45.72065429872143,757
CMS,XEL,utilities,0.4169491887437118,0.6659014678426148,14.777128293978446,25.38184137353002,757
C,CME,financials,0.41745629460451583,0.3887027583756311,-7.437412233957707,44.32602132984856,757
AXP,STT,financials,0.4175982094339921,1.8863822538681225,4.292172932058437,56.37154071120959,757
GS,NDAQ,financials,0.419001778941868,5.728731882708257,-3.267767778686569,50.34131107627513,757
CB,TROW,financials,0.4190042593934182,0.5356557504112321,78.31857536604261,56.59134519317351,757
FE,NEE,utilities,0.4195043925920014,-0.09404166784630263,35.59797679133417,52.99654929889898,757
AIG,CME,financials,0.42016507660473973,0.4108411887753022,-23.852203368479056,39.40645759203129,757
AEE,PNW,utilities,0.4222348275487447,-0.10531544661774668,71.88400081623993,29.43513652731177,757
CMS,ED,utilities,0.42260003631974075,0.3313118859021342,28.60516128489987,42.30471128007167,757
APA,WMB,energy,0.4227032940494996,1.3243585859085225,-5.04547473052709,68.55866261370058,757
BAC,MS,financials,0.42329916056401723,0.3039593279539312,12.140054021455617,70.67230323436792,757
ETR,PNW,utilities,0.42338872276809353,0.2161074866639425,27.986695049753493,60.47583299900255,757
OXY,XOM,energy,0.42374589350704595,1.2425643929335055,-26.83523994273342,76.79959083117453,757
CME,RF,financials,0.42389643463134175,3.8770957423119876,102.30655432268424,24.72915340022419,757
C,MSCI,financials,0.42401120415606397,0.019116896299945875,44.93464369574512,72.58492209603389,757
PSX,SLB,energy,0.42467138070350563,1.4323293321293815,27.401099010671018,54.795841206547394,757
COP,FANG,energy,0.42656857516112123,0.44095664998358497,17.18573965722089,37.20930245924876,757
TRV,WFC,financials,0.4270257135185178,1.3230250046026464,74.44861704156529,65.93337040920773,757
CB,NDAQ,financials,0.4279086322144805,1.3957940390749255,81.42124994398885,55.350012716069116,757
CNP,PEG,utilities,0.42987483144908767,0.44517302748963566,-0.01358627286260893,83.17993433800314,757
AJG,MCO,financials,0.43166996150668197,0.37773845857976596,5.590318876277162,51.07434185373975,757
JPM,STT,financials,0.43180003667595906,1.8507937774082635,-2.9756202512448238,48.2859219393775,757
GS,MET,financials,0.43187392765017063,7.5832940958506025,-82.61791554895964,53.77069169773743,757
FANG,VLO,energy,0.4320585904743157,1.5300992629182357,-28.160727230190695,48.84204605164777,757
AON,KEY,financials,0.43235498398562516,10.364503523326835,69.67152287845465,53.9337265951212,757
CME,HBAN,financials,0.43286057170758285,6.4162076182133125,87.26073099368486,26.077143375879068,757
CB,STT,financials,0.4363578421913572,1.5014008467620759,47.39964102291445,54.42263882722065,757
FANG,WMB,energy,0.4377950395685018,5.835506549271569,-41.510826091542974,54.58795845176023,757
GS,MSCI,financials,0.4379890689822738,0.4827866179988577,58.964288279312086,58.91604911326566,757
AMP,CB,financials,0.4380880363624468,2.2614028382093507,-142.58458156853055,56.338346998745685,757
MA,USB,financials,0.4382028757391574,2.802394959869125,188.735908565018,66.63661749438607,757
PRU,TFC,financials,0.43939084309413645,1.8036932712544784,-3.38192048715642,53.314566933463354,757
BKR,SLB,energy,0.4398467692024959,0.4223969032277374,7.3152909611367765,56.28328685436165,757
BKR,DVN,energy,0.4404441719986285,0.42691006629264633,10.857701755972379,45.5869244136769,757
BAC,CFG,financials,0.4414194626430574,0.8774075420949182,3.0116908328365657,41.855764338637414,757
PGR,ZION,financials,0.44384493945775016,0.6123513330903828,49.71127509304555,73.40477367356667,757
ES,LNT,utilities,0.44393613523559516,1.1586956454296002,15.924501149084822,34.34944221136013,757
CFG,ZION,financials,0.44434703699780864,0.7839975193755273,-1.3116493978804993,39.335276674784815,757
HBAN,PNC,financials,0.4446706473061992,0.06291284455472472,2.5883403275816765,57.99321914667672,757
HAL,MPC,energy,0.44493788482041624,0.385010031367676,1.3594565975821515,59.669284131400595,757
JPM,TROW,financials,0.4449433001489865,0.6478493254836023,36.49994078037931,60.30312429825941,757
COP,WMB,energy,0.4471656645155727,2.889108753100952,-6.570356341255326,48.74615196232777,757
PNC,STT,financials,0.44784224283878804,2.2686429866485898,-16.98565714341345,48.674633804007414,757
MS,NTRS,financials,0.4480690269354109,1.3179021659031502,-55.22024895375425,52.30693402882317,757
COF,SCHW,financials,0.4495930991574204,2.0767556169081844,-4.499508568896824,57.30706202151086,757
ALL,MTB,financials,0.4503324568128505,0.30758552209526724,56.983798317333495,90.52637168925739,757
FITB,KEY,financials,0.4507490422128988,2.2352040151427484,-5.38486423723416,42.51531357387679,757
OKE,OXY,energy,0.45222950533807305,0.5560822771883176,20.3227919213703,104.90252109509694,757
FITB,TRV,financials,0.45426951361850904,0.3730623240389523,-21.4213046554503,37.81625383484035,757
NDAQ,PGR,financials,0.454839371455379,0.9081561009754915,-26.28840250201942,53.11755517888168,757
CVX,HAL,energy,0.45977490740730387,1.7947875305849845,47.40369068941765,51.244519362867514,757
USB,WFC,financials,0.4600524699726493,0.726572846947307,13.273777932395731,68.59828860733414,757
NI,PPL,utilities,0.46051616935000933,0.48067319157189237,9.893131923594042,37.54101850703693,757
CFG,JPM,financials,0.46128298345928764,0.2915998290834465,-3.1984784477019046,42.65439533471184,757
AES,DTE,utilities,0.4619487469282889,0.3391804885410001,-13.761446236518207,51.288659129449876,757
C,TROW,financials,0.462414773470325,0.12835377912928436,37.45334781682678,77.85186164426926,757
GS,PNC,financials,0.46251626644697286,2.395377505702353,-58.84774090442816,45.5325013863325,757
ALL,TRV,financials,0.4631254693505973,0.6268493545119308,17.230142718837175,65.5924577653056,757
EIX,ES,utilities,0.4633895647905759,0.19900507310044868,33.375542817131986,53.635935272363,757
C,SPGI,financials,0.4641055142782975,0.02936652615103439,43.11383152783588,77.672629056746,757
C,TRV,financials,0.4642336567715149,0.4269794684167223,-0.1027337373530529,50.05514124616142,757
NI,SO,utilities,0.4657743912812894,0.05890373741810438,18.213313287244556,33.97159528485789,757
PNC,TFC,financials,0.46616384283686163,4.012989657701159,-32.48140561656935,52.859963204500616,757
ED,NRG,utilities,0.4665895259333045,-0.0022481812922423823,64.17129546783526,27.199519495377,757
COF,TROW,financials,0.4671847851869305,0.8795450806937147,-2.5391400128136934,70.7518604216211,757
MET,TROW,financials,0.4674744400286307,0.23690463354770022,14.5765244379673,80.25488550029554,757
NTRS,SPGI,financials,0.46871789040515266,0.12257718890499608,45.71781232811294,58.06183696097736,757
DUK,NRG,utilities,0.46878374827869973,1.1651562439404877,35.89589709538773,48.38579325767311,757
AFL,WFC,financials,0.4688777047386417,0.70674841606172,16.956510936381232,44.86631784481859,757
AES,PEG,utilities,0.46887946832269073,0.6687581335436693,-15.693086420229692,56.042792998034905,757
MA,MTB,financials,0.46948377149660686,-0.007295976264870344,298.129921433158,62.005762337306955,757
SCHW,TROW,financials,0.4710922763988213,0.4065215390454258,2.801228874229127,80.76607021895698,757
BAC,RF,financials,0.4720209638953063,1.849603693492684,4.153830188728665,43.217568580085285,757
HAL,XOM,energy,0.47224890464299124,0.4393701558214458,-1.896374273755874,67.23853619864236,757
AEE,PEG,utilities,0.4730345063915686,0.9710810550905485,19.5364893669597,27.003061576524757,757
C,MCO,financials,0.47427426157944214,0.040672918262072734,41.0730812523825,79.50127617003903,757
C,PGR,financials,0.4743962099074818,0.17492061849810386,38.76629743740907,79.81600922951242,757
AJG,SPGI,financials,0.47498892482708627,0.33569289888869186,6.610256398292081,57.310929531355036,757
C,NDAQ,financials,0.4753091837774772,0.2752660827727769,40.54743564935089,73.85062603551339,757
MA,WFC,financials,0.47757185089692306,-0.22200202860253965,305.0551446702679,61.28781173463613,757
ATO,SRE,utilities,0.4776677099645807,0.8571665401908164,40.025973667712066,16.205538063226,757
BKR,OXY,energy,0.4781077065204509,0.166328258250017,13.212752528558472,64.27594622629701,757
AIG,TRV,financials,0.47907874453145194,0.46416099961011603,-17.653699850944868,45.53149845158083,757
CME,NDAQ,financials,0.479304780153079,0.8898880920645554,116.23240743563863,37.692124366135324,757
CME,PRU,financials,0.47958198595659535,0.9204434894850922,92.35622668259913,30.313388097865538,757
APA,MPC,energy,0.47999347722176317,0.4334513101712388,-0.8799148365314683,55.043570770977766,757
AXP,MS,financials,0.4806663758887245,1.196297846506765,55.612985579465246,41.8277333136972,757
AFL,NTRS,financials,0.48073453418498796,0.4359662523440626,6.56674609871413,55.38414292861684,757
V,WFC,financials,0.48082114187491487,0.0538389390802859,183.94631947783515,64.71387133907069,757
KEY,MET,financials,0.4810400343565549,0.3243585525437606,-0.13626604948023177,27.846642029023556,757
TFC,TROW,financials,0.4810576456106861,0.15557530743902895,20.5423954038707,63.87266728325347,757
ALL,ICE,financials,0.4817379461134381,0.6427991651279645,33.31919065602015,58.83816565108124,757
JPM,TRV,financials,0.48210500005819884,1.2000317448304216,-37.679875645773194,59.38924894394103,757
FANG,KMI,energy,0.4827940945288566,9.936951758705819,-61.828557440121436,49.16147489887701,757
ES,EVRG,utilities,0.4836123813641364,0.781857527389174,28.739297045219885,47.459620361150556,757
ICE,JPM,financials,0.4843146582435633,0.5817921518225396,30.357263864516703,63.78138101977926,757
PGR,PRU,financials,0.48464710767297364,0.3789576273300728,48.29442266438105,85.9414655630244,757
AXP,BLK,financials,0.4847961669451992,0.13005817875479767,47.20054475402071,60.70584742230775,757
AMP,PGR,financials,0.484939709748484,4.074463593350458,-129.21973260368807,61.18076975430344,757
AXP,MSCI,financials,0.4851146421063778,0.14742137522270107,66.2149740799723,60.537798618776186,757
AIG,MTB,financials,0.4873672394765425,0.38888852253236045,-7.062108940577493,56.70805917549113,757
CNP,NRG,utilities,0.48907776161699507,0.5529158955142479,3.51469434979122,62.36034114947113,757
OKE,PSX,energy,0.48936379158559323,0.6931351792474658,-7.689169197937889,80.53439337128535,757
ALL,MCO,financials,0.4905777294822262,0.15810358704491062,52.50897433993469,60.45641456405176,757
BKR,EQT,energy,0.49125033934179235,0.4369681855187974,11.724442211793217,63.82460071786625,757
TRGP,WMB,energy,0.4913516257588823,3.239058216004896,-26.42417388350858,50.313359355749114,757
FITB,ZION,financials,0.49379334167615924,0.7578289993158734,-4.771138535471869,48.15192859015679,757
CME,COF,financials,0.4939169800541194,0.40934749483366395,113.26867569966124,25.097907229122985,757
COF,RF,financials,0.4948863692157579,8.874386411395971,-19.19356646802095,60.69400558788985,757
CFG,PRU,financials,0.49547152697916214,0.500040917621144,-4.081562193364257,53.74826909689508,757
MS,SCHW,financials,0.4959541708699784,1.2740762453408023,-9.11884471203441,60.957220062795926,757
BLK,SCHW,financials,0.4965365985248367,10.246880952317273,50.32914500806713,73.80973815784317,757
JPM,MS,financials,0.4968824675094457,1.1208527803367143,50.07600154548296,58.45718467671864,757
AFL,MTB,financials,0.49691060819353217,0.3009707522897194,6.520440214441828,48.64465517610918,757
PGR,TFC,financials,0.4969877619583364,0.8559741688979875,40.53868254691892,79.90382034127745,757
EVRG,WEC,utilities,0.49822831843471543,0.3504971262221127,21.82809703227131,57.46346460727952,757
AON,CFG,financials,0.49885558216900916,4.401937750622714,80.64972395509808,58.16224542419444,757
HBAN,RF,financials,0.5008942671692654,0.5586451398525308,2.9246461882126176,52.89841683244867,757
BAC,NDAQ,financials,0.501100742013912,0.45588487900216446,9.552132449969434,62.45341193686174,757
EVRG,PNW,utilities,0.5014808340659929,0.10002949245902543,41.1465788327506,47.96205222447312,757
ALL,AON,financials,0.5033511612008648,0.2866227363225614,34.40302313462409,48.09271596131251,757
C,GS,financials,0.5042435550136476,0.07457969996448456,34.75589239046917,81.0410326222963,757
APA,PSX,energy,0.5049016111323241,0.3473935479240694,-4.401596289182423,69.13689904893147,757
COF,KEY,financials,0.5060287127335804,9.795945037479326,-33.663925625830224,59.521496259122614,757
C,MS,financials,0.5077160258886586,0.24500857030454526,38.972008724775556,78.38822624486878,757
FITB,GS,financials,0.5080445485416606,0.08983417986835902,3.5034635502570604,60.973216900960225,757
GS,RF,financials,0.5080651271882226,19.846991466759516,-27.959798805690316,65.8258310529391,757
AIG,HBAN,financials,0.5082050672789361,3.8739906771767494,-0.4098543767748844,62.04218036232056,757
NI,PEG,utilities,0.5094142741560376,0.14170179460355928,14.310962444783124,34.41884936312385,757
NEE,SO,utilities,0.5100815365532538,1.8099659051526573,-27.974406500190316,65.89171246298207,757
AEE,CMS,utilities,0.5102824972597099,1.3185435160767383,-0.5742503269782436,44.88288422431522,757
AJG,GS,financials,0.5105072710765168,0.34210692944500304,25.51851915019103,53.33195247462764,757
ES,PEG,utilities,0.5118703316226677,0.6602428902559753,34.90479645275945,39.07794233000677,757
BAC,CME,financials,0.5122314398664485,0.3184344106020785,-20.60964154944407,30.31443834153316,757
PEG,SO,utilities,0.5122609047060962,0.6213072258252261,17.92927052694047,48.428704295035885,757
JPM,KEY,financials,0.5154509168673144,7.378720888217622,11.453411326466146,54.37076414711041,757
ED,EVRG,utilities,0.5170053316851322,0.526539081422749,39.065196944325294,35.21806994542722,757
SCHW,ZION,financials,0.5180126403285188,1.5323566430314046,-10.239895588327965,59.543897121409394,757
PNW,PPL,utilities,0.5182865606004257,1.2833472725647328,34.42268544323308,67.94131778149604,757
COF,STT,financials,0.5203930883748021,2.4070554795084402,-49.83815024721569,62.514800058542235,757
ICE,PNC,financials,0.5210523868935063,0.4620664080229138,38.173334412280724,63.75784902359763,757
CME,MS,financials,0.521146198087152,0.5789696253568354,122.0170129880449,32.38349724705436,757
HBAN,ZION,financials,0.522434707083428,0.21862408866718264,1.8249000738386507,38.545397707933766,757
BAC,TRV,financials,0.523510521908592,0.33079096836990873,-12.305536117223184,59.10551470187386,757
MTB,USB,financials,0.5238231492091064,2.3380196335621926,26.397090790697074,64.61119209300844,757
ED,ES,utilities,0.5246700379293499,0.09194742927282527,58.039968290221275,32.33948113413612,757
ALL,PGR,financials,0.5261354291807439,0.8103918459763677,34.06242398196275,86.19071589367567,757
CME,TRV,financials,0.5263804404410564,0.7572519809259671,60.09074267860708,36.04702502080072,757
RF,ZION,financials,0.5268233268796341,0.3701087638897302,-1.172191696013473,52.890603280147424,757
CME,GS,financials,0.5274994762725718,0.17040512962231694,113.36154669084621,27.662306877792744,757
EVRG,XEL,utilities,0.5281356941454989,0.40735131479060044,26.09666021897063,56.60512994876011,757
BAC,ICE,financials,0.5288755127294382,0.3265810257985339,-2.643803491621048,62.01739578686196,757
CFG,MS,financials,0.5291999458166474,0.3169541970876678,11.908317745931004,69.49679587333033,757
PRU,USB,financials,0.5298184472608339,1.7997336130831616,-5.374052769613694,55.257375524874256,757
CB,MSCI,financials,0.5303977117055564,0.11361163571146665,97.95945945464507,60.65956748248891,757
SPGI,V,financials,0.5309469675994911,2.496255538681333,-179.05228250811538,50.46031292101148,757
DUK,EVRG,utilities,0.5317665976731276,1.267664525586976,12.247125354589036,65.70161457659269,757
STT,V,financials,0.5350809570592068,0.320333962351311,0.048747233285447916,62.15001291394907,757
APA,TRGP,energy,0.535147235244024,0.4371954667185686,4.923823189629027,71.03042782099277,757
AXP,ICE,financials,0.536616525379061,1.282967270244586,-2.3528420244362747,58.76948922404148,757
EQT,TRGP,energy,0.5366615213060102,0.1885432387945266,9.009386904751144,69.89549802606561,757
OXY,WMB,energy,0.5399307307443748,1.8616499265856667,-2.8071397454853977,147.95378480160076,757
FE,XEL,utilities,0.5400377454921047,-0.15505235617771235,38.43844170114061,47.02705505947745,757
NTRS,STT,financials,0.5408276910250595,1.0320090402560647,19.14763295047045,51.97426331163644,757
MSCI,NTRS,financials,0.5412262587109715,7.698277680728485,-278.4243227861181,71.16406782740425,757
APA,DVN,energy,0.5413951772810356,0.6280150968332944,7.170866740538874,88.12348506905163,757
AMP,FITB,financials,0.5419526292790895,7.4527698135734655,-9.344920937170661,80.83988765948124,757
LNT,PEG,utilities,0.5426997021154698,0.756353940434238,7.619607570389579,53.2196068589531,757
AMP,TROW,financials,0.5430059007811561,1.6502285339328795,-13.432261278762631,51.0251579132649,757
EXC,NRG,utilities,0.5430932211721857,0.5721485531111107,7.61151629724196,49.327834202198666,757
FITB,ICE,financials,0.5432876934017761,0.34560315203472025,-8.417818110542482,69.94570943147005,757
AXP,USB,financials,0.5444882163924083,3.2040540822435375,-7.419863938396281,68.44852973895247,757
PRU,RF,financials,0.5450022532784531,3.53121563985057,19.463252302034768,80.63507191586885,757
ED,SRE,utilities,0.545285524971386,0.6295912252644075,30.091738497607352,27.19381905057883,757
MPC,XOM,energy,0.5457579446960126,0.9413299742165421,0.5758300876479923,103.71612430844105,757
AON,TFC,financials,0.5461089727772469,4.347257359467787,41.08328475033538,65.1900999962406,757
KEY,PRU,financials,0.5461927610711436,0.21311676789803682,-0.7220771907235048,49.33409714636033,757
GS,PGR,financials,0.5462282902963874,5.05125674270711,-142.86956804529626,74.48296252722112,757
CNP,D,utilities,0.5467786682861983,-0.18903160304552052,32.030137008168,60.49366369933532,757
COF,MS,financials,0.5473445417125548,1.52665844988332,15.639786249772703,84.55908936297946,757
DUK,NEE,utilities,0.5502411828485911,0.5066074686741066,43.83839599145479,40.906374724570746,757
ED,XEL,utilities,0.5507332236666266,0.07176743328184856,60.32146593895964,29.978667939341246,757
KEY,NDAQ,financials,0.5510399105855899,0.18039742157340963,5.824506364996174,68.36046741078616,757
MCO,NTRS,financials,0.5522178656204393,3.71706455286641,-43.884720240526995,73.53372778935935,757
MET,STT,financials,0.5523096873519112,0.6780483280604135,0.06652693794721731,69.94907586121056,757
AFL,RF,financials,0.552956184540229,1.6468296830663414,20.794317280797635,67.47739889980667,757
C,RF,financials,0.5541810840318947,1.9913738286146476,26.17527499130182,89.4076129992105,757
CFG,ICE,financials,0.5558050599444061,0.33057540723949935,-2.5828089097782585,67.16729986882552,757
EQT,MPC,energy,0.5564182429034938,0.17925142113991951,6.837505586800457,74.74236992286144,757
NDAQ,NTRS,financials,0.5565612429342673,0.7298427539299883,-19.13806066159779,65.65121974891434,757
CFG,TROW,financials,0.5572685863323646,0.17639970250593986,8.812183654218986,77.43173975687326,757
AES,LNT,utilities,0.5573321561501575,0.5686023611069445,-8.814908069780078,79.04375765579276,757
FE,SRE,utilities,0.5573728458006804,0.5046428961977076,3.0141232969998613,64.86207713793517,757
CB,USB,financials,0.5596726998482463,2.7028490839502597,32.16383968482446,56.07602846214021,757
BLK,SPGI,financials,0.5616882316648331,2.1055082697790155,-65.51911850702086,53.15181648820976,757
AES,SO,utilities,0.5621260947386844,0.5308190356514354,-9.092141161180692,54.93797795685752,757
JPM,MSCI,financials,0.5624762541109936,0.13789205778587332,60.088826653237895,70.33971901812578,757
KMI,TRGP,energy,0.563122760214224,0.12041006071315935,8.630184993126019,49.41524238376959,757
LNT,NI,utilities,0.5632618005862248,0.5429621245972015,31.759357300178575,82.8247208058477,757
RF,TROW,financials,0.5632820581560875,0.08706525056059299,3.1928569890249183,78.63495261160166,757
CME,MSCI,financials,0.5634553767594228,0.06813504010927789,128.24756376006775,41.378475588028124,757
CFG,CME,financials,0.5639708755936701,0.3416984285232968,-23.704193842654636,32.88692981266338,757
NTRS,PGR,financials,0.5640280939450629,0.705161521034735,29.38530293011589,68.34046532861763,757
STT,ZION,financials,0.5646062128945415,1.1287755701609756,17.249773856882943,56.066233443940206,757
ICE,RF,financials,0.5647913302702775,3.7417174220506073,45.23388894495753,68.0668385407034,757
AFL,AXP,financials,0.568182059378479,0.22237117927477837,15.77378707296299,74.87506016139676,757
AJG,NTRS,financials,0.5685154841791737,1.6782476477209762,-33.09343539509911,57.60176909812951,757
NTRS,USB,financials,0.5694508742787375,1.6861640576330716,15.324398219360868,55.62564548540549,757
CME,STT,financials,0.569750107590292,0.938110275982946,95.68030766846127,37.04078285014307,757
RF,STT,financials,0.5711532752154713,0.2593132866009027,-2.7428105837394754,59.42612045905751,757
DUK,EXC,utilities,0.5715568297796711,1.7340557228607425,28.135706847111,73.39388158874243,757
VLO,WMB,energy,0.5724716040465381,2.3216011284807374,17.026410215688195,72.78430520659097,757
AEE,PPL,utilities,0.5728444602566904,1.302396976979729,35.14225509607765,49.7640635790974,757
DTE,SO,utilities,0.5746789495155221,1.3083421628224587,25.761917861441102,46.88167857257613,757
CVX,WMB,energy,0.5760705568212302,2.930541515000564,29.065044011265243,58.087207363362495,757
KMI,WMB,energy,0.5761612871540506,0.3283230996765427,6.5130842307734795,91.01321509408874,757
HBAN,JPM,financials,0.5790993707159241,0.07667923323174235,1.7961106284982804,60.11710489030768,757
NDAQ,SPGI,financials,0.582608101963164,0.15630458437162809,-4.810245822331738,36.91035393506081,757
KEY,MS,financials,0.5829753506706118,0.12821083872599912,6.44370109533075,72.11763213758833,757
ED,SO,utilities,0.5829881095922259,0.2442784702939976,52.68392483095876,34.000075959572165,757
MSCI,RF,financials,0.5831801547875921,29.181394588009475,-28.48696564340424,105.48101070476407,757
CVX,SLB,energy,0.5836968661625365,1.3830750590333147,44.35970498431212,41.970913019678584,757
HAL,SLB,energy,0.5839990598431545,0.637526933069241,1.6984781315857793,76.9004547631144,757
FITB,STT,financials,0.5840256140060824,0.5327447262299126,-8.093091899208266,59.19183093949494,757
BAC,TROW,financials,0.5840848275207545,0.17322577536000072,8.727411329224633,78.41198845839573,757
CB,TRV,financials,0.5841843877229701,1.2034894519551886,-8.538202562255991,56.45057818471209,757
BKR,KMI,energy,0.58548595990696,1.5533109961537117,-0.8283658190896147,68.47076104705968,757
ED,ETR,utilities,0.5856872038613886,0.7153146832527,34.189944092566336,30.269613724702797,757
COF,ZION,financials,0.586659455906744,3.2788115035763306,-29.383180902867828,71.58908748270002,757
ES,ETR,utilities,0.5874072254644438,1.0136965660181032,23.526952606537254,44.281775181046235,757
MET,NDAQ,financials,0.5876435597818519,0.604815405036875,16.445240689567136,73.5736387725447,757
HBAN,NDAQ,financials,0.5904058217180863,0.10026173241920364,6.041547874117764,74.48498490274106,757
NRG,PNW,utilities,0.5909266441241299,0.04365311221051562,28.640379184291344,48.00667425952898,757
GS,KEY,financials,0.5921866140324666,21.042111373741157,-49.07552465318817,87.47105218023721,757
FITB,NDAQ,financials,0.5924000148744936,0.47701433069283117,4.70388132532469,75.8981373289009,757
CNP,DTE,utilities,0.5929587138840444,0.20992179178567746,2.6507074749631,106.79229089078041,757
AON,PRU,financials,0.593023437470958,2.1093061383925535,68.59139267595884,83.79348227294652,757
AIG,PRU,financials,0.5937981492205441,0.5958092771314529,0.08943405582323187,84.03737549463895,757
ED,LNT,utilities,0.5944783829152285,0.2939432590820505,51.41896122775512,34.13218602643131,757
NRG,SRE,utilities,0.594676034096302,0.22448854882965075,19.307311349032652,51.2937893550303,757
APA,EQT,energy,0.5948032947637707,0.4521282864163628,11.223455557688723,92.08211261197125,757
PNC,TROW,financials,0.5950630403254831,0.7931153425931866,31.511184411206862,73.9981223396849,757
AIG,ZION,financials,0.5963941907476206,0.8446208972620707,6.747042647350119,75.70774563806278,757
AEE,CNP,utilities,0.5965344612124859,0.20212909470767396,60.92174977740408,36.88063460530652,757
BLK,RF,financials,0.5988232373077544,40.45813552630806,20.124536396783498,107.63414471075453,757
CNP,ES,utilities,0.599683508488129,-0.15356706429209405,31.017111829659434,63.69255903799512,757
TFC,WFC,financials,0.6000504508426794,0.5945097585505477,16.711499876918626,90.40715523885541,757
FE,PPL,utilities,0.6009374454676314,1.1006832539300062,4.917499825691344,77.10704599345245,757
AJG,BAC,financials,0.6013355591738785,3.5484288586182835,4.093049355531144,72.16533187133105,757
AFL,BAC,financials,0.6020362609775349,0.85964406201053,17.945590227744074,66.9021582722177,757
AXP,PGR,financials,0.6020636620228754,1.512612506119223,6.7507102835591075,76.91220054010921,757
HBAN,ICE,financials,0.6039506660903309,0.07738196844189471,2.843689739855602,70.2684324597693,757
CME,ICE,financials,0.6046558362308357,0.7200603011736016,84.76494753905543,41.92744842323583,757
CNP,WEC,utilities,0.6059057541871374,-0.1294805335852213,30.395954715764752,70.01800909961216,757
PGR,TRV,financials,0.6061699518369468,0.38232229960180814,26.487250815280696,93.75290831685273,757
JPM,NDAQ,financials,0.6066161028522028,1.6683645831819949,41.03793891325355,65.50395608135224,757
CVX,EQT,energy,0.6081730079160297,0.9079359357920102,66.41282146564393,72.10048168892104,757
PEG,PPL,utilities,0.6085886278877269,1.548862845864725,11.286236298349285,67.77098684265478,757
ED,PEG,utilities,0.6099682540225619,0.3406608836268315,48.10082483184604,30.847488047867525,757
CNP,XEL,utilities,0.6102118595969461,-0.16302596872305114,29.479525637624292,72.44066365076777,757
GS,MA,financials,0.6108355699598781,1.1639592243511325,-121.79447367753055,77.35339989047158,757
MET,MSCI,financials,0.6111973918970028,0.04888384184335338,23.729735079143026,77.63419223021971,757
CNP,PPL,utilities,0.6117585428493304,1.0842994223757072,-4.083864575721431,72.569815525502,757
BAC,TFC,financials,0.6118212462092265,0.8874051275885129,-5.659311649617396,60.04530994606191,757
ICE,MET,financials,0.6118740315716302,1.4154693643036107,35.50367716132421,72.92425293907381,757
COF,PRU,financials,0.6119214586016026,2.1400549078850224,-44.10673702027046,79.00544926895465,757
AFL,PNC,financials,0.6121173586370187,0.19273857386935814,18.94287099809423,67.76354123713796,757
KEY,STT,financials,0.6135419629849435,0.2213978866146102,-0.20209403408379595,77.81406804326745,757
BAC,PRU,financials,0.614663431860536,0.44106501475833493,-0.7190969680699733,94.2388312573731,757
ALL,C,financials,0.6159443336325632,1.1498931630381979,33.761843636578334,72.22708017179475,757
AES,ES,utilities,0.6163120845658399,0.32570228622104147,-5.752025180134959,88.0059058006029,757
MS,SPGI,financials,0.6175986443382885,0.23433677251472174,-15.702267599844765,71.30184850267152,757
AFL,FITB,financials,0.6177099132922075,0.8198907082643047,22.33208875632731,62.58570170592553,757
AES,NRG,utilities,0.617769276776675,0.5955328377087433,-3.003299609819611,90.41780179361052,757
CNP,SO,utilities,0.6192071485055838,0.060210080920530616,18.08082853252483,128.39617957078033,757
BAC,MSCI,financials,0.6194873865223296,0.03684463549383667,15.043563363039706,76.14090175573261,757
C,ICE,financials,0.6207730380137159,0.2151988197257223,31.512791592372736,79.26532990388012,757
CVX,OXY,energy,0.6207830321028028,0.5962421139732953,62.15641166278929,53.43578120708572,757
AEE,FE,utilities,0.6218631804636626,0.0168999810098899,64.63357962462379,35.89862452253148,757
CNP,LNT,utilities,0.6229354783807819,0.08050663951608782,17.421514805711933,129.49767028150052,757
AIG,CB,financials,0.6235928068606795,0.3492039983679647,-9.369078888834569,69.37543355139672,757
MSCI,PNC,financials,0.6255283357735465,3.727083130675474,-98.14140705167284,95.4865418597312,757
PGR,USB,financials,0.6255896013115132,0.5588367693954673,51.02905341219387,101.32768180141721,757
DTE,FE,utilities,0.6264171948847713,0.2970929776137302,77.91507030001745,69.44066074292907,757
HBAN,TROW,financials,0.6266906330258486,0.04121363472684289,5.519634774349443,83.07432813732024,757
AES,AWK,utilities,0.6271728593567991,0.13170581901115827,-0.3610156367176424,74.02832182815058,757
AON,PGR,financials,0.627412605083463,2.6645570182472413,10.644727750422456,72.79437625785003,757
FITB,JPM,financials,0.6278016545875644,0.28596840064388385,-7.035056599625248,50.89792304040004,757
CME,MCO,financials,0.6288693850073046,0.14824114266196345,113.64593171323953,43.56010648194145,757
COF,FITB,financials,0.6288915576335443,4.443924072277469,-11.515092891397114,62.9630151468085,757
HBAN,SCHW,financials,0.6304194735565579,0.11676914680843535,4.509002657024431,58.038950400130446,757
EQT,FANG,energy,0.6309318426285202,0.09103855652930554,9.177399827072065,79.68813910856363,757
HBAN,MSCI,financials,0.6312347452594214,0.0076842774896933004,7.39264961509477,80.2442281274896,757
BLK,GS,financials,0.6313903472899749,2.1720362876006836,47.179175261615676,56.1573013449492,757
JPM,ZION,financials,0.6330124387311453,2.437547068976832,15.88503052415238,60.5294877715288,757
COF,HBAN,financials,0.6334994971705794,13.919489053467073,-45.94734066960011,82.57270966623403,757
CNP,EXC,utilities,0.6348488635821868,0.8927457310302318,-1.956071277636857,71.41736956551634,757
ED,WEC,utilities,0.6352558431017885,0.1785816454521146,50.99652553209728,38.548006410910304,757
AMP,BAC,financials,0.6355308869561263,7.986218707592161,-53.97731903778609,81.11358857860137,757
CME,TROW,financials,0.6360463955252585,0.33493963676227745,114.9719245517135,35.94710163056199,757
NI,SRE,utilities,0.6366520704184304,0.20869147224963924,9.693290130412334,38.60756594481308,757
CNP,DUK,utilities,0.6376914708983783,0.14597788743438794,10.308376688023152,138.16984860340537,757
CNP,NEE,utilities,0.6386373613180021,-0.039260768660269306,23.117656516450825,114.12274697197407,757
CFG,MSCI,financials,0.6391119805424021,0.035415090517672845,15.96448381253884,81.98397867627445,757
MS,V,financials,0.6421790155705537,0.6150019842373411,-63.24275546043833,57.188979338652416,757
AJG,MA,financials,0.6426274698035698,0.46355890433221525,-35.578331024569245,64.10812726919683,757
CFG,PGR,financials,0.642994888239224,0.38047054090809435,0.43700054220277906,93.6687553525018,757
GS,TFC,financials,0.643198535209902,8.946797682982018,-111.65652877701636,85.26723898113148,757
CFG,NDAQ,financials,0.6432093216451192,0.4465918565371121,10.352747075899504,70.93433066013507,757
AFL,JPM,financials,0.6434272920076121,0.22636802827125485,17.43260007444307,92.37526588404417,757
CME,WFC,financials,0.6441421899422286,1.290303453071273,106.36074664580373,40.12729270138918,757
STT,TFC,financials,0.6443535359841523,1.414903299178702,6.4590971782384985,74.84765094272825,757
MCO,RF,financials,0.6443695659957887,13.516347519258193,84.08563991580338,101.35383336566525,757
KEY,TROW,financials,0.6445947445055824,0.07071858489893142,5.260857174350846,81.55235964636343,757
GS,JPM,financials,0.6452312731627587,2.9700308245419254,-94.43012267306922,53.24268462975894,757
EVRG,NI,utilities,0.6463187155838988,1.5411683595241903,15.234603384266872,60.997924203410044,757
AMP,AXP,financials,0.6467293741147229,1.995497483712613,-65.94387054266112,70.19877997359636,757
AMP,BLK,financials,0.6468484859325485,0.3225426071536852,-5.416262663788801,46.58147723520492,757
AIG,KEY,financials,0.6489580089111946,2.5172545801071506,5.724565535354503,84.70224715507439,757
FITB,TROW,financials,0.6491139736147504,0.18278647391947403,3.673536902871575,96.07013161722374,757
FANG,HAL,energy,0.649851928450353,3.6457246109479384,-6.283359545531395,109.13282328109919,757
MET,PGR,financials,0.6501935749048438,0.5373556541391294,1.411235672777958,89.39009759863943,757
CFG,STT,financials,0.6508583579994662,0.5346268871514601,-3.764453843714946,71.03754596682963,757
COF,ICE,financials,0.6512982256957887,1.5785359906849405,-52.88500738065605,83.52929552927594,757
CVX,KMI,energy,0.6516151967799635,5.789808349554575,9.123830120425318,54.22461680657382,757
CNP,EVRG,utilities,0.6523023834620005,0.2604388300499593,8.511709579708064,139.19079928685827,757
JPM,MCO,financials,0.652630155575543,0.2793887799684102,35.81379014304633,87.73104796328501,757
PNC,PRU,financials,0.6544389315039791,1.9628112747749875,-8.09801376883953,93.51087496514148,757
KEY,MSCI,financials,0.654887103883682,0.014064462241292305,8.173887653073836,81.72867060357946,757
FITB,PRU,financials,0.6551400020769487,0.4798217074977711,-7.22158832071848,79.13812239570582,757
PSX,XOM,energy,0.6557266240481376,1.055253317761799,16.245926424463075,76.40269761899486,757
MCO,PNC,financials,0.6557315260443916,1.754569980376011,48.48493326062223,93.2376184969384,757
ES,SRE,utilities,0.6558532934395926,0.7134040047853805,27.37815235458583,46.8706066601803,757
CNP,EIX,utilities,0.6562120878296729,0.34675900914276253,4.77302097697605,100.67205058609207,757
JPM,MA,financials,0.656497395672143,0.3622774361597613,-0.40697943260972835,86.9545158445049,757
AON,HBAN,financials,0.6565947643993671,13.52523681267245,68.72424293516289,85.45977379946264,757
MTB,NDAQ,financials,0.6575186196813685,0.1773920560300859,109.90757084716734,72.5882519396572,757
ICE,KEY,financials,0.6575768044914791,3.8137872252259135,43.24334142266816,85.83474048336325,757
C,FITB,financials,0.6577646671190087,0.9635151928730687,28.694751219253096,94.7935506514063,757
BLK,COF,financials,0.6579325470794744,4.53075240496457,110.2686263966422,117.33676963373946,757
MTB,TROW,financials,0.6582696473007982,0.10822696858875477,105.12608188574403,75.82458855223139,757
EXC,PEG,utilities,0.6583843944070511,0.5505401085628102,-0.2609829033944105,65.64221954130542,757
C,MA,financials,0.6587812792733202,0.06743934048216209,31.43026682155847,89.62030565908526,757
MCO,MET,financials,0.6594534680263374,5.308909661895196,41.01598773740326,102.90317545186295,757
AXP,SPGI,financials,0.659491736310789,0.25286505596023173,44.65321121252003,87.29493936891592,757
HBAN,MS,financials,0.6596338859306115,0.0770493447949052,6.090034210698865,74.22873132567184,757
AWK,EXC,utilities,0.6604293996485289,2.9863813219125874,45.63094588720261,153.97623592094394,757
AIG,NTRS,financials,0.6608708530989398,0.5260913029519815,-4.000608290054161,105.73152560444008,757
COP,EQT,energy,0.6612610791354079,1.134759344298529,26.758421037232953,115.10996389050227,757
NDAQ,V,financials,0.6613034211463449,0.3852760407325222,-31.88633134968979,64.51618889709133,757
EQT,HAL,energy,0.6624164485389801,0.44045114827457704,6.655817745539976,79.01949538910299,757
MS,PNC,financials,0.6630315039087795,0.6237820696861447,-22.67003426875302,79.44549907865765,757
CB,MCO,financials,0.6644598690536626,0.22603998763318875,79.02135758550715,77.64084941315286,757
C,PNC,financials,0.6654709443879634,0.23290996199838124,23.954523539137043,92.95544425344659,757
C,JPM,financials,0.6659124379163022,0.28854598551340305,20.52041247431876,104.05356878323285,757
COF,MSCI,financials,0.6662210673534115,0.18641406373760352,29.75764614194849,91.52767332880562,757
HAL,PSX,energy,0.6665252689982402,0.2598650614194794,1.3453295395995473,110.21267440539329,757
HBAN,WFC,financials,0.6669846500943641,0.1819615945964829,3.6474321500783455,87.76120805641585,757
JPM,V,financials,0.6676330670162998,0.6857219792384686,-20.139944643232486,85.75794796372882,757
AIG,TFC,financials,0.6677265273925064,1.1063410000433038,-3.115016768119007,71.59761148070866,757
FE,WEC,utilities,0.6680062700972018,-0.0060077541822881044,30.714468088950213,65.54824107052023,757
MTB,PGR,financials,0.6686560374288294,-0.07141863795906313,122.14215892882103,71.448676465936,757
AMP,MCO,financials,0.6695295303789093,0.7589363676486084,-27.272015859080323,68.16441318531865,757
CB,PGR,financials,0.6714399975424128,1.1431829048521158,53.769810027088546,96.25113892034814,757
AFL,COF,financials,0.672339928705179,0.1727698341108506,25.553873593484614,69.97853146837011,757
CB,SPGI,financials,0.6728903276804902,0.1942570396890451,81.51807145506314,80.66662103502375,757
NTRS,WFC,financials,0.673239034288326,1.0385433841711194,44.24346806600368,94.76037437508633,757
MTB,V,financials,0.6735028976078863,0.0094828251655836,115.18969052036341,73.7274049564589,757
BLK,MET,financials,0.6740098308631823,15.482716343252507,-92.27352256756241,112.46172395468176,757
PNW,SRE,utilities,0.6745581509595141,0.6146352493330288,30.78578564622566,58.83449948348205,757
FITB,MS,financials,0.675776946613029,0.3242539225942381,7.0949330675107225,86.74678232150418,757
MTB,SPGI,financials,0.6762025032182332,-0.01957321420931032,122.52702063287659,71.61332048677117,757
AJG,CB,financials,0.6763689487241075,1.006811180330504,-35.554220563475724,89.20331852635134,757
CNP,FE,utilities,0.6769523124511324,0.3286470047339691,10.945495749465273,126.36583765471518,757
C,V,financials,0.6780429054102868,0.13594284977593896,26.215777095488285,90.34195262280547,757
BLK,CB,financials,0.6786016894603198,5.980974255426834,-284.28989825157043,94.30179097610599,757
EOG,EQT,energy,0.6796845744423508,1.7399525045142528,28.35466021807696,103.02976219506921,757
COF,PGR,financials,0.6797839892750276,1.9155844954453685,-45.64474086482629,101.89652931458268,757
C,HBAN,financials,0.6798294227685338,3.8966692826188276,12.42209911644435,57.30565755721556,757
TROW,ZION,financials,0.6799953526473204,2.7115392948131327,7.589835573444292,121.53679153914206,757
USB,ZION,financials,0.6805441541650521,0.7331204337104262,11.240427215134178,64.56830522015717,757
DTE,NI,utilities,0.6805861196890964,2.1972900804330715,40.84018966350931,103.12222399233268,757
JPM,PGR,financials,0.6807308687001132,1.441911196192853,2.500770781307117,94.83446803869988,757
HBAN,PGR,financials,0.6808075615251847,0.0782274481913422,4.337928142823774,94.7080314686751,757
EIX,PNW,utilities,0.6811939103163753,0.3383522698537391,24.842764882695807,69.71890736741375,757
GS,SPGI,financials,0.6814126151466781,0.8397891078854185,-14.976814275968543,94.13703413166652,757
CNP,ETR,utilities,0.6816468688747215,0.17886337232109317,13.415710644505268,157.3602157756443,757
BLK,FITB,financials,0.682587683596642,20.219771179876453,56.07597201563441,110.98446440511785,757
GS,V,financials,0.6827605504560392,2.2324734334006484,-190.64320863669016,66.50092185821745,757
ICE,ZION,financials,0.6832895081746697,1.2213325233679433,46.979271195312805,83.60277308363747,757
OKE,TRGP,energy,0.6857105981571812,0.8891672133991488,10.420551075472744,132.86274153617305,757
NTRS,V,financials,0.6862694186555398,0.3368540145393275,18.033425422252783,80.38945945044766,757
COF,NDAQ,financials,0.6875894640605015,2.261352372609642,3.7680879443332866,87.01752899816707,757
CME,SPGI,financials,0.6878025237595209,0.12236456340393478,116.71681689019124,45.96761314962488,757
AWK,SO,utilities,0.6882070167178533,3.513978786525789,-42.15982548801808,72.0878771932846,757
MTB,SCHW,financials,0.6884457428135177,0.664265150555338,85.58442057855765,75.03401022642419,757
MSCI,ZION,financials,0.6905896084858247,9.6350961173234,-19.00001560964676,120.29621694724342,757
GS,MCO,financials,0.6905922854421391,0.9666470915999947,-23.073281747303966,69.99825128400211,757
DTE,LNT,utilities,0.6907901854478639,1.5918289345890808,18.232487698840636,50.67755320565216,757
MTB,PNC,financials,0.6918947773448741,0.389816868787235,70.88572094750654,85.35213097551679,757
AMP,PNC,financials,0.6919800642865195,1.794553336199766,-45.18322546239628,77.84041896512834,757
MCO,ZION,financials,0.6922816267714028,4.319715322773932,93.84606141979332,107.78683092883963,757
EQT,XOM,energy,0.6927071215618522,0.1585494266437852,7.401027275115269,88.63914348726674,757
AXP,MCO,financials,0.693979334860369,0.29805542516615446,40.426372244733926,75.93564096165468,757
AFL,SCHW,financials,0.6952742661621443,0.34411971339512987,25.469751181227096,74.34308548686718,757
SCHW,TFC,financials,0.697545935802983,1.8913222222845967,-23.78252598740512,68.93589154966865,757
EQT,OKE,energy,0.6994757605896957,0.0595457609064732,12.385346955791354,90.97985683792355,757
EQT,PSX,energy,0.7000012350401087,-0.014788970446068054,15.511876015958396,88.64066263986706,757
DTE,EVRG,utilities,0.7002620216858757,1.387766295457024,20.92482676315655,56.96389430692613,757
MTB,PRU,financials,0.7014170343953842,1.1570954152691573,42.51343392018953,70.91328986955226,757
AFL,AON,financials,0.7030246958948644,0.10593511004671334,20.078308256475303,85.50353767358538,757
FE,NRG,utilities,0.7033265769708471,0.23235022710525483,22.97002196970403,72.02674486081186,757
HBAN,STT,financials,0.7033637914107522,0.13428175581856647,2.0228561111928443,97.46627346952455,757
TFC,V,financials,0.7035782699080236,0.15098468500516268,9.484022379357171,92.65510759130683,757
PSX,VLO,energy,0.704444407677899,1.0300714365710126,5.128197313200002,51.544627930082044,757
EOG,HAL,energy,0.705606457748259,2.631669846449095,6.434532000021829,62.08441126818969,757
AEE,NI,utilities,0.705813204130006,0.5955145680312763,52.659488078650185,46.544556005001716,757
MTB,NTRS,financials,0.706957565372452,0.907880314704337,43.74777187248819,93.03279257472849,757
HAL,OXY,energy,0.7072813136193086,0.29020033916646715,9.45140478096862,89.09306743959006,757
JPM,SPGI,financials,0.7091758965909286,0.2386199361400513,39.322643428732036,100.20012989010564,757
SLB,WMB,energy,0.7093794808296574,1.5094745135131318,-0.542142823891068,127.06905548145338,757
AMP,RF,financials,0.7111972200193547,14.936046932334614,-22.89675473855075,93.66631429384645,757
KEY,MCO,financials,0.7114666985994673,0.028159311328015753,5.784211696834214,95.38868710635933,757
AON,TRV,financials,0.7116898058732792,1.680899155591988,1.2270883853451746,89.0255915233918,757
MS,RF,financials,0.712225004370103,5.145130115169104,-14.331186380255545,97.72747579415312,757
FITB,MSCI,financials,0.7127470138039019,0.038364054343576856,10.514273654426768,96.28434058316361,757
STT,TRV,financials,0.7133233566194916,0.47639787181489895,2.0261625649043884,89.34265241756528,757
MET,SPGI,financials,0.7158802925174128,0.08371378616078294,16.618295970320162,102.42832679891966,757
COF,MA,financials,0.7159172713196166,0.45554252018350244,-41.85448080203062,111.1634358268649,757
AES,XEL,utilities,0.7170153662040842,0.4245362961969118,-6.638976721507022,99.02184012330142,757
BAC,BLK,financials,0.718179097217277,0.03295914134672613,10.048786758341953,87.6916333684354,757
AWK,NRG,utilities,0.7189112142435312,2.0511457155239414,57.59608001472352,120.51366315759185,757
AFL,GS,financials,0.7192558706791815,0.06409952593337558,27.346929735930857,91.5885768002415,757
AES,ATO,utilities,0.7198803003456333,-0.147563633684647,28.45529983375479,85.04601038037808,757
RF,SPGI,financials,0.7199524640822665,0.03028777317216124,4.079391719377505,104.1207623129609,757
EQT,VLO,energy,0.7211833751127266,0.059446349737152744,11.17248801599866,95.76793804783104,757
AES,CMS,utilities,0.7214164579741547,0.48786310750779094,-8.599855424960685,100.00295842205637,757
EQT,KMI,energy,0.722157060082881,0.1256296034446326,13.036283105163617,94.55843265308235,757
JPM,PRU,financials,0.7226581653292286,1.50204161954664,10.660021899535696,126.2097899497476,757
CFG,SPGI,financials,0.723843107073992,0.05954192921465918,11.127614944779742,103.13057190241913,757
LNT,PPL,utilities,0.7239166730107814,1.2429280258578503,14.510265239666568,89.92618882549185,757
AWK,DTE,utilities,0.7243591412516612,1.7256257926727607,-27.901696962404866,94.178043724554,757
GS,ZION,financials,0.7252140883419621,7.115182336775019,-42.58598136156013,88.27155466943888,757
C,MET,financials,0.7252825455246056,0.783050187120083,19.794002351186833,87.70620829193602,757
AJG,RF,financials,0.7268903700468945,6.548835530254102,19.014976917806234,90.70955807422074,757
BKR,PSX,energy,0.7273277394317215,0.19805711315632457,5.426515291202227,88.58276011413838,757
AJG,FITB,financials,0.7282067561397588,3.2960899342312797,24.28627473261539,79.97136660271316,757
CFG,MCO,financials,0.7287717019460314,0.07052036946129198,10.045982013391432,96.42145708775176,757
FITB,PGR,financials,0.7293287603592464,0.4036072341761796,-5.685198212680536,106.43668711248563,757
C,CFG,financials,0.7304848552418948,1.0232180191335702,22.739116868113758,87.05151014234713,757
MS,TFC,financials,0.7312370704240271,2.2755692373407514,-34.38449365289715,124.64808238179175,757
COF,MCO,financials,0.7313020417713807,0.3719402042618862,-1.585551026212861,103.01438189114829,757
KEY,SPGI,financials,0.7314642863700956,0.023631779889837126,6.257062966491206,100.8192153993736,757
FE,PEG,utilities,0.7321107422868097,0.14923020818762434,23.264738963368174,78.55834420317582,757
OXY,TRGP,energy,0.7323649137282041,0.7220578503100596,8.038564023491823,209.25679146200238,757
BLK,NTRS,financials,0.7332161588715992,10.430211834962448,-306.8074897478874,72.73362984504598,757
MTB,RF,financials,0.7350883956368938,3.653354282848553,70.5310386943159,88.28232405631596,757
AEE,EIX,utilities,0.7353713534610582,0.3282703582643784,49.88298180425685,42.40978497043352,757
AMP,SPGI,financials,0.7361754812973185,0.6687660522787183,-23.600920057913598,76.73529457178344,757
AWK,PEG,utilities,0.7368564755420725,3.4798348780443047,-41.36624816612369,92.92385013585266,757
AIG,AXP,financials,0.7371123798920279,0.2737928063723572,6.473631948732232,107.77875851144239,757
AMP,KEY,financials,0.7396050865550265,15.767155991429837,-37.90063557252225,118.11742423751478,757
AJG,V,financials,0.7401939296698836,0.8613570825254213,-57.84143155354983,71.8790217488648,757
AJG,AXP,financials,0.7419986823903113,0.8935685380850487,-2.0326165489495085,86.54395348182686,757
BAC,MCO,financials,0.74220135212024,0.07451603968504396,8.59218884478244,92.4595392970605,757
KEY,PGR,financials,0.7437300902476409,0.14300977970661083,2.5951552949321437,103.55654679484756,757
AFL,NDAQ,financials,0.7439321808491082,0.27493864571301446,30.801575271501374,103.77146257186835,757
C,TFC,financials,0.744994345501955,1.1101943941596677,9.799580535879883,78.3414830044405,757
CME,V,financials,0.745475275305372,0.3578331312152912,85.07326061825046,54.25216449150202,757
CME,MTB,financials,0.7474185015398782,0.5093198186986206,92.00444168018754,47.05463614386508,757
MPC,VLO,energy,0.7481705731619092,0.8216830787437964,-3.793353330263124,99.07871218248702,757
C,CB,financials,0.7492031463606053,0.3151243005257585,8.353955511498048,76.6494815624933,757
BAC,HBAN,financials,0.7494987057392674,2.920014118540171,-1.6117167078010997,99.3925151608107,757
EQT,SLB,energy,0.7499538101121669,0.16346617031724056,10.39676166196566,99.64544342583433,757
BLK,CFG,financials,0.7500348536671295,18.398162896504395,17.44838431993454,122.51412559172925,757
SCHW,SPGI,financials,0.7507236985089634,0.15026525030189208,4.420732093953631,112.047187075083,757
PSX,TRGP,energy,0.7510578957095939,0.70082410095681,43.280428952212986,99.89140167286149,757
AES,WEC,utilities,0.7512168780631101,0.24044658184599457,-1.9272320007236872,110.81004798177186,757
CFG,MA,financials,0.7515882878963946,0.09211050743351047,0.7048599867253087,107.8018705954104,757
BAC,JPM,financials,0.7526342492267882,0.2696915390440118,-1.2795293269505357,66.58486487755248,757
NEE,WEC,utilities,0.7534744493748361,1.274604242745471,-36.9119638955088,67.32456700496108,757
AIG,AON,financials,0.7541595815633015,0.13342522704894502,11.162018434106617,116.0911494003828,757
AFL,MET,financials,0.7544057794572994,0.6388436619760819,15.87013943633309,77.28492674434618,757
HBAN,MA,financials,0.7552444927385619,0.020132958616736276,4.037939654560253,108.82521490504799,757
PRU,WFC,financials,0.756219335495391,1.2817094413677126,19.423680853895767,116.14457473198448,757
AEE,ED,utilities,0.756873971467551,0.26876742379087315,47.91704294628811,50.81161180216842,757
AWK,CMS,utilities,0.7573813658156838,4.54366427817342,-104.39643161596202,70.92635444994778,757
MTB,ZION,financials,0.7579727262425496,1.6740858357446882,54.176029435571884,86.50366023292032,757
HBAN,MCO,financials,0.7584853818532291,0.014669768546075972,6.270040627631194,91.52245179511527,757
CNP,SRE,utilities,0.7593871876225949,0.2644580087383832,6.609495228765241,142.52491796064393,757
BAC,PGR,financials,0.7594212576592514,0.366828288818692,0.9968485965268676,110.35556589337182,757
AMP,ZION,financials,0.7594255414460018,5.273067039246439,-30.846464920840262,112.82549168797347,757
EQT,OXY,energy,0.7600640554240261,0.05217546663118587,13.036555903386802,100.3191302948042,757
AIG,CFG,financials,0.7602787725259212,1.009183323428575,10.074050535640943,114.81217451251781,757
AFL,MS,financials,0.7603702465799471,0.21611156819775595,30.6881856044524,100.84396239338822,757
HBAN,SPGI,financials,0.7605733051902648,0.012136934707794384,6.56599009375398,94.19825550680595,757
AFL,ALL,financials,0.7605768616365365,0.3639802441244535,7.885210352729777,110.25515661090736,757
DTE,ES,utilities,0.7613038182724953,0.7041191459698813,40.497567912279564,85.49351007440403,757
AES,NEE,utilities,0.7618021807007185,0.2633612661305927,0.8057366625564126,84.18424493600111,757
COF,SPGI,financials,0.7618973555741462,0.31513915595635067,3.8054213203991396,124.36354459118499,757
AFL,AJG,financials,0.7629316044533124,0.13871118360777498,27.53952964280209,105.46461999742448,757
AMP,MA,financials,0.763315502115345,0.930515145909174,-109.73423569573016,92.7317107839627,757
CME,PGR,financials,0.7641523059182147,0.6760976994228738,102.43591697820385,49.78278230828571,757
MET,PRU,financials,0.7648272551397797,0.6188827665022157,0.6487223101883806,131.48725474958167,757
SPGI,ZION,financials,0.7650892931666995,4.508347871527979,115.77694371032229,130.39625593969205,757
BAC,SPGI,financials,0.7654211058536349,0.06370008879060199,9.511647559005992,102.0519440985858,757
DTE,WEC,utilities,0.7659861144255791,0.6393447110989948,39.99482358188603,77.79858308344613,757
ICE,TFC,financials,0.766148805774734,1.618283029534356,32.02408578808072,101.95302317176427,757
MTB,TFC,financials,0.766466734758509,2.133529831154821,36.85510756598461,99.18042601598438,757
AMP,CME,financials,0.7667591318698305,2.373567505859397,-192.87631514452417,61.08577368345676,757
FITB,HBAN,financials,0.7667646512999846,3.2178100919245503,-8.605713796320059,94.44633111023349,757
HBAN,V,financials,0.7669222178224919,0.037883201366862115,2.9830593937789347,110.74471404826363,757
AJG,JPM,financials,0.7669569308860285,0.9973074355355812,-4.7738524541007905,89.54355941549967,757
AJG,ZION,financials,0.7671294397991345,2.2152244962993395,19.15907971376296,108.61387626915732,757
CFG,V,financials,0.7676811104545125,0.17395768243315934,-4.239868062468631,109.47116786983733,757
DTE,ED,utilities,0.7702199847401772,0.5327862874996884,52.75721702998294,80.54103582027176,757
MCO,PRU,financials,0.7705541397827684,2.5634848769195457,90.91476957020313,157.08712268462884,757
AJG,MET,financials,0.7711614257389279,2.4917205355555354,1.404907526802431,97.46818117551942,757
AES,EVRG,utilities,0.771467870377695,0.35244007841676855,-1.041077093437409,132.7637983658589,757
AON,V,financials,0.7727477171850401,1.1865431800331705,-16.21089016783919,81.93468007267656,757
AFL,AMP,financials,0.773744586463121,0.0800305733410927,28.363547557443656,109.07301866123693,757
FE,LNT,utilities,0.7737674706706245,0.11028934715277838,25.515386240371775,76.0610507974111,757
AEE,ES,utilities,0.7737824972222849,0.7339570556776717,16.766871489587846,47.799752041773424,757
DTE,PPL,utilities,0.7739249627950566,3.2094427369874983,12.974133837803139,70.20756632426594,757
RF,V,financials,0.7742671133116532,0.08407427295188828,-2.9173814519621097,113.1885091374338,757
BLK,JPM,financials,0.7748725624930628,6.19839433396487,-130.82292672313721,101.65783823861334,757
AFL,MSCI,financials,0.7752547973496722,0.019832214493725377,34.93092530813594,110.1466846717062,757
AXP,WFC,financials,0.7784890160278992,1.876068197013995,50.94406734533617,126.80555193636947,757
MSCI,PRU,financials,0.7785573743428422,5.6379981983279555,-20.402111170761266,176.7643980898154,757
C,STT,financials,0.7788733886258525,0.4683471685664563,23.57555671610774,110.18086312318324,757
PSX,WMB,energy,0.7790124246756576,1.6386416716325554,35.65740995352854,118.20624480983957,757
PRU,TROW,financials,0.7797175119541299,0.2771384939375223,34.04960185399051,117.80751592980249,757
FITB,SPGI,financials,0.7799054088139872,0.06540828687972722,5.015906551154313,123.7023439949687,757
KEY,USB,financials,0.7812789652260426,0.40979301044880073,-2.8836748902978777,72.02036702598656,757
AJG,KEY,financials,0.7815213874853164,6.773535953374499,14.250931556081706,107.70808137754892,757
COF,V,financials,0.7818119004775019,0.8978625822057781,-73.28458165262866,90.75404308577335,757
NDAQ,RF,financials,0.7818448581145704,2.7800725826185837,4.385935177749721,111.333170413032,757
AWK,EVRG,utilities,0.7822338488658356,2.7645327601297263,-9.374662612043597,145.65642681317019,757
AMP,CFG,financials,0.7836584378136204,6.904775690286725,-27.049373134726938,113.52810147149832,757
GS,HBAN,financials,0.7856933089177871,29.051801967990308,-66.96273602006117,130.3645912878949,757
AIG,FITB,financials,0.7862918128547847,1.0017911830884638,14.73040110348257,127.95504967086922,757
AIG,PNC,financials,0.7868313487923675,0.2346725247689622,10.686973470744269,127.9582479997246,757
AIG,SCHW,financials,0.787324826291931,0.3996207405700148,19.54852039565429,129.91068933493568,757
BLK,CME,financials,0.7875098841374237,6.067048331553193,-385.38416924435654,102.9745631504219,757
BLK,PNC,financials,0.7877220308990212,4.938134720069342,-49.358180674149445,107.38024606427149,757
AFL,TROW,financials,0.7879355689449641,0.11321330746675902,29.3488654655437,115.19039570216901,757
DTE,EIX,utilities,0.7894755599320168,0.8701491509382897,46.453446115200165,81.93210879874363,757
AES,EXC,utilities,0.7904611389596387,0.6746928615755473,-1.553135069689179,154.20894834731595,757
SLB,TRGP,energy,0.7905859597491935,0.5095715305301409,10.488602866187264,141.9368999084104,757
AFL,ICE,financials,0.7906286278993517,0.20166234086339227,23.009809641854545,111.8842922787753,757
FE,SO,utilities,0.7918981026104148,0.16447891491076352,22.58647014309015,83.06438463135714,757
MET,V,financials,0.7919673281017412,0.24492608536358612,-5.052479638020558,99.86751112557708,757
TRV,V,financials,0.7923221677478862,0.3672599236983365,52.55582137538178,97.4290925000424,757
MTB,STT,financials,0.7928652466710934,0.6830950439573297,76.25496441356442,95.15822949733894,757
PNC,V,financials,0.7933008333419296,0.8034772437471863,-31.13844370156853,114.1514041418479,757
PRU,STT,financials,0.7937790420153685,0.8838707997834265,11.673565620182796,129.80521200457562,757
AMP,COF,financials,0.7939390202182548,1.6125708984218416,16.001680929107035,144.21351164583274,757
AJG,CME,financials,0.7953114680873046,1.076136622094672,-60.88351900824081,81.33403586521666,757
AMP,V,financials,0.7957108916988977,1.7392804766150038,-156.32905059474882,93.51614489181092,757
GS,PRU,financials,0.7960781217126336,4.384178793365959,-57.82038225704414,149.7075045500386,757
PRU,SPGI,financials,0.7963528397313175,0.08511039772409422,40.08987585436847,125.35203511977173,757
AJG,PNC,financials,0.7963745134974519,0.7998742756965889,7.702622455169936,81.44915514997749,757
AWK,ES,utilities,0.7967144653931235,3.030547680511555,-77.6857251253158,46.981150062320545,757
CB,WFC,financials,0.7978342580604686,1.6338236487314095,79.60314847473225,111.21689310392327,757
OKE,WMB,energy,0.7982876598535287,2.4397061977992425,-5.475589218307506,174.64264067538411,757
AES,PNW,utilities,0.7991658260526995,-0.09238899823569938,21.62811796981516,115.21252401410605,757
AFL,SPGI,financials,0.8003262718833013,0.03032577107087779,33.08174316768997,130.61091454245351,757
WMB,XOM,energy,0.8011018356521358,0.20850930975075266,7.83411110235767,83.15867261140427,757
AIG,BAC,financials,0.8014898503449094,1.0496662992621757,9.39001721519644,136.99489931920732,757
FITB,MCO,financials,0.8015743932300023,0.07614119194876609,4.167238553713094,113.60591910502538,757
DTE,PNW,utilities,0.8019406742274848,0.2922049943770442,68.21189220846698,96.55340984677052,757
AON,USB,financials,0.8021794763847356,3.694302138584896,61.20209904365486,122.20416427459672,757
CB,MA,financials,0.8046062147862599,0.2788776302520092,53.945215375396394,105.81690183125849,757
FANG,SLB,energy,0.8050014006222798,2.683685521200415,-9.25944042435779,100.00316804075386,757
MCO,TFC,financials,0.8051175291174877,5.619409340604477,44.865946591091834,139.00465152255958,757
C,KEY,financials,0.8051190372275325,2.4944875131714452,19.07952963828613,128.10489962557457,757
LNT,WEC,utilities,0.8057467277233028,0.5613968120293531,1.9486366024469122,60.60306820013312,757
AES,PPL,utilities,0.8064419379322261,0.9103300202395098,-5.254570975179171,141.6817305602507,757
BLK,KEY,financials,0.8068889313676109,40.59777106686598,6.909007194491707,143.13159845479817,757
BLK,ZION,financials,0.809875474653629,13.429301731589533,30.62051816413982,140.81643640367224,757
DVN,WMB,energy,0.8104924654158633,2.2723890430682823,-22.275391980112534,44.09309304166618,757
AIG,RF,financials,0.8107518438495258,2.0001471752592375,13.00453649274075,138.97810057718348,757
NDAQ,PNC,financials,0.8110564610676936,0.34770110936551313,-1.3786383927334258,97.55028848155581,757
MET,USB,financials,0.8112841323772171,1.15056912575595,-4.1003726633890345,123.80621968972908,757
PGR,WFC,financials,0.811302667615041,-0.1335704289664538,77.353632093915,98.61740100609134,757
AEE,ATO,utilities,0.8118542794155756,0.21478742630662648,46.60305765530609,55.977201064776736,757
PEG,XEL,utilities,0.8125907552862757,0.4502104708683227,23.259567412781436,102.47177767427166,757
MS,ZION,financials,0.8126868623987943,1.8181817929491078,-17.134537137866023,131.57895475873815,757
AFL,MCO,financials,0.8128623925905911,0.038820467263772786,31.788129501914952,129.65233364019852,757
CME,MA,financials,0.8129745128323834,0.18919257736698514,95.32783287115275,51.60732312466084,757
MSCI,TFC,financials,0.8141697720849621,11.924927055337017,-105.38200529869523,145.55895061709742,757
AES,CNP,utilities,0.8152715584082395,0.23289606222535486,10.850118252718254,182.5731297425133,757
AES,FE,utilities,0.8156832828461258,-0.17733204067067357,21.084926404154512,121.13407234726985,757
AFL,STT,financials,0.817224914071768,0.36866907933483956,19.755243156448667,126.56017450973697,757
HBAN,MTB,financials,0.81741001623492,0.08453675244934787,0.1362633618041201,143.41592203970575,757
AIG,NDAQ,financials,0.8191990168182526,0.3147354434572469,25.920823890202772,141.8272237614143,757
PNC,SPGI,financials,0.8193114659999026,0.2886372099505083,35.96032155350512,116.83701474562204,757
CFG,WFC,financials,0.819795489741452,0.5703620526601623,8.102830914670543,167.3061623832687,757
AIG,AJG,financials,0.819978097654269,0.1614646124639045,21.913119035626206,144.94462307381906,757
DTE,XEL,utilities,0.820341591485244,1.0041434549837345,34.03252406094036,95.99475163529064,757
SO,WEC,utilities,0.8209580300933148,0.633046755595226,0.28423184036723764,61.54658484610123,757
KEY,MA,financials,0.821613733825594,0.03561800746843695,2.3997883706226317,126.16863244241898,757
ICE,PRU,financials,0.8221996675511449,0.7028611298858716,47.56094280836915,142.57746259279884,757
USB,V,financials,0.822367920192961,0.1176119442469676,16.87527108335457,142.87281740779787,757
AFL,BLK,financials,0.8233440529268332,0.02043118491907806,30.805193771643072,115.61003951767239,757
SCHW,TRV,financials,0.8240891638734319,0.7212641975476725,-39.910791864043084,66.183837157268,757
AIG,COF,financials,0.8243757250715049,0.20714973960041919,19.036627907490633,141.14516379118476,757
AON,MA,financials,0.8243944387395653,0.6244032224077123,18.66717067432123,84.42258719937293,757
TRGP,VLO,energy,0.8256198095367835,0.7215385133887479,-11.720199721635819,74.35425468352328,757
AIG,ICE,financials,0.8274891284349923,0.23608278691162954,16.51596749033431,147.80395295759777,757
WFC,ZION,financials,0.827529788724836,0.7108180329791569,8.383291991729148,128.65210743197468,757
AFL,PGR,financials,0.8277207826357159,0.18267411663580171,28.44395976742921,136.61586619294985,757
TROW,TRV,financials,0.8293904574024021,1.376526123197645,-57.022101376891996,118.89805939564872,757
ICE,V,financials,0.8297366212749449,0.5347942023485392,-6.604730183311875,50.3841023323128,757
AON,WFC,financials,0.8305533433037322,1.6671897947795078,145.87270970517164,186.26642490328086,757
RF,USB,financials,0.8326280766076334,0.4295962201773472,-3.9325014231454696,149.2699836798967,757
AMP,JPM,financials,0.8336122571723699,2.2253048842174654,-71.86597815549449,100.84202058894947,757
AMP,MET,financials,0.8342532179957068,5.672970607107835,-62.65810714747423,133.55725215469178,757
SPGI,TFC,financials,0.8355474024531286,5.86570513900813,64.62386926759928,169.96158359959506,757
AMP,TRV,financials,0.836158784499534,2.6206639611444973,-149.70243076525873,124.17788554453877,757
DVN,MPC,energy,0.8361658576073507,0.5858471776817302,-8.320326262995541,95.95556415244486,757
CB,V,financials,0.8367390938715762,0.5358644180142722,37.26787507959915,114.47467674570953,757
AES,D,utilities,0.8369661097198728,0.2820819949698991,-0.900191411776336,158.61293651758072,757
AIG,GS,financials,0.8374308116809018,0.07480432810424398,21.64626439099599,154.61017975788292,757
AIG,ALL,financials,0.838492042534938,0.4284311826270574,-1.4063221424301215,147.5744494645917,757
BLK,TFC,financials,0.8401753943945801,17.212225149334547,-111.97937312419867,155.8900780184407,757
C,PRU,financials,0.841309576567762,0.56039926841421,15.426698383818852,91.03721146157643,757
AIG,MS,financials,0.8420044295686867,0.24739703833179066,25.79082888419652,158.19456773260924,757
DUK,EIX,utilities,0.8421821488713029,0.5388671660237071,47.46748904331994,97.15043118598025,757
AIG,MSCI,financials,0.8444798068905366,0.02177029867552116,30.967115974505955,151.53029536279536,757
AEE,D,utilities,0.8450760332951217,1.0810049462503386,1.4663308569755829,51.40320851519801,757
C,ZION,financials,0.846176765109119,0.822748156672862,20.626500976233,72.97936573590736,757
COF,USB,financials,0.846330834312872,3.9298996703727527,-58.642921950114044,109.88085990501682,757
FE,PNW,utilities,0.848004015489431,0.3118564242507445,10.31893461411402,104.95465849562333,757
AEE,XEL,utilities,0.8485060788898212,0.959877228743727,14.59956569226635,46.333276442070044,757
AIG,AMP,financials,0.8495049271498566,0.09423003770056614,22.69345512527062,171.6168938434578,757
FITB,MA,financials,0.8495485728541654,0.09323478122750652,-4.070132438206459,145.5145047444736,757
COP,VLO,energy,0.8497607611846092,0.7261081797047225,1.83356812269132,70.82593221680224,757
AIG,JPM,financials,0.8498977038159321,0.27388442469020485,9.034184956046863,166.1542064880236,757
JPM,WFC,financials,0.85075082336417,1.5545144937599362,52.82260021316211,225.1368292431299,757
AJG,TFC,financials,0.8530874602169447,2.8350884588102234,-4.207754841752102,134.7711244639603,757
BAC,MA,financials,0.8532793946095991,0.08822797916295673,1.4274615127855026,142.58518399858715,757
AES,EIX,utilities,0.8536002943365861,0.13849509828866205,9.277411875023908,203.01096034090793,757
AFL,C,financials,0.8537665839946595,0.6839732401116508,6.509691260180073,57.85502842948643,757
NDAQ,ZION,financials,0.8548834465188546,0.9441782213815291,4.305201508702853,128.7609883009095,757
NEE,NRG,utilities,0.8549660738718461,1.0376434099700294,24.000058050449105,180.93965263312623,757
CFG,USB,financials,0.8554361482733903,0.943041537288175,-8.43817486216735,88.79065368737764,757
AMP,TFC,financials,0.8561442685401198,6.735917672813845,-85.99308648009814,145.73585418068208,757
AWK,WEC,utilities,0.857034470093837,2.5135101508327296,-62.36730584856859,95.43765611651597,757
CB,MTB,financials,0.8570885906033563,0.690645786189147,56.076677449476485,138.71282790962593,757
AES,ED,utilities,0.857470833723299,-0.12478608237676543,23.715308567903367,124.93833648639682,757
AXP,MTB,financials,0.8576817697789326,0.7586524031031848,27.951851093912783,189.73881949909511,757
GS,TRV,financials,0.858203846053492,3.5143258976566303,-200.3237897134246,77.28500617211836,757
AIG,MET,financials,0.8586076147812154,0.7742476548464583,7.090916367399027,179.10557167740964,757
AIG,BLK,financials,0.8601628029888324,0.021885582958302282,26.727855482711455,168.41980274318266,757
AEE,ETR,utilities,0.8611180767613182,0.9143171862897005,26.91328652369946,57.71927023879962,757
AIG,TROW,financials,0.8617558752540325,0.12843582577218535,24.385121570582818,168.9315628369354,757
AWK,XEL,utilities,0.8625694842300842,3.7268703135445604,-74.18019994488475,83.60544419207288,757
AES,NI,utilities,0.8626159246991569,-0.18514901314158325,19.598325410038093,142.1689219380957,757
DUK,PNW,utilities,0.8630950318245583,-0.05283421967834625,75.90164662540352,64.0914566990658,757
SO,XEL,utilities,0.86372939626271,0.8354495154291565,2.742955817992645,86.53669227208131,757
FITB,V,financials,0.8669221696703286,0.17661120235863426,-9.173750991646527,150.29566134652586,757
LNT,SRE,utilities,0.8669354179311499,0.6677464905958016,7.073306972457517,71.97340763280343,757
MET,WFC,financials,0.8672136042437495,0.6509974061874363,17.653171653811313,219.49382205353672,757
AIG,SPGI,financials,0.8674116534785858,0.03342318837700727,28.899096341389512,171.59130680030427,757
AIG,MCO,financials,0.8682714315248146,0.04231208956948984,27.59447200877683,172.63197871788526,757
ED,PNW,utilities,0.8685265797183526,0.4407516009671863,35.89834642800751,37.57293964608036,757
AJG,CFG,financials,0.868616575948732,2.9890095047915155,18.274108461496105,106.71563682918874,757
BLK,PRU,financials,0.8689428431953883,8.08952216388034,13.783940776699344,234.22524515955948,757
MPC,SLB,energy,0.8702023847590046,1.2031254749002245,12.428835175543355,132.49259033294612,757
KEY,V,financials,0.871034349728122,0.06757364898484496,0.43079460673157677,132.7825419156967,757
BAC,V,financials,0.8712200096257132,0.1684587758463616,-3.649574701354737,148.696857197325,757
ICE,TRV,financials,0.8712394771233092,0.6338339622490395,16.20739125588171,150.66316259820243,757
AEE,SRE,utilities,0.872254098427547,0.71312315054008,26.624136389124104,53.899529463476654,757
ICE,MA,financials,0.8739306975953843,0.29365121919182263,5.481886090753423,40.35340714884383,757
DTE,SRE,utilities,0.8744141901464724,1.3495464886460662,14.010143596712544,93.11090375421686,757
STT,USB,financials,0.8745582403218206,1.1856106310994825,13.65689837814545,143.06697484718205,757
AEE,WEC,utilities,0.8753553514653168,0.6784172308448616,15.363781343586814,49.05225713414212,757
NEE,NI,utilities,0.876523022796555,-1.7011322917592877,92.28331537493509,108.21889879892942,757
DUK,PPL,utilities,0.8777984899172353,2.0783590014170312,24.64239004245851,118.96653823740965,757
TROW,USB,financials,0.8782849739505222,2.827336960656848,-0.23800216852862657,274.68684045707727,757
NEE,XEL,utilities,0.8784205544541305,1.898165523137086,-43.33750791847803,64.82483559354985,757
MSCI,TRV,financials,0.8785977526734245,4.7710211311881485,-234.05931121089003,173.48492519973112,757
BLK,TRV,financials,0.8792170806660338,6.778843376583808,-284.71580018017727,155.50150710642538,757
TRGP,XOM,energy,0.8806132717044777,0.9089157005929671,-11.603460601413055,125.31329475376074,757
EOG,PSX,energy,0.8811420131209599,0.806760754541278,2.118448654096284,147.78186267566932,757
MS,PRU,financials,0.8830700858069013,1.1101095116820388,-20.371029719447808,221.7156227604696,757
AWK,D,utilities,0.8842224999024438,3.6432229382771886,-92.54074062794263,79.89324856683184,757
DTE,ETR,utilities,0.8844579931441973,1.2913136201711433,32.91323512870754,111.67612833420445,757
SCHW,V,financials,0.8852088506712341,0.38647652316634257,-24.59864817358632,153.67418256268613,757
AIG,STT,financials,0.8856838869939696,0.4152229287992471,13.681293364890626,214.6280583407064,757
AES,SRE,utilities,0.8858131294890318,0.33418488946946023,-2.335360377860796,199.06745689254276,757
AWK,NI,utilities,0.8862357389347222,-2.2077159174378576,168.35853089130634,103.56398675275112,757
NEE,PEG,utilities,0.8862739006796228,1.7010806558391878,-23.277639910587894,132.93709766658026,757
SO,SRE,utilities,0.8863530907177788,0.878355484993928,-0.7100658524499429,71.02391057115524,757
AWK,FE,utilities,0.886551075054191,-1.2461236264571092,159.79565878809788,106.2503502521959,757
AIG,PGR,financials,0.8868450613049677,0.1601611126908532,26.77966267008524,188.33728474340393,757
BLK,HBAN,financials,0.8871359318074701,53.20940279671744,0.8828357783857248,207.5020643757619,757
AFL,MA,financials,0.8876073915756784,0.04727884305458277,27.664648730765478,186.25075464699475,757
KEY,WFC,financials,0.8876578905320924,0.2653168269872433,3.692025632897615,140.6855742488906,757
AJG,PRU,financials,0.8891908958453661,1.330533925039664,16.63074983562249,211.50900399542962,757
NDAQ,TFC,financials,0.8904322761625205,1.1749172864331145,-4.3980826500498456,172.8446781568751,757
RF,WFC,financials,0.8907797521797314,0.2480025505183286,4.016862712754019,244.02489629897528,757
DUK,ES,utilities,0.8909206898296713,0.7825961747637299,20.936604721607026,126.57220094744115,757
AXP,MA,financials,0.8909961923803986,0.36738103248538206,7.463898428897563,141.1993760590111,757
AON,MTB,financials,0.8920606289364744,0.5559711767493491,139.26577365384583,242.8387384500591,757
AFL,V,financials,0.8923783283577269,0.0975373087442275,23.59392042451931,189.67603115397262,757
COP,KMI,energy,0.8938649758459896,4.449721424812094,-10.905618177646353,109.10461088553332,757
PRU,V,financials,0.8940546063112802,0.2379239110647083,20.118135417039078,188.12292105048041,757
MCO,TRV,financials,0.8941766341393451,2.1727677176839935,-6.65127531081791,187.45825213964466,757
AXP,V,financials,0.894622703436961,0.7178402273782374,-16.720508433354922,121.22677176667305,757
AWK,ED,utilities,0.8946259483459476,-0.4205218385462659,149.02669110924506,127.46673367746827,757
AES,ETR,utilities,0.896058931171182,0.3006297520994747,3.145693640936543,238.19941577687757,757
EOG,OXY,energy,0.9019149523601948,0.8550704801829141,28.628880604334018,147.39771397516816,757
DUK,SRE,utilities,0.902097249505641,0.9062920405173887,23.565404008070132,124.68504594118215,757
DUK,XEL,utilities,0.9027649484873559,0.9839938650158186,20.705372355793358,144.76127239526875,757
MCO,USB,financials,0.9029508702246682,4.167923196043117,94.3997705757016,209.35133609954948,757
COF,WFC,financials,0.9030405211205406,2.259716049777507,14.39179523634027,286.2755344513553,757
AJG,COF,financials,0.9032663935214447,0.7183209862372804,35.01528265842778,135.28765969316885,757
AWK,PPL,utilities,0.9039171382490029,2.926240584522973,54.66000661387131,270.5293537009925,757
PEG,WEC,utilities,0.9047321120661099,0.28811961089325,25.825085888078988,86.65382235112978,757
EXC,NEE,utilities,0.9056300464210045,0.08936287005423979,20.53675490177995,139.127336919639,757
AWK,EIX,utilities,0.9061964825633411,0.49533411044169107,99.0414875976331,206.3960077860077,757
AMP,PRU,financials,0.9071287818437388,3.240131180898904,-41.558534059441364,284.2784601449364,757
DUK,FE,utilities,0.9074280097573073,0.20917625477314827,66.1884306448646,82.70042109401423,757
BAC,WFC,financials,0.9085372622802452,0.4949694807444343,10.312850542492992,295.01627224576026,757
NDAQ,PRU,financials,0.9086986208403678,0.5652963111265672,3.343819263892792,238.87576590052393,757
MSCI,USB,financials,0.9087579704861016,8.875262901735821,-1.44889999666964,288.19681350717707,757
AMP,HBAN,financials,0.9089969449117098,21.431962445092616,-47.926333669207715,215.47985477761208,757
MS,TRV,financials,0.9091415979812723,0.8955965438279415,-57.147562357917664,104.62884851730767,757
DVN,EQT,energy,0.9099068087500504,1.0300514788765993,1.935711743437744,247.04084667272565,757
MPC,OXY,energy,0.9104907459936633,0.45443449219362664,29.793299067771446,191.21816883788387,757
LNT,XEL,utilities,0.9111120023149057,0.7663184707199812,2.790108829111289,97.58154121381705,757
DUK,NI,utilities,0.91155708431834,1.0847100578448596,49.778637724910105,121.90832440676049,757
AIG,MA,financials,0.913582854479682,0.04745292980346225,24.312498784872467,227.94978680479662,757
ICE,USB,financials,0.9139946323159406,1.225916359930319,45.296054083412265,214.3819979838445,757
AIG,V,financials,0.9150177168665355,0.10306911442792939,19.265531868078558,229.2189030323921,757
JPM,USB,financials,0.9152092069940052,2.87029302466379,-3.880882283268217,187.69317558677682,757
EOG,SLB,energy,0.9177811380716414,1.8778785213267168,5.799907200221764,62.097665796966666,757
GS,USB,financials,0.9178136298150179,7.736428002534506,-75.41942039652157,266.2701760628888,757
COP,XOM,energy,0.920456796376296,0.9269593892494509,1.3957473312585353,123.21453387426467,757
DUK,ETR,utilities,0.9211032393199364,1.0632170105499033,28.062833229096768,149.8030673643049,757
AJG,HBAN,financials,0.9243581818695416,8.764191897704736,14.383425996525549,190.62887458869983,757
AWK,CNP,utilities,0.9258928956587669,-0.5377407675055481,133.30698079642704,170.42323149397438,757
CNP,PNW,utilities,0.9262709092091314,0.3014259443101005,1.60755349194765,213.20861196876615,757
SPGI,TRV,financials,0.9273867885929907,2.271475289406689,10.428722068316219,234.8321076112997,757
MCO,WFC,financials,0.9286213011369132,0.5576655085092855,236.28988158789826,244.92516867430493,757
FANG,PSX,energy,0.9318448903930892,1.2068396112726216,-17.966377710198213,179.21462973290707,757
TROW,WFC,financials,0.9323232221873409,0.9300006643994384,76.68343112554172,396.15338002373653,757
COF,MTB,financials,0.9334835365532342,0.9005346088373213,-11.75157194993971,371.264211645967,757
AIG,C,financials,0.9335450713658001,0.8776895082567092,-6.762911766165812,89.54272198431495,757
MCO,MTB,financials,0.9347414065233713,-0.07174412865191045,264.21996476268964,242.7514100899276,757
AJG,TRV,financials,0.9349678244901525,1.1175369451855202,-32.77685000696197,246.2628691690265,757
PEG,SRE,utilities,0.9354419177461674,0.6173777835285931,13.617798546399532,87.90625060530505,757
STT,WFC,financials,0.9355188201180076,0.6055834115144952,38.35886435883178,145.91709753254244,757
DUK,ED,utilities,0.9355319365667928,0.2931051512001027,53.7327304711919,112.17724164730448,757
PEG,PNW,utilities,0.9361361102920561,0.10626266502924535,40.16754162276584,89.15079080785414,757
MET,MTB,financials,0.9362874027082182,0.2946299327519163,6.005269379393342,351.66720609153185,757
JPM,MTB,financials,0.9367918238497277,0.6671153575952836,29.269225536840757,382.2428910090511,757
SPGI,USB,financials,0.9404230205181412,4.123291505784312,125.13275866140482,277.755972267955,757
BAC,USB,financials,0.9404300710587933,0.8193315919873311,-4.078296531839645,259.4427786613511,757
AXP,C,financials,0.940499270383801,2.199983110172141,3.4260713002493164,224.64276952623595,757
DUK,WEC,utilities,0.9410080965668505,0.6816108024683319,22.505192098106477,117.96165596467107,757
PNC,WFC,financials,0.9416213175735766,2.117458744183023,43.9824563225136,347.3176023197298,757
EXC,NI,utilities,0.9422679701981889,1.129147464254236,1.9222029705871984,210.85555487383584,757
COP,HAL,energy,0.9439437492826792,1.6913648887708257,12.910748072298448,151.68680250908193,757
PNC,USB,financials,0.9453174504246007,3.6830577686055137,-24.476131601364738,245.6994222158258,757
AWK,ETR,utilities,0.947579255385337,2.602120306384682,13.264046477408943,412.5207997836284,757
EXC,LNT,utilities,0.9488973152394065,0.3242353982850985,11.607639096980993,213.5029864999313,757
EXC,WEC,utilities,0.9489537643717508,0.03494070775384962,23.032299899984015,195.89986892880478,757
AWK,SRE,utilities,0.9496112883883032,1.78583894429212,25.60457976201081,426.75487855772394,757
NI,PNW,utilities,0.9502434780914121,0.18881546956201345,8.884567342522624,50.03182851616998,757
EXC,SO,utilities,0.9503588158241851,0.2796043399072398,12.528499032709052,205.96059703842568,757
EXC,XEL,utilities,0.9513250628098823,0.05774638459631396,22.555371520555155,216.53072678035315,757
NEE,PPL,utilities,0.9514001933902284,1.5526076961966364,20.849946442302066,455.6426973215875,757
GS,WFC,financials,0.9519735205903813,3.6959731270155665,94.72400207580134,679.8117438261612,757
COP,OXY,energy,0.9520453955120184,0.488986036671735,28.95072367932637,365.46299563025974,757
FANG,OXY,energy,0.9525378278943428,1.227011248622797,23.218203974254,278.56729054870414,757
MPC,PSX,energy,0.9530684885077575,0.6135293821078455,3.89070866609775,874.5913337963967,757
AEE,AEP,utilities,0.9584524708298637,0.8150100373812256,8.857685969399638,79.69996559852567,757
BLK,USB,financials,0.9586918547704004,13.299270215915875,19.100961557006897,432.73968131971935,757
CVX,PSX,energy,0.9600074060118462,0.7431734565458653,32.122689465219764,93.51433266517606,757
CFG,MTB,financials,0.9613547663050777,0.2606438458288665,-2.3956331134549336,312.21609487791153,757
AJG,ALL,financials,0.9614887285212582,1.5657885018865898,-43.3233345984754,206.1583194698847,757
SPGI,WFC,financials,0.9615671098419342,0.10452729737074845,281.1712664096368,331.2855579505897,757
NDAQ,TRV,financials,0.9616921476592797,0.46237061094305093,-16.145992977179727,241.93515283912382,757
BLK,WFC,financials,0.9646941709758726,3.3325183235922946,417.435879267588,787.6039516786411,757
MSCI,WFC,financials,0.9649635927921238,1.4612347671506465,291.1039220395868,577.3858723370131,757
DVN,FANG,energy,0.9654502078822838,0.3049711444301841,-1.1126612663179987,521.752755704763,757
AON,C,financials,0.9662341274000473,2.308362569846258,85.45683536417631,466.4107731414761,757
MS,USB,financials,0.9670567746082955,1.8933383048459942,-22.286939631203463,517.7183549979019,757
FITB,WFC,financials,0.9696221955847587,0.5172467727629442,5.523110694270487,534.6721601108843,757
NDAQ,USB,financials,0.9702436473864915,0.9233686487224656,3.9471875142914,648.2377793755785,757
BAC,MTB,financials,0.9704985532801703,0.20338450683361822,3.869372489899564,789.924058542154,757
COP,PSX,energy,0.9706032503024535,0.5267881504748515,9.607052375911335,1006.4580442176266,757
MSCI,MTB,financials,0.9708905135929895,0.08814733373262464,331.99363069826114,657.5922611692513,757
BLK,MTB,financials,0.9710277538749588,1.287897703104259,383.5784780016657,1151.9547688048003,757
EXC,PPL,utilities,0.9712603531287343,1.017211070853711,2.163004318826752,171.7288534766971,757
ICE,WFC,financials,0.9725059436988386,0.2719951104013802,83.24737680676927,327.9783374176965,757
AJG,USB,financials,0.9726740703920731,2.264029619400591,14.537823203880013,562.7343584884389,757
GS,MTB,financials,0.9732933291441412,1.442860935225869,55.478075293091486,953.6450820013725,757
NEE,SRE,utilities,0.975422497711747,0.8688092982933833,9.686098046800698,1463.1710618373118,757
EXC,FE,utilities,0.9759146644339354,0.2731075012120377,17.328251580797502,327.14393547858066,757
ICE,MTB,financials,0.9768528947319712,0.09936317250536271,81.15682198080248,362.0727757527041,757
COP,SLB,energy,0.9788767868361683,1.1688704847290639,13.473054327075143,338.19285094542795,757
AMP,WFC,financials,0.9795053073077095,2.3632053510546216,84.0842524889317,1420.9830980874829,757
DVN,VLO,energy,0.9796698254192939,0.4356933408511122,-7.934320746645274,828.3792065998515,757
AMP,USB,financials,0.9812006605882562,5.610377086283139,-50.41168470036386,978.6528272112047,757
KEY,MTB,financials,0.9814715579057588,0.11784512821418587,-0.7940227389962223,324.85191015264365,757
MS,WFC,financials,0.9831306224587015,0.7826530352855343,23.622162596830496,2953.894317825537,757
EXC,PNW,utilities,0.9834246317082824,0.0892816651978097,19.88335880302673,1281.6515239613618,757
AJG,WFC,financials,0.986407922043605,0.705030762356698,77.52405348492321,9593.954313602986,757
SCHW,USB,financials,0.9864473277510164,1.6690979536198338,-17.42519485088989,390.2490263657366,757
FITB,USB,financials,0.9865684357221074,0.8857312867827641,-10.659239599578198,266.4224003968448,757
MS,MTB,financials,0.9866014705303565,0.30315081197446136,15.590673904938129,inf,757
DVN,HAL,energy,0.987733010716273,1.0935596701938821,-2.7005749777603794,inf,757
DVN,OKE,energy,0.9878391015992873,0.5441176550425014,-2.9896250135113043,inf,757
FITB,MTB,financials,0.9880355699380753,0.2252572152262016,-2.697871169364724,7563.285745447252,757
BLK,C,financials,0.9886744383150762,7.890130284456512,128.02923140645592,inf,757
NDAQ,WFC,financials,0.9888576393184889,0.2687886698542379,30.292755131569262,inf,757
DVN,EOG,energy,0.9891293677023837,0.44038383741706855,-6.708558505598405,215.76842940692873,757
AMP,MTB,financials,0.989306186561519,0.976259294238372,52.71079430962872,inf,757
AJG,MTB,financials,0.9910825380129799,0.2643579766023101,71.30973369386443,inf,757
EXC,SRE,utilities,0.9916102439477961,0.2894334381036232,9.961760820754742,1255.6765273632489,757
SCHW,WFC,financials,0.9926220857016862,0.9076989057241595,15.417406167845037,inf,757
DVN,KMI,energy,0.9926916507947172,2.735415258955769,-16.374939744322102,inf,757
AJG,C,financials,0.9937043887717786,1.322237459399216,34.16022508196272,inf,757
BAC,C,financials,0.993903857218227,0.5657244585615594,-1.467015267223902,inf,757
DVN,SLB,energy,1.0,0.7140168804672962,-1.272809556074014,inf,757
DVN,XOM,energy,1.0,0.6038657877138082,-10.350644806085867,inf,757
AMP,C,financials,1.0,3.539806193145757,-15.33740272334241,inf,757
DVN,PSX,energy,1.0,0.2733110567593975,-0.5345927334266914,inf,757
DVN,OXY,energy,1.0,0.272554689499475,8.948530731390457,inf,757
