ticker_a,ticker_b,direction,signal_date,entry_date,exit_date,holding_days,exit_reason,entry_price_a,entry_price_b,exit_price_a,exit_price_b,qty_a,qty_b,gross_pnl,slippage_cost,commission_cost,net_pnl
AON,AMP,1,2022-01-03,2022-01-04,2022-02-01,19,signal,284.2676215465163,287.7646838048856,266.14605369701957,285.8213882008324,0.0020964183741899525,0.0014044523313312927,-0.03428139451846861,0.0009797272487679204,0.0009797272487681503,-0.03624084901600468
VLO,OKE,-1,2022-01-03,2022-01-04,2022-03-10,45,signal,67.78043758196154,46.978621950047064,77.50963327331165,52.51437360420786,0.008901199770146079,0.008441481233033617,-0.0388050183534279,0.0010665523987907718,0.0010665523987909143,-0.04093812315100959
AMP,AJG,-1,2022-01-04,2022-01-05,2022-01-31,17,signal,301.437657578467,160.0946737523276,276.9334351339054,146.22600238674914,0.0015876922629808996,0.0032570161231392433,-0.005307339840416661,0.0009579820181985284,0.0009579820181986048,-0.007223303876813794
AXP,COF,-1,2022-01-04,2022-01-05,2022-01-13,6,signal,164.73407344481194,140.00426719964335,165.51145074277133,147.15940076023318,0.003639346586850449,0.002859739890639512,0.01864422576994605,0.0010115503198973113,0.001011550319897411,0.016621125130151328
HAL,BKR,-1,2022-01-04,2022-01-05,2022-01-24,12,signal,23.37086960610436,23.36865875748905,24.21254580772295,23.946665748938635,0.0193458269567559,0.023446739133844742,-0.0017155781372992247,0.001014964866776782,0.0010149648667768436,-0.0037455078708528503
NTRS,COF,-1,2022-01-04,2022-01-05,2022-02-03,20,signal,110.104095285239,140.00426719964335,104.11342490316933,136.81405171964752,0.006074633621954123,0.002364133542915625,0.029826903964103507,0.0009778716685251688,0.000977871668525367,0.02787116062705297
TROW,MS,1,2022-01-04,2022-01-05,2022-02-18,31,signal,157.81494659913173,89.00273192302005,114.65903263136688,82.41105566440272,0.003295540154471183,0.005392355062793375,-0.10576627850732642,0.000911110030896376,0.0009111100308965145,-0.10758849856911931
AMP,MS,-1,2022-01-05,2022-01-06,2022-01-21,10,signal,296.3079388326152,89.45262210297469,287.4551088627252,84.23075700527691,0.0018327324896877306,0.005107770772490212,-0.00946871498395414,0.0009785058284545857,0.0009785058284546757,-0.011425726640863401
EIX,ED,1,2022-01-05,2022-01-06,2022-02-17,29,signal,52.58246402195376,73.07556691946098,48.335896121604826,69.7490576397146,0.009374971429328905,0.006938483493543139,-0.015761980428825373,0.0009685425810127367,0.0009685425810128541,-0.017699065590850965
PPL,EIX,-1,2022-01-05,2022-01-06,2022-02-08,22,signal,25.620265973111003,52.58246402195376,25.108233705110507,49.93285268692746,0.02464036035367018,0.007009481440840365,-0.004971469263862679,0.0009842726182051863,0.0009842726182052815,-0.006940014500273147
NTRS,KEY,1,2022-01-06,2022-01-07,2022-01-12,3,signal,109.28569722894778,20.545033825144557,114.34356005221284,20.961078366887616,0.0051488067162885785,0.0212884282188452,0.018202540118334463,0.0010175164065804887,0.001017516406580669,0.016167507305173308
OXY,KMI,1,2022-01-06,2022-01-07,2022-01-20,8,signal,30.752644100746856,13.169938449353214,32.64725996913015,13.69493245514384,0.009696032306409265,0.05327431115989838,-0.008575471992398612,0.0010229653610926669,0.001022965361092728,-0.010621402714584007
AEE,AWK,-1,2022-01-07,2022-01-10,2022-02-16,26,signal,76.65152870969145,155.65755882709135,73.3480036249822,132.9461694815349,0.00896800452169832,0.002006976025814407,-0.014992981156544526,0.0009622048757076646,0.000962204875707738,-0.016917390907959927
NTRS,AXP,-1,2022-01-07,2022-01-10,2022-01-21,8,signal,112.70499027038221,166.73209207705725,103.24560384594102,151.19539492638543,0.005172403246566084,0.002500784881577286,0.011029852369241332,0.0009560286609835273,0.0009560286609836991,0.009117795047274104
NTRS,JPM,-1,2022-01-07,2022-01-10,2022-01-24,9,signal,112.70499027038221,151.06256181253303,96.70217358744398,126.99890918227823,0.005169894803192697,0.0027620615397702395,0.01719291161883106,0.0009253222496810763,0.0009253222496812064,0.015342267119468778
PGR,BLK,-1,2022-01-07,2022-01-10,2022-02-16,26,signal,99.73038162057871,791.2159634374881,96.18937657831572,691.2283170821289,0.00673304313792681,0.00041498052198820604,-0.01668402930431655,0.0009671566714294561,0.0009671566714295776,-0.018618342647175587
V,PGR,1,2022-01-07,2022-01-10,2022-02-23,30,signal,206.49118424440022,99.73038162057871,215.17566525718507,97.07228494182883,0.002431410283020325,0.004992831843873729,0.03539089889389148,0.0010039327149541817,0.0010039327149542186,0.03338303346398308
KMI,SLB,-1,2022-01-10,2022-01-11,2022-01-19,5,signal,13.56503875391013,31.848418342328433,13.842273593470159,34.00061427448857,0.05063176086473194,0.00982752213770748,0.00813127375608338,0.001017408688071343,0.0010174086880714215,0.0060964563799406155
KMI,XOM,-1,2022-01-10,2022-01-11,2022-03-01,33,signal,13.56503875391013,58.620645721308755,13.760133742383662,67.70315771461537,0.044644074513892594,0.0067262223519243625,0.05341596784593279,0.0010348078676320842,0.001034807867632122,0.05134635211066858
MA,PGR,1,2022-01-10,2022-01-11,2022-02-07,18,signal,354.02172555689214,100.35779792291719,371.831474029743,99.51159868245321,0.0013528865616818913,0.005191698977193048,0.029497617872178708,0.0010098367651058457,0.0010098367651058958,0.027477944341966966
CVX,FANG,-1,2022-01-11,2022-01-12,2022-02-22,27,signal,105.89945494079421,102.13456455235531,114.65907886068702,109.61930707348276,0.006362952454500288,0.003191795396603826,-0.030807672251459244,0.0010396315464226123,0.001039631546422691,-0.03288693534430455
EOG,FANG,-1,2022-01-11,2022-01-12,2022-02-22,27,signal,83.80372115296386,102.13456455235531,95.6144067548979,109.61930707348276,0.00658336372789685,0.0043886967893003274,-0.04385053551882748,0.0010552382033269998,0.0010552382033271223,-0.0459610119254816
ES,WEC,1,2022-01-11,2022-01-12,2022-02-01,13,signal,71.65212249838723,80.43272989889485,74.02991674082794,82.39156119803887,0.0071493896979858374,0.0060639874728144905,0.006135901801444795,0.0010144525999754039,0.0010144525999755101,0.0041069966014938815
NTRS,BAC,-1,2022-01-11,2022-01-12,2022-02-10,20,signal,114.34356005221284,43.73595675863203,108.84310750659898,44.14542667754086,0.004982807907951307,0.00983579643881616,0.03242340916280418,0.0009882479510027356,0.0009882479510028375,0.03044691326079861
NTRS,FITB,-1,2022-01-11,2022-01-12,2022-02-10,20,signal,114.34356005221284,41.26916883673422,108.84310750659898,41.44641856178705,0.005287946731015474,0.009577425749613263,0.03176990488387791,0.0009862087453605265,0.000986208745360641,0.029797487393156744
NTRS,PNC,-1,2022-01-11,2022-01-12,2022-02-07,17,signal,114.34356005221284,188.53537543165285,105.78832421820498,177.74262510783365,0.005087563361747998,0.0022180870361954846,0.02055223563701621,0.0009661908349622514,0.0009661908349623921,0.018619853967091565
PSX,KMI,-1,2022-01-11,2022-01-12,2022-01-24,7,signal,72.95569469356622,13.733707269766704,68.57099410491087,13.247409527817085,0.006348969951654991,0.03908944983443844,0.009805836400332987,0.0009766153044965323,0.000976615304496617,0.007852605791339838
BAC,PNC,1,2022-01-12,2022-01-13,2022-01-20,4,signal,43.513586317843846,188.93289721652303,41.4885413696227,175.25789876512218,0.011758460215747668,0.0025848257805123373,0.012506513161089028,0.000970435074200926,0.0009704350742011124,0.01056564301268699
CB,SCHW,1,2022-01-12,2022-01-13,2022-01-25,7,signal,186.9191430552811,87.51070350179188,182.54202896607853,81.84902578669723,0.003324918103055709,0.00432667459578255,0.01092329028464638,0.0009805990195679518,0.000980599019568128,0.008962092245510301
NTRS,ZION,-1,2022-01-12,2022-01-13,2022-03-15,41,signal,115.31453521855339,59.64809213069948,96.19732554272446,55.499359816308555,0.005050637962514314,0.0069994749632526,0.06845229484557899,0.0009371378833077434,0.0009371378833078945,0.06657801907896337
AXP,FITB,1,2022-01-13,2022-01-14,2022-03-02,31,signal,159.63548140026785,40.97581072310045,169.9494546360034,38.097864380254066,0.0032774615307353035,0.011636713954796441,0.06829368579528453,0.0010001969171718394,0.0010001969171719387,0.06629329196094075
AXP,PNC,1,2022-01-13,2022-01-14,2022-03-03,32,signal,159.63548140026785,186.33686051580216,172.14251802294314,163.04042067197608,0.0031367826429209112,0.002679333991829526,0.1026392311620432,0.0009884326074842396,0.000988432607484365,0.10066236594707459
BAC,FITB,1,2022-01-13,2022-01-14,2022-01-26,7,signal,42.268316291371036,40.97581072310045,40.67991221043625,38.207214926045275,0.012513955168853216,0.011496657565256958,0.012926558859989525,0.000974178503477925,0.000974178503478013,0.010978201853033586
BKR,MPC,1,2022-01-13,2022-01-14,2022-01-21,4,signal,23.512409845675023,65.85029087480903,23.785102816770248,64.51655852631438,0.022932105802723344,0.006998448195598431,0.01658598356231312,0.0009985027497648059,0.000998502749764884,0.014588978062783428
CB,KEY,1,2022-01-13,2022-01-14,2022-01-25,6,signal,184.8218975910287,20.734681076864902,182.54202896607853,19.608500719641413,0.003089644277333221,0.020691749669815913,0.017243560731475018,0.0009849017468915107,0.0009849017468916883,0.015273757237691818
NTRS,SCHW,-1,2022-01-13,2022-01-14,2022-02-04,14,signal,114.35221876015399,87.22309607949903,103.86176889044619,83.34127155698417,0.005334048103888085,0.004470484499005502,0.0395661724065643,0.0009632445258785164,0.0009632445258786594,0.03763968335480712
ALL,JPM,-1,2022-01-14,2022-01-18,2022-02-02,11,signal,110.56815065296989,139.18806746494457,106.24766988696322,134.33603848615797,0.005450797605970695,0.002853782010590077,0.010684634536908034,0.0009812013354393739,0.0009812013354394493,0.00872223186602921
AXP,COF,1,2022-01-14,2022-01-18,2022-03-02,30,signal,158.87854088078532,147.57283680434284,169.9494546360034,131.04910001628386,0.003638778367491009,0.0028592933930251608,0.08852743206879543,0.0009966191617654134,0.000996619161765524,0.0865341937452645
AXP,MET,1,2022-01-14,2022-01-18,2022-03-02,30,signal,158.87854088078532,59.56873536640225,169.9494546360034,56.806261457249775,0.003105619105072962,0.008504074068145436,0.058879776772430434,0.0010054527688582245,0.0010054527688583494,0.05686887123471386
CB,FITB,1,2022-01-14,2022-01-18,2022-01-24,4,signal,184.28582300604,42.42123125618916,179.4885354440592,37.24825205782026,0.003257288430775472,0.00942518359368324,0.03409804667881996,0.0009679172826318398,0.0009679172826320196,0.0321622121135561
CFG,MET,-1,2022-01-14,2022-01-18,2022-01-21,3,signal,46.27302125333765,59.62833390103596,42.564804637671536,57.41156028137258,0.010788902045416432,0.008398111916850009,0.02236156683351825,0.0009706939561646186,0.000970693956164712,0.02042017892118892
TRV,HBAN,1,2022-01-14,2022-01-18,2022-01-21,3,signal,149.62906605413255,14.477528181932527,151.13407437737274,12.978164961608586,0.0038282990737450325,0.029511095968614905,0.0509903160277964,0.0009808421711660891,0.0009808421711662383,0.04902863168546407
AIG,AFL,1,2022-01-18,2022-01-19,2022-03-07,32,signal,54.91351070678257,57.24953881954246,50.80564733370373,53.6871595211849,0.007854917455108525,0.009931783617528807,0.004079960933940897,0.0009661082914874915,0.0009661082914876153,0.0021477443509657903
C,USB,1,2022-01-18,2022-01-19,2022-02-04,12,signal,55.78557650970192,47.53076732719607,55.638393514653146,48.42821337029152,0.0089997193376637,0.010476314605337022,-0.00972249470177139,0.0010040380337271644,0.0010040380337272203,-0.011730570769225773
MET,PNC,-1,2022-01-18,2022-01-19,2022-03-09,34,signal,59.282831694490945,184.5263162713995,56.49188182518257,158.7528860157314,0.00868054726390096,0.002630398321989517,-0.04261345164290557,0.0009539638018080794,0.0009539638018081335,-0.04452137924652179
V,TROW,-1,2022-01-18,2022-01-19,2022-02-24,25,signal,205.34003300065078,138.27263210916692,196.57177533662917,108.59778514167664,0.00327915440261632,0.002361166076467473,-0.040364364887707956,0.0009504063740430366,0.0009504063740431482,-0.04226517763579414
NTRS,KEY,1,2022-01-19,2022-01-20,2022-02-10,15,signal,108.93855821019108,20.347485347332526,108.73431879344898,21.127185694103467,0.005179855072541081,0.021416801789619088,-0.016748738165556592,0.0010078801953583047,0.0010078801953584612,-0.018764498556273358
RF,FITB,1,2022-01-19,2022-01-20,2022-01-25,3,signal,18.305815283877717,40.49680225749288,18.664249765025154,37.938030482808394,0.026387411249792908,0.012764951717175364,0.04310914757817467,0.0009883913589124969,0.0009883913589127278,0.04113236486034944
USB,AFL,1,2022-01-19,2022-01-20,2022-02-23,23,signal,46.23807734649885,56.53133836385566,47.57157385783025,57.01492259591327,0.009721920549405355,0.009736659344636906,0.009264440139499484,0.0010087879354091374,0.0010087879354092502,0.007246864268681095
MET,RF,-1,2022-01-20,2022-01-21,2022-01-26,3,signal,57.41156028137258,18.346802702879874,57.92864003846161,19.23752134535188,0.009524783791901257,0.024697501916294832,0.018086871704490234,0.0010134192146001551,0.0010134192146003514,0.016060033275289726
BLK,AJG,1,2022-01-21,2022-01-24,2022-01-28,4,signal,694.0478797308812,146.1593435332102,697.9702497525409,142.77017000610354,0.0006278174749055768,0.00386017148595152,0.016539952976255507,0.0009946295233328787,0.0009946295233329286,0.0145506939295897
MET,FITB,-1,2022-01-21,2022-01-24,2022-02-08,11,signal,55.8695069853166,37.24825205782026,60.86696866026637,41.026232186783766,0.009663618624938019,0.012351135814972674,-0.000583780403302446,0.0010474376370599105,0.00104743763706006,-0.0026786556774224166
TFC,HBAN,-1,2022-01-21,2022-01-24,2022-02-18,19,signal,48.32450842356864,12.348078406994869,49.9033143864759,12.916146143642244,0.011129899358669423,0.0374240390677657,0.004706816426456081,0.001019378731052455,0.0010193787310525354,0.002668058964351091
TRV,HBAN,-1,2022-01-21,2022-01-24,2022-04-20,60,signal,148.09001152755724,12.348078406994869,162.72250789806165,11.717716565244963,0.004110088035001723,0.03168331420923618,-0.07909284484499245,0.0010199557072989697,0.0010199557072990426,-0.08113275625959046
BKR,MPC,-1,2022-01-25,2022-01-26,2022-02-02,5,signal,25.230161907361364,65.36535954156993,24.428830987334106,68.81805083553503,0.02213315114405227,0.006754622232233239,0.04206034838087247,0.001002744636251871,0.0010027446362519863,0.04005485910836861
CVX,EOG,-1,2022-01-25,2022-01-26,2022-02-02,5,signal,109.96199636634073,88.08766284227514,111.27296460213088,91.97989611029898,0.005783823907626335,0.004130690334633414,0.00950689698368638,0.0010116960676234835,0.0010116960676235737,0.007483504848439323
HAL,BKR,-1,2022-01-25,2022-01-26,2022-02-15,14,signal,28.112258684103068,25.25540469066037,28.567713076614545,25.15058775811902,0.017029958488281278,0.020639954809246065,-0.008916970891685957,0.0010028152569871308,0.0010028152569872676,-0.010922601405660355
KMI,SLB,1,2022-01-25,2022-01-26,2022-03-01,23,signal,13.725951504548691,35.10610774341881,13.746380485269835,35.77406664578112,0.04869372978929322,0.009451354234949317,-0.00431453203865051,0.001003820894857512,0.0010038208948576354,-0.006322173828365658
NTRS,AXP,1,2022-01-25,2022-01-26,2022-03-08,28,signal,100.93718521946981,167.2648930672342,91.42974409107165,151.88601963905586,0.005500627456691597,0.002659476712689731,-0.01044368195837278,0.0009534540057298742,0.0009534540057300441,-0.012350589969832699
AJG,ICE,-1,2022-01-26,2022-01-27,2022-01-28,1,signal,146.93997414793907,115.8971933601699,142.77017000610354,114.88075492655237,0.0030332056636401517,0.0047831608342207305,0.008777386474410578,0.0009913014412009005,0.0009913014412010757,0.006794783592008602
AWK,NEE,-1,2022-01-26,2022-01-27,2022-02-01,3,signal,141.27372283615378,64.39938720934576,145.12892601150884,68.49528919025613,0.0038120427614456607,0.007164970609146391,0.015672804668310614,0.00102198671565791,0.001021986715658049,0.013628831236994654
RF,FITB,-1,2022-01-26,2022-01-27,2022-02-03,5,signal,19.458639715709488,38.21562746143668,19.609274322829503,39.34552484409092,0.026353235333376628,0.01274841906382736,0.011443872946034585,0.0010091768636211786,0.0010091768636212126,0.009425519218792193
MA,BLK,-1,2022-01-28,2022-01-31,2022-02-24,17,signal,368.4069554655563,716.884186006016,336.8918767220772,631.735284930603,0.0018270593649392778,0.00045575727598489037,0.01972432646533833,0.0009516379175032181,0.0009516379175033211,0.01782105063033179
DTE,PEG,1,2022-02-01,2022-02-02,2022-02-15,9,signal,101.79427295197645,56.45719830408247,101.94223462939343,55.516089724749776,0.004727367524543737,0.00918858983258625,0.010342939520552399,0.0009960095684383218,0.0009960095684384334,0.008350920383675645
VLO,KMI,-1,2022-02-01,2022-02-02,2022-02-25,16,signal,74.80985670652937,13.673494645126926,74.16482600422367,13.179843437583664,0.00642932540637503,0.03795970844171023,-0.013603171230424798,0.0009885723975896414,0.000988572397589828,-0.015580316025604267
BKR,MPC,1,2022-02-02,2022-02-03,2022-02-14,7,signal,24.177267642696247,70.88376836622014,26.108534559214714,73.0134483586763,0.021830056372927138,0.006662123397964643,0.02899968345640392,0.0010282087055559625,0.001028208705556115,0.02694326604529184
CB,FITB,-1,2022-02-02,2022-02-03,2022-02-14,7,signal,194.0982651003856,39.38489005153873,192.32688132023597,41.017838345161266,0.0032456863487519785,0.009391612187446316,0.022090041805230828,0.0010046685557434834,0.0010046685557435911,0.020080704693743755
CB,PNC,-1,2022-02-02,2022-02-03,2022-04-25,55,signal,194.0982651003856,178.4260287151067,194.24844342947787,145.8342662765288,0.0031419859655145285,0.0021859804806966415,-0.07075232912091242,0.0009644856036531899,0.000964485603653341,-0.07268130032821894
CB,SCHW,-1,2022-02-02,2022-02-03,2022-03-17,29,signal,194.0982651003856,84.72832698847978,197.3355368354961,82.3631177611993,0.0032851923325878584,0.004274979944499809,-0.019746163280380383,0.0010001190134779755,0.0010001190134781043,-0.021746401307336464
OXY,KMI,-1,2022-02-03,2022-02-04,2022-02-28,15,signal,37.65131492804627,13.697123997551383,35.87342988428259,13.31360898005538,0.008858131325393221,0.048670510742038195,-0.0019341740558293762,0.000982958523831673,0.00098295852383177,-0.0039000911034928194
AON,NDAQ,-1,2022-02-04,2022-02-07,2022-03-09,21,signal,279.6633505866159,56.396558239805,272.36896415657895,52.519934665961294,0.002200561910220139,0.006817220245969154,-0.00939740562379848,0.0009786421534442374,0.000978642153444432,-0.01135468993068715
BAC,PNC,-1,2022-02-04,2022-02-07,2022-02-23,11,signal,43.15019578562634,177.92045664871188,40.8718188203137,171.2948781561009,0.012155994937680418,0.0026722146034574034,0.01096824874503197,0.0009772774928721905,0.0009772774928722885,0.009013693759287492
TFC,KEY,1,2022-02-04,2022-02-07,2022-03-01,15,signal,51.01137688457876,20.67936386116231,48.864657603335296,19.70500392691559,0.010271878041223662,0.02302010264457125,0.0013568107612528593,0.0009777837078118281,0.000977783707811976,-0.0005987566543709448
PSX,KMI,-1,2022-02-07,2022-02-08,2022-02-24,11,signal,75.44378177795969,13.7601345230799,72.5289256214945,13.305739600753258,0.006243841130912097,0.03844219086237293,0.0017141576458143647,0.0009821952163585647,0.0009821952163586553,-0.00025023278690285535
ALL,COF,-1,2022-02-08,2022-02-09,2022-02-10,1,signal,113.54606813351029,144.33603820722007,111.05474298869999,145.4964232644043,0.005897619291833587,0.002287568203269895,0.018341162581804894,0.00099381538517735,0.0009938153851775224,0.01635353181145002
BLK,AJG,1,2022-02-09,2022-02-10,2022-05-03,56,signal,715.5665382238869,150.41473269322194,564.5208244244579,159.57799987509736,0.0006095683472047547,0.0037479656853646594,-0.125445257006739,0.0009710400698385666,0.000971040069838613,-0.12738733714641617
PPL,EIX,1,2022-02-15,2022-02-16,2022-03-21,22,signal,24.084102617596564,48.32783662796021,23.02451270495081,52.40484989149376,0.026436256402975113,0.00752036276914068,-0.05767076289737433,0.0010014464717053159,0.0010014464717054785,-0.05967365584078512
DTE,PEG,-1,2022-02-18,2022-02-22,2022-03-18,18,signal,103.07874331297364,55.2432402490964,110.40184682371475,56.90956456874854,0.00475165480114979,0.00923579704076817,-0.018381928024245774,0.0010250987114808117,0.0010250987114808884,-0.020432125447207475
CVX,EOG,-1,2022-02-23,2022-02-24,2022-04-01,26,signal,115.3220234308277,92.44826035641816,136.23507475925268,98.3313178751781,0.005513548452843607,0.003937665058174429,-0.09107053537258725,0.0010690763966378974,0.0010690763966379351,-0.09320868816586307
AEE,AWK,1,2022-02-24,2022-02-25,2022-02-28,1,signal,73.07863245464567,135.15198914491424,74.0646442374625,137.88433906905388,0.009680232689051526,0.0021663676556166766,0.004633489264333013,0.0010079402720023453,0.0010079402720024055,0.0026176087203282623
AMP,AJG,1,2022-02-24,2022-02-25,2022-03-23,18,signal,272.7363186770642,147.43502856130212,285.56741080449916,159.60675669454685,0.001738520332778762,0.0035664271258931935,-0.02006963957686374,0.0010328272512344278,0.0010328272512346278,-0.022135294079332797
AON,AMP,-1,2022-02-24,2022-02-25,2022-06-14,75,signal,278.9569849346639,272.7363186770642,245.11919802283842,227.57668007167658,0.0021658180454286456,0.0014509452123634336,0.008692820459879083,0.0009304923754282588,0.0009304923754283156,0.006831835709022509
CVX,FANG,-1,2022-02-25,2022-02-28,2022-04-01,24,signal,116.44241552651081,107.53359651833479,136.23507475925268,111.92208994654357,0.005868031476129612,0.0029435322653385706,-0.10216195373225251,0.0010643216396253687,0.0010643216396254115,-0.1042905970115033
EOG,FANG,1,2022-02-25,2022-02-28,2022-03-02,2,signal,89.2084825916392,107.42611666174476,96.44242290452246,113.98969558183754,0.0062183767814397144,0.00414538393188288,0.018810967006962817,0.0010361551180065884,0.001036155118006718,0.01673865677094951
ALL,JPM,-1,2022-02-28,2022-03-01,2022-04-25,38,signal,110.08166256506077,125.12450766675654,118.66600782890549,113.31003740600411,0.005694328974558765,0.002981283614746089,-0.08309769059833517,0.0010066819704783148,0.0010066819704783701,-0.08511105453929187
C,USB,1,2022-02-28,2022-03-01,2022-04-13,31,signal,49.99963573475577,45.538739921477045,42.15651817916834,41.37525681049949,0.009707653521238677,0.011300400440543654,-0.028150856922711832,0.0009383844517885324,0.0009383844517886475,-0.03002762582628901
NTRS,FITB,1,2022-02-28,2022-03-01,2022-03-17,12,signal,98.64610576132988,39.74888998331733,98.78883057812364,39.30077660020501,0.005860797820002755,0.010614962443805186,0.006591307418490731,0.0009981193910617962,0.0009981193910618864,0.004595068636367048
CB,KEY,-1,2022-03-01,2022-03-02,2022-04-20,34,signal,188.8368645573651,18.652795629479343,200.28092120939368,17.288354258719263,0.003186853842551527,0.021342774774474556,-0.06458794424300096,0.001003556542001435,0.001003556542001635,-0.06659505732700403
NTRS,COF,1,2022-03-01,2022-03-02,2022-03-15,9,signal,93.58666024788019,130.9181164080717,96.1011762918072,123.46033620744495,0.006919636803310745,0.0026929929423855424,0.03848210198297301,0.000998814776749796,0.0009988147767499734,0.036484472429473246
OXY,KMI,-1,2022-03-01,2022-03-02,2022-03-28,18,signal,45.1387909195845,13.972798186313518,53.02863142769752,14.737821638353305,0.008203730239852504,0.04507494031149966,-0.02919300976159081,0.0010497269648384157,0.0010497269648384526,-0.031292463691267675
PSX,KMI,1,2022-03-01,2022-03-02,2022-03-31,21,signal,70.85650035915435,13.958832371034845,74.16126622458451,14.949476305619793,0.006377304270481443,0.03926389906680106,-0.016791112521810123,0.0010299334703229336,0.0010299334703229978,-0.018850979462456056
ALL,COF,-1,2022-03-02,2022-03-03,2022-04-19,32,signal,111.54064968529939,131.20603849101778,126.08547240283208,127.35808087801706,0.006155239906155552,0.0023874940710935134,-0.09767389057853973,0.0010399586272337282,0.0010399586272338275,-0.09975380783300729
KMI,SLB,-1,2022-03-02,2022-03-03,2022-03-09,4,signal,14.273571931993164,34.86257921202891,14.579285292443068,39.119225890127886,0.047519287552645464,0.009223397377771276,0.02576018456819114,0.0010267218432187695,0.001026721843218856,0.02370674088175351
TRV,CFG,-1,2022-03-02,2022-03-03,2022-04-20,33,signal,158.8402409122579,42.03507893632276,162.72250789806165,36.97342249605594,0.004006070407314107,0.00864844737013828,-0.05834236686081422,0.0009857373536757696,0.0009857373536757963,-0.060313841568165785
BKR,MPC,-1,2022-03-03,2022-03-04,2022-03-31,19,signal,27.879828223608836,69.45903628573825,33.51641477253143,76.86834350756516,0.02037457616809675,0.0062179381626071995,-0.06769207624482806,0.001080371591186207,0.0010803715911864064,-0.06985281942720067
AJG,ICE,1,2022-03-04,2022-03-07,2022-03-09,2,signal,151.8726079643203,127.50767750995801,146.27693246048304,118.60164328130382,0.00283311555757693,0.004467632226942547,0.024907805453256604,0.0009721152441412223,0.0009721152441413158,0.022963574964974063
CB,FITB,-1,2022-03-04,2022-03-07,2022-04-27,36,signal,190.80988013878033,37.223008846601545,197.75091058684544,31.931095740926313,0.0033494240698031517,0.009691784274529444,-0.07355071229522415,0.0009858223765211503,0.000985822376521288,-0.07552235704826658
HAL,BKR,1,2022-03-04,2022-03-07,2022-04-01,19,signal,31.298279404140835,30.003578777591475,34.62160206343018,33.199785915669594,0.014778789318522018,0.017911584686454977,-0.007081306950715606,0.0010531424593149435,0.0010531424593149723,-0.009187591869345521
MA,PGR,1,2022-03-04,2022-03-07,2022-03-30,17,signal,320.95977262920167,96.52969050232552,354.13497087282474,105.94667321259465,0.0014463049023783023,0.005550191638426731,-0.003234519920267541,0.0010500869203531552,0.0010500869203532211,-0.005334693760973917
PGR,BLK,-1,2022-03-04,2022-03-07,2022-03-17,8,signal,96.52969050232552,623.7799750969858,96.68090576450912,645.5938657885873,0.00740716249147288,0.0004565288078800795,0.009843919959436773,0.0010053264649581611,0.001005326464958218,0.007833267029520393
AEE,AWK,-1,2022-03-07,2022-03-08,2022-03-21,9,signal,78.18217850007352,142.44524392387873,77.03579066134208,142.92663104612095,0.009084005513171694,0.0020329362278074447,0.012387497719864622,0.0009950749521890562,0.0009950749521891612,0.010397347815486404
BAC,PNC,1,2022-03-07,2022-03-08,2022-03-15,5,signal,34.92207716299186,153.4751651685242,36.84271277368948,156.19018380895739,0.014564633032162159,0.0032016980331161936,0.020299029476523765,0.0010183464591590609,0.001018346459159074,0.018262336558205628
CFG,MET,1,2022-03-07,2022-03-08,2022-05-02,38,signal,38.40108780593129,54.53359598815423,33.03327382357758,57.76685487612201,0.012368241488682031,0.009627474213718295,-0.09653621673925997,0.0009823194309999902,0.0009823194309999978,-0.09850085560125996
EOG,FANG,-1,2022-03-07,2022-03-08,2022-03-25,13,signal,99.7116462862767,111.07853642296972,99.12285574451067,115.7893449078993,0.005754624127670781,0.0038362304555223355,0.02246728850390365,0.0010072732660925917,0.0010072732660926665,0.02045274197171839
MA,BLK,1,2022-03-07,2022-03-08,2022-03-21,9,signal,303.2454988028067,604.3544141319678,336.63295665206573,663.1068498562115,0.0022030086167227057,0.0005495372648508062,0.042319302554655096,0.0010530980534950141,0.0010530980534949935,0.040213106447665084
V,PGR,1,2022-03-07,2022-03-08,2022-03-17,7,signal,183.6583587052745,96.77520726205196,202.70970239485482,96.68090576450912,0.0026151234714784236,0.00537008164983151,0.0513526732794107,0.0010246504920804291,0.001024650492080432,0.04930337229524984
AXP,FITB,1,2022-03-08,2022-03-09,2022-05-03,38,signal,158.98262311226594,36.521915244320276,163.99530391099668,32.132386818975746,0.0034645224752388017,0.012300878791786273,0.0723433567552,0.000981754353535837,0.0009817543535358977,0.07037984804812826
AXP,MET,1,2022-03-08,2022-03-09,2022-03-18,7,signal,158.98262311226594,56.435418175182384,178.36233863164634,59.364943601165784,0.0031896216601572966,0.008734097109021167,0.03727091735311474,0.0010437165186981236,0.0010437165186982008,0.03518348431571841
TFC,HBAN,1,2022-03-11,2022-03-14,2022-03-29,11,signal,46.335370275820814,12.245815388464402,48.402167775119224,12.704825756293197,0.011427383697757195,0.038424323541982205,0.007001583770773492,0.0010206586033033515,0.0010206586033034545,0.004960266564166686
MET,FITB,1,2022-03-14,2022-03-15,2022-04-28,31,signal,56.95471557651003,38.673238710923506,58.982828957763836,32.902885845206,0.00940030694816344,0.012014595393859785,0.08936826895384611,0.0009749256829875883,0.0009749256829877139,0.08741841758787082
TFC,KEY,1,2022-03-14,2022-03-15,2022-03-24,7,signal,46.59079640602264,19.088059188990147,46.62397268722027,18.915849508447685,0.011189839831727388,0.02507732865099226,0.005687844872886949,0.0009980488442274573,0.0009980488442276143,0.0036917471844318773
AON,NDAQ,-1,2022-03-15,2022-03-16,2022-04-27,29,signal,298.31856144769324,53.48355148055253,301.1256384539852,50.473569818807555,0.002154828269494153,0.006675539932395116,-0.02514919334264734,0.0009928283239131145,0.0009928283239132453,-0.0271348499904737
NTRS,BAC,-1,2022-03-16,2022-03-17,2022-04-19,22,signal,98.78883057812364,37.907489100764515,96.8000179790228,35.01218368993209,0.005759432697913212,0.011368812257309619,-0.02048401101127171,0.0009777403187717249,0.0009777403187717986,-0.022439491648815233
AXP,COF,-1,2022-03-17,2022-03-18,2022-04-12,17,signal,178.36233863164634,123.7373120918911,167.5469650392015,120.73610489365413,0.0036280026230811648,0.0028508259867463773,0.03165824772084882,0.0009759634302004044,0.0009759634302004754,0.02970632086044794
MET,RF,-1,2022-03-18,2022-03-21,2022-04-25,24,signal,60.221619867480214,19.056764794997353,59.95004729947806,17.46155472819161,0.0091206991801368,0.023649721652570253,-0.03426950206731033,0.000979840291698534,0.000979840291698678,-0.03622918265070754
PGR,BLK,-1,2022-03-18,2022-03-21,2022-04-05,11,signal,101.63986094197776,663.1068498562115,103.96244208314106,698.1234587275093,0.007015582977894176,0.00043239442055832927,-0.00013777024642082185,0.001015504169479989,0.0010155041694801172,-0.0021687785853809283
MET,PNC,-1,2022-03-21,2022-03-22,2022-04-27,25,signal,60.74507423081515,165.37435080600244,58.360683896126424,143.27131649637155,0.00902018151190777,0.0027333150309120616,-0.03794794108059267,0.0009589812125556232,0.0009589812125556595,-0.03986590350570395
AMP,MS,-1,2022-03-24,2022-03-25,2022-04-19,16,signal,292.3625732618408,80.00601913512503,274.20725781231437,75.19859205157967,0.0019403468131239112,0.005407688681427531,0.010199862089915263,0.0009693226426437747,0.0009693226426438191,0.008261216804627668
USB,AFL,1,2022-03-24,2022-03-25,2022-04-26,21,signal,46.00108068119551,58.060045635299836,41.21044407495063,55.776051924368964,0.009601052547308527,0.009615608102127455,-0.023067208259421983,0.000965957100159865,0.0009659571001599254,-0.024999122459741775
NTRS,COF,-1,2022-03-25,2022-03-28,2022-04-13,12,signal,103.65802550714236,124.58666739425442,98.39851331472505,120.33951682373984,0.0065714919733252525,0.0025575015001713546,0.024677860373294214,0.000977112172762255,0.0009771121727623682,0.02272363602776959
NTRS,KEY,-1,2022-03-25,2022-03-28,2022-04-20,16,signal,103.65802550714236,18.875991252027706,98.49459656536224,17.288354258719263,0.005503087251141711,0.02275324835118677,-0.006741440577864355,0.0009676582407278405,0.0009676582407279658,-0.00867675705932016
AEE,AWK,-1,2022-03-28,2022-03-29,2022-05-02,23,signal,80.41045190600056,147.99240300337823,81.71550166335568,139.97947449622805,0.008806399968910755,0.0019708100691266783,-0.02628711496532456,0.0009976353623583414,0.0009976353623584306,-0.028282385690041333
AJG,ICE,-1,2022-03-29,2022-03-30,2022-06-01,43,signal,165.01518668707132,124.92902926199065,155.20905652269678,96.26808804415549,0.0027624008813956365,0.004356119950155802,-0.09683798497595168,0.0009240502441542113,0.0009240502441543413,-0.09868608546426023
KMI,XOM,-1,2022-03-29,2022-03-30,2022-04-13,10,signal,14.950272053780836,71.4618550310392,15.162137932130873,74.44167808313071,0.038881689210179565,0.005858042526219302,0.010230994715336412,0.001012767791823659,0.0010127677918237688,0.008205459131688983
TFC,KEY,-1,2022-03-29,2022-03-30,2022-04-13,10,signal,48.29052973476,18.82816529481412,41.64197340214876,16.141635470220706,0.011051063484510052,0.02476631972499442,0.007868125026422132,0.0009299635010076372,0.0009299635010077991,0.006008198024406696
NTRS,FITB,-1,2022-03-30,2022-03-31,2022-04-20,13,signal,104.97567352671697,37.390411559801294,98.49459656536224,34.60401089066759,0.005789880824972742,0.010486518968703232,0.009271541816290606,0.00096652206384823,0.0009665220638483691,0.007338497688594007
NTRS,JPM,-1,2022-03-30,2022-03-31,2022-04-19,12,signal,104.97567352671697,124.93689541940927,96.8000179790228,115.50411353438867,0.005822638031840557,0.0031107953217575065,0.0192218487641506,0.0009614195959992912,0.0009614195959993798,0.01729900957215193
NTRS,PNC,-1,2022-03-30,2022-03-31,2022-04-18,11,signal,104.97567352671697,160.2261352484975,96.54673817506406,147.62493270620024,0.005719219957421952,0.0024934780645856232,0.017746203034913054,0.0009600898785391529,0.0009600898785392217,0.01582602327783468
NTRS,ZION,-1,2022-03-30,2022-03-31,2022-04-18,11,signal,104.97567352671697,57.214399741215395,96.54673817506406,53.6204784263004,0.005426534117909766,0.007520414248151091,0.01967567933869255,0.0009635511387129014,0.0009635511387129593,0.01774857706126669
CB,SCHW,-1,2022-03-31,2022-04-01,2022-04-18,10,signal,203.7211878172159,80.23682827187322,197.8641879703542,71.6405375626962,0.0032448347163429184,0.004222463080161753,-0.01632034041977079,0.0009721832893547054,0.000972183289354802,-0.018264706998480297
RF,FITB,-1,2022-03-31,2022-04-01,2022-04-07,4,signal,18.765395091750886,36.99246378163767,17.07426722623175,34.536346971153925,0.02727694135565738,0.013195263305714503,0.014680410188402222,0.0009607225996433922,0.0009607225996434892,0.01275896498911534
TROW,MS,-1,2022-03-31,2022-04-01,2022-04-18,10,signal,123.2726168012102,76.25140545904621,112.18991343956087,72.93424406005319,0.004031625201047482,0.006596780359255625,0.023765447761288538,0.0009667267580875062,0.0009667267580876833,0.021831994245113347
VLO,OKE,-1,2022-03-31,2022-04-01,2022-06-17,53,signal,89.38594805149445,55.66696643665888,103.34057457554553,44.3063670136848,0.0070325354472986,0.006669327453824863,-0.17289295103126834,0.0010110122764820958,0.001011012276482252,-0.1749149755842327
AMP,AJG,1,2022-04-01,2022-04-04,2022-05-03,20,signal,279.7631556576326,168.2623779678108,253.22928001273254,159.57799987509736,0.0016000716146944319,0.0032824113140494044,-0.012985937070417043,0.0009644632698140164,0.0009644632698141288,-0.014914863610045188
NTRS,SCHW,-1,2022-04-05,2022-04-06,2022-04-14,6,signal,100.24609875081141,76.31756588794087,100.06686785331217,78.87027837839732,0.006089158584323531,0.005103345251679001,0.015124599590457736,0.0010058610653016743,0.0010058610653017625,0.013112877459854299
PGR,BLK,-1,2022-04-07,2022-04-08,2022-04-19,6,signal,108.84577727576361,669.4879663973303,99.80831374748685,610.1741181422013,0.006660341832368049,0.00041049969138724714,0.03680179342347022,0.0009575134313084142,0.0009575134313085182,0.03488676656085329
V,PGR,1,2022-04-07,2022-04-08,2022-04-18,5,signal,207.6293604932833,108.84577727576361,204.389828225296,99.83563918444271,0.002319383159474245,0.004762787332782975,0.03637443186193231,0.0009747768809069263,0.0009747768809069619,0.03442487810011842
BAC,PNC,1,2022-04-08,2022-04-11,2022-04-19,5,signal,35.28854875681006,155.36066567755378,35.01218368993209,150.20224398551997,0.01440082821893225,0.003165689329898265,0.013339930997928328,0.00098985634216453,0.0009898563421646047,0.011360218313599194
EOG,FANG,-1,2022-04-08,2022-04-11,2022-04-21,7,signal,103.47539458925982,113.47145151559121,102.13082723818069,117.17633697111064,0.005582434072341432,0.0037214426397176063,0.02229654572332092,0.0010030684206592962,0.001003068420659368,0.02029040888200226
AWK,NEE,-1,2022-04-11,2022-04-12,2022-05-06,17,signal,152.7804896385989,74.60640690979295,132.8710125355765,62.89091586288598,0.003412803829477197,0.006414576294971326,-0.0062743432180429465,0.0009284282353119057,0.0009284282353119891,-0.008131199688666841
AXP,MET,1,2022-04-11,2022-04-12,2022-04-20,5,signal,167.5469650392015,61.75704541137669,178.52738214034463,63.00649505213784,0.0029703885140119476,0.008133774001152857,0.023474756554997252,0.0010213927224741967,0.0010213927224742507,0.021431971110048804
PSX,KMI,1,2022-04-11,2022-04-12,2022-04-19,4,signal,71.24897400256162,15.225672154759305,74.1271815396231,15.359047030387176,0.00606053452243709,0.037313605512171825,0.013477923694056048,0.0010111450473697164,0.0010111450473697754,0.011455633599316555
RF,FITB,-1,2022-04-11,2022-04-12,2022-05-16,23,signal,17.42029743984385,34.33382051943498,16.396910393769318,30.39163865308721,0.02938605080293421,0.014215548319877779,-0.025010048292411335,0.0009569247873903813,0.0009569247873905303,-0.026923897867192244
MA,BLK,-1,2022-04-14,2022-04-18,2022-05-09,15,signal,344.8647050874481,615.7140220034879,332.5419868703417,552.1738031663937,0.002005819176856645,0.0005003486486016954,-0.006103566427864065,0.0009715516882592894,0.0009715516882594331,-0.008046669804382787
CB,SCHW,-1,2022-04-18,2022-04-19,2022-05-27,28,signal,199.06217613972217,70.52796379410626,196.6180087275747,65.18368872527299,0.0034376895099189836,0.004473422625683668,-0.014521255369009611,0.000983656968561112,0.0009836569685612686,-0.016488569306131993
HAL,BKR,-1,2022-04-18,2022-04-19,2022-05-10,15,signal,37.5477539889065,33.59782617848895,31.024538454317995,27.43700494251276,0.012776931575035158,0.015485374817033383,-0.011145304908866033,0.0009106425763204233,0.0009106425763204854,-0.012966590061506942
NTRS,AXP,1,2022-04-18,2022-04-19,2022-05-04,11,signal,96.8000179790228,175.38019191246582,92.06968796528915,163.4192318969162,0.0055069736820189015,0.002662545024187707,0.006767877982997526,0.0009710863019830518,0.0009710863019831491,0.004825705379031325
VLO,KMI,-1,2022-04-18,2022-04-19,2022-04-22,3,signal,96.01622765959723,15.359047030387176,91.77546514952486,15.469596146380901,0.005356155547758776,0.031623551478631155,0.027200522456616513,0.0009903831510201981,0.000990383151020348,0.02521975615457597
PPL,EIX,-1,2022-04-19,2022-04-20,2022-04-28,6,signal,25.773704671942042,59.14245935771559,25.01691326376537,57.67389879418537,0.02347278054012925,0.0066773382044491006,0.008944034998134785,0.0009861119157560376,0.0009861119157561044,0.006971811166622642
TFC,HBAN,1,2022-04-19,2022-04-20,2022-06-01,29,signal,41.665918770933864,11.717716565244963,40.20213955337772,11.464927596286536,0.012335723974885216,0.04147859752259869,-0.006585703464525592,0.0009857410218411695,0.0009857410218412834,-0.008557185508208045
TFC,KEY,1,2022-04-19,2022-04-20,2022-04-27,5,signal,41.665918770933864,17.288354258719263,40.33248306849282,15.902704621861439,0.012436408464933707,0.027870988950963446,0.023008697040701586,0.0009724223792132765,0.0009724223792134219,0.02106385228227489
BKR,MPC,1,2022-04-20,2022-04-21,2022-05-17,18,signal,32.15946551852985,83.60194951823648,32.14539053394868,89.52698307063604,0.017340067421282312,0.005291863058717302,-0.030582922433811565,0.0010156049253832009,0.0010156049253834138,-0.03261413228457818
DTE,PEG,1,2022-04-20,2022-04-21,2022-04-27,4,signal,120.6600658704668,64.10589399372793,117.14949177751255,61.436484125999826,0.004077225916359058,0.007924908822025603,0.007823685688939897,0.0009822595516709627,0.000982259551671087,0.005859166585597847
NTRS,COF,1,2022-04-22,2022-04-25,2022-05-13,14,signal,92.19675004270057,123.51215864836927,90.42045622634248,107.35149813057136,0.007130463476750405,0.0027750427319594663,0.033152134536266795,0.000971409204206372,0.0009714092042064292,0.031209316127853992
NTRS,JPM,1,2022-04-25,2022-04-26,2022-04-27,1,signal,92.38018355853981,112.07809603119846,94.60027011808025,110.11096947568596,0.006568460541720145,0.003509257524269084,0.02248965644507447,0.001003951813408156,0.0010039518134081916,0.020481752818258123
AMP,MS,1,2022-04-26,2022-04-27,2022-05-26,21,signal,247.35528677104045,71.19710996533152,252.44820838151807,72.72674855646781,0.002243384043398422,0.006252244401633191,0.0028722546376162145,0.0010105498803456869,0.0010105498803458482,0.0008511548769246794
ES,WEC,1,2022-04-26,2022-04-27,2022-05-11,10,signal,75.2409697761398,87.81835776615783,74.60500254701779,86.37271465303103,0.006678838762566563,0.005664874387888165,0.004935649114465258,0.0009937850504684758,0.000993785050468587,0.0029480790135281943
NTRS,ZION,-1,2022-04-26,2022-04-27,2022-05-02,3,signal,94.60027011808025,47.04464416699224,90.81663187767144,48.544933794229614,0.006257341348131754,0.008671796400344219,0.037680306719897444,0.0009945845228641358,0.0009945845228642083,0.0356911376741691
V,TROW,1,2022-04-26,2022-04-27,2022-05-04,5,signal,210.10381021674715,106.33476494594706,202.14964825398343,103.95539828061986,0.003489137075891141,0.002512364801476236,-0.020791962334737797,0.000983362017410211,0.0009833620174102633,-0.02275868636955827
VLO,KMI,-1,2022-04-26,2022-04-27,2022-06-17,36,signal,92.8413968806786,14.532026940730645,103.34057457554553,13.25775884744787,0.005597717409781086,0.03304976920341941,-0.09987741250476354,0.0010082836524554005,0.0010082836524555972,-0.10189397980967453
MA,PGR,-1,2022-04-27,2022-04-28,2022-05-04,4,signal,359.61437697222595,98.10476940918745,350.45626725991525,102.46609677812128,0.0013585425390877249,0.005213403777096144,0.036184210289862975,0.0010051680897040292,0.0010051680897041476,0.0341738741104548
AIG,AFL,-1,2022-04-28,2022-04-29,2022-05-23,16,signal,53.86179097655529,53.40683613289498,51.04569768385524,50.92453945036829,0.008238401639060228,0.010416662288440353,-0.0016816116976382453,0.0009755269456314662,0.0009755269456315274,-0.003632665588901239
AON,NDAQ,1,2022-04-29,2022-05-02,2022-06-27,38,signal,281.31992349708196,49.19711971274755,263.9500151022431,50.24392651100583,0.0023059244156796227,0.007143627515879852,-0.04654784482130452,0.0009838488923207271,0.0009838488923208934,-0.04851554260594614
CVX,EOG,1,2022-04-29,2022-05-02,2022-05-05,3,signal,130.82015314804198,95.31917479851558,141.51678312584616,104.6961583961747,0.0050285657308661675,0.003591300183632706,0.021157038959120966,0.0010438949331732078,0.0010438949331734425,0.019069249092774316
EOG,FANG,-1,2022-04-29,2022-05-02,2022-05-31,20,signal,95.31917479851558,101.27004091581456,116.21094316249447,131.18246108910236,0.006140876096532655,0.004093719308587207,-0.004715422339113942,0.0011252865915794507,0.0011252865915796322,-0.006965995522273025
PSX,KMI,-1,2022-04-29,2022-05-02,2022-06-24,37,signal,73.88851672273991,14.470211837283827,74.3348313501852,13.137959727277774,0.0061360455359282685,0.03777851304777004,-0.052092873179886305,0.0009762374182516804,0.0009762374182517442,-0.05404534801638973
KMI,XOM,1,2022-05-02,2022-05-03,2022-05-10,5,signal,14.5501576935284,74.14085336021012,14.990851639722429,73.68160210890275,0.038882096535452985,0.005858103895177857,0.020832739150253948,0.001007293047599,0.0010072930475990584,0.018818153055055888
C,USB,-1,2022-05-04,2022-05-05,2022-05-11,4,signal,44.45756893900951,41.103374649072904,42.34789145290707,40.66722128606249,0.01083386595916818,0.012611391969225698,0.018341306546867463,0.0009858444649790085,0.000985844464979173,0.01636961761690928
EIX,ED,-1,2022-05-04,2022-05-05,2022-06-03,20,signal,57.225788646497584,79.96208128026791,57.087309732267066,85.0993570572159,0.008590670490987945,0.0063580167523193,0.03486826566583364,0.0010157534926100277,0.0010157534926101648,0.03283675868061345
PGR,BLK,-1,2022-05-04,2022-05-05,2022-05-09,2,signal,104.641195139574,583.7092770440267,99.75365154876708,552.1738031663937,0.007109767980501577,0.0004381993650306611,0.021905953363023818,0.0009754770669189367,0.0009754770669191278,0.01995499922918575
AXP,COF,1,2022-05-05,2022-05-06,2022-05-31,16,signal,160.5251109959124,119.75849493029766,159.19870381899534,115.97340964778746,0.003927787480412494,0.003086392095843451,0.0074640978026569785,0.0009916860080482373,0.0009916860080482716,0.005480725786560469
OXY,KMI,-1,2022-05-05,2022-05-06,2022-05-10,2,signal,58.95193597344215,15.197715007562378,55.343162028752154,14.990851639722429,0.0070203669168955865,0.038573016236768023,0.018339006548239254,0.0009834333828657106,0.0009834333828658442,0.0163721397825077
AXP,MET,1,2022-05-06,2022-05-09,2022-06-03,18,signal,156.59665916814188,58.526238762369815,158.21283736914762,58.62878682598169,0.003155966289488107,0.008641939070550138,0.005217378482800277,0.001002988680157376,0.0010029886801574631,0.0032114011224854376
AXP,PNC,1,2022-05-09,2022-05-10,2022-06-08,20,signal,155.06894590235524,139.7832841821085,158.0706253941233,145.86975254821786,0.0036436595897699573,0.003112291192875113,-0.006990760657486533,0.001015002968472053,0.0010150029684721823,-0.009020766594430768
V,TROW,1,2022-05-09,2022-05-10,2022-05-12,2,signal,190.1344478324055,100.88290964749163,188.19810832993025,92.23117774076727,0.0038063794825683893,0.002740796255654047,0.01732687761657947,0.0009846861552151504,0.0009846861552152823,0.015357505306149035
AXP,FITB,1,2022-05-12,2022-05-13,2022-07-14,41,signal,147.99016329292996,30.52698021404795,129.11817885158166,27.59459111295703,0.0039008059779397685,0.013849914921277868,-0.03205965582534792,0.0009429543328581244,0.0009429543328581895,-0.033945564491064235
PPL,EIX,-1,2022-05-12,2022-05-13,2022-06-03,14,signal,24.52798001923921,53.55606023870829,25.661896492974982,57.03025095192498,0.025145964972852933,0.007153311569283952,-0.002634890358665501,0.001026564949283388,0.0010265649492835827,-0.004688020257232472
CB,PNC,-1,2022-05-13,2022-05-16,2022-05-26,8,signal,194.78992005006123,133.4413787889327,197.84529913663252,143.3391582491734,0.003476079495672677,0.0024184200726198824,0.014333352930600058,0.0010171050039267143,0.0010171050039268726,0.012299142922746472
OXY,KMI,-1,2022-05-13,2022-05-16,2022-06-10,18,signal,60.26654463172146,15.093785569809912,60.60897497172212,15.270380752443552,0.006983863772936149,0.038372451739027626,0.005389567458655919,0.0010046641819866026,0.0010046641819867657,0.003380239094682551
CB,FITB,-1,2022-05-16,2022-05-17,2022-05-20,3,signal,198.42089408639254,30.972401030015178,192.85125605719367,30.425474444135375,0.0034710640450151364,0.010043757740517868,0.014826773922781287,0.0009874017463054,0.0009874017463054898,0.012851970430170397
CVX,FANG,-1,2022-05-16,2022-05-17,2022-06-01,10,signal,146.18217118640965,111.95245828667186,149.12701759875176,128.66760787801232,0.004941077089524959,0.0024785517762994126,0.0279064249268592,0.001027774356325298,0.0010277743563253928,0.02585087621420851
ES,WEC,1,2022-05-16,2022-05-17,2022-05-27,8,signal,74.82207626916316,88.91669959239046,77.46373733137963,90.67100658323739,0.0066560168980929245,0.005645517281041212,0.008692713632918557,0.0010137433968493616,0.0010137433968494586,0.006665226839219737
AEE,AWK,-1,2022-05-24,2022-05-25,2022-06-02,5,signal,83.63490845251607,134.38474783189363,82.87886174831493,138.69067783681007,0.008792285207189476,0.0019676512852170413,0.016120627877081503,0.001000680915561024,0.0010006809155611342,0.014119266045959346
DTE,PEG,-1,2022-05-24,2022-05-25,2022-06-14,13,signal,116.45590369547652,59.19288621081053,106.02776174215701,54.606386244751796,0.004319468856184746,0.008395756709849376,0.007495119538836706,0.0009582230083610421,0.0009582230083611095,0.005578673522114554
KMI,XOM,1,2022-05-24,2022-05-25,2022-07-01,25,signal,15.42156516963449,82.12462843907178,13.45742215905013,75.3924323056028,0.03598000684233463,0.0054208655657089,-0.03322908457975543,0.0009464641788729414,0.0009464641788729808,-0.03512201293750135
PGR,BLK,-1,2022-05-24,2022-05-25,2022-06-10,11,signal,104.19526349438404,551.1849365615698,103.6709095044687,579.5367196734878,0.007235794385818147,0.0004459668042689415,0.017442246732288235,0.0010041749661292292,0.001004174966129401,0.015433896800029606
NTRS,BAC,-1,2022-05-27,2022-05-31,2022-06-13,9,signal,97.90749128524973,32.910952805086424,87.11183928025466,29.088917615881204,0.006139170136977502,0.01211839366197777,0.02090302460416464,0.0009436072186181217,0.0009436072186182563,0.019015810166928264
NTRS,COF,-1,2022-05-27,2022-05-31,2022-06-13,9,signal,97.90749128524973,115.97340964778746,87.11183928025466,101.06934459467773,0.006989654369008244,0.002720242466547875,0.035857029530295015,0.000941824008949768,0.0009418240089498957,0.03397338151239535
NTRS,FITB,-1,2022-05-27,2022-05-31,2022-06-02,2,signal,97.90749128524973,32.67427757899706,95.56840841818425,32.95458705275992,0.006365133018128548,0.011528404495828032,0.019114147333130653,0.000994052746282367,0.000994052746282479,0.017126041840565806
NTRS,KEY,-1,2022-05-27,2022-05-31,2022-06-13,9,signal,97.90749128524973,15.705715508051496,87.11183928025466,13.912727143272901,0.00614019063560669,0.025387437283791066,0.021711982271050416,0.0009440005860947143,0.0009440005860948624,0.019823981098860837
NTRS,SCHW,-1,2022-05-27,2022-05-31,2022-06-02,2,signal,97.90749128524973,66.10681847262406,95.56840841818425,65.92774214785506,0.00652174741587277,0.005465899474704124,0.01526784256350165,0.000991748109191871,0.000991748109192039,0.013284346345117739
BAC,FITB,1,2022-06-06,2022-06-07,2022-06-17,8,signal,32.273450966529516,33.10683887496268,28.765613131579446,28.47462891113105,0.01595201110109197,0.014655223439100617,0.012867100168704917,0.0009380962158780666,0.0009380962158781817,0.01099090773694867
NTRS,SCHW,-1,2022-06-07,2022-06-08,2022-06-13,3,signal,96.72945436017359,62.69399917507828,87.11183928025466,56.70726162371568,0.006698118985688293,0.005613717108435404,0.031762924968681994,0.0009508458206318639,0.0009508458206319403,0.02986123332741819
KMI,SLB,1,2022-06-08,2022-06-09,2022-06-28,12,signal,15.781324895320449,44.147963874010024,13.728967215912313,33.34110833346188,0.041073235222660556,0.007972231688649968,0.002772709164008666,0.0009149226963524145,0.0009149226963525814,0.0009428637713036702
AEE,AWK,1,2022-06-09,2022-06-10,2022-06-29,12,signal,78.37191646467971,134.4684034190554,78.96193105476698,132.34879049477334,0.009221614374014838,0.002063732118240328,0.010815958640186547,0.0010007583452811808,0.0010007583452812173,0.008814441949624148
CFG,MET,1,2022-06-09,2022-06-10,2022-06-21,6,signal,31.603218773615346,56.64538633577654,30.56099993691386,54.836924516935156,0.01320961878017924,0.010282404681021186,0.005811760139042568,0.000983737385888325,0.0009837373858884136,0.00384428536726583
TFC,KEY,-1,2022-06-09,2022-06-10,2022-07-14,22,signal,37.59987597168869,14.65115436656172,36.39554940964863,13.34978549268402,0.014197146707502014,0.03181694458940441,-0.023336872168848416,0.0009707082966697041,0.0009707082966698234,-0.025278288762187944
AMP,MS,1,2022-06-13,2022-06-14,2022-09-01,55,signal,227.8043705970109,65.741665202707,251.910310736798,74.57902122255979,0.0024330767588649975,0.006780912340498378,-0.0002143913831645708,0.0010593424045259553,0.001059342404526111,-0.002333076192216637
AXP,COF,1,2022-06-13,2022-06-14,2022-07-20,24,signal,138.49174158610015,100.23491471683688,139.7464185103387,104.4558816785591,0.004603523559957591,0.003617374615947925,-0.008482226473636972,0.0010106574875844271,0.001010657487584421,-0.01050354144880582
AXP,PNC,1,2022-06-13,2022-06-14,2022-07-18,22,signal,138.49174158610015,132.50179459961953,137.33914227428608,133.80205954866813,0.003973651287496332,0.003394158976967574,-0.007993369004978434,0.0009999646836285187,0.0009999646836285235,-0.009993298372235476
MA,BLK,1,2022-06-13,2022-06-14,2022-07-12,18,signal,312.16038518761275,538.0833099005256,312.4336227176593,543.3966832694222,0.0022406672946970255,0.0005589311667787485,-0.0013555857980421403,0.001001989781307204,0.0010019897813072659,-0.00335956536065661
MA,PGR,1,2022-06-13,2022-06-14,2022-07-18,22,signal,312.16038518761275,103.76751061228074,327.35234897825904,105.94773347056172,0.0014076355391780349,0.005401798048704062,0.010624147340373633,0.001016522780356188,0.0010165227803563305,0.008591101779661114
NTRS,JPM,1,2022-06-13,2022-06-14,2022-06-28,9,signal,87.22614016220277,103.90424175952718,86.69986277969598,105.91644441878819,0.007006624879888905,0.0037433506562622966,-0.010217777570129188,0.0010020307769431323,0.001002030776943278,-0.012221839124015598
NTRS,PNC,1,2022-06-13,2022-06-14,2022-06-30,11,signal,87.22614016220277,132.50179459961953,84.60960093607409,130.85034127792653,0.00689750925742721,0.003007191218682154,-0.012092776208072318,0.000988591399513022,0.0009885913995131362,-0.014069959007098476
TFC,HBAN,-1,2022-06-13,2022-06-14,2022-07-12,18,signal,37.67238467172718,10.183699565075967,37.73427027723224,10.200512396984353,0.013904999198446722,0.046755250561594686,0.0009263683123801286,0.0010007994387968562,0.0010007994387968857,-0.0010752305652136133
V,PGR,1,2022-06-13,2022-06-14,2022-06-27,8,signal,186.63357123921318,103.76751061228074,199.05291719655654,105.6204498366326,0.0025016853409191775,0.0051371396759816055,0.022570754478180376,0.0010202663594911694,0.0010202663594912889,0.020530221759197918
AWK,NEE,1,2022-06-14,2022-06-15,2022-06-30,10,signal,122.423279371712,64.31423579870567,132.1075373727981,67.04398183963056,0.0041100648789961355,0.0077251216480384455,0.01974576158207021,0.0010304531270650232,0.00103045312706513,0.017684855327940056
AXP,MET,1,2022-06-14,2022-06-15,2022-07-14,19,signal,139.19388094646376,55.019414918471085,129.11817885158166,51.34417047284413,0.003449958099287294,0.00944697279856801,0.0009244241196809111,0.0009652398619993362,0.000965239861999352,-0.001006055604317777
BAC,PNC,1,2022-06-14,2022-06-15,2022-07-25,26,signal,28.749442249393187,132.96849657962224,30.337256293018644,140.05352222289721,0.017247401456614398,0.003791442681601844,0.0015503176850874198,0.001027120060385214,0.001027120060385373,-0.0005039224356831672
NTRS,COF,1,2022-06-14,2022-06-15,2022-06-29,9,signal,83.54262708716598,100.79119330674601,86.45391680768812,100.1403003799019,0.008146868971514898,0.003170608699047948,0.02679263672063047,0.0010110140534177045,0.0010110140534178506,0.024770608613794914
NTRS,FITB,1,2022-06-14,2022-06-15,2022-06-28,8,signal,83.54262708716598,29.528866689609462,86.69986277969598,30.057962134380595,0.007298751318639397,0.013219355711198097,0.01706471009234732,0.0010151328078428366,0.0010151328078429277,0.015034444476661557
NTRS,KEY,1,2022-06-14,2022-06-15,2022-06-28,8,signal,83.54262708716598,14.266575302124025,86.69986277969598,14.296949624992509,0.007016684934747069,0.029011419887847164,0.022283734620127945,0.0010116087354536327,0.0010116087354537589,0.020260517149220555
NTRS,SCHW,1,2022-06-14,2022-06-15,2022-07-13,18,signal,83.54262708716598,58.280110653230935,83.81919327190074,57.867032965211905,0.007554577447207231,0.006331517960938336,0.0057046186687372494,0.0009998692059245025,0.0009998692059246714,0.0037048802568880753
NTRS,ZION,1,2022-06-14,2022-06-15,2022-06-30,10,signal,83.54262708716598,44.72264927959071,84.60960093607409,43.46482103473049,0.0068723235427307905,0.009524075361119145,0.020309995888514464,0.0009977553917922364,0.0009977553917923728,0.018314485104929855
CVX,FANG,1,2022-06-15,2022-06-16,2022-07-20,22,signal,134.95939201540435,118.36585687868761,121.80904317248097,96.2292687154604,0.0051467721070368256,0.0025817328726054794,-0.009593315717438086,0.000937775556790935,0.000937775556790978,-0.011468866831019999
EOG,FANG,1,2022-06-15,2022-06-16,2022-08-01,30,signal,104.35127551675693,118.36585687868761,92.34065779042157,105.22828190500952,0.00545716433371687,0.0036379335215188857,-0.016806894087642396,0.0009433962062114081,0.0009433962062115329,-0.018693686500065337
CB,FITB,1,2022-06-16,2022-06-17,2022-07-01,9,signal,180.12034013263073,28.446168512419277,186.38029591141998,28.61091989135778,0.0038112311440712215,0.011028054166601001,0.023054280707203372,0.0010130294135292043,0.0010130294135293734,0.021028221880144794
CB,KEY,1,2022-06-16,2022-06-17,2022-07-07,12,signal,180.12034013263073,13.767970868497368,185.24384822827204,14.087648106169059,0.0036726582741950535,0.024596270253485295,0.011967530731512991,0.0010135040628111392,0.0010135040628113019,0.009940522605890552
CB,PNC,1,2022-06-16,2022-06-17,2022-07-01,9,signal,180.12034013263073,127.29947503535695,186.38029591141998,133.60281556593816,0.003722440527500595,0.0025898213496118763,0.00799777278246016,0.0010199855711065815,0.0010199855711066933,0.005957801640246885
CB,SCHW,1,2022-06-16,2022-06-17,2022-07-01,9,signal,180.12034013263073,57.90338053032445,186.38029591141998,59.57344461452733,0.003915166676111278,0.005094757726578883,0.0170169161362072,0.001016717774035846,0.0010167177740360066,0.014983480588135346
CVX,EOG,1,2022-06-16,2022-06-17,2022-07-19,20,signal,130.68971040407686,99.88340622569307,117.754394620077,84.16493779641489,0.004950622570103177,0.003535634750874641,-0.0075227645859373485,0.0009403384766624309,0.0009403384766624315,-0.00940344153926221
NTRS,BAC,1,2022-06-16,2022-06-17,2022-06-27,5,signal,80.70307966736682,28.765613131579446,85.83915869575975,29.144989990162024,0.00727415904129556,0.014358801084743003,0.03293475786627499,0.001021499013623972,0.001021499013624127,0.03089175983902689
PPL,EIX,1,2022-06-16,2022-06-17,2022-06-28,6,signal,22.07090576751678,49.38006066208565,23.860244329166395,51.916845425418856,0.027689996468817566,0.007877016145837409,0.030599366938528747,0.0010348830242218328,0.0010348830242220023,0.02852960089008491
NTRS,AXP,1,2022-06-17,2022-06-21,2022-06-27,4,signal,82.42615090901461,140.96013133178462,85.83915869575975,140.4274892457801,0.006641371430287141,0.003211010525296483,0.025387903613229058,0.0010105318626159171,0.0010105318626160344,0.023366839887997107
OXY,KMI,-1,2022-06-17,2022-06-21,2022-07-13,15,signal,54.09375439973028,13.079153957285564,53.18479544352891,13.13795814336192,0.00793981073062138,0.04362484922149241,0.010780032992136219,0.0009977471668205645,0.0009977471668206083,0.008784538658495046
AMP,AJG,1,2022-06-21,2022-06-22,2022-07-25,22,signal,224.49113283645704,147.12642154153352,232.36288797995556,161.6116062861122,0.001899886208278074,0.003897455543981581,-0.04046430297658645,0.001035621579694295,0.0010356215796943978,-0.04253554613597514
TRV,CFG,1,2022-06-21,2022-06-22,2022-06-28,4,signal,148.7634326309959,29.892815037034026,155.59881602195028,31.285506642337843,0.004689220855183944,0.01012325687011655,0.018977325067605348,0.0010232775789096589,0.001023277578909756,0.016930769909785932
MET,RF,-1,2022-06-23,2022-06-24,2022-07-12,11,signal,54.21083110800737,15.427901537045821,54.11550042481394,15.487341018332193,0.010613223388491471,0.027519795798221586,0.0036477654945989094,0.001000237270736346,0.0010002372707364304,0.0016472909531261332
TROW,MS,-1,2022-06-23,2022-06-24,2022-06-30,4,signal,94.93386897757354,65.96451706984247,92.80993443128646,66.74409965790433,0.004929449464501019,0.008065852798249859,0.017755771729539793,0.0009979453183241662,0.0009979453183242095,0.015759881092891417
VLO,OKE,1,2022-06-23,2022-06-24,2022-07-26,21,signal,94.09160816462025,43.18235158394419,98.23279216579365,47.57445573706518,0.007406464140584124,0.007023943924454949,0.0008525949854085065,0.0010309574630445596,0.0010309574630446906,-0.0012093199406807437
AJG,ICE,-1,2022-06-24,2022-06-27,2022-07-19,15,signal,158.49911273421867,92.97152377656906,156.62447543958666,90.1771653985789,0.0032774532089030407,0.005168322746042417,-0.007308424600129397,0.0009896853486103694,0.0009896853486103742,-0.009287795297350139
MET,FITB,-1,2022-06-24,2022-06-27,2022-07-13,11,signal,56.73328304721979,30.015625115631405,53.693209442795904,28.334895794740646,0.010514620900404352,0.013438807534137075,0.010350853250086962,0.0009726296506757706,0.0009726296506758096,0.008405593948735381
ES,WEC,1,2022-06-27,2022-06-28,2022-07-21,16,signal,71.26370423784672,85.63242172908258,69.9112520935298,82.83610464868197,0.0069494466559825545,0.005894399276730297,0.008070871656349328,0.0009870563118270879,0.0009870563118271553,0.006096759032695085
DTE,PEG,-1,2022-06-28,2022-06-29,2022-08-10,29,signal,109.6838925867347,54.36644843618891,116.20268797933477,57.55785052224807,0.0046434291648438965,0.009025438743846568,-0.00043623359982423657,0.0010295270111138704,0.0010295270111139454,-0.0024952876220520523
EIX,ED,1,2022-06-28,2022-06-29,2022-07-08,6,signal,51.10946614376218,81.46818249641892,51.77816277895514,80.21692069001752,0.008975913590167764,0.006643137928934119,0.01531327526309299,0.000998807282433221,0.0009988072824333152,0.013315660698226454
USB,AFL,1,2022-06-28,2022-06-29,2022-07-15,11,signal,38.69829911407968,51.07921803496091,37.82010276155169,49.21772021619734,0.01112827253974609,0.011145143417203964,0.01195852549196779,0.000984673685377929,0.0009846736853780995,0.00998917812121176
AON,AMP,-1,2022-06-29,2022-06-30,2022-08-01,21,signal,258.5025921689381,221.19669469712764,278.9912889565344,250.82135857992463,0.0024585487213242877,0.001647054102304201,-0.000529588161012895,0.0010494469501890623,0.0010494469501890953,-0.0026284820613910525
NTRS,AXP,-1,2022-06-29,2022-06-30,2022-07-11,6,signal,84.60960093607409,130.19981998043346,84.43053296589517,133.65685065833472,0.006776432858178851,0.003276310843321777,0.01354473535326587,0.0010049861805941187,0.0010049861805942564,0.011534762992077495
BLK,AJG,1,2022-06-30,2022-07-01,2022-07-21,13,signal,548.1355101195808,156.2667352857103,571.9260426049176,160.24016042855604,0.000662621519005818,0.004074166132487531,0.0005915640556575195,0.001015839429222923,0.0010158394292230882,-0.0014401148027884916
TRV,HBAN,-1,2022-06-30,2022-07-01,2022-08-12,29,signal,155.95912117140975,9.934525042128545,156.58676781432857,11.96469737856851,0.0042995801692497886,0.033144046626262795,0.06562434840283916,0.001034838883714067,0.0010348388837141554,0.06355467063541094
V,PGR,1,2022-06-30,2022-07-01,2022-07-13,7,signal,190.57502930310724,105.9244173897903,193.90605683452492,106.26685159865512,0.0024503715359686564,0.005031768237365729,0.007444116732555619,0.0010049112595952527,0.0010049112595953604,0.005434294213365006
ALL,COF,-1,2022-07-01,2022-07-05,2022-08-10,26,signal,116.87127649024262,96.22377817999954,109.51256644735524,101.70514265608674,0.006483639483271321,0.0025148736785933646,0.0624789565712812,0.0009827943475829827,0.0009827943475831259,0.06051336787611509
ALL,JPM,-1,2022-07-01,2022-07-05,2022-07-15,8,signal,116.87127649024262,100.58761497677803,111.12744618985121,99.02653203352001,0.005897395421678717,0.003087599683629399,0.03003411042345215,0.0009804711087470681,0.0009804711087471707,0.028073168205957913
TRV,CFG,-1,2022-07-01,2022-07-05,2022-08-10,26,signal,156.1438668560034,29.454535054455935,152.01853128797282,31.882532338870256,0.004550052196613936,0.009822814617025345,0.04362259910355237,0.001002339725022408,0.001002339725022501,0.04161791965350747
PGR,BLK,-1,2022-07-06,2022-07-07,2022-07-15,6,signal,110.08646393724116,558.9313930450622,105.03597626479258,536.532233250985,0.006916912441400325,0.0004263130172611446,0.02636223095477054,0.0009775033339995678,0.0009775033339997124,0.02440722428677126
MET,PNC,1,2022-07-13,2022-07-14,2022-08-04,15,signal,51.34417047284413,128.9908323420871,56.425654792771,141.38270219587852,0.011058870572755744,0.003351083026602117,0.015718224962059074,0.001048932285402984,0.0010489322854030092,0.01362036039125308
CB,FITB,1,2022-07-14,2022-07-15,2022-07-27,8,signal,175.90178402829625,27.96802324603785,180.09187627778599,28.482817799916287,0.0038943581949656453,0.01126858789056565,0.011527959341584137,0.0010112469280854626,0.0010112469280855816,0.009505465485413093
CFG,MET,-1,2022-07-14,2022-07-15,2022-07-27,8,signal,29.642252853622544,51.599318938859426,30.725348463310898,54.12293236188789,0.014326223741372143,0.011151573146128519,0.013647497644509782,0.0010219080027493077,0.0010219080027494135,0.01160368163901106
V,PGR,-1,2022-07-14,2022-07-15,2022-08-03,13,signal,202.55507396409251,105.03597626479258,201.4213343429499,103.52826719119923,0.002390988836059646,0.004909827552508296,-0.0036968749221228748,0.0009949578514220252,0.0009949578514222139,-0.005686790624967113
C,USB,-1,2022-07-15,2022-07-18,2022-08-19,24,signal,43.783451494601636,39.122636298645276,46.43483544433421,40.38022889016551,0.011195183053501177,0.013031990813533807,-0.012270751207276765,0.0010230423552344972,0.0010230423552346382,-0.0143168359177459
CB,KEY,1,2022-07-15,2022-07-18,2022-08-10,17,signal,175.825945575429,14.306790043036038,180.92526617391957,14.820207187123229,0.0036818791351202573,0.02465802355868106,0.007131096376744542,0.0010158662962058331,0.0010158662962059446,0.0050993637843327645
MET,FITB,1,2022-07-15,2022-07-18,2022-07-25,5,signal,52.452707043568786,29.14543802939457,53.82410439110616,28.8415169518905,0.011148755685150826,0.01424929945806194,0.020625605422267396,0.0010055690023370095,0.0010055690023371166,0.018614467417593268
MET,RF,1,2022-07-15,2022-07-18,2022-08-05,14,signal,52.452707043568786,16.227604588102547,55.94227438205292,17.48440600688843,0.010579181100958736,0.02743152508468689,0.0034765370626675535,0.0010357518707483477,0.0010357518707484834,0.0014050333211707224
CB,PNC,1,2022-07-18,2022-07-19,2022-08-10,16,signal,173.74033053470924,134.37079619634954,180.92526617391957,144.2726080141191,0.003742706225526567,0.002603920846171917,0.0021340569260594917,0.0010264877863408964,0.001026487786340945,8.108135337765027e-05
RF,FITB,-1,2022-07-19,2022-07-20,2022-09-13,38,signal,16.576947213774844,29.464969025061098,18.47082006732184,30.382586071307326,0.03243400153669288,0.01568999928380339,-0.045990602024259634,0.0010378622195754334,0.0010378622195755683,-0.048066326463410636
BKR,MPC,1,2022-07-20,2022-07-21,2022-09-13,37,signal,22.889545007012206,78.85088859288766,23.066477861802824,90.46824674316917,0.021297460531285943,0.006499585145307777,-0.07070018028470924,0.0010396076849898193,0.001039607684989956,-0.07277939565468901
ALL,JPM,1,2022-07-21,2022-07-22,2022-08-10,13,signal,105.34835841341389,104.54212544313062,109.40310860982667,107.11668378917152,0.006247795883422192,0.0032710529333209015,0.017928774688038343,0.0010170397324081328,0.0010170397324082772,0.015894695223221934
BAC,FITB,-1,2022-07-21,2022-07-22,2022-08-09,12,signal,30.17560025816576,29.328323714564775,30.25074461546221,29.52084617519006,0.01750658442931843,0.016083420757498017,0.0027830768343030617,0.0010021781301949794,0.0010021781301950542,0.0007787205739130281
KMI,SLB,-1,2022-07-21,2022-07-22,2022-08-24,23,signal,14.160242226129437,32.0730404428091,15.34626418590774,35.416091974644154,0.04904478677167302,0.009519493683528862,-0.025299241165088686,0.0010447950177446914,0.0010447950177447864,-0.027388831200578164
MA,PGR,-1,2022-07-21,2022-07-22,2022-08-09,12,signal,340.4074427902994,101.73535605876862,342.2325560392679,108.64728818762246,0.0013683787677212017,0.005251150281187642,0.03481758730874586,0.001019439185340199,0.0010194391853403481,0.03277870893806531
TFC,HBAN,1,2022-07-21,2022-07-22,2022-07-28,4,signal,39.08105766040368,11.195480185818408,39.81542814600355,10.955598096864652,0.01303357641544138,0.04382511083393126,0.021083876666501716,0.000999543689717723,0.0009995436897178005,0.019084789287066195
AXP,COF,-1,2022-07-22,2022-07-25,2022-08-24,22,signal,146.76850022511402,101.81083607237952,149.56312778727167,102.42309232236717,0.00440910780543904,0.0034646058495505947,-0.009193515832321808,0.001007071780151402,0.001007071780151544,-0.011207659392624754
AXP,FITB,-1,2022-07-22,2022-07-25,2022-08-23,21,signal,146.76850022511402,28.8415169518905,150.48696720344793,30.484970347177452,0.004012948739424435,0.014248080765563234,0.009513121483410748,0.0010190821462195978,0.001019082146219746,0.0074749571909714044
AXP,MET,-1,2022-07-22,2022-07-25,2022-08-12,14,signal,146.76850022511402,53.87795542101222,156.64933092735552,59.18711193584451,0.0033978765015890396,0.009304358476132321,0.016865944295279246,0.0010414913347121493,0.0010414913347122383,0.014782961625854858
KMI,XOM,-1,2022-07-22,2022-07-25,2022-07-29,4,signal,14.25608461396396,76.62667689470241,14.55865597241939,82.01174816581559,0.03875627610303943,0.0058391473771170896,0.020739223456747245,0.0010215377776084805,0.0010215377776085837,0.01869614790153018
HAL,BKR,-1,2022-07-25,2022-07-26,2022-08-15,14,signal,26.338876555488437,22.544113775701277,25.944265912451044,22.68219101967852,0.01863537126131723,0.022585681635794108,0.011470178723966506,0.0009978942136796953,0.0009978942136797961,0.009474390296607016
AIG,AFL,1,2022-07-28,2022-07-29,2022-09-02,25,signal,45.99483600864618,51.49775318423964,48.15332821911621,54.99034202326823,0.008999413458444995,0.011378888150609773,-0.019287121537813656,0.0010294923687079842,0.001029492368708081,-0.02134610627522972
CB,SCHW,1,2022-07-28,2022-07-29,2022-08-18,14,signal,176.27149803845094,63.76153453328974,190.32007909138812,71.26166031835659,0.00385806926441602,0.005020457574512048,0.017592446818496907,0.0010461113569347094,0.0010461113569348,0.015500224104627397
AEE,AWK,-1,2022-07-29,2022-08-01,2022-08-05,4,signal,81.87277049686429,140.6472527621597,80.5022120908773,143.77555588305748,0.00882037547659195,0.001973937688966396,0.019260740609448733,0.000996825423192731,0.0009968254231928686,0.017267089763063133
CVX,EOG,-1,2022-07-29,2022-08-01,2022-08-17,12,signal,135.86979751188335,92.4330446416376,132.16637514479442,95.27182183327992,0.004952490966020172,0.0035369691215399414,0.029377516950681477,0.0009956838645457263,0.0009956838645459281,0.02738614922158982
CVX,FANG,-1,2022-07-29,2022-08-01,2022-08-16,11,signal,135.86979751188335,105.22828190500952,132.82456505016646,110.16178709365936,0.005299524263574074,0.0026583566779133545,0.030251575306834238,0.0009982755239746916,0.0009982755239748176,0.028255024258884726
EIX,ED,-1,2022-08-02,2022-08-03,2022-08-24,15,signal,56.581122912610546,84.42292787321483,56.95935711028857,85.88830311226904,0.008399111271093903,0.006216242401827657,0.006938465827905397,0.0010061692451389386,0.0010061692451390435,0.0049261273376274145
USB,AFL,1,2022-08-02,2022-08-03,2022-09-02,22,signal,39.43049599558086,53.42663247399034,38.55986926257468,54.99034202326823,0.010759029399833402,0.010775340490878482,-0.025212942518279973,0.001003658920721832,0.001003658920721916,-0.027220260359723723
OXY,KMI,1,2022-08-03,2022-08-04,2022-09-08,24,signal,56.11144484523078,14.406207939131631,61.65062738296065,14.61549344329097,0.007392233634985871,0.040616217272356224,0.033471192564747156,0.0010246466079043553,0.0010246466079045359,0.03142189934893826
AJG,ICE,1,2022-08-04,2022-08-05,2022-08-08,1,signal,168.17161591157458,100.4445406281206,171.7688634656938,99.86428298451136,0.003062214295662172,0.004828905491170741,0.014821677399145621,0.0010041251923674447,0.0010041251923675063,0.01281342701441067
AWK,NEE,1,2022-08-04,2022-08-05,2022-09-19,30,signal,143.91940336268036,78.00075022665015,134.95457963367195,75.63629104337127,0.0034420082758484074,0.006469467861777036,-0.014583290186751849,0.0009769145833109466,0.0009769145833110377,-0.016537119353373833
ES,WEC,-1,2022-08-04,2022-08-05,2022-08-22,11,signal,76.42696219376975,89.4974869617766,78.8153312960729,93.13009854857474,0.006564373424567328,0.00556778688741321,0.005565411818995378,0.0010179513221719222,0.0010179513221719914,0.003529509174651464
NTRS,COF,-1,2022-08-04,2022-08-05,2022-08-22,11,signal,87.20043467100805,98.39093396794858,87.32284062678622,102.41376032446438,0.00796705923261269,0.0031006301190155175,0.012504613368091276,0.0010065323036181446,0.0010065323036182706,0.010491548760854862
NTRS,JPM,-1,2022-08-04,2022-08-05,2022-08-10,3,signal,87.20043467100805,102.18582699683469,88.41294743200332,107.00962063695847,0.007051666711839084,0.0037674146491376553,0.010636244126228763,0.0010132491763997975,0.0010132491763999037,0.00860974577342906
PPL,EIX,1,2022-08-05,2022-08-08,2022-08-11,3,signal,24.465387630739148,56.597606340660185,25.177622972397828,56.258393636442605,0.02465384525583095,0.007013317511825966,0.020946044565419628,0.0010076982677096546,0.0010076982677098213,0.018930648030000153
PSX,KMI,1,2022-08-10,2022-08-11,2022-08-18,5,signal,75.02448328489999,14.925346964597438,78.61027266883934,15.183872937169278,0.0059906929412899745,0.03688360363731709,0.012961454479747133,0.0010154608307207768,0.0010154608307208484,0.010930532818305508
MET,PNC,-1,2022-08-12,2022-08-15,2022-09-16,23,signal,59.30227904731846,148.3287760832526,57.96049095620593,139.8707185529208,0.009591738093359701,0.0029065093500105096,-0.010732141879229282,0.0009812014688664326,0.000981201468866542,-0.012694544816962257
AEE,AWK,-1,2022-08-15,2022-08-16,2022-08-31,11,signal,84.24715912198945,144.35420204658124,82.1131253497011,138.11872302436075,0.008577902983464872,0.0019196740588078626,0.007320088332488759,0.0009846409935589128,0.000984640993559105,0.005350806345370742
KMI,XOM,-1,2022-08-16,2022-08-17,2022-08-23,4,signal,15.071357151747632,80.1006145303521,15.248833771122586,83.77302193192021,0.03684450919558205,0.005551114319099331,0.01486032501450996,0.0010134106366601542,0.0010134106366603002,0.012833503741189505
NTRS,SCHW,1,2022-08-16,2022-08-17,2022-09-09,16,signal,90.15360386219892,71.66282218644635,87.89225002876913,69.79576367289982,0.006657813609129355,0.005579937030411366,-0.0036502412468477994,0.0009873621427348687,0.0009873621427349559,-0.005624965532317624
PPL,EIX,-1,2022-08-16,2022-08-17,2022-08-29,8,signal,26.625012615880337,58.91380887439114,25.740709348085446,56.712949182988204,0.023047178725909258,0.006556266597737851,0.006933755315596035,0.0009824827358742645,0.0009824827358743808,0.004968789843847391
BLK,AJG,1,2022-08-17,2022-08-18,2022-09-22,24,signal,667.8543548406739,183.05533194320574,549.8165105709355,168.24134165170756,0.0005575348759531512,0.003428034925121442,-0.014085766663951303,0.0009415720990888939,0.0009415720990890231,-0.015968910862129218
VLO,OKE,-1,2022-08-17,2022-08-18,2022-09-02,11,signal,106.29003712210034,51.4109222030324,101.24485885782747,49.35146942423664,0.006448511155453664,0.0061154661512418445,0.02091662983236057,0.000977255272750986,0.0009772552727510676,0.018962119286858516
EOG,FANG,-1,2022-08-18,2022-08-19,2022-09-08,13,signal,100.57506338773106,110.11791707180635,100.56544310400089,112.59879382351009,0.005747222791548566,0.0038312964701892067,0.010564913422679623,0.0010046491669873858,0.0010046491669874957,0.00855561508870474
PGR,BLK,-1,2022-08-19,2022-08-22,2022-09-22,22,signal,115.84308176568653,631.0352393071466,111.05365206905905,549.8165105709355,0.006461014310357168,0.00039821445313223717,-0.00042979030782999,0.0009681075315961037,0.0009681075315961923,-0.002366005371022286
VLO,KMI,-1,2022-08-22,2022-08-23,2022-09-06,9,signal,107.69034335604718,15.248833771122586,102.67335495288283,14.941568942079781,0.005057385127637934,0.029859565784650106,0.017180733732317002,0.0009826855727345222,0.0009826855727346536,0.015215362586847825
AON,AMP,1,2022-08-23,2022-08-24,2022-09-26,22,signal,278.9718510549668,261.668958101414,265.63095059498755,242.14815087393367,0.0022015770066666014,0.001474901192283729,0.0003912749813516775,0.0009710328281183529,0.0009710328281184618,-0.0015507906748851372
NTRS,FITB,1,2022-08-23,2022-08-24,2022-09-08,10,signal,86.27668346192317,30.31432894203512,84.17474961558547,28.841517274045245,0.0070838711261948534,0.012830168907153834,0.004989812974943931,0.0009832189894501695,0.0009832189894503568,0.0030233749960434046
AJG,ICE,-1,2022-08-25,2022-08-26,2022-09-23,19,signal,183.91762470943152,101.16906719799925,165.0098272036116,88.61581137467344,0.002911490407550953,0.004591224081355011,-0.0016413178627045708,0.0009436215066483694,0.0009436215066484907,-0.003528560876001431
NTRS,AXP,1,2022-08-26,2022-08-29,2022-09-07,6,signal,83.27009925968568,148.31942430815747,82.67749904197271,141.3434905978428,0.006452664785165018,0.0031197734923973422,0.018926730703024783,0.0009872481853816194,0.0009872481853817297,0.016952234332261434
NTRS,BAC,1,2022-08-26,2022-08-29,2022-09-09,8,signal,83.27009925968568,30.409104196750214,87.89225002876913,31.653579396066377,0.0069791239500267,0.013776417586595835,0.01613893949442851,0.0010247863832254377,0.0010247863832255244,0.014089366727977549
NTRS,COF,1,2022-08-26,2022-08-29,2022-09-08,7,signal,83.27009925968568,101.490687409079,84.17474961558547,96.92560984799813,0.00814687066101735,0.0031706093565706346,0.02284077882939703,0.0009966317578044706,0.0009966317578046172,0.020847515313787944
NTRS,JPM,1,2022-08-26,2022-08-29,2022-09-09,8,signal,83.27009925968568,103.41723030900548,87.89225002876913,108.18820882813559,0.007219816003033925,0.0038572498794139233,0.015994213633568878,0.001025991860105681,0.0010259918601057765,0.01394222991335742
NTRS,KEY,1,2022-08-26,2022-08-29,2022-09-08,7,signal,83.27009925968568,14.7280067143387,84.17474961558547,14.344065771518219,0.0069370326019272625,0.02868208669218968,0.018285530029779205,0.0009977136108991523,0.0009977136108992625,0.01629010280798079
NTRS,ZION,1,2022-08-26,2022-08-29,2022-10-03,24,signal,83.27009925968568,48.25126595591548,76.74860630215123,44.64061290598363,0.0066608311013850235,0.009230976536950024,-0.009147041656252887,0.0009616678757680329,0.0009616678757681112,-0.011070377407789031
AXP,MET,1,2022-08-29,2022-08-30,2022-09-16,12,signal,148.23925140394527,58.035452450259726,146.60667568627434,57.96049095620593,0.0032556073529594835,0.00891478482378666,-0.003649770111533138,0.0009969898096203048,0.0009969898096203976,-0.005643749730773841
MA,BLK,1,2022-08-29,2022-08-30,2022-10-05,25,signal,323.284684038006,614.1369014138119,290.7435097236549,528.441048228148,0.002099097084894705,0.0005236166858055156,-0.022491722297465065,0.0009435832124864531,0.0009435832124865495,-0.02437888872243807
BAC,PNC,-1,2022-08-30,2022-08-31,2022-09-15,10,signal,30.660565480949423,137.2922739123596,30.57673699369744,139.75077528751322,0.016436188901031986,0.0036131163456130135,0.011264423492529305,0.0010037511364883811,0.0010037511364886032,0.009256921219552322
V,TROW,1,2022-08-31,2022-09-01,2022-09-13,7,signal,192.78492229497314,96.99516479635227,195.81958180832765,99.25381274521462,0.0038085777066934052,0.002742379094274979,0.006372779019040249,0.0010091113653603557,0.00100911136536041,0.004354556288319484
DTE,PEG,-1,2022-09-06,2022-09-07,2022-09-23,12,signal,115.2829469719109,55.57940300560105,110.34022252708367,55.18814538094032,0.004477951852251958,0.00870380029620911,0.01971507293735017,0.000987219083881172,0.0009872190838812922,0.017740634769587708
KMI,XOM,1,2022-09-06,2022-09-07,2022-09-16,7,signal,14.250104762790599,81.70389249257121,14.787450997487687,83.43557343680057,0.0376521376488124,0.005672794264608733,0.011423831652114986,0.0010150669867856868,0.0010150669867857896,0.009393697678543509
MET,FITB,-1,2022-09-06,2022-09-07,2022-09-19,8,signal,57.362152130262324,28.329073861798886,57.05595782665986,29.444054812362673,0.010686006089385554,0.013657856094302617,0.019506113288690747,0.0010058697251707467,0.0010058697251708138,0.017494373838349186
MET,RF,-1,2022-09-06,2022-09-07,2022-09-15,6,signal,57.362152130262324,17.596856117687803,58.77632429423172,18.67062784770216,0.009709095318618998,0.02517541662635651,0.014322646186751433,0.00102032785895296,0.001020327858953044,0.012281990468845429
CFG,MET,1,2022-09-07,2022-09-08,2022-09-16,6,signal,30.527943742288866,58.53155793459297,31.426468630702068,57.96049095620593,0.013141189885435356,0.010229139435495147,0.018652098641612276,0.001002888717256866,0.00100288871725693,0.01664632120709848
EIX,ED,1,2022-09-07,2022-09-08,2022-09-13,3,signal,55.99449505581781,88.0146018895143,57.95694124413348,88.20734663482449,0.008254956961916596,0.006109552765246924,0.0160309793883256,0.0010086547553991457,0.001008654755399224,0.014013669877527233
AXP,FITB,1,2022-09-08,2022-09-09,2022-09-12,1,signal,147.10581013349196,30.374051004986867,151.76383287206298,30.746062453132335,0.003922643657624691,0.013927450181279196,0.014102399189642418,0.0010118067480267474,0.001011806748026989,0.012078785693588681
TFC,HBAN,1,2022-09-08,2022-09-09,2022-11-11,45,signal,39.4192585031315,11.864364543006475,38.140726806213664,12.912115331234672,0.01260824534036374,0.04239494455322345,-0.05952524635708016,0.0010141315256220658,0.0010141315256222815,-0.06155350940832451
AMP,MS,-1,2022-09-09,2022-09-12,2022-09-16,4,signal,271.8811016787959,79.27377736987059,258.7724250382448,76.90670523272973,0.0020290546373899266,0.005654914741218916,0.01419258971015255,0.0009799597044437098,0.0009799597044437573,0.012232670301265082
AXP,PNC,-1,2022-09-12,2022-09-13,2022-09-15,2,signal,150.4698109012541,139.62477496644024,148.99163074415392,139.75077528751322,0.0037071601796039196,0.00316653125608999,0.006876237762627378,0.0009974031909899487,0.000997403190990002,0.004881431380647427
TROW,MS,1,2022-09-13,2022-09-14,2022-09-26,8,signal,95.55730291947368,77.02989834484971,88.42821454179423,71.27594279855417,0.004512362241055391,0.007383390350349762,0.01127727807673793,0.0009626074284655114,0.000962607428465507,0.009352063219806911
AIG,AFL,-1,2022-09-14,2022-09-15,2022-09-21,4,signal,49.233243797755144,55.21033349540228,49.12721394636156,55.86027862509483,0.008401164726357671,0.010622460474506311,0.008797885695295759,0.0010030949970700552,0.0010030949970701586,0.006791695701155545
PSX,KMI,1,2022-09-14,2022-09-15,2022-09-23,6,signal,73.26813180797939,14.868569076538087,69.12028752949544,13.8035206657408,0.006067210936360042,0.037354710974806304,0.01558620238751468,0.0009674729967414724,0.0009674729967415387,0.013651256394031669
RF,FITB,-1,2022-09-14,2022-09-15,2022-10-19,24,signal,18.67062784770216,29.92617277748369,18.017029452849894,29.814681616012304,0.03016630726753386,0.014592998612494362,0.0190789290879192,0.0009892694438960931,0.000989269443896247,0.01710039020012686
MET,RF,1,2022-09-15,2022-09-16,2022-09-29,9,signal,57.96049095620593,18.611865449975575,54.22606581314208,16.924579527390332,0.009414802115784767,0.0244123224606778,0.006993566728711494,0.0009618724413556881,0.0009618724413558103,0.005069821845999995
VLO,KMI,1,2022-09-15,2022-09-16,2022-09-23,5,signal,92.9059891467752,14.787450997487687,92.17095778008857,13.8035206657408,0.005549063785235364,0.03276251085426869,0.029139157422160156,0.0009818651863513963,0.000981865186351555,0.027175427049457208
VLO,OKE,1,2022-09-15,2022-09-16,2022-11-10,39,signal,92.9059891467752,50.2583494774947,116.59170349940406,51.46287866435057,0.007115104733901039,0.006747632300505999,0.16148714637454553,0.001088528106459043,0.0010885281064592085,0.15931009016162728
ALL,COF,-1,2022-09-16,2022-09-19,2022-11-07,35,signal,117.18455628288193,93.41632486809013,118.48934125212513,96.72617625675495,0.006516382039682239,0.002527573859332922,0.0008715869111940852,0.0010081704021518388,0.0010081704021519134,-0.001144753893109667
AON,NDAQ,1,2022-09-16,2022-09-19,2022-09-26,5,signal,268.12293643102123,57.200021326943386,265.63095059498755,53.84131383216994,0.002245777331902756,0.006957295145336077,0.018756698596344566,0.000985624550340535,0.0009856245503407145,0.016785449495663317
AXP,PNC,1,2022-09-16,2022-09-19,2022-10-13,18,signal,144.0579717671398,138.5514355112205,125.45628290883514,123.3657590851368,0.003811104191374064,0.0032553167269645487,-0.02051890785900687,0.0009398800354128195,0.0009398800354129429,-0.02239866792983263
CVX,EOG,1,2022-09-16,2022-09-19,2022-10-07,14,signal,130.21678523255338,100.53977746217987,138.23565692198085,109.94636334763497,0.004950712940902319,0.0035356992918759767,0.007476897998535265,0.0010366252084256,0.0010366252084256264,0.005403647581684039
NTRS,BAC,1,2022-09-16,2022-09-19,2022-10-04,11,signal,81.79587664558179,30.48290132989869,78.46572477666305,28.70358472466401,0.007044400690558193,0.013905270382834005,0.0022589304457759675,0.0009759760783962109,0.0009759760783962874,0.00030697828898346917
NTRS,FITB,1,2022-09-16,2022-09-19,2022-11-08,36,signal,81.79587664558179,29.444054812362673,75.34126117865321,30.189631538845827,0.007401367166341899,0.013405211528606381,-0.05678639099806129,0.00098120171953902,0.0009812017195391265,-0.058748794437139436
NTRS,JPM,1,2022-09-16,2022-09-19,2022-11-14,40,signal,81.79587664558179,105.23157220082715,82.68772853327171,123.50389098536091,0.007246166149251079,0.003871327675617586,-0.06323694952829498,0.0010386769212532886,0.0010386769212534603,-0.06531430337080173
NTRS,PNC,1,2022-09-16,2022-09-19,2022-11-07,35,signal,81.79587664558179,138.5514355112205,75.3235480084995,137.05830901856203,0.007032785210073286,0.003066169125302301,-0.03996530212535539,0.0009750166362904038,0.000975016636290529,-0.04191533539793632
ALL,JPM,-1,2022-09-19,2022-09-20,2022-11-16,41,signal,119.95878440585939,106.61723274971204,120.05140882239533,121.73292780550477,0.005687936556295299,0.002977936844316664,0.04550934236085034,0.001022598931570248,0.0010225989315703374,0.04346414449770975
AMP,AJG,-1,2022-09-20,2022-09-21,2022-10-03,8,signal,262.7364953416696,171.607497404171,241.86447940721828,166.21886119591818,0.0016267298109943356,0.0033370983445193906,0.016944830417700552,0.0009741088513575595,0.0009741088513576982,0.014996612714985296
BKR,MPC,1,2022-09-20,2022-09-21,2022-10-18,19,signal,21.477592172832452,91.06766164824741,21.85871540964581,98.4415299624886,0.02029513076751209,0.006193692917745985,-0.03690990036847047,0.0010266296561721368,0.00102662965617226,-0.038963159680814874
CB,FITB,1,2022-09-20,2022-09-21,2022-09-30,7,signal,179.4310393159957,30.126620282228757,175.24742872284074,27.60983445693438,0.0037515233540357184,0.010855285652231603,0.01260418449807286,0.0009786682834269597,0.000978668283427156,0.010646847931218745
CB,SCHW,1,2022-09-20,2022-09-21,2022-10-05,10,signal,179.4310393159957,70.25504752245996,181.7817330904271,71.36567931310515,0.0036926377911822164,0.00480518365485497,0.004350642795564475,0.0010071718555728036,0.0010071718555729968,0.002336299084418674
AXP,FITB,1,2022-09-21,2022-09-22,2022-10-20,20,signal,141.74352168870502,29.307548762735042,137.5386528291169,28.369107562299533,0.004068646729086453,0.014445837952787548,-0.002566812995406207,0.0009847434266836872,0.0009847434266838295,-0.004536299848773724
CB,PNC,1,2022-09-21,2022-09-22,2022-09-30,6,signal,173.89941753885876,136.63245499392582,175.24742872284074,129.27425236228106,0.003718582867727404,0.002587137451893071,0.02504251350290522,0.0009931406016985816,0.0009931406016986872,0.02305623229950795
NTRS,SCHW,1,2022-09-21,2022-09-22,2022-10-18,18,signal,81.29972030377562,69.51812548323814,78.54538878945274,65.86146756193105,0.007165807032569185,0.006005688107427178,0.0032029730657055777,0.000979234210143985,0.0009792342101441404,0.0012445046454174523
TRV,CFG,1,2022-09-21,2022-09-22,2022-10-05,9,signal,146.78447548731538,30.92816938901762,148.77467941790152,30.434953544467476,0.0046835478062123145,0.010111009690094508,0.015310483545265931,0.001002358108699412,0.0010023581086994978,0.013305767327867021
TRV,HBAN,1,2022-09-21,2022-09-22,2022-10-06,10,signal,146.78447548731538,11.622813595463157,148.82109509713155,11.549826362289854,0.004230970716475292,0.032615158964619986,0.012000610066529895,0.0010032419244633,0.0010032419244634088,0.009994126217603186
V,TROW,1,2022-09-21,2022-09-22,2022-10-14,16,signal,180.78437892385017,90.80856180583986,181.03009733786206,85.07497170242699,0.004063161852648691,0.0029256932586084598,0.018765470313837112,0.000992350714351464,0.0009923507143515915,0.016780768885134058
AXP,MET,1,2022-09-22,2022-09-23,2022-11-15,37,signal,134.08582811381473,55.475188448484865,149.91712050955383,66.639482675267,0.0034964820350639482,0.009574368651826393,-0.05045616078171217,0.001081078429410881,0.001081078429410873,-0.05261831764053392
KMI,SLB,1,2022-09-22,2022-09-23,2022-11-14,36,signal,13.8035206657408,32.952535379886626,15.373822054898666,49.70118541158512,0.04951514209172009,0.009610788697595239,-0.08209451667914408,0.0011195233345048059,0.0011195233345049037,-0.0843335633481538
CVX,FANG,1,2022-09-23,2022-09-26,2022-10-05,7,signal,122.2469599520231,97.61754598099718,132.56198083367084,115.31356349335277,0.005841891047079623,0.00293041965736238,0.009458744717767233,0.0010562741540656945,0.001056274154065881,0.007346196409635658
AEE,AWK,1,2022-09-26,2022-09-27,2022-10-31,24,signal,77.10083412531453,126.43788432749068,72.86416380906421,133.19107209634183,0.009490154467073277,0.0021238294930168732,-0.05356198915817116,0.0009872859244755027,0.000987285924475564,-0.055536561007122225
AXP,COF,1,2022-09-26,2022-09-27,2022-10-19,16,signal,132.80955782012802,86.70298049088889,138.9045034215653,90.22435129000063,0.004977425563251819,0.003911180783756715,0.01758664028516622,0.0010222200439109486,0.0010222200439111407,0.015542200197344131
CB,KEY,1,2022-09-26,2022-09-27,2022-09-29,2,signal,167.2157387340862,13.208062587065358,170.64389951809605,12.936508646056083,0.003911865111561574,0.026198269562728943,0.021528053225312788,0.001003307310138661,0.0010033073101387113,0.019521438605035416
AWK,NEE,1,2022-09-27,2022-09-28,2022-10-12,10,signal,124.309849847491,73.39338439269285,116.48039857239749,67.68161336985193,0.0038129496761135375,0.007166675211467766,0.012045687005454355,0.0009645829059949416,0.0009645829059950575,0.010116521193464357
NTRS,COF,1,2022-09-27,2022-09-28,2022-11-09,30,signal,76.09886435665216,85.84518429650021,75.50057817547832,97.36427289250423,0.009133514143420512,0.003554592506306346,-0.045392197340393355,0.0010179239600056904,0.0010179239600058487,-0.047428045260404894
NTRS,KEY,1,2022-09-27,2022-09-28,2022-10-06,6,signal,76.09886435665216,12.96422056597135,79.72260369833477,13.628084593740786,0.007710697834016753,0.031880908801135636,0.007801612073601149,0.0010246415063197008,0.0010246415063198432,0.005752329060961604
BAC,FITB,1,2022-09-28,2022-09-29,2022-10-18,13,signal,27.771539008777133,27.358132384100735,31.621942532332756,30.63828725673625,0.01890204098816813,0.017365436394266277,0.016884064219600883,0.0010648998004601003,0.0010648998004601532,0.014754264618680627
BAC,PNC,1,2022-09-29,2022-09-30,2022-10-14,10,signal,27.834875709484756,129.14504271474254,28.756259247341912,129.90492491951932,0.017785770894875073,0.00390979076272155,0.014426213757978958,0.0010096776723348252,0.0010096776723348536,0.012406858413309279
C,USB,1,2022-09-29,2022-09-30,2022-10-20,14,signal,37.03428919214001,34.294197192357764,37.870050220851645,34.85885186719587,0.012994330148761057,0.01512632623489971,0.0033286863911163606,0.0010096824802315345,0.0010096824802316483,0.0013093214306531776
BLK,AJG,1,2022-09-30,2022-10-03,2022-10-17,10,signal,504.7147836183601,166.21886119591818,514.2036268705654,166.44282133960067,0.0006548874497698849,0.004026612767491736,0.006315713492430578,0.0010033899076889025,0.001003389907689113,0.0043089336770525625
CFG,MET,-1,2022-09-30,2022-10-03,2022-10-10,5,signal,29.416389639105248,54.67937648961355,29.77552931210678,56.41424833578741,0.013894211896334947,0.010815293902072485,0.014785157511822963,0.001011971330085321,0.0010119713300854338,0.012761214851652209
PPL,EIX,1,2022-09-30,2022-10-03,2022-10-20,13,signal,22.66837571241805,48.17606002672389,22.13918051087181,47.34003164685151,0.027496230640232648,0.007821895280726654,-0.007021970748317428,0.0009895761280250756,0.0009895761280251949,-0.009001123004367699
KMI,XOM,1,2022-10-03,2022-10-04,2022-11-11,28,signal,14.06335275714671,81.74770651091933,15.16784990262463,98.8027325141756,0.03790913985435403,0.005711515057865854,-0.05446984154022701,0.0010696595330076093,0.0010696595330077939,-0.05660916060624241
AMP,MS,-1,2022-10-04,2022-10-05,2022-10-21,12,signal,257.79577479196513,72.25366246241236,244.2663706559395,67.41216829703335,0.002177733997069933,0.00606927968106646,0.0010495758413543374,0.0009705146581694767,0.0009705146581696314,-0.0008914534749847708
CB,KEY,-1,2022-10-04,2022-10-05,2022-11-11,27,signal,181.7817330904271,13.660629785802744,203.67129641659668,15.87406157294558,0.0036587958652074754,0.02450343189707776,-0.024785777305898093,0.0010669914280066997,0.0010669914280068207,-0.026919760161911613
PSX,KMI,-1,2022-10-04,2022-10-05,2022-11-29,38,signal,78.0095318432494,14.241985438485141,95.93706725258257,15.324388444196003,0.006035365731406022,0.037158645857000364,-0.06690438074056007,0.0010742221537346345,0.0010742221537347245,-0.06905282504802943
USB,AFL,1,2022-10-04,2022-10-05,2022-10-17,8,signal,35.36392057963779,54.321823107560625,36.901165188203585,55.0361724489353,0.011138630933521073,0.011155517514691397,0.010166305878896994,0.0010124421188509678,0.0010124421188511027,0.008141421641194923
AJG,ICE,-1,2022-10-05,2022-10-06,2022-10-17,7,signal,174.32799324276735,88.3722779900607,166.44282133960067,86.25487426446851,0.0031877317570234735,0.005026838065407625,0.015474025288035953,0.0009820580503650165,0.0009820580503652084,0.013509909187305729
EIX,ED,-1,2022-10-05,2022-10-06,2022-10-17,7,signal,49.95943424689524,74.94833266123065,46.66433969060251,72.35498649728406,0.009485280930068878,0.007020124345020387,0.01402458415176025,0.0009752991347697303,0.0009752991347698534,0.012073985882220665
HAL,BKR,-1,2022-10-05,2022-10-06,2022-10-21,11,signal,26.54558932519084,21.47759534051403,29.38372772578661,23.752707696996104,0.01901999185477971,0.023051833780159795,-0.00048264921881900624,0.0010532081704375897,0.001053208170437657,-0.002589065559694253
OXY,KMI,-1,2022-10-06,2022-10-07,2022-10-12,3,signal,66.32380765893387,14.103951718545048,59.644340397137746,13.814061439809674,0.006953540135751162,0.03820584019815797,0.03634172897276047,0.0009712869467883607,0.0009712869467883985,0.034399155079183716
VLO,KMI,-1,2022-10-06,2022-10-07,2022-10-12,3,signal,106.83412153219295,14.103951718545048,97.31649860382738,13.814061439809674,0.005259896433843077,0.03105522312874328,0.04202951974135453,0.000970416130761998,0.0009704161307620367,0.04008868747983049
AMP,AJG,-1,2022-10-07,2022-10-10,2022-10-12,2,signal,259.3639657537977,168.80879183888587,251.65176935940502,169.59125998123773,0.0016512070184294767,0.003387311261168615,0.016379929596332568,0.0009950336323107552,0.0009950336323109822,0.01438986233171083
AON,AMP,1,2022-10-07,2022-10-10,2022-10-11,1,signal,267.29658148686474,259.3639657537977,271.5452916102117,256.35152887071575,0.0022675455671868124,0.001519095471325468,0.01521296162300704,0.0010026385898063833,0.001002638589806599,0.013207684443394058
AON,NDAQ,-1,2022-10-10,2022-10-11,2022-10-13,2,signal,271.5452916102117,54.49422093384364,260.65703398404906,53.352655479414615,0.002270576028691297,0.007034120149456765,0.017676219478983082,0.0009835112837260403,0.000983511283726151,0.01570919691153089
PGR,BLK,-1,2022-10-10,2022-10-11,2022-10-20,7,signal,112.41904619790633,486.69062720336774,108.4799675059031,527.2585677242291,0.007019676643356255,0.0004326467271892982,0.046197317658966744,0.0009946722732086279,0.0009946722732087712,0.04420797311254935
AIG,AFL,1,2022-10-11,2022-10-12,2022-10-13,1,signal,44.76076113274539,53.13136383975636,44.07722233629004,51.88286162788107,0.008932441832050431,0.01129420900462687,0.008984972995966622,0.000989798611595276,0.000989798611595411,0.007005375772775935
MA,PGR,1,2022-10-11,2022-10-12,2022-10-18,4,signal,280.31257058526467,112.7381131884832,296.28471772110333,110.94375854408663,0.0014024829396025752,0.005382024960033167,0.033064198254500285,0.0010062729043706783,0.001006272904370772,0.031051652445758835
MET,RF,-1,2022-10-11,2022-10-12,2022-11-14,23,signal,56.11303768298782,16.664069316142385,66.25556705629286,19.594086426167948,0.010067554614853633,0.026104891704121128,-0.024533461263231637,0.0010892277868347418,0.0010892277868348411,-0.02671191683690122
V,PGR,1,2022-10-11,2022-10-12,2022-10-20,6,signal,173.74121995975324,112.7381131884832,180.71030014866915,108.4799675059031,0.002467462125853936,0.005066863277477105,0.039769132085036275,0.0009977486776345233,0.0009977486776346412,0.03777363472976711
AWK,NEE,-1,2022-10-13,2022-10-14,2022-11-03,14,signal,118.98801721924357,65.87820261019587,124.54715874783182,68.44341054954434,0.004118483409684593,0.007740944798178587,-0.0020167137201285157,0.0010213853831048687,0.0010213853831050027,-0.004059484486338387
CB,PNC,-1,2022-10-13,2022-10-14,2022-11-14,21,signal,185.08220361577403,129.90492491951932,196.92097092495806,143.2284253515813,0.0036296501068618318,0.002525264075792625,-0.008287092245454687,0.0010381337785437942,0.0010381337785438493,-0.01036335980254233
TRV,CFG,-1,2022-10-13,2022-10-14,2022-11-14,21,signal,154.34922687599905,30.739303784613647,169.36527933565296,35.182929197389626,0.004529921462483395,0.009779355671737622,-0.023510211686601924,0.0010555332486526653,0.0010555332486528479,-0.02562127818390744
MET,PNC,-1,2022-10-14,2022-10-17,2022-12-12,39,signal,58.96563002667472,132.79746395317255,64.51458066914422,133.7461580253049,0.01007906077050666,0.003054178928121734,-0.052001424063392594,0.00102930523025889,0.0010293052302590023,-0.054060034523910484
NTRS,BAC,1,2022-10-14,2022-10-17,2022-11-11,19,signal,76.40895748461672,30.157466581608013,80.34218033983272,34.55832579481952,0.007356739716899945,0.014521810923779443,-0.033926273172624755,0.00104647542941931,0.001046475429419423,-0.03601922403146349
NTRS,KEY,1,2022-10-14,2022-10-17,2022-11-14,20,signal,76.40895748461672,13.712000222222754,82.68772853327171,15.995711916552796,0.0075135303226944805,0.03106569342344553,-0.022710222151699266,0.0010591285485697188,0.0010591285485698522,-0.02482847924883884
TFC,KEY,1,2022-10-14,2022-10-17,2022-11-21,25,signal,35.8504999365505,13.712000222222754,37.6548061121003,15.084459990803836,0.015020055850114867,0.03366114998729553,-0.018061111225317183,0.0010366833689543279,0.0010366833689543923,-0.020134477963225903
CB,SCHW,-1,2022-10-17,2022-10-18,2022-11-14,19,signal,187.45053263926584,65.86146756193105,196.92097092495806,73.07403228086595,0.003660239272339045,0.004763023865027093,0.0007238703127351309,0.001034322567949667,0.0010343225679498229,-0.001344774823164359
AON,NDAQ,-1,2022-10-18,2022-10-19,2022-10-21,2,signal,270.04007621481065,53.90755099670421,265.9745740351936,53.74968410319487,0.002287835598186192,0.007087589350232643,0.009176979027565426,0.0009946741297250524,0.0009946741297251658,0.007187630768115207
BAC,PNC,-1,2022-10-18,2022-10-19,2022-11-23,25,signal,31.260347090769965,134.0532175035998,33.9248962617294,142.53631723062557,0.01646639128702256,0.0036197556422988895,-0.012131488058247562,0.0010372730931963651,0.0010372730931965243,-0.014206034244640453
CFG,MET,1,2022-10-18,2022-10-19,2022-12-01,30,signal,31.576264482054402,59.5680455785563,36.27519213669368,68.76436197002694,0.012828470544696107,0.009985717814737406,-0.03047581221956796,0.001075953191504035,0.0010759531915041274,-0.03262771860257612
NTRS,AXP,1,2022-10-18,2022-10-19,2022-11-03,11,signal,69.23233439371636,138.9045034215653,73.33204633498724,134.89404934367846,0.0073319307201901865,0.0035448863175926047,0.04528334748807765,0.0010079397739086132,0.0010079397739087925,0.04326746794026025
CB,FITB,-1,2022-10-19,2022-10-20,2022-11-14,17,signal,184.54006282755654,28.369107562299533,196.92097092495806,31.685102861274437,0.0037498226307995583,0.010850364494930518,-0.009405443422650643,0.0010410082934812473,0.0010410082934813477,-0.011487460009613239
MET,FITB,-1,2022-10-19,2022-10-20,2022-12-12,36,signal,59.37315382577976,28.369107562299533,64.51458066914422,28.340753808877746,0.01045549557882632,0.013363239063851041,-0.05310850934458466,0.0010265542704042765,0.001026554270404354,-0.05516161788539328
NTRS,ZION,1,2022-10-19,2022-10-20,2022-10-31,7,signal,69.5247222081195,42.397665202896505,74.26143340856723,44.09695280982251,0.00779565525422268,0.010803683451291443,0.019594890944680858,0.0010276887851062315,0.0010276887851064817,0.017539513374468144
TRV,HBAN,-1,2022-10-19,2022-10-20,2022-11-16,19,signal,161.19657583275466,11.532903434842874,166.8542324978494,12.755507991014866,0.003997822994041923,0.03081790000468603,0.01608980252139871,0.0010300074721270283,0.0010300074721270734,0.014029787577144608
BAC,FITB,-1,2022-10-20,2022-10-21,2022-11-23,23,signal,30.33826248583855,26.859191197372446,33.9248962617294,31.11621051930183,0.018176255226804317,0.016698651972270964,0.0069630022368610545,0.0010680890563983729,0.00106808905639845,0.0048268241240642315
ES,WEC,1,2022-10-20,2022-10-21,2023-01-12,56,signal,61.092204403853785,74.6065017741557,73.62661426085205,86.36852094320973,0.00804031341673763,0.006819653410463156,0.021658182712420246,0.0010904931084809847,0.0010904931084810498,0.01947719649545821
VLO,KMI,-1,2022-10-20,2022-10-21,2022-11-29,26,signal,111.63262635391271,14.006511201774128,122.26501845981197,15.324388444196003,0.0051455230855418106,0.030379945602626256,-0.013624885072561092,0.0010472950271603661,0.0010472950271605027,-0.01571947512688196
CVX,FANG,-1,2022-10-21,2022-10-24,2022-12-06,30,signal,146.37616820956848,129.5051686334417,150.599194344763,121.66724974715561,0.004730826874338475,0.002373085693727547,-0.03757797175409429,0.0010004869549601757,0.001000486954960256,-0.03957894566401472
RF,FITB,1,2022-10-21,2022-10-24,2022-10-28,4,signal,16.54642190367399,28.642432947163286,18.22568969287529,30.79359473035253,0.03289375628800142,0.015912406368251336,0.022052048250228558,0.0010447833079095848,0.0010447833079097351,0.019962481634409238
USB,AFL,1,2022-10-21,2022-10-24,2022-12-09,33,signal,34.25274863693014,56.025102047492474,36.46386987846601,64.58791673262748,0.011065161421017603,0.011081936619658617,-0.0693666151948427,0.0010595409726702697,0.0010595409726703836,-0.07148569714018337
AMP,AJG,-1,2022-10-25,2022-10-26,2022-11-22,19,signal,271.4181600362526,169.65513928402495,311.4222646087625,188.26927939744908,0.001614431343295557,0.0033118690803107063,-0.0018731083198867612,0.0010631768642257464,0.0010631768642259012,-0.003999462048338408
CVX,EOG,-1,2022-10-25,2022-10-26,2022-11-10,11,signal,149.13220549339408,114.99333324410749,155.16516062858452,123.67804138802207,0.004323544967385414,0.0030877885795560552,0.0017590952954866408,0.0010263054851443396,0.0010263054851444996,-0.00029351567480219833
AMP,MS,-1,2022-10-26,2022-10-27,2022-11-17,15,signal,279.0040405269945,72.22722489277811,300.6360992033055,78.79865832570894,0.0020818667619527122,0.00580210055682088,-0.005865447385908003,0.0010414989845952776,0.0010414989845953966,-0.007948445355098678
AON,AMP,1,2022-10-26,2022-10-27,2022-11-18,16,signal,271.5739647911824,279.0040405269945,291.17295200177705,310.94756056845904,0.002181287873032404,0.0014613089048929777,-0.0028835106082482284,0.0010448065557838722,0.0010448065557841048,-0.004973123719816206
HAL,BKR,-1,2022-10-26,2022-10-27,2022-11-08,8,signal,34.09988837665387,24.628250809662948,36.27484500957327,28.215133331612748,0.01563698266598239,0.018951697140126927,0.03501872096875751,0.0010509689037742605,0.001050968903774447,0.0329167831612088
MA,PGR,-1,2022-10-26,2022-10-27,2022-10-31,2,signal,308.9991977573645,113.03342027760173,321.73238826722064,117.62431196008785,0.0013464341683574069,0.005166937933087821,0.007596967877874512,0.0010205182716141725,0.0010205182716143159,0.005555931334646024
V,PGR,-1,2022-10-26,2022-10-27,2022-11-03,5,signal,197.05041839304286,113.03342027760173,192.35811707333184,115.93785694466173,0.0023302206574933658,0.004785041826644278,0.025833477335543004,0.0010015289344476137,0.0010015289344476725,0.023830419466647716
V,TROW,-1,2022-10-26,2022-10-27,2022-11-10,10,signal,197.05041839304286,92.11560578173237,197.46479846747835,93.86665788631987,0.0037958732002339587,0.00273323117197941,0.004216028160394126,0.0010029321836360291,0.0010029321836361174,0.0022101637931219798
NTRS,SCHW,1,2022-10-27,2022-10-28,2022-11-11,10,signal,73.29908616491952,74.29880169470748,80.34218033983272,75.81207195632926,0.007376606366212188,0.006182359771255035,0.04362925833287407,0.0010307061928644275,0.0010307061928645713,0.04156784594714508
MA,BLK,-1,2022-10-28,2022-10-31,2022-11-04,4,signal,321.4108166647547,598.391693924979,307.0192358448343,586.9462719886712,0.0021242023887355016,0.0005298791669874749,0.025487445342120663,0.0009815056281967192,0.000981505628196835,0.02352443408572711
AIG,AFL,1,2022-10-31,2022-11-01,2022-12-01,21,signal,52.43402651006934,59.49577754411037,57.84791638195343,66.80077518584594,0.007832564048615986,0.009903519896405403,-0.02888327213329732,0.0010572781811398575,0.0010572781811400242,-0.030997828495577202
AJG,ICE,-1,2022-11-01,2022-11-02,2022-11-11,7,signal,179.48753533030083,89.01768784250262,186.34174466133118,97.7087505312433,0.0031261521451493956,0.004929731169151497,0.022449381604456316,0.0010320801782253333,0.0010320801782254013,0.02038522124800558
TROW,MS,1,2022-11-01,2022-11-02,2022-11-17,11,signal,87.87137068607758,74.14307126070034,100.1481195177378,78.87749640307334,0.00477999214702352,0.007821302016042616,0.022701175651278216,0.0010477815558069925,0.0010477815558070436,0.02060561253966418
AON,NDAQ,1,2022-11-03,2022-11-04,2022-11-08,2,signal,271.9449978624373,58.57071409744329,279.7883423119497,59.48092708274559,0.0022058074523164856,0.006833470648020656,0.012092856911725033,0.0010118629924158913,0.0010118629924160362,0.010069130926893106
RF,FITB,-1,2022-11-03,2022-11-04,2022-11-22,12,signal,18.70421147223166,29.68920004211104,19.084272702781387,31.09035322369577,0.030240178394266237,0.014628733886299955,0.01001990932633214,0.0010159317115547082,0.0010159317115548227,0.007988045903222609
BKR,MPC,-1,2022-11-07,2022-11-08,2022-11-18,8,signal,28.215133331612748,109.95952513955659,26.989331147715298,109.852560682517,0.016189072725585604,0.004940601084760885,0.020305993526259496,0.0009898615364427018,0.000989861536442851,0.018326270453373945
EOG,FANG,-1,2022-11-07,2022-11-08,2022-12-06,19,signal,125.09290115508193,139.39994627050683,114.8810735785366,121.66724974715561,0.004586359902937003,0.003057425324276532,-0.006431880257446267,0.0009493986279843189,0.0009493986279844117,-0.008330677513414998
PPL,EIX,-1,2022-11-08,2022-11-09,2022-12-07,19,signal,23.59766146629313,48.2159240115428,25.570768465617967,54.95121461516206,0.026796238904300964,0.007622767548366849,-0.00047831795945413313,0.001051973936113595,0.0010519739361137012,-0.0025822658316814293
BLK,AJG,-1,2022-11-10,2022-11-11,2022-11-21,6,signal,679.5483823382417,186.34174466133118,651.6550305324935,186.8953348615284,0.0005479306224729368,0.003368982625830553,0.018142080095034926,0.0009934227109601832,0.000993422710960329,0.016155234673114412
AJG,ICE,1,2022-11-11,2022-11-14,2022-11-21,5,signal,179.7632899718378,98.54312891036435,186.8953348615284,98.66071101210488,0.002983764793241532,0.004705195914882997,0.021738055954377205,0.0010109583334731273,0.0010109583334732867,0.01971613928743079
C,USB,-1,2022-11-11,2022-11-14,2022-11-28,9,signal,44.091187363364305,37.84722958780911,42.34125792513971,36.99367611735499,0.011344544180049243,0.013205857807916246,0.00956468597937011,0.0009844399177330013,0.0009844399177330887,0.00759580614390402
MA,PGR,-1,2022-11-11,2022-11-14,2022-11-22,6,signal,329.092271750475,115.62496451500218,332.44447452827836,118.90970556938453,0.0012940868147490957,0.004966055087559983,0.012984565891659923,0.001010402282347938,0.0010104022823480348,0.010963761326963951
PGR,BLK,1,2022-11-11,2022-11-14,2022-11-18,4,signal,115.62496451500218,690.4502390430308,118.13480834605929,664.0683760133006,0.006323379527107841,0.00038973154978132744,0.02715557145164489,0.0010030319894049845,0.0010030319894051513,0.02514950747283476
V,PGR,-1,2022-11-14,2022-11-15,2022-11-22,5,signal,203.96960419464114,112.8965501651452,201.7914941964449,118.90970556938453,0.0022947061932432557,0.004712113884673991,0.03434450415039858,0.0010117085769540137,0.0010117085769541269,0.032321086996490445
AXP,COF,-1,2022-11-15,2022-11-16,2022-12-16,21,signal,147.2905564395496,97.6054481808242,142.06470566484967,86.05566774730353,0.0044638334053978945,0.003507608343956316,-0.01621686054011622,0.0009679184196342917,0.0009679184196344198,-0.01815269737938493
DTE,PEG,-1,2022-11-15,2022-11-16,2022-11-22,4,signal,100.67913765316892,50.02909627245847,100.07561348080894,50.79054724646001,0.005052482170436498,0.009820515553225757,0.011529344474804836,0.0010022082213275503,0.001002208221327646,0.009524928032149639
NTRS,ZION,-1,2022-11-17,2022-11-18,2022-12-05,10,signal,81.67871421306133,45.039275929782676,81.02504710200492,44.92473742939233,0.006939312620937392,0.009616912816347287,0.004431608937904261,0.000997115276627964,0.000997115276627991,0.002437378384648306
AEE,AWK,-1,2022-11-18,2022-11-21,2022-12-08,12,signal,76.4662131846737,135.10538322583338,77.1619538783249,140.7239203569262,0.009369877166556984,0.002096912283285119,0.006271509707610639,0.001008935022615388,0.0010089350226155573,0.0042536396623796945
NTRS,COF,-1,2022-11-18,2022-11-21,2022-12-15,17,signal,81.43088096894711,92.1881496929844,77.48791310556724,89.0852122258541,0.008522854145991928,0.0033169350814996673,0.024290960772457862,0.0009778629109620796,0.0009778629109621897,0.022335234950533592
OXY,KMI,1,2022-11-28,2022-11-29,2023-01-19,34,signal,65.02225985205426,15.324388444196003,60.06295415499684,15.265497967789361,0.006701025640031457,0.036818413321654676,-0.030081953098360873,0.0009822276333260986,0.0009822276333262337,-0.032046408365013206
KMI,XOM,-1,2022-11-29,2022-11-30,2022-12-12,8,signal,15.645706380512337,98.67804890696844,14.432532092452465,91.76531273695092,0.03277263610269105,0.004937632594820783,0.006589410943607363,0.0009630429043550168,0.0009630429043550838,0.004663325134897262
MA,BLK,-1,2022-11-30,2022-12-01,2022-12-19,12,signal,349.8597164602216,653.7193996579117,337.85419119626874,639.8128054548422,0.0019492319257893812,0.0004862330419077956,0.017624447936299515,0.000984740407867445,0.0009847404078675212,0.015654967120564547
AXP,FITB,-1,2022-12-01,2022-12-02,2022-12-20,12,signal,148.25520019986863,30.379446137763733,138.62278311233635,27.332272411185855,0.0039041379786934,0.013861745278187801,-0.003672863370378726,0.0009599972677800713,0.0009599972677802356,-0.005592857905939033
DTE,PEG,1,2022-12-02,2022-12-05,2022-12-09,4,signal,100.53338774495822,52.745038637218,103.15918879594432,52.6607638723552,0.004924773447468357,0.009572287957781738,0.014744238540350308,0.0010060609292783513,0.0010060609292785153,0.012732116681793441
VLO,KMI,1,2022-12-02,2022-12-05,2022-12-21,12,signal,114.98250670453554,15.744577646590132,111.20304641069261,14.70468905326117,0.004809312873008113,0.028394909718418262,0.01232713939798169,0.0009762037173946735,0.0009762037173947718,0.010374731963192245
VLO,OKE,1,2022-12-02,2022-12-05,2022-12-27,15,signal,114.98250670453554,55.49145102042454,112.5323519631092,54.16364655771384,0.005967410838775072,0.0056592131292537515,-0.006117634940868616,0.000989116571340879,0.000989116571341007,-0.008095868083550502
AXP,PNC,-1,2022-12-05,2022-12-06,2022-12-19,9,signal,148.7614312349391,132.49432771360466,139.62671555121233,130.00863424996393,0.0038175008642859845,0.0032607805493324146,0.027744934332084255,0.0009784502122929862,0.0009784502122930417,0.025788033907498224
CB,FITB,-1,2022-12-05,2022-12-06,2023-01-13,26,signal,205.14170769021837,28.377731396165178,214.54665517357446,29.892051286789446,0.0034804862961813044,0.010071021659263248,-0.016459268609865463,0.0010237738047301223,0.0010237738047302457,-0.01850681621932583
TRV,CFG,-1,2022-12-05,2022-12-06,2023-01-04,19,signal,174.25021919597512,33.57809540998526,175.40361819800157,34.14186030516138,0.004052015748615625,0.008747635808120732,0.0012626155620203373,0.0010045964982649809,0.0010045964982651145,-0.000746577434509758
CB,KEY,-1,2022-12-06,2022-12-07,2023-01-10,22,signal,206.20699162940312,14.056134150110317,214.00191988209127,14.945905109782466,0.0033289074247582883,0.022294126094847256,-0.005089223994799788,0.0010227045705678227,0.0010227045705679875,-0.007134633135935599
CB,PNC,-1,2022-12-06,2022-12-07,2023-01-10,22,signal,206.20699162940312,130.85754366138215,214.00191988209127,141.4461732768072,0.0033635329070981104,0.0023401177986780864,-0.00041455252516860164,0.0010253045345507122,0.0010253045345508917,-0.0024651615942702055
MET,RF,-1,2022-12-06,2022-12-07,2022-12-09,2,signal,66.73342530920567,18.041217639832677,65.25562666432306,18.60785727717103,0.008808724762230876,0.0228407805834178,0.026959894237668494,0.0009998810945870842,0.0009998810945871211,0.024960132048494288
TRV,HBAN,-1,2022-12-06,2022-12-07,2023-01-05,19,signal,175.2815122077203,12.353663355650125,174.8241400850613,12.199993968177797,0.003696148158354645,0.028492388111339025,-0.0016910757746260445,0.0009968169252183795,0.000996816925218478,-0.003684709625062902
BAC,FITB,1,2022-12-07,2022-12-08,2022-12-22,10,signal,30.009149703584892,28.547617667510224,29.56997803054589,27.31648249446642,0.017782783087371874,0.016337166383783085,0.01328964078771224,0.0009860752245388228,0.0009860752245388997,0.011317490338634517
BAC,PNC,1,2022-12-07,2022-12-08,2023-01-06,19,signal,30.009149703584892,134.83630746217815,30.99755117519764,140.7303155693723,0.016764564190698647,0.003685302065413029,-0.004131932867973018,0.001019147465997781,0.0010191474659978668,-0.0061702277999686654
AON,NDAQ,-1,2022-12-08,2022-12-09,2023-01-04,16,signal,298.23721133016534,60.5947316682945,293.87982013100356,58.99829628254728,0.0020575634186722927,0.0063742187529434455,-0.00022010446398236863,0.000990315177470189,0.0009903151774703226,-0.0022007348189228802
CB,SCHW,-1,2022-12-08,2022-12-09,2022-12-19,6,signal,208.5278172292425,75.7930958848064,202.37998755830296,74.13514989602929,0.0032550869337165944,0.00423580416318583,0.013975292661805982,0.000986307150814881,0.0009863071508150257,0.012002678360176076
CVX,EOG,-1,2022-12-08,2022-12-09,2022-12-12,1,signal,147.6970577446812,108.04157273627392,144.9531556105266,105.90623957129348,0.004446549278126665,0.0031756357764299394,0.00641020922411383,0.0009903535635478128,0.0009903535635478274,0.00442950209701819
RF,FITB,-1,2022-12-08,2022-12-09,2022-12-15,4,signal,18.60785727717103,28.49852445829828,17.727382820912293,27.40123542380865,0.03086754889315826,0.014932225352413358,0.011771267936817962,0.0009781467488057594,0.0009781467488058082,0.009814974439206394
AXP,MET,-1,2022-12-09,2022-12-12,2022-12-19,5,signal,147.33828761163653,64.51458066914422,139.62671555121233,63.95955665216636,0.003086580782024352,0.008451941690071707,0.02009716280770469,0.000985803314889655,0.0009858033148896965,0.018125556177925335
HAL,BKR,1,2022-12-09,2022-12-12,2022-12-14,2,signal,30.49551424030677,25.258208187851835,34.259346756087375,27.2843970616849,0.01636446679878549,0.019833392749416395,0.022457806585317222,0.0010508940638650872,0.001050894063865182,0.020356018457586954
ALL,COF,-1,2022-12-20,2022-12-21,2023-01-12,14,signal,124.00175051368623,83.86969996186421,127.43558521772768,96.2510655561683,0.006386556601246803,0.0024772171763656594,0.009766962777365579,0.0010260109569789387,0.0010260109569790803,0.007714940863407561
ALL,JPM,-1,2022-12-20,2022-12-21,2023-01-12,14,signal,124.00175051368623,121.10341578377434,127.43558521772768,129.08647073050642,0.00533514968699285,0.0027932341835381898,0.004998668452697301,0.0010201486328735075,0.0010201486328736125,0.0029583711869501815
HAL,BKR,-1,2022-12-21,2022-12-22,2023-01-20,18,signal,35.67760568465326,27.099978512669583,37.252837344842796,27.957209780557232,0.01459350196874593,0.017687020279634195,-0.006807227131641294,0.001019052383100266,0.0010190523831004193,-0.00884533189784198
CVX,EOG,-1,2022-12-27,2022-12-28,2023-01-05,5,signal,153.32033200183636,114.9208782910198,147.15839248723216,108.38087827970014,0.004247543677603208,0.0030335099918713426,0.0073107959816611605,0.0009768441358076038,0.0009768441358077558,0.005357107710045801
PPL,EIX,-1,2022-12-29,2022-12-30,2023-01-04,2,signal,26.07956339058777,54.380487213993916,25.85895912138615,54.621162116161265,0.024064736029298206,0.006845732698505895,0.007954423035862062,0.000998043483112132,0.0009980434831122246,0.005958336069637705
AJG,ICE,1,2023-01-03,2023-01-04,2023-01-17,8,signal,181.82553848502732,99.38170556287831,189.88936946275064,102.34821130312434,0.0029539364432155405,0.004658158617905737,0.011020448755051593,0.001018858837018201,0.0010188588370183035,0.00898273108101509
AWK,NEE,-1,2023-01-04,2023-01-05,2023-01-18,8,signal,142.8036312901522,75.02438785128491,145.05580827030698,77.02908154560454,0.0035233898695191217,0.0066224296104419504,0.0063512491283478556,0.0010106038034608338,0.001010603803460864,0.004330041521426157
USB,AFL,-1,2023-01-04,2023-01-05,2023-01-09,2,signal,38.99807900903575,66.20147094421857,39.505267980677175,67.70119252382838,0.009497912939232975,0.009512312130547804,0.010458256634924633,0.0010096735571472751,0.0010096735571473855,0.008438909520629971
V,TROW,-1,2023-01-04,2023-01-05,2023-02-03,20,signal,207.67038028085395,91.93735024907107,222.35571738851883,104.16110415334035,0.003650421341551832,0.002628498075481922,-0.020434949054724726,0.0010426053184417862,0.0010426053184418608,-0.022520159691608373
AEE,AWK,1,2023-01-05,2023-01-06,2023-01-10,2,signal,77.4116894585115,142.1714388016529,79.6421538835308,145.01910332153312,0.009157015875405971,0.0020492754308359096,0.015602091643458035,0.0010133424298818111,0.0010133424298819581,0.013575406783694266
NTRS,COF,-1,2023-01-05,2023-01-06,2023-01-23,10,signal,82.61519908175443,88.55467367027141,83.31447406279545,97.8174103393487,0.008539481893368043,0.003323406289108457,0.025830569516675176,0.0010181782553933577,0.0010181782553934705,0.023794213005888347
CB,SCHW,-1,2023-01-06,2023-01-09,2023-01-10,1,signal,216.35640178809518,80.61076622635036,214.00191988209127,80.93759775600412,0.003112259194287495,0.004049944201344064,0.009648234081841841,0.0009968266637599686,0.0009968266637600854,0.0076545807543217876
CFG,MET,-1,2023-01-06,2023-01-09,2023-02-14,25,signal,35.54986544154521,64.55031319392128,37.37453292758841,64.96009922713971,0.011656548823977212,0.009073490627304004,-0.016538560879974386,0.0010125750270045212,0.0010125750270046517,-0.018563710933983558
MA,BLK,-1,2023-01-06,2023-01-09,2023-02-01,16,signal,363.7794061761505,679.6159404666982,361.14498122223364,689.465527394107,0.0018747450471139654,0.0004676523993883596,0.010544712049219071,0.0009996539552831376,0.0009996539552832569,0.008545404138652677
NTRS,AXP,-1,2023-01-06,2023-01-09,2023-01-20,8,signal,84.98991823672806,145.20507884008697,81.20546094915788,141.81083001207446,0.00644321670320733,0.0031152054764493633,0.014792772755708885,0.000982476885318411,0.0009824768853185493,0.012827818985071926
NTRS,JPM,-1,2023-01-06,2023-01-09,2023-01-20,8,signal,84.98991823672806,127.92344686789646,81.20546094915788,124.6237333968091,0.006521349252117393,0.003484087905533248,0.014165136790957517,0.000981860885332123,0.0009818608853322125,0.01220141502029318
NTRS,PNC,-1,2023-01-06,2023-01-09,2023-01-26,12,signal,84.98991823672806,142.8520853004147,84.88729128154208,140.5580951834131,0.006789683275802165,0.002960181010650978,-0.005097643794657638,0.0009961776670387866,0.0009961776670388176,-0.0070899991287352426
EIX,ED,-1,2023-01-09,2023-01-10,2023-02-21,28,signal,56.82118780363117,86.23970373383669,56.82739916372544,82.39753854097579,0.008288826645471885,0.00613461996060335,-0.022633444415257494,0.0009882637558564261,0.0009882637558566072,-0.024609971926970526
MET,FITB,1,2023-01-09,2023-01-10,2023-02-15,25,signal,63.66641559747363,29.848512922114853,64.56483403469971,32.135814701396704,0.009822867442943627,0.012554672797949766,-0.018872389170433962,0.0010188910414495992,0.001018891041449687,-0.02091017125333325
MET,PNC,1,2023-01-09,2023-01-10,2023-01-20,7,signal,63.66641559747363,141.4461732768072,62.30058095275989,129.70638538620221,0.009388140440915264,0.0028448147463098917,0.02155186696002883,0.0009769927139256923,0.000976992713925774,0.019597881532177362
MET,RF,1,2023-01-09,2023-01-10,2023-02-16,26,signal,63.66641559747363,18.56549619997426,64.59178283995486,20.051456371035044,0.008944663811386571,0.023193266792068203,-0.02516573822029386,0.0010214335834418083,0.0010214335834419284,-0.027208605387177596
PSX,KMI,1,2023-01-09,2023-01-10,2023-01-19,6,signal,90.06408618864913,15.447972692223901,90.18486787122563,15.265497967789361,0.0054002385297717195,0.0332482835343216,0.007716501964658634,0.000997280692871541,0.0009972806928716794,0.005721940578915414
TFC,KEY,-1,2023-01-09,2023-01-10,2023-01-30,13,signal,37.76186890833575,14.960858491583146,39.901924666608295,15.463545848679695,0.014026723385846068,0.03143501225514148,-0.013193110182587744,0.0010228767381535904,0.00102287673815382,-0.015238863658895156
USB,AFL,-1,2023-01-09,2023-01-10,2023-01-25,10,signal,39.754911464399825,66.14615449230328,39.93087846665902,66.73400816761165,0.009435019098725935,0.009449322940625815,0.004898300676973137,0.0010037334842116158,0.0010037334842116826,0.0028908337085498384
NTRS,KEY,-1,2023-01-10,2023-01-11,2023-01-24,8,signal,84.73101468982271,14.985530396614008,84.48513574248214,14.847307347010359,0.006816534469612705,0.028183871089695195,-0.001222482309653829,0.0009971359821008708,0.0009971359821009614,-0.0032167542738556613
AMP,MS,-1,2023-01-11,2023-01-12,2023-01-24,7,signal,314.07992885024845,80.06035423148244,317.7553134341848,85.54218370117489,0.001861326143226765,0.005187460431863401,0.022613243742878753,0.0010175596871197855,0.001017559687119861,0.020578124368639105
AXP,MET,-1,2023-01-11,2023-01-12,2023-02-27,30,signal,148.32820005134923,64.01462384935587,168.4033325430035,64.64568154955182,0.003090185548182303,0.008461812571647456,-0.0556622769409847,0.0010337153816172761,0.0010337153816173542,-0.057729707704219334
MA,PGR,-1,2023-01-11,2023-01-12,2023-01-26,9,signal,369.8777598714883,120.55315777229399,375.6859784515287,123.95412999164697,0.0012012675008488698,0.00460986119023833,0.00971217112571373,0.0010113855006687808,0.0010113855006689105,0.007689400124376038
NTRS,FITB,-1,2023-01-11,2023-01-12,2023-01-23,6,signal,86.30227276205687,30.035262938421898,83.31447406279545,30.25775441146905,0.007106434607805249,0.012871035443972147,0.02508699992642519,0.000990708213266857,0.0009907082132669543,0.023105583499891377
NTRS,SCHW,-1,2023-01-11,2023-01-12,2023-02-15,23,signal,86.30227276205687,79.3209910697154,86.02219996340094,76.37104591679878,0.006544869934529149,0.005485278539012891,-0.013357306413631852,0.0009909243855241476,0.000990924385524279,-0.015339155184680278
NTRS,ZION,-1,2023-01-11,2023-01-12,2023-01-23,6,signal,86.30227276205687,44.873986398849894,83.31447406279545,44.84651433179645,0.006733852101585427,0.00933217338900868,0.020852756348446345,0.000989735891407858,0.0009897358914079306,0.018873284565630553
NTRS,BAC,-1,2023-01-12,2023-01-13,2023-01-20,4,signal,86.09692766013087,31.128680648638888,81.20546094915788,30.27921209893965,0.006777104492937615,0.013377641977879792,0.022763759872242748,0.0009776649775981086,0.0009776649775981444,0.020808429917046494
VLO,KMI,-1,2023-01-12,2023-01-13,2023-02-02,13,signal,121.54103520058658,15.570643170481125,121.59972164858567,15.363788217832065,0.0046841188824248755,0.027655745485654165,-0.004998415985997064,0.000997206236127382,0.0009972062361274555,-0.006992828458251902
CB,SCHW,-1,2023-01-13,2023-01-17,2023-01-19,2,signal,217.47352614502884,78.47697424743454,211.0104073910951,73.86987481053396,0.0031283982879998446,0.0040709458033684875,0.002444290222636064,0.0009803326960418075,0.000980332696041955,0.0004836248305523016
TFC,HBAN,-1,2023-01-13,2023-01-17,2023-02-03,13,signal,39.145512684487294,12.44326523102587,41.047867145477134,13.166076332566707,0.0123480589573641,0.04152007362685748,0.007547554163759913,0.001026769051581589,0.0010267690515817405,0.005494016060596584
AMP,AJG,-1,2023-01-17,2023-01-18,2023-03-06,32,signal,318.99334470138024,188.25699079049355,328.414127062027,183.55888939472618,0.0014181315831520351,0.002909176758465268,-0.026027629350052074,0.0009998870430623116,0.0009998870430623851,-0.02802740343617677
DTE,PEG,1,2023-01-17,2023-01-18,2023-02-10,17,signal,104.53010308232098,55.337593625814264,99.5673799874991,52.669573008889046,0.004714947990490634,0.009164449969600492,0.002028028331712027,0.0009760681533301114,0.0009760681533302261,7.589202505168971e-05
TROW,MS,1,2023-01-17,2023-01-18,2023-02-03,12,signal,99.87740248613134,86.00418573702086,104.16110415334035,88.07560852224802,0.004155879515717067,0.006800092517923578,0.0047325416883649,0.0010158602614475688,0.0010158602614477276,0.0027008211654696032
TRV,CFG,1,2023-01-17,2023-01-18,2023-02-22,24,signal,172.6464548370548,34.64532316402262,172.53924877072103,36.080700599215255,0.004042181834458228,0.008726406004251726,-0.011952791981377407,0.0010062407013330913,0.001006240701333206,-0.013965273384043703
V,PGR,-1,2023-01-17,2023-01-18,2023-01-26,6,signal,217.65565274465348,118.63542716207587,219.74023663535255,123.95412999164697,0.0021679875413501354,0.00445190073808863,0.020173116925665358,0.0010141317769584838,0.0010141317769586653,0.018144853371748208
VLO,OKE,-1,2023-01-17,2023-01-18,2023-02-02,11,signal,124.84631698571032,58.35478883671351,121.59972164858567,57.15654783923153,0.00554871013938909,0.005262136983633574,0.01269675842669745,0.0009876502292565075,0.0009876502292565231,0.01072145796818442
AJG,ICE,1,2023-01-18,2023-01-19,2023-01-27,6,signal,184.29398772480505,101.87479544758799,192.4613286216708,102.25297180141547,0.0028991226847820857,0.0045717210163747244,0.022961949768145324,0.0010127432843824726,0.0010127432843825602,0.020936463199380292
BAC,PNC,-1,2023-01-18,2023-01-19,2023-02-01,9,signal,30.26102681007615,131.50636809977158,32.03889114302502,143.02849275474276,0.01690035515557261,0.003715152571374412,0.013796330660337114,0.0010364182659855108,0.0010364182659856698,0.011723494128365933
KMI,SLB,1,2023-01-18,2023-01-19,2023-01-24,3,signal,15.265497967789361,51.344481174483434,15.447972487792251,49.36887420079431,0.0396373748431153,0.007693534099910423,0.023428337913393008,0.0009961273446228134,0.0009961273446229442,0.02143608322414725
PGR,BLK,1,2023-01-18,2023-01-19,2023-03-16,39,signal,116.88205109289159,674.9117929673064,126.50859785498497,578.5577107792566,0.0063114747546142375,0.0003889978178562015,0.09925113480756301,0.001011900231808717,0.0010119002318089059,0.09722733434394538
ALL,COF,1,2023-01-19,2023-01-20,2023-02-08,13,signal,114.9779614402974,92.90262128353676,124.90187759777989,111.82624212117251,0.006623675011322316,0.0025691906504842327,0.01817184706902386,0.001057441331611754,0.0010574413316118546,0.01605696440580025
ALL,JPM,1,2023-01-19,2023-01-20,2023-02-07,12,signal,114.9779614402974,124.6237333968091,123.72620792391167,130.48927369501692,0.0055493808322452706,0.0029053955647936206,0.03253857698972523,0.0010329404053303747,0.0010329404053305102,0.030472696179064344
AON,AMP,-1,2023-01-19,2023-01-20,2023-01-26,4,signal,310.4001895599776,308.7542443801166,314.7724682007227,331.26741848403714,0.0019331305141326428,0.001295060991053521,0.021722457455844984,0.0010187091457758931,0.0010187091457759573,0.019685039164293133
AON,NDAQ,-1,2023-01-19,2023-01-20,2023-02-06,11,signal,310.4001895599776,57.890039618420865,303.814838475715,56.912550015218116,0.0020416245873401194,0.006324841126642575,0.008252402631551402,0.0009900543848562725,0.0009900543848563484,0.006272293861838781
BKR,MPC,1,2023-01-19,2023-01-20,2023-02-13,16,signal,27.985180975935474,114.08228717774993,30.305373439215348,116.84612688192453,0.01592245524882564,0.004859234435958655,0.0245381537567519,0.0010251381575105902,0.0010251381575107211,0.02248787744173059
CB,KEY,-1,2023-01-19,2023-01-20,2023-01-23,1,signal,209.9210918978453,13.644892827765645,210.97215067995754,14.378965754699976,0.003318267741204632,0.02222287074992828,0.013835220312559925,0.00100970698706964,0.0010097069870697488,0.011815806338420536
CB,PNC,-1,2023-01-19,2023-01-20,2023-01-23,1,signal,209.9210918978453,129.70638538620221,210.97215067995754,135.49514334251438,0.0033308695735772523,0.0023173928691924807,0.01092214773609783,0.0010082610440376317,0.001008261044037707,0.008905625648022492
CB,SCHW,-1,2023-01-19,2023-01-20,2023-03-08,32,signal,209.9210918978453,72.73935484597531,197.64901660042224,71.18208095739688,0.0032826317786039546,0.0042716479274305455,0.03460892938094979,0.0009763507987961066,0.0009763507987962342,0.03265622778335745
C,USB,-1,2023-01-20,2023-01-23,2023-01-26,3,signal,45.07119795728347,39.7350990681515,46.026562142584545,42.24650077941321,0.01094989029453633,0.012746452563182775,0.02257157792855316,0.0010212481692356001,0.001021248169235662,0.020529081590081898
ES,WEC,1,2023-01-20,2023-01-23,2023-01-31,6,signal,68.22006377693114,81.28552416260459,69.8541738636695,81.463218268224,0.007290467105127302,0.0061836468655377605,0.011821134408861683,0.0010065061745769407,0.0010065061745770695,0.009808122059707674
BAC,FITB,1,2023-01-23,2023-01-24,2023-03-08,30,signal,31.146893449335185,30.910803167218745,29.889890411243336,29.930673415185748,0.016794443404166297,0.015429171849469092,-0.005006171049804829,0.0009819049533991728,0.0009819049533993302,-0.006969980956603332
TRV,HBAN,1,2023-01-23,2023-01-24,2023-01-26,2,signal,173.86147214661383,12.618913759314205,178.3375549526887,12.74279237281505,0.0036886989725125976,0.028434964792513086,0.013998599239020693,0.0010101612048129065,0.001010161204812956,0.01197827682939483
CB,KEY,-1,2023-01-24,2023-01-25,2023-02-27,22,signal,217.20616730000324,14.590743575546602,202.45643700715743,15.198138692434393,0.003174783593317385,0.0212619387450852,0.06072446836050714,0.000982868851591768,0.000982868851591883,0.05875873065732349
CB,PNC,-1,2023-01-24,2023-01-25,2023-01-31,4,signal,217.20616730000324,137.37829249751252,216.74487290969003,142.28646745112815,0.0031964655099987194,0.0022238836483577306,0.013394250689644433,0.0010045290584276012,0.0010045290584276842,0.011385192572789148
AWK,NEE,-1,2023-01-25,2023-01-26,2023-02-15,14,signal,142.09816724998117,67.38824251108029,136.87927393508994,67.81392573435258,0.003720704134139056,0.0069932939987078935,0.0233866422249437,0.0009917563619364917,0.0009917563619365112,0.0214031295010707
AXP,COF,1,2023-01-25,2023-01-26,2023-03-13,31,signal,151.2492895566875,109.26959079004166,154.77851299578975,89.3326712551228,0.00421800437384265,0.0033144398531190066,0.08194056197346643,0.000974561416103213,0.0009745614161034341,0.07999143914125979
CVX,EOG,-1,2023-01-26,2023-01-27,2023-02-27,20,signal,157.923534894667,119.6008878156091,141.1099002525415,100.58397757135815,0.004108861995521167,0.002934466332708129,0.014217831173936692,0.0009374096502158465,0.0009374096502160113,0.012343011873504834
CVX,FANG,-1,2023-01-26,2023-01-27,2023-03-15,32,signal,157.923534894667,130.15347766901183,134.68677088034207,112.60001906441146,0.0044791283287474665,0.002246828226789999,0.06556889034584544,0.000928048651468845,0.0009280486514690518,0.06371279304290754
KMI,XOM,1,2023-01-26,2023-01-27,2023-02-06,6,signal,15.339721820226039,103.36079475152627,15.221606850043274,99.40350208000739,0.032349350644961326,0.004873859022672026,0.016454789986731486,0.0009884459811566818,0.0009884459811567822,0.014477898024418023
PSX,KMI,-1,2023-01-26,2023-01-27,2023-02-08,8,signal,97.87883193090872,15.339721820226039,89.4662246845561,15.280149133960245,0.005199546464865445,0.0320126591002701,0.042811839282612514,0.0009771771116525174,0.0009771771116526126,0.040857485059307384
AXP,FITB,-1,2023-01-27,2023-01-30,2023-03-01,21,signal,167.52576184892143,31.194489915404727,166.46535336921045,31.520312083285482,0.003593101668215911,0.012757402621336001,0.008966873304106573,0.0010000732480554058,0.0010000732480554366,0.0069667268079957306
AXP,PNC,-1,2023-01-27,2023-01-30,2023-03-14,30,signal,167.52576184892143,141.72105771095397,154.94296174483145,120.02694828986826,0.0034649744071392277,0.002959664333395627,-0.01966219042706987,0.0009460111404789633,0.000946011140479026,-0.021554212708027855
NTRS,AXP,1,2023-01-27,2023-01-30,2023-03-17,33,signal,85.95966001596726,167.52576184892143,76.2858718898154,151.7961391424558,0.0059896884705310715,0.0028959308968043553,-0.011442812500066991,0.0009482643147759812,0.0009482643147761141,-0.013339341129619086
AIG,AFL,1,2023-01-31,2023-02-01,2023-02-03,2,signal,57.42760177793427,67.56300610612055,54.105009629605775,63.26021644741832,0.0069994422907667785,0.008850117989472283,0.01579314162992478,0.0009692374645089801,0.0009692374645091091,0.01385466670090669
AON,AMP,1,2023-01-31,2023-02-01,2023-02-03,2,signal,308.6740513536889,331.6373726703258,307.0495832539517,327.12677372978453,0.0018839325567379121,0.0012621018323233529,0.003628152373009208,0.0009957055257533848,0.0009957055257535138,0.0016367413215023095
CB,FITB,1,2023-02-01,2023-02-02,2023-03-08,23,signal,202.50422366512555,32.269140806969716,197.4514663589426,29.930673415185748,0.003380403587042831,0.009781425595472626,0.006773394823285581,0.0009802089453894392,0.000980208945389598,0.004812976932506543
CB,PNC,1,2023-02-01,2023-02-02,2023-03-03,20,signal,202.50422366512555,144.46880060260142,199.10323758922812,132.4763204163927,0.0033007125615888027,0.0022964116680393143,0.017294783689284908,0.0009807897234481813,0.0009807897234482281,0.015333204242388498
TRV,HBAN,1,2023-02-01,2023-02-02,2023-02-23,14,signal,171.71182252648495,13.080580865559346,174.0985300621474,12.845486647188476,0.003669585542401717,0.02828762565849401,0.016409672594412453,0.0010011878838528726,0.0010011878838529179,0.014407296826706661
BLK,AJG,-1,2023-02-02,2023-02-03,2023-02-16,9,signal,686.0626133436095,187.30238405265547,650.8641139906752,181.3066705251286,0.0005442266743649921,0.0033462086900239996,7.357055934169993e-05,0.0009805170225607646,0.000980517022560901,-0.0018874634857799658
HAL,BKR,1,2023-02-02,2023-02-03,2023-03-03,19,signal,35.30768580137737,29.109838914363788,35.10111298415555,28.832816047445117,0.014166672139660453,0.01716971142127,0.0028261125304761374,0.0009961592229371873,0.0009961592229373551,0.0008337940846015949
KMI,SLB,-1,2023-02-02,2023-02-03,2023-02-09,4,signal,15.447419285980219,48.227554305403594,15.295441342836716,49.91029117180349,0.040304152413622146,0.007822954274582784,0.02029271722823931,0.0010034014822736202,0.0010034014822737289,0.01828591426369196
MET,PNC,1,2023-02-02,2023-02-03,2023-02-08,3,signal,62.11292526143889,143.77045042166682,63.65748800927295,140.733642650704,0.009463485411664172,0.002867645943307397,0.02432848433843427,0.0010030478219008,0.0010030478219009297,0.02232238869463254
OXY,KMI,1,2023-02-02,2023-02-03,2023-02-08,3,signal,58.855618075707575,15.447419285980219,60.4943945009913,15.29543692699072,0.006956828987334386,0.038223910610576825,0.01821275690422777,0.0010027094606545068,0.0010027094606545862,0.016207337982918676
USB,AFL,-1,2023-02-02,2023-02-03,2023-03-03,19,signal,41.51517403015977,63.26021644741832,39.59890015753012,62.349906801421916,0.009536488414705826,0.009550946087884506,0.010566827347251286,0.0009866221137080453,0.0009866221137081843,0.008593583119835055
AEE,AWK,1,2023-02-03,2023-02-06,2023-02-16,8,signal,75.95782880816823,142.6489554247512,75.97102496893247,135.24919950959756,0.009271306227226689,0.0020748528037655384,0.01646834241931447,0.0009925924641083612,0.0009925924641085299,0.014483157491097578
AON,AMP,1,2023-02-03,2023-02-06,2023-05-22,73,signal,303.814838475715,333.12659523931103,317.7742313614478,291.1597313874313,0.0018977278304180224,0.0012713436919253851,0.0808321008911113,0.000986664888138108,0.0009866648881381303,0.07885877111483507
PPL,EIX,1,2023-02-03,2023-02-06,2023-03-30,37,signal,25.189354034873617,56.14685284818897,24.546200721979744,59.07200790524511,0.024297240079324562,0.0069118734854176096,-0.03484275338995171,0.0010023987408452114,0.0010023987408453244,-0.036847550871642244
BAC,PNC,-1,2023-02-07,2023-02-08,2023-02-23,10,signal,33.10710105986687,140.733642650704,31.31072922748809,137.80839549758352,0.015613962498656724,0.003432368869899217,0.018988898210023024,0.0009809430507495612,0.0009809430507495805,0.017027012108523882
KMI,XOM,1,2023-02-10,2023-02-13,2023-03-09,17,signal,15.328928399119356,104.84189681696252,14.56925313341926,98.84006856526099,0.03212852141715206,0.004840588168606351,0.005618399624412233,0.0009732638433447177,0.0009732638433447795,0.0036718719377227364
AJG,ICE,1,2023-02-14,2023-02-15,2023-02-27,7,signal,180.8516467390251,102.8358997443646,178.82143433582144,98.05236142475107,0.0029153867021060147,0.004597368275181944,0.01705890905389805,0.0009860759829403683,0.0009860759829404952,0.015086757088017187
DTE,PEG,1,2023-02-16,2023-02-17,2023-03-13,15,signal,100.87390266948508,54.48354164820041,92.72330033405125,50.0060155454756,0.004836146720201561,0.009400024083473029,0.0036305797716804575,0.0009592353238636284,0.0009592353238638105,0.0017121091239530187
EOG,FANG,1,2023-02-16,2023-02-17,2023-03-27,25,signal,107.46491324799184,120.73105122581367,94.68630849669255,112.03951346483511,0.005320990267181086,0.003547155203125336,-0.036213948169749724,0.0009506499480523819,0.000950649948052502,-0.03811524806585461
V,PGR,1,2023-02-16,2023-02-17,2023-03-16,18,signal,218.39753781346266,129.93884384139062,209.41043868250205,126.63516973878183,0.00206080363046825,0.004231801626417016,-0.003556454685468363,0.0009836983904216554,0.0009836983904218661,-0.005523851466311885
MA,PGR,1,2023-02-21,2023-02-22,2023-03-16,16,signal,348.20106132374013,130.45881689416353,339.297646960423,126.63516973878183,0.0011779771632886217,0.004520484574995956,0.0077827447260564574,0.0009860255352097953,0.0009860255352099898,0.005810693655636672
EIX,ED,-1,2023-02-24,2023-02-27,2023-03-03,4,signal,58.245706494446516,81.60990026535346,55.409881192952156,79.70121508897181,0.00842852434221874,0.006238011226408352,0.012977530988348243,0.0009821079623711893,0.000982107962371322,0.011013315063605731
AEE,AWK,1,2023-03-01,2023-03-02,2023-03-08,4,signal,72.4168331586414,126.8890434506996,73.52063923015743,125.30303823629077,0.00992144995160729,0.00222035037404536,0.015476780890709453,0.001003936924832343,0.0010039369248324853,0.013468907041044625
PSX,KMI,-1,2023-03-01,2023-03-02,2023-03-08,4,signal,94.48558172177002,14.424761176793977,90.43279552865049,14.493979981424863,0.005455564506149157,0.033588915478497586,0.025425319084778374,0.0009900980003146455,0.000990098000314799,0.02344512308414893
C,USB,-1,2023-03-02,2023-03-03,2023-05-22,55,signal,45.8991031102416,39.59890015753012,41.47723350549003,26.319161822756513,0.010870159627673525,0.012653640385557144,-0.11907868552683418,0.0008919193192812791,0.0008919193192814942,-0.12086252416539695
NTRS,ZION,-1,2023-03-03,2023-03-06,2023-04-18,30,signal,84.86493074683955,43.33174320449018,77.76762433252443,27.250161138874887,0.0068999262798939524,0.009562328878620251,-0.10390797152085031,0.0008985140344915577,0.0008985140344916079,-0.10570499958983347
NTRS,KEY,-1,2023-03-08,2023-03-09,2023-04-18,27,signal,82.62202506406261,14.215199600343372,77.76762433252443,10.245654392741928,0.007071704522898961,0.02923890571466924,-0.08081157224255231,0.0009246982034408753,0.0009246982034410067,-0.08266096864943419
AMP,AJG,1,2023-03-09,2023-03-10,2023-05-19,49,signal,296.47416941556435,178.2550119634924,292.2365395795183,208.44144497839594,0.0015101543101567463,0.0030979535841373037,-0.09887216218594513,0.0010434811266496796,0.0010434811266497924,-0.1009591244392446
AMP,MS,1,2023-03-09,2023-03-10,2023-03-28,12,signal,296.47416941556435,82.19282033892527,283.35562788198854,75.81101443520234,0.0019029150391344225,0.005303367444028315,0.009852253768618532,0.000970662080457575,0.0009706620804576995,0.007910929607703256
AXP,FITB,-1,2023-03-09,2023-03-10,2023-04-10,20,signal,163.7303466903815,26.78420372577602,152.18517319608875,22.918702887474705,0.00386305094743047,0.013715864685669838,-0.007468036857118027,0.0009510561779893663,0.0009510561779894107,-0.009370149213096804
AXP,MET,-1,2023-03-09,2023-03-10,2023-04-06,19,signal,163.7303466903815,57.25553624567198,154.67919947175574,53.0029954511979,0.003119969554665836,0.00854336970683134,-0.007124022479889556,0.0009677019637740644,0.0009677019637741679,-0.009059426407437787
NTRS,COF,1,2023-03-09,2023-03-10,2023-03-22,8,signal,76.49730837937443,93.8997184057168,78.49991577143344,89.4458891510428,0.008847884227819434,0.0034434306969929073,0.034056666941659236,0.0010013762082363,0.001001376208236479,0.03205391452518645
AJG,ICE,-1,2023-03-10,2023-03-13,2023-03-16,3,signal,173.3762187219674,89.91785624081034,170.6098193659638,92.20433643226251,0.0031727248660817094,0.005003173210150193,0.02121796673620029,0.0010012862704826468,0.0010012862704828036,0.01921539419523484
ALL,JPM,1,2023-03-10,2023-03-13,2023-04-04,16,signal,107.32830378409965,120.9816558617192,105.83393818141104,120.44737871665644,0.005860061473721082,0.003068053379259356,-0.006122954522745609,0.0009949289728530195,0.0009949289728531743,-0.008112812468451802
NTRS,JPM,1,2023-03-10,2023-03-13,2023-03-22,7,signal,74.79459105203401,120.9816558617192,78.49991577143344,120.50276371422281,0.0071723120503369864,0.003831870476983868,0.029423211701096144,0.0010124138840852705,0.0010124138840854544,0.02739838393292542
NTRS,SCHW,-1,2023-03-10,2023-03-13,2023-04-18,25,signal,74.7198338395882,49.239928963652645,77.76762433252443,49.893980862034695,0.008620336924731388,0.007224734731980773,-0.020532279857577655,0.0010153496007670425,0.00101534960076713,-0.022562979059111827
OXY,KMI,-1,2023-03-10,2023-03-13,2023-03-27,10,signal,54.894678887197266,13.81361511181251,55.26974438843951,14.117619729283787,0.0076462916552267005,0.04201212495864054,0.010911922412269771,0.0010079026473747892,0.0010079026473749208,0.008896117117520062
TFC,HBAN,1,2023-03-10,2023-03-13,2023-03-16,3,signal,27.72108301310866,10.22508209505074,26.536360223969204,9.19979862228765,0.01610149352428583,0.054140913882826706,0.03739664056862296,0.0009626626816738697,0.0009626626816739992,0.03547131520527509
TFC,KEY,1,2023-03-10,2023-03-13,2023-03-16,3,signal,27.72108301310866,10.1708675238199,26.536360223969204,9.657018335174044,0.019797134041021236,0.04436696540434726,0.00032073589905753583,0.000976922581401266,0.0009769225814014058,-0.001633109263745136
TRV,CFG,-1,2023-03-10,2023-03-13,2023-03-27,10,signal,162.61503362790066,27.524150407469634,157.1685766618867,27.91886581404992,0.004502743929914579,0.009720683847187937,0.029350335928996593,0.0009894312087550788,0.000989431208755189,0.027371473511486326
ALL,COF,1,2023-03-13,2023-03-14,2023-04-04,15,signal,108.40205476897151,91.35475295771901,105.83393818141104,91.9462119526012,0.006954089239256029,0.002697351700617759,-0.018462167776610708,0.0009921170757895958,0.0009921170757897129,-0.020446401928190017
BAC,FITB,-1,2023-03-13,2023-03-14,2023-04-06,17,signal,27.44634756163447,25.407081630404555,25.394260537113922,23.350632713658943,0.01968888605384533,0.018088316423397137,0.004166768763909326,0.0009611598801966342,0.0009611598801967829,0.002244449003515909
CB,KEY,-1,2023-03-13,2023-03-14,2023-05-18,46,signal,186.76731648641345,11.303953838264526,191.49150706350912,8.475723997489867,0.0038091325472647754,0.025510256214732,-0.08917124692906622,0.0009726890299427149,0.0009726890299427899,-0.09111662498895172
CB,SCHW,-1,2023-03-13,2023-03-14,2023-03-16,2,signal,186.76731648641345,56.403308911823075,177.6866742134989,55.510612276917705,0.0038428875176833286,0.00500070175621157,0.03141188698309902,0.0009801097699035314,0.00098010976990356,0.02945166744329193
ES,WEC,1,2023-03-13,2023-03-14,2023-03-31,13,signal,64.90534101351587,80.92974880551492,67.65435434785002,83.59005250718769,0.007487807447385837,0.006351027497156402,0.004707147362523114,0.0010187268048436346,0.0010187268048436984,0.002669693752835781
MET,PNC,1,2023-03-13,2023-03-14,2023-04-04,15,signal,54.80057776756965,120.02694828986826,52.73347766195576,109.99351625747248,0.010969457298648485,0.003323988821706373,0.011648140331557685,0.0009720907530867885,0.000972090753086956,0.00970395882538394
NTRS,FITB,-1,2023-03-13,2023-03-14,2023-04-18,24,signal,76.63686151568592,25.407081630404555,77.76762433252443,24.214493420492655,0.008152018063538108,0.014764775759768116,-0.02583062306609363,0.0009956733354436246,0.0009956733354436968,-0.02782196973698095
RF,FITB,-1,2023-03-13,2023-03-14,2023-03-21,5,signal,17.00163457123395,25.407081630404555,16.05984445557671,23.823087984318015,0.034135852343921164,0.016513272289952315,0.006962658165352659,0.0009707682216940368,0.0009707682216941941,0.005021121721964427
TRV,HBAN,-1,2023-03-13,2023-03-14,2023-04-17,23,signal,163.7131893505752,11.142454571061732,158.31482387401397,9.961993656400601,0.004005677295029101,0.030878446222662736,-0.013855885880266358,0.000970802971322386,0.0009708029713223966,-0.015797491822911142
USB,AFL,1,2023-03-13,2023-03-14,2023-05-23,49,signal,33.29984611735443,58.77328954889233,26.715581741865044,62.260722186142544,0.010848923667428106,0.010865371041545632,-0.10834136716638168,0.000983064035588428,0.0009830640355885346,-0.11030749523755864
BKR,MPC,1,2023-03-14,2023-03-15,2023-04-05,15,signal,25.437452475573444,114.86301147077778,27.145085996552123,116.95357193608625,0.016529933614197714,0.005044625429118053,0.018700285780701494,0.0010193115259492232,0.0010193115259493279,0.016661662728802942
CB,FITB,-1,2023-03-14,2023-03-15,2023-05-18,45,signal,180.85710839897027,21.772516915391407,191.49150706350912,22.275214087661094,0.004099766290434825,0.011862950057923647,-0.03661054770015516,0.001024530014871588,0.0010245300148716847,-0.03865960772989843
CVX,EOG,-1,2023-03-14,2023-03-15,2023-03-17,2,signal,134.55215141919234,92.45566864780548,132.98144756406032,92.43418604615484,0.004984636459849218,0.0035599267846331373,0.008748789440923548,0.0009958782260264772,0.0009958782260266396,0.0067570329888704305
NTRS,BAC,-1,2023-03-14,2023-03-15,2023-03-20,3,signal,75.32283659274034,25.540837017975907,75.12792144588924,25.844771646865993,0.00795218711020739,0.015697192246677705,0.0073224350274526335,0.0010015130089687874,0.0010015130089689028,0.005319409009514943
AEE,AWK,-1,2023-03-15,2023-03-16,2023-03-23,5,signal,76.16382074316374,129.5577972513915,73.61570936894951,125.2881963845697,0.009507370718857128,0.002127682368481083,0.01612460943705983,0.0009831244542569363,0.0009831244542570401,0.014158360528545855
EIX,ED,1,2023-03-15,2023-03-16,2023-03-22,4,signal,56.97928000057587,84.75681958203965,57.065624559479026,83.12809633736455,0.0083534293167574,0.006182432860272681,0.01178604985941732,0.0009953045815639166,0.0009953045815639665,0.009795440696289438
HAL,BKR,1,2023-03-15,2023-03-16,2023-04-06,15,signal,27.368301535364598,24.281363279759663,30.615196963185447,26.921766271916443,0.01760629957343154,0.021338468194372573,0.0018803943855898245,0.001056736068234406,0.0010567360682345308,-0.0002330777508791123
NTRS,PNC,-1,2023-03-15,2023-03-16,2023-03-20,2,signal,75.91683092136856,108.78766726417653,75.12792144588924,110.08435502754864,0.008106316528021918,0.0035342096645504615,0.01197689743416373,0.0009989810887586397,0.000998981088758758,0.009978935256646332
TROW,MS,-1,2023-03-15,2023-03-16,2023-04-18,22,signal,89.42009324305477,75.80205254641986,96.50154613740506,79.82831734566444,0.004685276365239916,0.007666322528162818,-0.0012798162258426463,0.001032103116818854,0.0010321031168189063,-0.0033440224594804063
AIG,AFL,1,2023-03-17,2023-03-20,2023-04-20,22,signal,44.24500683300171,57.2258840900548,48.84523050679217,62.05055643790388,0.008575175510126895,0.010842480285203182,-0.011817933590817419,0.0010457558347072653,0.0010457558347074535,-0.013909445260232137
MET,RF,1,2023-03-17,2023-03-20,2023-04-03,10,signal,49.64784647328445,15.67605421885264,52.34719105422596,15.948554978876116,0.011075307650787269,0.028717967557589374,0.023089319936186178,0.0010189162325461901,0.001018916232546278,0.02105148747109371
NTRS,BAC,-1,2023-03-20,2023-03-21,2023-04-17,18,signal,77.92390408220703,26.227914746222925,76.12794435063458,27.245005337866218,0.007709534717304984,0.01521820939482601,0.030325034164108283,0.0010007226655336303,0.0010007226655337727,0.02832358883304088
AON,NDAQ,-1,2023-03-23,2023-03-24,2023-05-02,26,signal,293.44194609484276,49.58738822339613,315.39413495249937,52.05040250028182,0.002236481123578685,0.006928496001215989,-0.03099775546787329,0.0010329159651696752,0.0010329159651698496,-0.033063587398212815
AXP,PNC,-1,2023-03-23,2023-03-24,2023-03-29,3,signal,153.84882946362768,104.85557703817136,155.13486073177037,112.5809113114479,0.00410770177348348,0.0035086603832212705,0.022839008923000205,0.0010160675321182599,0.0010160675321183154,0.020806873858763626
MET,FITB,1,2023-03-23,2023-03-24,2023-04-03,6,signal,47.74142528946635,21.715925839554018,52.34719105422596,23.77106226926249,0.01324736295873926,0.016931543497731554,0.027265663324983896,0.0010480443896597645,0.0010480443896598909,0.025169574545664243
TFC,KEY,-1,2023-03-23,2023-03-24,2023-03-29,3,signal,26.669546625598883,9.18290273774827,28.221008909677142,10.47001310467218,0.021163024580865254,0.04742803566844791,0.029258363936860474,0.0010468819993977286,0.001046881999397843,0.027164599938064905
CFG,MET,-1,2023-03-24,2023-03-27,2023-03-31,4,signal,27.91886581404992,49.989555740581274,26.834100469152112,51.68240666621462,0.014964370338134326,0.011648308264902034,0.03695351402999769,0.0010018342506709556,0.0010018342506710608,0.034949845528655675
KMI,SLB,-1,2023-03-24,2023-03-27,2023-04-04,6,signal,14.117619729283787,41.85062665192821,14.751266104477729,47.985722886695655,0.044956459903650416,0.008725957726740466,0.02608897460523264,0.0010408820706672007,0.001040882070667288,0.02400721046389815
DTE,PEG,1,2023-03-27,2023-03-28,2023-04-26,20,signal,94.5730717246558,52.4987371066448,102.02679801147185,56.52931567673276,0.0050859859028003825,0.009885636797333426,-0.000896431284780147,0.001038857724145806,0.0010388577241458314,-0.0029741467330717843
VLO,OKE,-1,2023-03-28,2023-03-29,2023-04-06,6,signal,123.91213862797872,51.58670192322259,122.72294780095162,55.163194924229224,0.005784623755987024,0.005485866415457781,0.027505344651093853,0.001006160303328914,0.0010061603033290237,0.025493024044435916
CB,PNC,-1,2023-03-30,2023-03-31,2023-04-27,18,signal,187.05156310001698,112.23917738203558,189.7346876548136,113.7100979149884,0.003770817138833717,0.0026234785108013715,-0.005251862400372132,0.001006781247182335,0.0010067812471824496,-0.007265424894736916
NTRS,PNC,-1,2023-03-31,2023-04-03,2023-04-18,10,signal,79.10292539801758,110.89352249908646,77.76762433252443,110.55491105751042,0.007845233245379116,0.0034203820021862937,0.010311632553262165,0.000994064722166242,0.000994064722166277,0.008323503108929646
TRV,CFG,-1,2023-03-31,2023-04-03,2023-05-23,35,signal,160.52191759629522,26.40282329567738,170.02167310832507,23.85463465803601,0.004596156674470834,0.009922346604667174,-0.06793744153961662,0.0010089340395927986,0.001008934039593029,-0.06995530961880245
BLK,AJG,1,2023-04-03,2023-04-04,2023-05-23,34,signal,614.1492914341034,187.51995928587823,614.1158681850774,206.18821543262604,0.0005658040612235857,0.003478878481519394,-0.06393121143295497,0.0010322941734963445,0.001032294173496367,-0.06599579977994768
CB,SCHW,-1,2023-04-03,2023-04-04,2023-05-16,29,signal,189.2381862249656,49.13528894579496,192.1346929459024,48.409335799554675,0.003948822630575758,0.0051385538017497115,-0.014164538050748184,0.0010036025380070132,0.0010036025380070989,-0.016171743126762297
CVX,FANG,-1,2023-04-03,2023-04-04,2023-05-01,18,signal,147.99959712731157,129.04605585605378,145.17848687732112,123.83790839990544,0.004699831328459865,0.0023575376535122533,0.001967374598737002,0.0009870359977063895,0.0009870359977064904,-6.697396675878079e-06
KMI,XOM,1,2023-04-03,2023-04-04,2023-05-03,20,signal,14.751266104477729,103.54161969435953,14.046039915752054,97.24427316356152,0.03294717351071453,0.00496392897184007,0.008997111909369915,0.000972740623669844,0.00097274062366991,0.00705163066203016
MA,BLK,-1,2023-04-03,2023-04-04,2023-05-23,34,signal,359.051344276055,614.1492914341034,374.4205245101768,614.1158681850774,0.0019517791958894957,0.00048686845469421295,-0.028998736866880554,0.0010147820975585924,0.0010147820975586275,-0.031028301061997773
V,TROW,-1,2023-04-03,2023-04-04,2023-04-28,17,signal,222.8702610442572,95.39400025368707,222.75228208248686,93.73609042564959,0.003428929685934166,0.0024690122693095187,-0.002691372374730665,0.0009974857677726582,0.0009974857677727438,-0.004686343910276067
VLO,KMI,1,2023-04-04,2023-04-05,2023-04-06,1,signal,115.56842321024514,14.677973798746871,122.60028618395917,14.851725394404596,0.004945231690876653,0.02919739495161486,0.030721100211703916,0.001020002550083058,0.0010200025500831716,0.028681095111537686
AEE,AWK,-1,2023-04-05,2023-04-06,2023-05-09,22,signal,80.67099313836218,139.06189895623777,79.93383565801349,136.38097652716735,0.008943194658032606,0.0020014237536829273,0.0022206806445910342,0.0009937996355307709,0.000993799635530763,0.0002330813735295003
CFG,MET,1,2023-04-05,2023-04-06,2023-05-05,20,signal,24.763968771188832,53.0029954511979,22.958335977480445,49.476977657345934,0.015144650964532616,0.011788639215221107,0.015186695543218942,0.0009654223358757225,0.0009654223358758048,0.013255850871467415
PGR,BLK,-1,2023-04-05,2023-04-06,2023-05-10,23,signal,133.7171716496645,605.581077906105,123.41487179089037,593.3203957348733,0.005844895820403239,0.0003602409592261231,0.05676648538201965,0.0009674159030610406,0.0009674159030610865,0.054831653575897525
MA,PGR,1,2023-04-10,2023-04-11,2023-05-18,27,signal,356.6573757074297,135.250925758219,379.52675063560645,125.19687880350062,0.0011418602846374748,0.00438188613868696,0.0711602737639818,0.0009909538104244382,0.0009909538104244907,0.06917836614313287
BAC,PNC,-1,2023-04-11,2023-04-12,2023-04-26,10,signal,26.24745604860491,107.52065456996584,26.34699851186581,109.10549035572372,0.020046224286449373,0.00440669920948932,0.005992908804913725,0.0010044647451977495,0.001004464745197912,0.003983979314518063
NTRS,AXP,-1,2023-04-11,2023-04-12,2023-04-20,6,signal,81.39799143912006,157.1732656783933,77.57842490668169,152.95655442293688,0.006353570438758257,0.003071862756994349,0.012296101872539218,0.0009813751258038882,0.0009813751258039905,0.01033335162093134
NTRS,JPM,-1,2023-04-11,2023-04-12,2023-05-31,34,signal,81.39799143912006,120.16476190262044,65.1457030935127,127.06074156130202,0.006867862866151789,0.0036692158361325586,0.1378781427227839,0.0009568173347131163,0.0009568173347131949,0.13596450805335758
CVX,EOG,-1,2023-04-13,2023-04-14,2023-04-27,9,signal,149.17571117291277,108.5691797625339,144.0704305147481,103.2384890527451,0.004410152969882085,0.0031496422674498355,0.006705490923276658,0.0009801910408431648,0.0009801910408431904,0.004745108841590302
V,PGR,-1,2023-04-13,2023-04-14,2023-05-18,24,signal,226.75349435632992,126.11071280916035,226.84692570499027,125.07174449185297,0.0020588744575825687,0.004227840124780196,-0.003587023459122247,0.0009979318984595302,0.0009979318984596793,-0.005582887256041457
PPL,EIX,-1,2023-04-14,2023-04-17,2023-04-21,4,signal,25.460917980786373,61.20393684051643,25.60195053357119,62.616618702231946,0.02332321675047139,0.006634791561754715,0.007089755634194318,0.0010062387361128569,0.0010062387361129037,0.005077278161968558
AJG,ICE,-1,2023-04-17,2023-04-18,2023-05-23,25,signal,197.2485335338818,103.25968262133912,206.18821543262604,103.67253226831379,0.0027770111004001017,0.004379159280511555,-0.02200439827522309,0.0010132632286304645,0.0010132632286305094,-0.024030924732484065
VLO,KMI,1,2023-04-17,2023-04-18,2023-05-18,22,signal,114.11939637329293,14.786701094004327,100.85052172892708,13.932430725216959,0.004965022521312112,0.02931424300419662,-0.03988337718377036,0.0009545950760557557,0.0009545950760558794,-0.04179256733588199
BKR,MPC,-1,2023-04-19,2023-04-20,2023-06-16,40,signal,27.979178761250306,116.54352407771611,28.38532375693814,106.91115338293349,0.01573754892261642,0.004802804496373257,-0.051674008818690075,0.0009801112042589818,0.0009801112042590807,-0.05363423122720814
VLO,OKE,1,2023-04-19,2023-04-20,2023-05-16,18,signal,111.13079850081165,54.58770711198684,102.11715045152845,48.75995351116495,0.006139881817153274,0.00582277653248233,-0.020453488204789518,0.0009555386552684368,0.0009555386552685183,-0.022364565515326472
RF,FITB,1,2023-04-21,2023-04-24,2023-05-01,5,signal,15.477720617205307,24.17923019944112,15.5990808812336,23.07398935498252,0.036801808627637704,0.017802932837536683,0.02513527621658123,0.0009924704816136171,0.0009924704816137604,0.023150335253353853
TFC,HBAN,1,2023-04-21,2023-04-24,2023-05-01,5,signal,26.24628923962245,9.9273117825943,26.994167641374165,9.72895451457853,0.016770015725127305,0.05638880491541471,0.02472768636182862,0.001000624514273419,0.001000624514273588,0.022726437333281616
TRV,HBAN,-1,2023-04-24,2023-04-25,2023-05-23,20,signal,166.97019165802482,9.546699728045898,170.02167310832507,9.16434117884189,0.004156115279193302,0.032038123066732205,-0.0239323430831686,0.0010000158516144447,0.0010000158516146299,-0.025932374786397674
AWK,NEE,-1,2023-04-25,2023-04-26,2023-05-02,4,signal,138.62848701470676,69.34075769918977,134.67823270544775,69.16319834063106,0.0037179841415193524,0.006988181604016424,0.01443818986692547,0.0009920240332329275,0.0009920240332330589,0.012454141800459482
AXP,COF,1,2023-04-25,2023-04-26,2023-05-02,4,signal,149.9992636256161,89.73351280707902,152.33124989040917,86.52097185694412,0.004535749633575289,0.0035641189569455586,0.023026933436079165,0.000999749489701652,0.0009997494897016868,0.021027434456675827
NTRS,AXP,1,2023-04-25,2023-04-26,2023-07-10,50,signal,69.56923303703543,149.84933932414123,66.28564333803962,164.1281625174477,0.007041223317660291,0.00340433334007833,-0.07071764558721491,0.0010127166210404594,0.0010127166210405335,-0.07274307882929591
NTRS,BAC,1,2023-04-25,2023-04-26,2023-05-31,24,signal,69.56923303703543,26.320664680269747,65.08058994699245,25.74238027949678,0.00822936615351421,0.016244328860698334,-0.026567946221395224,0.0009768993178419748,0.0009768993178420494,-0.02852174485707925
NTRS,COF,1,2023-04-25,2023-04-26,2023-06-16,36,signal,69.56923303703543,89.73351280707902,69.05813098670484,106.42376815039529,0.009571710276220674,0.003725130227657106,-0.06603670575249568,0.0010287896815540623,0.001028789681554129,-0.06809428511560388
NTRS,FITB,1,2023-04-25,2023-04-26,2023-06-01,25,signal,69.56923303703543,22.645441633910576,64.70256562932035,21.582779056962536,0.009044047378790639,0.016380401818026243,-0.02563811874663973,0.0009694118581636017,0.000969411858163715,-0.027576942462967047
NTRS,PNC,1,2023-04-25,2023-04-26,2023-05-31,24,signal,69.56923303703543,109.10549035572372,65.08058994699245,104.39309999545516,0.008537791178129745,0.003722324929128184,-0.019809892616600377,0.0009721566455306576,0.0009721566455306878,-0.021754205907661722
AXP,PNC,1,2023-04-26,2023-04-27,2023-05-02,3,signal,150.74071526205663,113.7100979149884,152.33124989040917,109.03770828506526,0.004034839988346324,0.0034464243025467186,0.023515860940311308,0.000995271047450556,0.0009952710474505871,0.021525318845410164
AIG,AFL,1,2023-04-27,2023-04-28,2023-05-09,7,signal,47.84967149699895,64.33279993280055,49.13146998593259,62.63487985292011,0.007739395643483814,0.009785717456716974,0.027532241322139266,0.0009965295152657584,0.000996529515265863,0.025539182291607645
NTRS,KEY,1,2023-04-27,2023-04-28,2023-06-01,23,signal,69.03767860674296,8.982607046834964,64.70256562932035,8.090967287649523,0.009419606844149003,0.03894662107183475,-0.005146336050350399,0.0009623679883614236,0.0009623679883615632,-0.0070710720270733855
ES,WEC,1,2023-05-02,2023-05-03,2023-05-04,1,signal,66.75432791882051,84.34485256094766,66.07478361847426,83.50171698556349,0.007230836484061792,0.006133069214239879,0.0012522755415333283,0.0009949404201941812,0.0009949404201943174,-0.0007376052988551703
MET,RF,-1,2023-05-02,2023-05-03,2023-05-08,3,signal,53.61387402398896,14.364830656774865,49.32575831995501,14.45309712267751,0.011004769584150805,0.028535064294482545,0.05068600140267262,0.000977586850021595,0.0009775868500217152,0.048730827702629306
RF,FITB,1,2023-05-02,2023-05-03,2023-05-19,12,signal,14.364830656774865,21.70224757020444,14.589932147627044,22.244556645549917,0.04022299609846649,0.019457937660371568,-0.00048807917038168683,0.0010098806220381327,0.0010098806220382992,-0.0025078404144581188
CVX,EOG,1,2023-05-03,2023-05-04,2023-06-05,21,signal,136.00259338153364,99.52492380997533,138.36725101592955,102.01927400764754,0.0048297774947642464,0.003449329636358209,0.0038271039590577014,0.00101016979391656,0.0010101697939165918,0.0018067643712245496
HAL,BKR,1,2023-05-03,2023-05-04,2023-05-24,14,signal,26.914635172974897,25.458361093355,28.478611343175835,26.411527357250353,0.017309536226618776,0.020978797202134337,0.0080989220892073,0.001023501663722377,0.0010235016637224798,0.006051918761762443
EOG,FANG,-1,2023-05-04,2023-05-05,2023-05-11,4,signal,102.92603348569648,115.42310534515873,98.40923597537906,113.66377458823392,0.005559135558354877,0.003705911048610923,0.019573684080191025,0.0009841177209453703,0.000984117720945515,0.01760544863830014
PSX,KMI,1,2023-05-04,2023-05-05,2023-05-18,9,signal,83.66565450094903,14.411647736440191,83.7417337212906,13.932430725216959,0.005800527428916416,0.03571278926699095,0.01854712900024381,0.0009916532609094294,0.0009916532609095395,0.016563822478424844
KMI,SLB,-1,2023-05-05,2023-05-08,2023-05-22,10,signal,14.547686808723578,42.81387769889566,14.026049984894057,41.48804353862156,0.04374281324203792,0.008490391370156183,0.012543840356631532,0.0009828291043364318,0.000982829104336572,0.01057818214795853
OXY,KMI,1,2023-05-08,2023-05-09,2023-05-19,8,signal,55.22265097484656,14.267104164971682,55.5531191110134,14.153714073886821,0.007483681104583601,0.041118670316671525,0.008134388348756967,0.0009988204299624364,0.0009988204299625448,0.006136747488831986
ALL,COF,-1,2023-05-09,2023-05-10,2023-05-19,7,signal,109.63454739693148,85.3415704075134,110.91979768583025,94.44423812407715,0.007004020828860286,0.002716719162480816,0.016744073596574434,0.0010166015750358768,0.00101660157503599,0.014710870446502568
AON,NDAQ,-1,2023-05-09,2023-05-10,2023-05-22,8,signal,327.1785860863951,52.53119122863611,318.0921645594082,52.649995611507876,0.002040817654525324,0.006322341292987993,0.02028579204613569,0.000990940721783763,0.0009909407217838571,0.018303910602568068
MET,FITB,1,2023-05-09,2023-05-10,2023-06-08,20,signal,48.063775290355906,22.116546308347733,49.729951342979824,23.894589089379895,0.013102518941744122,0.016746417387593422,-0.006918812067357491,0.0010259311870191444,0.0010259311870192077,-0.008970674441395843
AXP,COF,1,2023-05-10,2023-05-11,2023-06-02,15,signal,142.4882189874897,81.1654704811528,158.71889665140284,102.92759833259495,0.0048490153787135665,0.0038102781304026087,-0.0031359531431209703,0.0010810010809969173,0.0010810010809970496,-0.005297955305114937
AXP,FITB,1,2023-05-10,2023-05-11,2023-05-23,8,signal,142.4882189874897,20.97061248576854,148.59878241633922,22.67692043077355,0.0046101863307066535,0.016368588648761357,0.001269190363376492,0.0010282072306787011,0.0010282072306788254,-0.0007872240979810345
CVX,FANG,1,2023-05-10,2023-05-11,2023-06-05,16,signal,134.50501904145193,113.66377458823392,138.36725101592955,119.79395178909705,0.005222408132634968,0.0026196735487378016,0.005129406590238358,0.00101831797878029,0.0010183179787803453,0.0030927706326777226
CB,PNC,-1,2023-05-11,2023-05-12,2023-05-18,4,signal,194.44575991425074,100.58894253953781,191.49150706350912,104.96927672083746,0.0037808467960167504,0.0026304564652132713,0.02369180252836841,0.0009999467360242511,0.000999946736024385,0.021691909056319774
MET,PNC,1,2023-05-12,2023-05-15,2023-06-08,17,signal,45.403658164385334,98.89754649572548,49.729951342979824,112.33760216623573,0.013268915577983384,0.004020775673452548,0.00442159565808907,0.0010558255955489628,0.0010558255955490205,0.0023099444669910864
TFC,HBAN,-1,2023-05-12,2023-05-15,2023-06-07,16,signal,23.130180235796253,8.062620761554001,28.179633179944954,9.823273072390865,0.019905018944653255,0.0669301835195009,0.01844054485746717,0.0011092190925375577,0.0011092190925378104,0.016222106672391802
AEE,AWK,1,2023-05-15,2023-05-16,2023-06-13,19,signal,76.61749572945263,136.03894170295914,74.36337413329541,134.38907976225434,0.009342390126520522,0.0020907608780042337,-0.016621459441799734,0.0009879571023824227,0.0009879571023825267,-0.018597373646564684
AXP,MET,-1,2023-05-15,2023-05-16,2023-05-26,8,signal,144.48143776935603,45.884843582627724,147.14891983335275,47.79806282494189,0.0037018286726304907,0.010136666524304694,0.010533705492849385,0.0010146016338584197,0.001014601633858559,0.008504502225132406
CFG,MET,-1,2023-05-15,2023-05-16,2023-06-08,16,signal,22.56046768506985,45.884843582627724,25.208971373476093,49.729951342979824,0.017161255103944187,0.013358369590329697,0.006961245526650783,0.001048522389699221,0.0010485223896993159,0.004864200747252247
ES,WEC,-1,2023-05-15,2023-05-16,2023-05-23,5,signal,66.2905577202136,82.38176167284682,63.37112540499095,79.68362579513358,0.0073441082095727275,0.006229144313449522,0.005614439536686819,0.000980890462739813,0.000980890462739882,0.0036526586112071236
EIX,ED,1,2023-05-16,2023-05-17,2023-06-02,11,signal,60.21472247491174,86.45241742203571,56.61904230514855,82.01814849940482,0.00805148496605787,0.005958961683950679,-0.0015546291380404038,0.0009722970852696052,0.0009722970852696894,-0.0034992233085796983
MET,RF,1,2023-05-16,2023-05-17,2023-06-14,19,signal,45.004190180458046,13.717616197621162,50.16529803694124,16.109434660123636,0.012411737999597952,0.032183294626620715,-0.011847706972244965,0.0010705727975271842,0.0010705727975273494,-0.013988852567299499
TFC,KEY,-1,2023-05-18,2023-05-19,2023-08-31,71,signal,25.462705065979375,8.376072600346989,26.23583626599168,9.647137043209387,0.022605249419841527,0.050660177220026234,0.047956397020076286,0.0010408706971328165,0.001040870697132977,0.045874655625810494
EOG,FANG,-1,2023-05-19,2023-05-22,2023-05-23,1,signal,102.00658290262825,116.28213667023545,102.10862681820238,119.21119437215549,0.005569896624571644,0.003713084745630708,0.011313121895856888,0.0010056564846998464,0.0010056564847,0.009301808926457041
DTE,PEG,1,2023-05-22,2023-05-23,2023-06-05,8,signal,97.31247496887951,55.27258806479303,97.55508044372465,54.17986284567524,0.0048839814785188685,0.009493000559627388,0.012553505755283934,0.0009953839929488944,0.000995383992948975,0.010562737769386064
AIG,AFL,-1,2023-05-23,2023-05-24,2023-06-06,8,signal,50.876598107157314,61.140584602333746,50.44687768772738,62.89788067983734,0.007802151621118885,0.009865066322461279,0.021695686047516274,0.0010070998276590951,0.001007099827659206,0.019681486392197974
AON,NDAQ,1,2023-05-23,2023-05-24,2023-07-19,37,signal,306.35193250074497,51.40321734762799,325.71374637649654,49.418822625016944,0.0021481222836516305,0.006654765155624463,0.0558115893303798,0.0010143646369254519,0.0010143646369255989,0.05378286005652875
AXP,FITB,1,2023-05-23,2023-05-24,2023-06-22,19,signal,145.88743132692034,22.486772184283815,160.9218368885521,23.42693418867525,0.004430771201023352,0.0157315704797582,0.0528646477574752,0.0010408614049665075,0.001040861404966586,0.05078292494754211
CB,SCHW,1,2023-05-23,2023-05-24,2023-06-20,17,signal,188.23712171860353,49.937949753654756,186.91493152485995,51.63282011315341,0.0039500837163183745,0.005140194836950149,-0.012932741276805146,0.0010019845485720173,0.001001984548572095,-0.014936710373949258
NTRS,ZION,1,2023-05-23,2023-05-24,2023-06-14,14,signal,65.36193085744269,25.839069374106586,68.06731933125296,26.34670776929601,0.009885672058667305,0.01370015324462518,0.020806860115377877,0.00101700067894178,0.0010170006789419247,0.01877285875749417
V,TROW,1,2023-05-24,2023-05-25,2023-06-22,18,signal,217.13468301514402,88.00112694916534,220.73041160341265,93.87313330192768,0.0035660365481408043,0.002567736523231481,-0.0012410418683114072,0.001014223745363069,0.0010142237453632048,-0.003269489359037681
ALL,COF,1,2023-05-25,2023-05-26,2023-07-05,25,signal,102.56124475367284,95.36487787933083,102.22496484138374,104.02965852332065,0.00716750224302524,0.002780130323215994,-0.025488438603322377,0.001011067834665173,0.0010110678346652551,-0.027510574272652803
AON,AMP,1,2023-05-25,2023-05-26,2023-06-16,14,signal,304.53370231820213,293.8147074977778,325.2254139578288,315.95757494272084,0.0019947534276644253,0.0013363439933581443,0.012719917832968382,0.0010355430213544515,0.0010355430213545474,0.010648831790259383
CB,FITB,1,2023-05-25,2023-05-26,2023-06-20,15,signal,183.0050687182108,22.08128985373133,186.91493152485995,23.223993505464783,0.004051219157628825,0.011722475657400713,0.0034592547662950814,0.0010148594013658983,0.0010148594013659944,0.0014295359635631887
CB,PNC,1,2023-05-25,2023-05-26,2023-06-22,17,signal,183.0050687182108,105.44653886236338,187.85911413554308,111.95719141744124,0.003901482068743719,0.0027143862963325154,0.002284064484713095,0.0010185194038091609,0.0010185194038092637,0.00024702567709467037
PPL,EIX,1,2023-05-25,2023-05-26,2023-06-05,5,signal,23.10398788861883,55.886387985988684,23.55156823948859,56.9571070941298,0.025642023732038298,0.007294426172161836,0.004676321373287744,0.001009736879749686,0.0010097368797498468,0.0026568476137882116
ALL,JPM,1,2023-05-26,2023-05-30,2023-07-27,40,signal,101.02467915859054,127.12580078412213,105.55353960107632,147.76746800862898,0.005967847803183619,0.0031244852467113386,-0.036421180307290996,0.0010458545605916865,0.0010458545605917572,-0.03851288942847444
ES,WEC,1,2023-05-30,2023-05-31,2023-06-05,3,signal,59.43006380512574,77.09453616503329,60.98209683678738,77.52792632634231,0.008011323899648707,0.00679506500839022,0.010496592876024297,0.0010076678765207083,0.0010076678765208059,0.008481257122982783
AXP,MET,-1,2023-05-31,2023-06-01,2023-06-22,14,signal,153.01428237745307,45.18576829173233,161.08283922660968,49.439707439336,0.0036132315888528096,0.009894062348719748,0.013970746162113547,0.0010355714918904775,0.0010355714918905401,0.011899603178332531
AXP,PNC,-1,2023-05-31,2023-06-01,2023-06-22,14,signal,153.01428237745307,103.71189607672879,161.08283922660968,111.8452901766442,0.004138494523935213,0.003534962512625566,-0.0036094980998207446,0.0010309369928629096,0.0010309369928629486,-0.005671372085546603
HAL,BKR,1,2023-06-06,2023-06-07,2023-06-12,3,signal,29.287067095894354,28.608888617943613,29.387952036027073,27.53535416234696,0.01563400101211775,0.018948083437776132,0.022909236974047592,0.0009905812799322435,0.0009905812799323405,0.020928074414183005
ES,WEC,1,2023-06-09,2023-06-12,2023-06-23,8,signal,61.53139366404178,80.30644391620866,61.89669398691586,79.91477442053991,0.007713118828244128,0.0065421326751818965,0.006380062186092239,0.0010001035822819865,0.0010001035822820785,0.0043798550215281735
CVX,FANG,-1,2023-06-15,2023-06-16,2023-06-21,2,signal,138.4720665209119,113.20706376097583,133.45324153102374,113.12953093513886,0.00512032549440149,0.002568466676280921,0.026485725733860616,0.0009868486656770493,0.0009868486656770216,0.024512028402506544
DTE,PEG,-1,2023-06-15,2023-06-16,2023-06-26,5,signal,103.32789267428977,56.18558158317515,99.63025594537918,55.312971153938555,0.004705151959517604,0.009145409412645453,0.010404890090915562,0.000987327023410552,0.0009873270234106455,0.008430236044094364
TFC,HBAN,1,2023-06-16,2023-06-20,2023-06-22,2,signal,26.90607502032968,9.543695400275316,26.71803135923169,9.359536994889464,0.016949398021722958,0.056991973898306916,0.008301440675775295,0.0009931165002827424,0.0009931165002827987,0.006315207675209754
BAC,FITB,1,2023-06-20,2023-06-21,2023-07-21,21,signal,26.57571533660314,23.70322825836697,29.3996351106863,26.199467337260447,0.020682673745974274,0.01900131608136383,0.012027355028019854,0.0010529714085599049,0.0010529714085599881,0.009921412210899962
KMI,SLB,1,2023-06-21,2023-06-22,2023-06-30,6,signal,14.136689918352232,43.76848723544395,14.709230006246601,45.19582614509068,0.044190594894708064,0.008577304881148457,0.014077065808200985,0.0010188997198463667,0.0010188997198464598,0.012039266368508158
AMP,MS,-1,2023-06-26,2023-06-27,2023-07-24,18,signal,306.1917110398612,75.87981265161822,339.07998870181336,84.92826219639248,0.0019315684954192428,0.005383223771869902,-0.013760109583742033,0.0010560227286909838,0.0010560227286911489,-0.015872155041124165
AWK,NEE,1,2023-06-26,2023-06-27,2023-07-07,7,signal,129.74383456569447,67.70026703790153,130.65873998971213,65.92293923429133,0.003891209597527407,0.00731376958367041,0.01755434435512781,0.0009952895581044493,0.0009952895581045516,0.015563765238918809
CFG,MET,1,2023-06-26,2023-06-27,2023-07-20,16,signal,22.460496460567196,49.54854924108324,26.731531581514236,55.118105584838304,0.016383425384048186,0.012752904732789914,1.6532664310203726e-05,0.0010703689034391587,0.0010703689034392812,-0.0021242051425682364
MET,PNC,-1,2023-06-27,2023-06-28,2023-09-13,53,signal,49.60296182623759,109.59506017978809,58.77682337775039,112.70515834243211,0.012074245096911837,0.0036587640245085602,-0.09832738810363995,0.0010609494842893762,0.0010609494842895245,-0.10044928707221885
NTRS,SCHW,1,2023-06-27,2023-06-28,2023-07-20,15,signal,65.70589041205669,52.98562286107,73.58504802831459,63.08977830444777,0.009082428925052217,0.007612015664644828,-0.004276767633123499,0.0010743328409281777,0.0010743328409282666,-0.006425433314979943
TFC,HBAN,1,2023-06-27,2023-06-28,2023-07-10,7,signal,25.85326606176462,9.2270374632765,26.78588614876779,9.526829755154615,0.017580385284664858,0.059113654536973835,-0.00030898449599238084,0.0010170130252047367,0.0010170130252048224,-0.0023430105464019397
C,USB,1,2023-06-29,2023-06-30,2023-08-28,40,signal,42.20806229102778,29.051607748009,37.822440353675084,31.38366207147921,0.013154082147996574,0.015312288945516561,-0.09240887891377506,0.000989041957835193,0.0009890419578353407,-0.09438696282944559
EIX,ED,-1,2023-06-29,2023-06-30,2023-07-24,15,signal,58.706256002244,80.40679231674322,62.40433900631523,87.02477091295022,0.008459125700446926,0.006260659510784134,0.011186725332851852,0.0010363636744676614,0.0010363636744677121,0.009113997983916478
NTRS,KEY,-1,2023-06-29,2023-06-30,2023-07-13,8,signal,67.23101455502267,8.048518142957226,68.15360370650687,8.718994022551884,0.009947706073906182,0.04113011778565527,0.0194173191184261,0.0010182129241963498,0.001018212924196522,0.01738089327003323
PPL,EIX,1,2023-06-29,2023-06-30,2023-07-20,13,signal,23.472639973109334,58.706256002244,24.291449624379613,60.99075721447357,0.024894495064720464,0.007081775535367069,0.005223894469488285,0.00101836644227864,0.0010183664422787242,0.00318716158493092
BLK,AJG,1,2023-06-30,2023-07-03,2023-07-18,10,signal,641.0656125810317,212.15828592835103,673.3929095081686,209.96562278513971,0.0005139102399715582,0.00315980636724881,0.024546397773727188,0.0010046778911195309,0.0010046778911196254,0.02253704199148803
MET,FITB,-1,2023-06-30,2023-07-03,2023-09-13,50,signal,51.435076641737794,23.581308925074143,58.77682337775039,25.173481087548147,0.012257128965767684,0.015665918786069974,-0.06398857775726038,0.0010573190292907956,0.0010573190292909591,-0.06610321581584214
NTRS,ZION,-1,2023-06-30,2023-07-03,2023-07-10,4,signal,67.82185491454081,24.321412227644018,66.35196214077902,25.66971676305607,0.009847850694089205,0.01364773814451203,0.033878395058002185,0.0010018032473138607,0.0010018032473139787,0.03187478856337435
V,PGR,-1,2023-06-30,2023-07-03,2023-07-27,17,signal,231.1058092134244,120.67334472502796,231.74699899221147,115.58301525460385,0.0020881322854619656,0.004287920241961146,-0.022176048236448722,0.0009897676162276628,0.0009897676162277638,-0.024155583468904146
V,TROW,-1,2023-06-30,2023-07-03,2023-07-21,13,signal,231.1058092134244,95.39467754655445,234.011570347038,103.44587872610226,0.003334707804934452,0.002401167489295508,0.010656660872289706,0.001014242681718277,0.001014242681718354,0.008628175508853074
MA,BLK,-1,2023-07-03,2023-07-05,2023-07-19,10,signal,381.19349137267113,642.6171513628291,391.1587511956428,686.7953142121413,0.001846367530148493,0.00046057366944691157,0.002966936388033619,0.0010191699817309059,0.0010191699817310158,0.0009285964245716973
MA,PGR,-1,2023-07-05,2023-07-06,2023-07-28,16,signal,386.67354855525423,119.51225308721057,391.11945125760434,115.49165314604853,0.001183059854574273,0.004539989390770236,-0.022519710254660392,0.0009935398272403594,0.0009935398272404605,-0.02450678990914121
CVX,EOG,1,2023-07-06,2023-07-07,2023-08-14,26,signal,132.98994939029595,99.85521420571276,143.01297867859944,118.81397109691451,0.004895391792904223,0.003496190044190332,-0.016158940066223926,0.0010578217090209494,0.0010578217090211142,-0.01827458348426599
KMI,SLB,1,2023-07-07,2023-07-10,2023-07-24,10,signal,14.28988714977675,48.68897921781546,15.18536712710146,51.85528020477568,0.042126715828010274,0.008176710138419457,0.012865616832600481,0.0010319116795345327,0.001031911679534693,0.010801793473531256
NTRS,BAC,-1,2023-07-07,2023-07-10,2023-07-11,1,signal,66.28564333803962,26.400266713165934,67.75324779985431,26.438451828538447,0.008445555439798224,0.01667107495475292,-0.010751695051586053,0.0010064528738340625,0.0010064528738342416,-0.012764600799254358
ALL,COF,1,2023-07-10,2023-07-11,2023-07-21,8,signal,99.65800929930906,104.87477041867767,104.44399812210533,110.62296472415093,0.007127209141700688,0.0027645014375860233,0.019245067426039073,0.001025215557132808,0.0010252155571329807,0.017194636311773284
CB,SCHW,1,2023-07-10,2023-07-11,2023-08-01,15,signal,181.20951820336367,55.412307090805164,197.68612284059955,62.86980813507608,0.003948474355072059,0.005138100595166127,0.027791969827034316,0.0010519095122674708,0.0010519095122675996,0.025688150802499244
TROW,MS,-1,2023-07-10,2023-07-11,2023-08-01,15,signal,97.57080259178565,75.87074876140971,105.39573155820827,83.15174144663213,0.0045105649814110305,0.007380449569267404,0.01948672922654402,0.0010445804770298022,0.0010445804770298573,0.017397568272484364
TRV,HBAN,1,2023-07-10,2023-07-11,2023-08-23,31,signal,159.4946547397032,9.587674796712225,151.38686058985925,9.368343513629194,0.004285221877280573,0.03303336328515319,-0.026519264888325622,0.0009791820251925957,0.0009791820251927284,-0.028477628938710947
BKR,MPC,-1,2023-07-11,2023-07-12,2023-07-21,7,signal,31.977378997963562,113.52967682778727,32.54177053531885,117.16548592306367,0.015009789332041274,0.004580705931273961,0.009195759281515439,0.0010125850702927396,0.0010125850702928567,0.007170589140929842
KMI,XOM,-1,2023-07-12,2023-07-13,2023-08-02,14,signal,14.930293858109387,95.29149791218748,15.06560751303377,95.45677258492921,0.03414423996454875,0.005144282920850996,-0.0027672377575585945,0.001002724470425165,0.0010027244704252768,-0.004772686698409036
NTRS,JPM,1,2023-07-12,2023-07-13,2023-07-20,5,signal,68.15360370650687,139.1332420847491,73.58504802831459,144.7328331793963,0.007018042203378305,0.0037494504612482146,0.018152255414461842,0.0010295393513421486,0.0010295393513422473,0.016093176711777447
AEE,AWK,-1,2023-07-13,2023-07-14,2023-08-02,13,signal,76.84214728609648,134.37985676525238,76.59301840702959,132.84966021786954,0.009351141094788061,0.002092719282850386,0.00012438263199507317,0.0009970151543133763,0.0009970151543136482,-0.0018696476766319513
AJG,ICE,1,2023-07-13,2023-07-14,2023-07-21,5,signal,207.45403594893716,112.21872711055545,212.61358864242368,111.44749880718679,0.0026014551061077492,0.0041023193134174275,0.017591342534124137,0.0010051730704582415,0.001005173070458278,0.015580996393207617
AMP,AJG,-1,2023-07-13,2023-07-14,2023-08-02,13,signal,329.0326632323936,207.45403594893716,331.41090021060165,211.5479621953475,0.0013252774938366713,0.002718694463469547,0.00898551762567745,0.0010072069479382566,0.0010072069479383251,0.006971103729800868
PGR,BLK,1,2023-07-13,2023-07-14,2023-08-01,12,signal,104.44064727926899,689.616986879366,115.50078481262543,681.3135873655754,0.006806741531722631,0.0004195228065541266,0.07980309347483272,0.0010361305120055377,0.001036130512005643,0.07773083245082155
TRV,CFG,1,2023-07-13,2023-07-14,2023-08-17,24,signal,159.07888706575952,25.113821982285348,156.8619974763543,25.071471365695423,0.004689483022751982,0.010123822846792897,-0.008972484979332548,0.000994830973689961,0.0009948309736901443,-0.010962146926712654
CVX,FANG,1,2023-07-14,2023-07-17,2023-07-25,6,signal,134.04762639629433,120.2708054305843,141.38870447023115,128.68937665452899,0.005145587470042448,0.0025811386329137108,0.017074605440913822,0.0010299455071204888,0.0010299455071205487,0.015014714426672786
NTRS,AXP,1,2023-07-14,2023-07-17,2023-08-22,26,signal,64.66857682204653,166.93720579337707,69.23085879876047,155.33522094915358,0.006878125596949852,0.0033254778652189085,0.07095845345485449,0.0009963612182449448,0.0009963612182450033,0.06896573101836453
NTRS,BAC,1,2023-07-14,2023-07-17,2023-07-21,4,signal,64.66857682204653,26.890473735220624,72.58511817918907,29.429049452968126,0.00849306165107249,0.016764849676216182,0.02573178615947818,0.00105495264973102,0.0010549526497311149,0.023621880860016046
NTRS,COF,1,2023-07-14,2023-07-17,2023-08-22,26,signal,64.66857682204653,105.42526578148508,69.23085879876047,99.8384300966251,0.00946196243562557,0.003682418425207697,0.06475263265995476,0.0010114253110197055,0.001011425311019826,0.06272978203791522
NTRS,FITB,1,2023-07-14,2023-07-17,2023-07-21,4,signal,64.66857682204653,24.066562520479913,72.58511817918907,26.199467337260447,0.009238135439752314,0.016731930319976544,0.038500984089949765,0.0010545175917806727,0.0010545175917807434,0.036391948906388354
NTRS,KEY,1,2023-07-14,2023-07-17,2023-07-24,5,signal,64.66857682204653,8.625698069509056,71.43067852739146,9.763497930149816,0.00996828102958818,0.041215187684619715,0.021569195632859556,0.0010573002871668681,0.0010573002871669475,0.01945459505852574
NTRS,PNC,1,2023-07-14,2023-07-17,2023-08-23,27,signal,64.66857682204653,112.93771415107034,67.54008605244591,106.52338460208927,0.00877965262130753,0.003827772211751089,0.05076385525181874,0.0010004093054303844,0.0010004093054304664,0.048763036640957894
NTRS,ZION,1,2023-07-14,2023-07-17,2023-07-20,3,signal,64.66857682204653,27.300812171158046,73.58504802831459,33.02928808566634,0.00975702304429602,0.013521863776676333,0.010620906325097601,0.001082362255690738,0.0010823622556907992,0.008456181813716063
BAC,PNC,-1,2023-07-18,2023-07-19,2023-08-01,9,signal,28.495595671646456,116.59641878286322,29.401342524812904,121.83783237713435,0.018474702678236386,0.004061236496429246,0.005572201061970865,0.0010189846940349525,0.0010189846940350522,0.00353423167390086
EOG,FANG,-1,2023-07-18,2023-07-19,2023-08-08,14,signal,110.36397727651644,123.69795897208783,112.93038721716212,129.31760241214567,0.005185665153794393,0.0034569428261127704,0.007134540326904621,0.0010162968510428322,0.0010162968510429088,0.00510194662481888
AON,AMP,1,2023-07-19,2023-07-20,2023-08-17,20,signal,324.48528644588066,337.440242830371,314.32594298299955,322.3912710646398,0.0018165391519396452,0.0012169530081904542,0.0008407512896867649,0.0009817049875325888,0.00098170498753265,-0.001122658685378474
USB,AFL,-1,2023-07-19,2023-07-20,2023-10-27,70,signal,33.73171244530783,66.89059754246055,27.818771876740126,72.51082638824633,0.009929785132344692,0.0099448390580598,0.11560528349310928,0.0009987828061032169,0.0009987828061033396,0.11360771788090272
NTRS,ZION,1,2023-07-20,2023-07-21,2023-08-17,19,signal,72.6577396080827,33.93215142700893,69.85806295227165,31.7971224451428,0.00835630271374748,0.01158066209939107,0.0023061510005863393,0.000976047425756995,0.0009760474257571063,0.000354056149072238
OXY,KMI,1,2023-07-20,2023-07-21,2023-07-26,3,signal,57.220830533888005,15.074837030525677,59.06941172796468,15.319716317234036,0.007139719535297674,0.03922879257182607,0.004603344342867138,0.0010113118223529722,0.001011311822353094,0.002580720698161072
TFC,HBAN,1,2023-07-20,2023-07-21,2023-08-23,23,signal,28.502273696101607,10.51125915225635,24.26911871309674,9.368343513629194,0.01566180877666165,0.052662483697402715,-0.005173386618385109,0.0009367010607002373,0.0009367010607003853,-0.007046788739785732
AXP,COF,1,2023-07-21,2023-07-24,2023-08-15,16,signal,161.93478764592828,109.64872576267577,158.68397052788595,102.617849436183,0.004031328846404689,0.0031677532324081983,0.010149434814039557,0.000982466426480017,0.0009824664264801782,0.00818450196107936
AXP,FITB,1,2023-07-21,2023-07-24,2023-08-15,16,signal,161.93478764592828,25.396648854415798,158.68397052788595,23.509820066111452,0.003967145004992494,0.014085453393541456,0.014660785179273042,0.0009804091120056255,0.0009804091120057517,0.012699966955261665
AXP,MET,1,2023-07-21,2023-07-24,2023-10-05,52,signal,161.93478764592828,55.61626911574847,141.1042393659669,54.45620824509923,0.003182450086333492,0.008714459287086343,-0.05522107639925847,0.0009618005448639018,0.000961800544864032,-0.057144677488986405
AXP,PNC,1,2023-07-21,2023-07-24,2023-08-15,16,signal,161.93478764592828,119.74472909870371,158.68397052788595,112.31650333411581,0.00378519849134086,0.003233188951284029,0.012693824318555176,0.000981954899685084,0.000981954899685204,0.01072991451918489
BAC,FITB,-1,2023-07-21,2023-07-24,2023-08-02,7,signal,29.51955658288198,25.42205820794698,28.77342599674617,25.360945020020164,0.01891143031387279,0.01737406243303169,0.014040971125707956,0.0009923588834736125,0.000992358883473776,0.012056253358760568
HAL,BKR,1,2023-07-21,2023-07-24,2023-07-26,2,signal,34.62890836392974,33.21841190245752,35.44032652167689,32.952753822092305,0.01335260280406047,0.016183076350495238,0.01613694324497888,0.0010032338789024773,0.0010032338789026044,0.014130475487173796
VLO,KMI,-1,2023-07-21,2023-07-24,2023-08-31,28,signal,113.2247327329795,15.200560090710363,121.44762603101393,15.085106456184247,0.004926522743889934,0.029086934502348585,-0.04284995591534369,0.0010185072435222146,0.0010185072435223237,-0.044886970402388225
VLO,OKE,-1,2023-07-21,2023-07-24,2023-08-24,23,signal,113.2247327329795,56.56323885429419,118.59155918751807,55.26898371083977,0.005991737606181717,0.005682283496825133,-0.0384987277671634,0.001012212768678333,0.0010122127686784483,-0.04052315330452018
CB,FITB,-1,2023-07-26,2023-07-27,2023-09-01,26,signal,199.42988956772763,25.5203495381853,195.34751074460308,23.896955355929027,0.003658479454517403,0.010586056858445122,-0.0012663346798843025,0.000983709387191555,0.0009837093871916634,-0.003233753454267521
CB,PNC,-1,2023-07-26,2023-07-27,2023-10-02,46,signal,199.42988956772763,122.55067264602201,200.44118809241647,109.1451093867217,0.003511858905545098,0.00244331295643617,-0.0353203349042787,0.0009851892255875534,0.000985189225587727,-0.03729071335545398
PSX,KMI,-1,2023-07-26,2023-07-27,2023-10-04,48,signal,98.6488274602738,15.353760122808394,102.55341127806277,13.789136991221596,0.00517648620672947,0.031870681297502194,-0.06909248442662799,0.0009851450266783893,0.000985145026678511,-0.0710627744799849
AWK,NEE,-1,2023-07-27,2023-07-28,2023-09-05,26,signal,138.16511587521342,67.0317860642063,127.73434486371794,61.09272005205802,0.0037855606301211817,0.007115195802177675,-0.001812197189507203,0.000959104286059769,0.0009591042860598442,-0.0037304057616268163
AON,NDAQ,1,2023-07-28,2023-07-31,2023-08-25,19,signal,310.10570847384463,48.45181002585768,322.88732740847354,50.12685303277395,0.0021733136136518117,0.0067328065159254534,0.017520432067426518,0.0010197061037089646,0.0010197061037091203,0.015481019860008435
ES,WEC,1,2023-08-01,2023-08-02,2023-09-27,39,signal,61.34829298636148,79.28323927546333,52.43256284715033,72.95347976988639,0.007776174745700937,0.006595615603053716,-0.026637184300168655,0.000944430689288911,0.0009444306892889286,-0.028526045678746493
AIG,AFL,1,2023-08-02,2023-08-03,2023-09-05,22,signal,57.02564472092374,71.40237387674432,54.803287130859815,70.03937124381436,0.006787773801634464,0.008582483651527181,-0.002400417934179562,0.0009864948794099247,0.0009864948794100022,-0.004373407692999489
BKR,MPC,1,2023-08-02,2023-08-03,2023-08-29,18,signal,33.251644017887294,126.96053061074224,33.78187099306191,134.73916992419845,0.013888815636265508,0.004238605802921005,-0.024586238175455723,0.001020122853814294,0.0010201228538144554,-0.026626483883084473
AJG,ICE,-1,2023-08-03,2023-08-04,2023-09-14,28,signal,215.20018000522225,108.83535811736715,224.01735245751706,112.78749070720227,0.002584994049095885,0.00407636133630666,-0.0056626244895964205,0.0010193933442764636,0.001019393344276563,-0.007701411178149447
EIX,ED,-1,2023-08-03,2023-08-04,2023-08-21,11,signal,60.774800634174056,81.09608727237288,59.34444594689844,80.36465554474061,0.008278488122259443,0.006126968345534665,0.008351552643176302,0.0009918373960696356,0.0009918373960697258,0.00636787785103694
HAL,BKR,-1,2023-08-03,2023-08-04,2023-08-22,12,signal,37.10450041117497,33.4010897445059,36.397122578616276,32.88101236473847,0.012889212972218157,0.01562145753064486,0.001984577888963701,0.0009914010539747089,0.0009914010539747386,1.7757810142533543e-06
MET,RF,-1,2023-08-03,2023-08-04,2023-08-09,3,signal,58.53675582335364,17.694396105299436,57.97127364076802,17.988194961792626,0.009576325060097026,0.024831147004503097,0.013711486432616035,0.0010008826411457019,0.0010008826411457695,0.011709721150324563
OXY,KMI,-1,2023-08-04,2023-08-07,2023-08-24,13,signal,60.21098382918724,15.05695623674161,57.94802296198921,14.877750050124591,0.006996462644161175,0.03844167553745308,0.009932455247164719,0.0009887201548508338,0.0009887201548509717,0.007955014937462913
RF,FITB,-1,2023-08-07,2023-08-08,2023-08-23,11,signal,17.598840505257545,24.34083997646476,15.90157022922768,22.209792757591295,0.03404060699243419,0.0164671972012857,0.023637207919621088,0.0009534722917889524,0.0009534722917890107,0.021730263336043127
PPL,EIX,1,2023-08-08,2023-08-09,2023-09-14,25,signal,23.418824818462706,60.48202806987907,23.084860279867303,61.611352700594864,0.024617721017047782,0.007003041193716949,-0.015130236672754264,0.0009999160779563306,0.0009999160779563961,-0.017130068828666987
BLK,AJG,1,2023-08-09,2023-08-10,2023-10-03,37,signal,647.5878711999718,217.00208443905018,596.2046517480111,218.75864507857838,0.0005044947028049077,0.0031019144009554423,-0.03038168075516196,0.0009895820153183453,0.0009895820153184064,-0.03236084478579871
CFG,MET,1,2023-08-14,2023-08-15,2023-09-29,32,signal,25.754351379268535,57.47439024240859,23.566837759170344,57.7515890738634,0.01418397684834075,0.011040847761610883,-0.03310227936591886,0.0009858732747729411,0.0009858732747730263,-0.03507402591546483
MET,RF,-1,2023-08-14,2023-08-15,2023-10-04,35,signal,57.47439024240859,17.321971526009364,55.06951231112912,14.428103082356685,0.009765997882022795,0.02532296340530831,-0.048843749380234086,0.000951542534760521,0.0009515425347606005,-0.05074683444975521
AEE,AWK,1,2023-08-15,2023-08-16,2023-09-11,17,signal,71.80255171559898,131.23926463378902,71.68556020590263,127.8087101924148,0.009886133417455504,0.002212446783320579,0.0074291635610000935,0.0009958380957431944,0.000995838095743239,0.0054374873695136605
AMP,AJG,1,2023-08-15,2023-08-16,2023-09-11,17,signal,322.59312388960086,217.50580584098498,334.4167874193772,222.24829478479015,0.0013006440820512864,0.0026681611068338647,0.003738589803792809,0.001013936355074138,0.0010139363550741819,0.001710717093644489
CB,KEY,-1,2023-08-16,2023-08-17,2023-08-29,8,signal,195.57620947974806,8.99091012954712,194.32527836353051,9.448320121770097,0.003908429411944405,0.026175260235428488,0.01786528306059187,0.0010032815129290156,0.001003281512929149,0.015858720034733705
MA,PGR,1,2023-08-16,2023-08-17,2023-08-29,8,signal,389.3306972216371,124.72842155750915,400.01661601990077,120.58232045396427,0.0011520463997625183,0.004420975331361411,0.03163743162382074,0.0009969466440242062,0.0009969466440243149,0.029643538335772216
PGR,BLK,-1,2023-08-16,2023-08-17,2023-11-15,63,signal,124.72842155750915,626.8600014820917,145.77272513061322,652.709210530532,0.006119687417194316,0.00037717730701691506,-0.11796585074737098,0.0010689739751633858,0.0010689739751636202,-0.12010379869769798
MA,BLK,-1,2023-08-22,2023-08-23,2023-09-22,21,signal,392.0146806329333,620.997612020075,397.438909725069,627.2990876986466,0.00182801884026461,0.00045599661569603465,-0.006035965346434755,0.0010061760445811922,0.0010061760445812804,-0.008048317435597228
EOG,FANG,1,2023-08-24,2023-08-25,2023-09-06,7,signal,113.72206918705541,133.9898917485496,119.7467074519227,137.6287373992073,0.004925327300662826,0.0032833926551978105,0.01874643130210401,0.0010208750623031597,0.0010208750623033024,0.016704681177497547
DTE,PEG,1,2023-08-29,2023-08-30,2023-09-14,10,signal,94.8721934660486,55.41166560323249,96.18442895636402,55.57070451665218,0.004936263468203097,0.009594621124634387,0.0059555932923044145,0.001003971298116261,0.001003971298116456,0.003947650696071697
ALL,COF,-1,2023-08-30,2023-08-31,2024-01-03,85,signal,103.17998250868604,98.47263386680352,136.49313028407465,125.53489533806156,0.007071732228251848,0.0027429830558558135,-0.16019569966136915,0.0011546364175624108,0.0011546364175626235,-0.16250497249649418
ALL,JPM,-1,2023-08-30,2023-08-31,2024-01-03,85,signal,103.17998250868604,138.86037705809463,136.49313028407465,161.98975834984992,0.005685176065342517,0.002976491580707386,-0.11941770069667652,0.0011290010153006042,0.001129001015300808,-0.12167570272727793
TFC,HBAN,-1,2023-08-30,2023-08-31,2023-09-18,11,signal,26.20961354108814,9.738146322696956,24.82001622951105,9.512337470266809,0.016963338098838446,0.057038847097584444,0.011674164461255302,0.000981832050780355,0.0009818320507804222,0.009710500359694526
BAC,FITB,1,2023-08-31,2023-09-01,2023-09-28,18,signal,26.77855805501694,23.896955355929027,25.272815658799914,22.232274848332896,0.0205210470160252,0.018852828481516763,0.0014534335189280538,0.0009689079394859834,0.0009689079394860229,-0.00048438236004395255
KMI,SLB,1,2023-08-31,2023-09-01,2023-10-02,20,signal,15.039659386196115,55.14829113532377,14.342084525257437,54.01687003478113,0.03884751906697635,0.007540224695042211,-0.017585618934102886,0.000982264454052345,0.0009822644540524146,-0.019550147842207644
CVX,EOG,-1,2023-09-01,2023-09-05,2023-10-10,25,signal,145.71869126744622,118.71499858255729,147.179458138359,114.1566187611704,0.00433777239427941,0.0030979495207770075,-0.019462134644751897,0.0009959701455565279,0.0009959701455566367,-0.021454074935865063
KMI,XOM,1,2023-09-01,2023-09-05,2023-10-05,22,signal,14.806151374685468,103.3399387108085,13.737297183142122,99.54494848119732,0.032920646714554753,0.004959932357928871,-0.015391498187719028,0.0009729782035781468,0.0009729782035782971,-0.01733745459487547
NTRS,JPM,-1,2023-09-01,2023-09-05,2023-10-18,31,signal,69.96716271557797,137.8301130663671,63.545900435931785,138.17109335591581,0.006963676388982959,0.00372040504915841,0.046962478079477184,0.0009783007643375757,0.0009783007643376365,0.045005876550801974
OXY,KMI,-1,2023-09-01,2023-09-05,2023-09-26,15,signal,61.52237181323491,14.806151374685468,59.20604924337905,14.368002495446811,0.006999660606990169,0.03845924656665819,0.00034613312733056817,0.0009835370615727008,0.0009835370615728547,-0.0016209409958149873
CVX,FANG,-1,2023-09-05,2023-09-06,2023-10-10,24,signal,146.60033343157517,137.6287373992073,147.179458138359,140.11492262421422,0.004636568642163529,0.0023258037135934304,0.004101282101548564,0.0010040547279224037,0.001004054727922525,0.0020931726457036354
VLO,KMI,-1,2023-09-06,2023-09-07,2023-10-03,18,signal,123.55358262162731,14.434269491748468,126.22924932981516,13.884171818035842,0.004789388826089644,0.02827727513559654,-0.027371540618131046,0.0009985308874274348,0.0009985308874274853,-0.029368602392985967
NTRS,BAC,-1,2023-09-07,2023-09-08,2023-10-04,18,signal,69.42210880123709,26.18265120258134,61.5977152482297,24.072891693588822,0.008256672717258239,0.016298230557771833,0.031168549787121663,0.0009504399079258521,0.0009504399079259372,0.029267669971269873
NTRS,COF,-1,2023-09-07,2023-09-08,2023-10-17,27,signal,69.42210880123709,95.39715304496615,62.67289279112083,91.51377271001483,0.009383938176298443,0.0036520528459619366,0.05011301805480016,0.0009611024815971165,0.0009611024815973084,0.048190813091605736
NTRS,PNC,-1,2023-09-07,2023-09-08,2023-10-16,26,signal,69.42210880123709,104.15064043122145,62.58101042667368,106.87999341648018,0.008707618003284252,0.003796366400946635,0.07090660423749179,0.0009753088993451958,0.0009753088993453191,0.06895598643880128
NTRS,SCHW,-1,2023-09-07,2023-09-08,2023-10-04,18,signal,69.42210880123709,55.32574960244001,61.5977152482297,49.1612556881521,0.008635401847553332,0.007237360696846955,0.023895932034429877,0.0009438154620250453,0.0009438154620251332,0.0220083011103797
AMP,MS,-1,2023-09-08,2023-09-11,2023-09-14,3,signal,334.4167874193772,77.9232406872363,334.914746416832,80.30708597682097,0.001812759045255132,0.005052105378728263,0.012147127507873001,0.0010063695751085485,0.0010063695751086237,0.01013438835765583
NTRS,AXP,-1,2023-09-08,2023-09-11,2023-09-27,12,signal,70.51456296975759,153.0258876857192,63.69293628415368,146.2413871027956,0.006920475215244872,0.0033459533154350275,0.025473339555988943,0.0009650633696181068,0.0009650633696181511,0.023543212816752687
VLO,OKE,-1,2023-09-08,2023-09-11,2023-10-03,16,signal,131.6162323284302,56.08060918677752,126.22924932981516,52.69314198872047,0.005410092610520816,0.005130678607377872,0.012740600159280677,0.000976528731737839,0.0009765287317379523,0.010787542695804885
AXP,FITB,1,2023-09-12,2023-09-13,2023-09-18,3,signal,153.96314887885524,25.173481087548147,158.1047699971058,24.510615828248913,0.004109982660829114,0.01459260227304989,0.027698733998577314,0.0010038139252680329,0.0010038139252680585,0.025691106148041223
AXP,PNC,1,2023-09-12,2023-09-13,2023-09-18,3,signal,153.96314887885524,112.70515834243211,158.1047699971058,112.81790717325241,0.00399674966308358,0.0034138888307419907,0.017176699140978545,0.0010085883062074205,0.0010085883062074758,0.015159522528563648
BAC,PNC,1,2023-09-12,2023-09-13,2023-10-16,23,signal,27.113753200225723,112.70515834243211,25.263511494321058,106.98692687662671,0.019272196322296997,0.004236547046717273,-0.01046258699521951,0.0009700777757732354,0.0009700777757733431,-0.012402742546766089
NTRS,FITB,1,2023-09-12,2023-09-13,2023-10-16,23,signal,66.75307692865064,25.173481087548147,62.51846069111479,22.33196773842678,0.008901846639733738,0.016122850619208463,0.009075732533529765,0.0009583415978296681,0.0009583415978298175,0.00715904933787028
NTRS,KEY,1,2023-09-12,2023-09-13,2023-10-18,25,signal,66.75307692865064,10.321400412781076,63.48238629256754,9.388547998826882,0.009139408422855166,0.03778810332055133,0.00632608576314618,0.0009675399097908042,0.0009675399097909528,0.0043910059435644236
NTRS,ZION,1,2023-09-12,2023-09-13,2023-10-20,27,signal,66.75307692865064,33.73095414610032,60.40697176230465,28.88186534220102,0.008811390352466236,0.012211349659445744,0.004238432064343628,0.0009425229887029198,0.0009425229887030295,0.0023533860869376787
TFC,KEY,1,2023-09-12,2023-09-13,2023-09-25,8,signal,26.097709856519696,10.321400412781076,24.05350784508823,9.128955089331457,0.020313921138386044,0.04552512674339201,0.013712593352019305,0.0009521273185592762,0.0009521273185594374,0.01180833871490059
BKR,MPC,1,2023-09-13,2023-09-14,2023-10-04,14,signal,34.52016200790614,148.04797441748298,31.942629112537194,136.5969176146154,0.012545953454624639,0.0038287894741071966,0.012467923363307286,0.0009618453421469165,0.0009618453421470404,0.010544232679013329
C,USB,-1,2023-09-13,2023-09-14,2023-10-17,23,signal,39.01692491851632,31.173502648978904,37.10271121475477,28.82092095875964,0.01327906858889898,0.01545778206893155,-0.009977633197788879,0.0009690868029192015,0.0009690868029193628,-0.011915806803627442
CB,FITB,-1,2023-09-13,2023-09-14,2023-10-20,26,signal,203.38484398730753,24.564234185751353,202.7749013895769,22.545058182990864,0.003642598002610238,0.010540102807049175,-0.018072544753565796,0.0009880022128558956,0.0009880022128560127,-0.020048549179277703
CB,KEY,-1,2023-09-13,2023-09-14,2023-10-13,21,signal,203.38484398730753,9.942340701012498,203.0847880423319,9.26678560897883,0.0037031762005319932,0.024800652776366176,-0.014652237127969274,0.0009908101066018718,0.0009908101066020243,-0.01663385734117317
CB,SCHW,-1,2023-09-13,2023-09-14,2023-10-23,27,signal,203.38484398730753,56.97697566786198,200.20873992729318,48.62418620079952,0.003602396777913599,0.0046877541460655136,-0.026739774852934342,0.0009744615703860388,0.0009744615703861431,-0.028688697993706526
TROW,MS,1,2023-09-13,2023-09-14,2023-09-25,7,signal,93.97557987876782,80.30708597682097,90.54817191266044,75.4134191824515,0.00443660665223321,0.007259434636332456,0.021293749633520587,0.0009745563901539742,0.0009745563901540533,0.01934463685321256
TRV,CFG,-1,2023-09-13,2023-09-14,2023-10-02,12,signal,156.56242009177123,24.71672945827068,155.07408305330603,23.637719729536595,0.004762507347604511,0.01028147035819807,-0.0030149282285057352,0.0009906622322786345,0.0009906622322787637,-0.004996252693063133
TRV,HBAN,-1,2023-09-13,2023-09-14,2023-10-02,12,signal,156.56242009177123,9.5092182576132,155.07408305330603,9.280327523520258,0.004349574674389969,0.033529437791026726,-0.00020820001825441834,0.0009927445219925224,0.0009927445219927158,-0.0021936890622396565
AXP,COF,-1,2023-09-14,2023-09-15,2023-09-19,2,signal,156.40592173164214,97.34557178718114,153.6829423576465,97.87803543325639,0.004292978287530845,0.0033733531461002737,0.014480764330995814,0.0009948850853663095,0.000994885085366346,0.012490994160263159
MET,FITB,-1,2023-09-14,2023-09-15,2023-09-29,10,signal,59.77885865639303,24.412329658765366,57.7515890738634,22.8891202808193,0.010989647130662654,0.01404594174682776,0.0018620734044205271,0.0009780062445463435,0.0009780062445464538,-9.39390846722702e-05
V,PGR,1,2023-09-14,2023-09-15,2023-11-06,36,signal,236.5639403747752,123.06561838727329,238.37910878885302,143.96981477299985,0.002043803270739006,0.00419689187136406,-0.08297712099325381,0.0010456837537656,0.0010456837537657073,-0.08506848850078512
AWK,NEE,1,2023-09-15,2023-09-18,2023-10-16,20,signal,129.32461135357136,62.91213952763983,110.1031053940458,49.86938783794037,0.004039320366796858,0.007592152953197785,0.0222924407584129,0.0009116955024545385,0.0009116955024547225,0.020469049753503638
AJG,ICE,-1,2023-09-19,2023-09-20,2023-10-23,23,signal,228.94991977465114,111.69559194739482,221.3442798957887,103.53457359622705,0.002468448014599387,0.0038925760973860715,-0.012018597499501477,0.0009746608058473708,0.0009746608058474586,-0.013967919111196306
EIX,ED,1,2023-09-19,2023-09-20,2023-10-13,17,signal,60.594254983151295,82.72010149566381,56.975570005084336,79.65912574277716,0.008209079428199978,0.006075598473992086,-0.010132969822210517,0.0009758429752103515,0.000975842975210486,-0.012084655772631354
EOG,FANG,1,2023-09-19,2023-09-20,2023-10-19,21,signal,115.15247245004358,138.44039430024003,122.08096598901722,151.86310357614093,0.004820898252207195,0.003213776658177192,-0.008697705105349167,0.0010383222625727517,0.0010383222625728618,-0.01077434963049478
AON,NDAQ,-1,2023-09-20,2023-09-21,2023-09-29,6,signal,334.3156360203347,48.36406488600716,323.288739097349,47.2789449099503,0.0020651035295021327,0.006397577603229504,0.016814501049824623,0.0009849565503489157,0.0009849565503490876,0.01484458794912662
AXP,PNC,1,2023-09-20,2023-09-21,2023-10-13,16,signal,150.57162765430536,110.10219649885536,148.21857524120657,108.02764151176555,0.004088491131045023,0.003492251300046062,-0.0013838842646517937,0.0009916823065052793,0.0009916823065053693,-0.0033672488776624425
MA,PGR,1,2023-09-20,2023-09-21,2023-11-15,39,signal,401.3209776322843,130.8680090386361,390.8130733230863,145.77272513061322,0.001106712150791247,0.004247005258273121,-0.07390387195404563,0.0010257610399903448,0.0010257610399905814,-0.07595539403402655
AMP,AJG,1,2023-09-21,2023-09-22,2023-10-03,7,signal,324.40969720636775,226.0366567728982,309.59642233530775,218.75864507857838,0.0012687544394016548,0.0026027422075340775,0.0011294230436631122,0.0009810430746646783,0.0009810430746647687,-0.0008326631056663348
AEE,AWK,-1,2023-09-22,2023-09-25,2023-09-27,2,signal,72.515181933863,122.3868671670913,70.05921911661515,120.1648455919353,0.010007296751736325,0.0022395622811463194,0.02058619516618344,0.000985002150366517,0.0009850021503666688,0.018616190865450254
AXP,COF,1,2023-09-22,2023-09-25,2023-10-09,10,signal,147.07374379379414,93.17401205568251,143.06218165765583,88.43432442998302,0.0045402640693237555,0.0035676663277951133,-0.00032132173018676463,0.0009826057519064161,0.0009826057519065714,-0.002286533233999752
V,TROW,1,2023-09-25,2023-09-26,2023-10-09,9,signal,226.81386422626696,90.82451446661915,227.43714910100937,88.16640465747415,0.003423113329456364,0.002464824182407276,0.009683417442972147,0.0009980693431182698,0.000998069343118376,0.007687278756735501
AXP,FITB,1,2023-09-29,2023-10-02,2023-10-09,5,signal,143.41164656279486,22.96155515854853,143.06218165765583,21.74285051045884,0.0044462947076891095,0.015786687101250405,0.018675230424122245,0.0009897454341335507,0.0009897454341336125,0.016695739555855082
AEE,AWK,1,2023-10-02,2023-10-03,2023-10-09,4,signal,64.49098081716315,110.69772290816171,67.48144243933687,110.38065796551814,0.011205170763993126,0.0025076380184777093,0.03532030512003474,0.0010165878759107853,0.0010165878759109776,0.03328712936821298
MET,PNC,1,2023-10-03,2023-10-04,2023-10-16,8,signal,55.06951231112912,107.04306036460531,57.373798232860786,106.98692687662671,0.011429271718793686,0.003463322787919119,0.027543925231964316,0.0010132069266204475,0.0010132069266205863,0.025517511378723285
AMP,AJG,1,2023-10-04,2023-10-05,2023-11-15,29,signal,304.9852569657461,222.66703197308266,331.639164577917,236.5664967891896,0.00131260486717707,0.0026926976438621047,-0.0014049009738959506,0.0010361063263560205,0.0010361063263560812,-0.0034771136266080523
ES,WEC,1,2023-10-05,2023-10-06,2023-11-07,22,signal,47.982027309362735,70.37580087824588,49.624295343208516,74.17565568628261,0.009286824435521325,0.007876922285421679,-0.013657172840752772,0.0010225332716438823,0.0010225332716440778,-0.01570223938404073
AIG,AFL,1,2023-10-09,2023-10-10,2023-10-26,12,signal,57.16963266883075,73.32670861588502,56.9909566818472,73.68169509268036,0.006671026157211343,0.00843486754366948,-0.0031854345453695607,0.0010007815490257774,0.0010007815490259003,-0.005186997643421239
TFC,HBAN,-1,2023-10-10,2023-10-11,2023-11-10,22,signal,25.304049933474232,9.155628928521075,25.7350402694887,9.137551926964575,0.017829468391076866,0.059951190942747576,-0.007764719374045429,0.0010033469707702264,0.001003346970770398,-0.009771413315586053
CVX,FANG,1,2023-10-11,2023-10-12,2023-11-27,31,signal,144.0817750133942,143.8848699928648,128.86714159289815,140.83481281401686,0.004624883610160383,0.0023199422472971625,-0.06232852272149795,0.000961429513671341,0.0009614295136714231,-0.06425138174884071
DTE,PEG,1,2023-10-11,2023-10-12,2023-11-10,21,signal,88.74868343367811,54.80853454741517,90.21620870427239,55.67045393634103,0.005120615146086672,0.009952945698348323,-5.600390522043398e-05,0.0010080008412422347,0.0010080008412423397,-0.0020720055877050084
KMI,XOM,-1,2023-10-11,2023-10-12,2023-12-20,48,signal,14.60991703414917,97.54134360196468,15.524249346856985,94.59675351154065,0.03412296213688712,0.005141077133709557,-0.045330071103590594,0.0010080205654973457,0.0010080205654974432,-0.04734611223458539
VLO,OKE,1,2023-10-12,2023-10-13,2023-11-15,23,signal,117.00688309591925,59.24436967701569,115.80387768214878,57.414821220748095,0.0057749690077080265,0.005476710304089495,0.004064280678217813,0.0009916927765754786,0.000991692776575568,0.002080895125066766
AEE,AWK,-1,2023-10-13,2023-10-16,2023-10-24,6,signal,71.22027696306361,110.21326357853206,69.3381068520946,108.55157401430813,0.010426601479893384,0.002333399715648692,0.016735261922865275,0.0009880102150811882,0.000988010215081289,0.014759241492702796
HAL,BKR,-1,2023-10-13,2023-10-16,2023-10-25,7,signal,40.017262307376136,32.970265733093605,37.74000166721344,32.27106619634003,0.012503659459571555,0.015154174707668637,0.018858768770220663,0.0009804691604250692,0.000980469160425151,0.016897830449370443
PSX,KMI,1,2023-10-13,2023-10-16,2023-10-30,10,signal,101.04900804833561,14.860471516380292,101.59986956904699,14.20415977564413,0.0051937936700695315,0.03197724019211728,0.02483906704041731,0.0009909677866347965,0.000990967786634885,0.02285713146714763
CB,PNC,-1,2023-10-17,2023-10-18,2023-11-15,20,signal,209.19888170026672,107.14113249505328,212.60382467682442,114.7382669310264,0.003523511259765723,0.002451419873258848,0.007641486407043487,0.0010150749876410826,0.0010150749876411845,0.005611336431761219
AMP,MS,-1,2023-10-18,2023-10-19,2023-10-26,5,signal,310.1341741110318,68.3311541282411,295.61430807692176,65.16289966239765,0.0019974790379134735,0.005566914487479121,0.012342289374823547,0.000976563024301158,0.000976563024301226,0.010389163326221163
AON,NDAQ,1,2023-10-18,2023-10-19,2023-11-03,11,signal,318.99885672172104,49.93809305297135,316.6199201934673,48.1910969796892,0.002111387047153271,0.0065409614053941285,0.007396128216617011,0.0009919500976581222,0.0009919500976582302,0.005412228021300659
TROW,MS,-1,2023-10-19,2023-10-20,2023-10-30,6,signal,83.77757165016729,66.73398819555158,76.54804470956888,64.64877882481697,0.005182449255703126,0.008479825816640606,0.02075694062197604,0.0009724963646423404,0.0009724963646424849,0.018811947892691215
AXP,COF,1,2023-10-20,2023-10-23,2023-11-13,15,signal,137.2869269879219,85.93190822287383,149.3429332224867,99.94434500601739,0.004883384648996283,0.0038372849490427414,0.006160896551029034,0.001056493544321505,0.0010564935443217085,0.00404790946238582
AXP,FITB,1,2023-10-20,2023-10-23,2023-10-24,1,signal,137.2869269879219,21.03300022738861,141.36597589461263,21.008729969915194,0.004718452312147572,0.016752989882841022,0.02066296984605887,0.001009572723014905,0.0010095727230151068,0.018643824400028857
BAC,FITB,-1,2023-10-20,2023-10-23,2023-10-25,2,signal,24.3054347982681,21.05404374937699,23.631423622006412,20.643666642016665,0.022909285194537766,0.021046919490486565,0.007791846027107434,0.0009879057051741338,0.0009879057051742743,0.005816034616759027
MET,RF,-1,2023-10-20,2023-10-23,2023-11-03,9,signal,54.804138308738096,12.503413383846597,55.93912615018189,13.902170077982928,0.011463110362333774,0.029723529302697744,0.029592666795375394,0.0010271720962467396,0.0010271720962468167,0.02753832260288184
RF,FITB,1,2023-10-20,2023-10-23,2023-12-15,38,signal,12.503413383846597,21.03300022738861,17.318369206028585,31.784986743209867,0.0440975405020468,0.021332254612859387,-0.015815511513273928,0.0012208930520197958,0.0012208930520199973,-0.01825729761731372
CVX,EOG,1,2023-10-23,2023-10-24,2023-11-24,22,signal,141.99017300735937,119.0244445302379,128.5553163635059,111.30441345403463,0.0044059347376877375,0.0031466296911278877,-0.03394264837135951,0.0009583742108381687,0.0009583742108382645,-0.035859396793035944
OXY,KMI,1,2023-10-23,2023-10-24,2023-10-27,3,signal,59.83106101290866,14.69631611540863,60.09291293875939,14.442916208496024,0.007112899257484985,0.03908143004451233,0.012761665302108215,0.0009959081978626373,0.0009959081978627958,0.010769848906382782
CB,FITB,-1,2023-10-24,2023-10-25,2023-11-06,8,signal,207.97996359962667,20.664320635655496,212.95238758200747,23.948465753707584,0.0037334645582362976,0.010803031309545144,0.01794110298530029,0.0010267491566366663,0.0010267491566367686,0.015887604672026854
CB,KEY,-1,2023-10-25,2023-10-26,2023-10-30,2,signal,209.79868087121974,8.471325274157392,203.59802244348697,8.696255836045923,0.0037508132582131093,0.025119684348957123,0.029898613057226468,0.0009909165017620565,0.000990916501762174,0.027916780053702236
CB,SCHW,-1,2023-10-25,2023-10-26,2023-10-30,2,signal,209.79868087121974,47.223208326008944,203.59802244348697,48.64336483534063,0.0036856318695618123,0.004796066936140248,0.03065622293928895,0.000991712947219955,0.0009917129472200802,0.028672797044848916
PPL,EIX,-1,2023-10-25,2023-10-26,2023-12-01,25,signal,22.125630057243512,55.30642453641999,23.642405234377332,58.35161693276083,0.02641174755033183,0.0075133906979017225,-0.016149581349718826,0.001031381495361162,0.001031381495361282,-0.01821234434044127
TRV,HBAN,-1,2023-10-25,2023-10-26,2023-10-30,2,signal,157.36983537758675,8.485702962322597,153.60978477527127,8.55753183047072,0.00448773901930823,0.03459450119484666,0.0203516135464491,0.0009926038788897137,0.0009926038788898733,0.018366405788669514
MA,BLK,1,2023-10-26,2023-10-27,2023-11-13,11,signal,360.71253033718483,567.5410425518122,387.74536138916017,618.4093480805019,0.0019913362316373385,0.0004967358991814768,0.029603117557339416,0.0010397751264417793,0.0010397751264418558,0.02752356730445578
AON,AMP,1,2023-10-27,2023-10-30,2023-11-09,8,signal,300.8892784335614,300.839784418078,321.88462208011913,322.96699887716505,0.0019905205426071497,0.0013335082591554017,0.01332059079442861,0.0010357512001543437,0.0010357512001544153,0.01124908839411985
NTRS,COF,1,2023-10-27,2023-10-30,2023-11-03,4,signal,58.96949930966716,94.09956447530766,65.31848624779347,101.11830887913051,0.010462424949387912,0.004071779682924896,0.03889464715106063,0.0010476286693985861,0.0010476286693987613,0.03679938981226328
AJG,ICE,-1,2023-10-30,2023-10-31,2023-11-16,12,signal,227.61951185970565,102.39484146415094,234.74875989742347,107.67480439208418,0.0025698851642474325,0.004052535643534762,0.004095664266268704,0.0010197750686482157,0.0010197750686483109,0.002056114128972177
TRV,CFG,-1,2023-10-31,2023-11-01,2023-11-06,3,signal,159.63059787564708,21.18611043300966,160.13260150971757,23.71808062904117,0.0048679584506550865,0.010509121952436369,0.025179305826474315,0.0010142550891779406,0.001014255089178001,0.023150795648118373
TRV,HBAN,-1,2023-10-31,2023-11-01,2023-11-06,3,signal,159.63059787564708,8.583960262495424,160.13260150971757,9.494489171818515,0.004427750740790897,0.03413207132450082,0.029871941515628005,0.0010164508022276631,0.0010164508022276792,0.027839039911172665
BKR,MPC,1,2023-11-01,2023-11-02,2023-11-06,2,signal,32.87633795651889,146.2297312859465,33.359806006016115,143.3395320599966,0.01290176061185119,0.003937375139065076,0.018614745116874484,0.000997357499582335,0.0009973574995825007,0.01662003011770965
BLK,AJG,1,2023-11-01,2023-11-02,2023-11-15,9,signal,583.7372137328255,230.15401157279103,652.709210530532,236.5664967891896,0.0005001829556132544,0.0030754033778808538,0.01580454409628154,0.0010269055785799962,0.0010269055785801194,0.013750732939121423
CB,KEY,-1,2023-11-01,2023-11-02,2023-11-06,2,signal,212.32358668875347,8.869364954084354,212.95238758200747,10.105290877145091,0.003679183881706418,0.02463997309593199,0.02915581642997272,0.0010161090484539954,0.0010161090484541273,0.0271235983330646
CB,SCHW,-1,2023-11-01,2023-11-02,2023-11-16,10,signal,212.32358668875347,51.43767341326463,212.77806984187245,53.972138997041014,0.0035799750495901267,0.004658577029720438,0.011186424126538905,0.0010064593239662747,0.001006459323966463,0.009173505478606167
EOG,FANG,1,2023-11-01,2023-11-02,2023-11-21,13,signal,112.06479678952333,141.81628635216646,112.39590433622105,142.16269536430678,0.004840371749071498,0.0032267583612543994,0.0014863082052692803,0.0010014027666669285,0.0010014027666670384,-0.0005164973280646866
V,TROW,-1,2023-11-01,2023-11-02,2023-12-15,30,signal,234.3833366234686,80.02317487870025,249.42565169019096,93.30049936099752,0.003423570139184484,0.0024651531097772644,-0.017725975681067735,0.0010418072685108356,0.001041807268510936,-0.019809590218089507
AMP,MS,-1,2023-11-02,2023-11-03,2023-12-15,29,signal,322.28747614728667,68.90758716406359,363.6732415068862,83.98339789324413,0.0019440271183203547,0.005417945582214749,0.0023058131805548943,0.0010809412135900853,0.0010809412135902481,0.00014393075337456088
AXP,MET,-1,2023-11-02,2023-11-03,2023-12-12,26,signal,147.88904551794636,55.93912615018189,163.3762963581183,59.99660927271317,0.0033215549206590087,0.009095368141108062,-0.01349327332205711,0.001044178187841739,0.0010441781878418616,-0.01558162969774071
MET,FITB,1,2023-11-02,2023-11-03,2023-11-13,6,signal,55.93912615018189,23.35994079703473,55.61494386861872,22.531365180734248,0.011657375279224103,0.014899369574482289,0.009558231795242336,0.0009920919826340254,0.0009920919826341633,0.007574047829974147
NTRS,JPM,-1,2023-11-02,2023-11-03,2023-12-21,33,signal,65.31848624779347,134.15787603621624,77.71275738082166,157.25808937621298,0.007299783641991537,0.0038999732903147893,0.0007050233385360871,0.0010903059832624562,0.0010903059832626564,-0.0014755886279890255
CFG,MET,-1,2023-11-06,2023-11-07,2023-11-13,4,signal,23.122642954395157,55.06035257193816,22.576844734792925,55.61494386861872,0.015157962883098295,0.011799001250344972,0.01581610106100812,0.0009992885036520243,0.000999288503652141,0.013817524053703956
KMI,SLB,-1,2023-11-07,2023-11-08,2023-12-18,27,signal,14.480092954057458,48.9875192445097,15.621056347497866,49.34219268667795,0.0416823618442852,0.008090461931020481,-0.0436634780564382,0.0010250989782222266,0.0010250989782223689,-0.045713676012882794
OXY,KMI,1,2023-11-07,2023-11-08,2023-12-20,29,signal,57.82344050649704,14.480092954057458,57.428337595728664,15.524249346856985,0.007278316493968593,0.03999030586599789,-0.04361246758364646,0.0010193499686041714,0.0010193499686042568,-0.045651167520854886
BKR,MPC,-1,2023-11-09,2023-11-10,2023-12-08,19,signal,32.48216097451073,135.22952773142225,30.09636917515442,135.08978818564466,0.013559818647198194,0.004138202097988594,0.032756236576940774,0.0009836029292053586,0.0009836029292054102,0.030789030718530005
NTRS,FITB,-1,2023-11-10,2023-11-13,2023-12-04,14,signal,64.52896068364974,22.531365180734248,73.09387546726597,27.434348682416452,0.009492239646848293,0.01719215889260037,0.004075332463402928,0.0010826847356033816,0.0010826847356035763,0.0019099629921959702
NTRS,KEY,-1,2023-11-13,2023-11-14,2023-12-04,13,signal,66.35585003327445,9.847155822449716,73.09387546726597,11.476331494290646,0.00933854376412728,0.0386114549536774,0.0010442920440874512,0.0010627943783068487,0.0010627943783069933,-0.0010812967125263908
NTRS,PNC,-1,2023-11-13,2023-11-14,2023-12-20,25,signal,66.35585003327445,111.36909251738388,79.43807033844443,139.40079018883299,0.008701726697311172,0.003793797896443399,-0.006381297073894246,0.0011100129560287471,0.0011100129560289562,-0.00860132298595195
NTRS,AXP,-1,2023-11-14,2023-11-15,2023-11-29,9,signal,67.79717777725801,152.8396086443176,71.00784068407197,161.28416382012742,0.007057661862093544,0.003412281147206691,0.0071811838246650245,0.001025760551161697,0.0010257605511617507,0.005129662722341577
NTRS,SCHW,-1,2023-11-14,2023-11-15,2023-12-08,16,signal,67.79717777725801,53.33176026793961,74.32709059796271,60.69697900946,0.008888391786347778,0.007449392455420808,-0.00211766858005933,0.0010563499754533629,0.0010563499754534579,-0.004230368530966151
NTRS,COF,-1,2023-11-15,2023-11-16,2023-12-13,18,signal,68.86210788902866,102.25946519098711,74.62391577087091,116.12051434754983,0.009201821618059146,0.003581176495082463,-0.002329070449780715,0.0010511944397938364,0.0010511944397938915,-0.004431459329368443
USB,AFL,-1,2023-11-15,2023-11-16,2023-11-24,5,signal,32.89633419371558,76.00752728969104,32.707057377525494,77.91115528898798,0.009174521865272236,0.009188430783621492,0.020235958912811998,0.0010080805147830965,0.0010080805147831117,0.018219797883245792
AON,AMP,1,2023-11-21,2023-11-22,2024-01-16,35,signal,320.5284746736881,337.45262972854545,293.8844380452479,360.3051931823054,0.0018296560100912922,0.0012257403772755688,-0.0757710333348344,0.00098969816500931,0.000989698165009478,-0.07775042966485318
ES,WEC,-1,2023-11-21,2023-11-22,2023-12-08,11,signal,52.018796895400634,73.63267275426116,53.269297609287435,77.02217602597936,0.008736099942739394,0.007409807389426769,0.015209136340624842,0.0010180691663431848,0.0010180691663432572,0.0131729980079384
NTRS,ZION,-1,2023-11-21,2023-11-22,2023-12-14,15,signal,69.92703516718268,31.690775605682457,78.18582204212571,39.991406028194895,0.008782790255262692,0.012171713940986302,0.029584383127469457,0.0010866769803408538,0.0010866769803409846,0.02741102916678762
AXP,FITB,-1,2023-11-22,2023-11-24,2023-12-06,8,signal,159.50073602577064,24.715614007496395,166.61685853934995,27.606375892443726,0.00404383331694752,0.014357737275908371,0.013763385093677916,0.0010349987302868274,0.0010349987302869183,0.01169338763310417
AXP,PNC,-1,2023-11-22,2023-11-24,2023-12-07,9,signal,159.50073602577064,115.8601390282831,163.44423417887785,127.01969244375735,0.003868548363952922,0.0033043836027235067,0.02264578583714251,0.0010259538457865723,0.001025953845786698,0.02059387814556924
CB,SCHW,-1,2023-11-22,2023-11-24,2023-11-30,4,signal,219.98532183993396,54.09365023550986,217.8813457074537,57.479077204810075,0.0034429145788136147,0.004480221942883944,0.023414984205118575,0.0010037099112365163,0.0010037099112365343,0.021407564382645523
TRV,CFG,-1,2023-11-24,2023-11-27,2023-12-14,13,signal,168.4171750197587,24.003699423132087,177.41801374562698,29.58219073839186,0.004539355936025548,0.009799723148990469,0.014857161446046714,0.0010475016669320352,0.0010475016669322696,0.01276215811218241
TRV,HBAN,-1,2023-11-27,2023-11-28,2023-12-11,9,signal,169.45255435952188,9.646906520285583,173.60329759736354,10.681300755229627,0.004100629741199444,0.03161040333923318,0.016701625914873924,0.0010246681056911345,0.0010246681056912225,0.014652289703491566
AON,NDAQ,1,2023-11-28,2023-11-29,2023-12-12,9,signal,317.14272103147283,53.47081362724305,323.40421565701047,52.47220564755922,0.00207160826130982,0.006417728906025402,0.0203836023388118,0.0010034430473964797,0.0010034430473966171,0.018376716244018702
PSX,KMI,-1,2023-11-29,2023-11-30,2024-01-09,26,signal,112.12558515048526,15.286634471309869,122.36221364743344,15.913156710809833,0.004848445804707583,0.02985099638228835,-0.02989530974044812,0.0010341156451937014,0.001034115645193811,-0.03196354103083564
TFC,KEY,1,2023-11-29,2023-11-30,2023-12-11,7,signal,28.40515959738917,10.992655382136672,30.026380773626393,11.663871247233656,0.018854153713796794,0.04225367085028418,0.0032349191676206736,0.0010295001400783385,0.0010295001400783732,0.0011759188874639617
DTE,PEG,-1,2023-11-30,2023-12-01,2024-01-22,33,signal,94.76662176674907,56.595423954706575,95.82185750621493,53.213967749940245,0.004883679394634904,0.009492413398825868,-0.03626505770413592,0.0009865555188425924,0.0009865555188427156,-0.03823816874182123
EIX,ED,-1,2023-11-30,2023-12-01,2023-12-08,5,signal,58.35161693276083,82.3471200253512,58.627949606574326,84.15021738773618,0.008382507709782133,0.006203953987194697,0.00987673674049829,0.0010067644385361528,0.0010067644385362718,0.007863207863425866
BAC,FITB,1,2023-12-01,2023-12-04,2024-01-29,37,signal,28.65349411920042,27.434348682416452,31.3157606511728,31.78499119513356,0.01856806442130295,0.017058609801693388,-0.023720926170210363,0.0010618503685477514,0.0010618503685478604,-0.025844626907305976
BAC,PNC,1,2023-12-01,2023-12-04,2024-01-04,21,signal,28.65349411920042,124.29148742932652,31.475153235057586,137.8073611615151,0.017864973384208706,0.003927201599902098,-0.0016189404946974212,0.001051755446330173,0.001051755446330247,-0.003722451387357841
MET,FITB,1,2023-12-01,2023-12-04,2024-01-04,21,signal,58.477664192415965,27.434348682416452,61.933770660343356,31.116696540755836,0.01069175597975806,0.013665205067773979,-0.01232443384178869,0.0010437577781541216,0.001043757778154237,-0.014411949398097049
MET,PNC,1,2023-12-01,2023-12-04,2024-01-04,21,signal,58.477664192415965,124.29148742932652,61.933770660343356,137.8073611615151,0.010402541107257688,0.0031522006437023865,-0.005613071148358288,0.0010393851267728668,0.0010393851267729206,-0.007691841401904076
MET,RF,1,2023-12-01,2023-12-04,2023-12-13,7,signal,58.477664192415965,15.199472763108169,60.14420912579004,15.351165443588162,0.01021659489832811,0.026491349052354674,0.014018493844624018,0.001010623127762668,0.001010623127762812,0.011997247589098536
TFC,HBAN,1,2023-12-01,2023-12-04,2024-01-03,20,signal,28.98485594462361,10.395752735725525,32.51834423282188,11.569430126606338,0.015638844134902175,0.0525852656002135,-0.005400024118731438,0.00105844061806669,0.0010584406180668387,-0.007516905354864966
CB,FITB,1,2023-12-06,2023-12-07,2024-01-04,18,signal,217.88133694835713,27.524889768927114,222.13617028436627,31.116696540755836,0.003361825739448901,0.00972766934143817,-0.019611051219939807,0.0010248491686876905,0.001024849168687753,-0.02166074955731525
CB,PNC,1,2023-12-06,2023-12-07,2024-01-04,18,signal,217.88133694835713,127.01969244375735,222.13617028436627,137.8073611615151,0.0032659637356364673,0.002272235794533625,-0.00959658265650754,0.0010194129669692928,0.0010194129669693392,-0.011635408590446171
NTRS,AXP,-1,2023-12-06,2023-12-07,2023-12-19,8,signal,74.03967427917904,163.44423417887785,79.4009458858207,177.57736555038582,0.006533375775650081,0.0031587961314222812,0.010656332794143714,0.0010398541344547028,0.0010398541344546837,0.008576624525234328
VLO,OKE,1,2023-12-06,2023-12-07,2023-12-14,5,signal,114.63141960767194,59.87548523546797,117.69013851494812,59.176598823106445,0.00583479435722547,0.00553344586539045,0.022721410019073542,0.001007164069700231,0.0010071640697003686,0.020707081879672944
AMP,AJG,-1,2023-12-07,2023-12-08,2024-01-11,22,signal,339.67008730691543,235.67631746955206,365.2751983639005,224.55002933288472,0.0012149658739849334,0.0024923995240760935,-0.05783872965364971,0.0010017617367445624,0.0010017617367447235,-0.059842253127139
BLK,AJG,-1,2023-12-07,2023-12-08,2024-01-11,22,signal,699.3964569391243,235.67631746955206,750.7887452370169,224.55002933288472,0.0004655295366723554,0.002862334858712111,-0.05477559125510169,0.0009961992864063207,0.0009961992864064408,-0.05676798982791445
CB,KEY,1,2023-12-07,2023-12-08,2024-01-04,17,signal,215.84778500090073,11.502713593146963,222.13617028436627,12.500149097455571,0.00341514167161915,0.022871648064641842,-0.00031488612908753266,0.00102238106387773,0.0010223810638778064,-0.002359648256843069
CB,SCHW,1,2023-12-07,2023-12-08,2024-01-03,16,signal,215.84778500090073,60.69697900946,222.45661430060332,64.66357173156737,0.003392548558827554,0.004414681267171032,0.0059297311304799295,0.0010201993990209528,0.0010201993990211584,0.0038893323324378183
CVX,EOG,-1,2023-12-08,2023-12-11,2024-01-11,21,signal,129.036394758386,106.41629841765017,129.80759287851856,105.60319144138897,0.004876542114434184,0.003482727984156922,-0.005592277021157399,0.001000333510579621,0.0010003335105798431,-0.0075929440423168635
CVX,FANG,-1,2023-12-08,2023-12-11,2024-01-03,15,signal,129.036394758386,135.9721228935629,133.22310518149496,144.26196559878954,0.005069106255780176,0.0025427739917578056,0.000877313260822566,0.001020996831130791,0.0010209968311309854,-0.0011646804014392104
TROW,MS,1,2023-12-08,2023-12-11,2024-01-11,21,signal,84.84687287323126,76.01883039814228,94.28805410400444,84.02122906670265,0.0047789008039578595,0.007819516296849549,-0.016402670379467556,0.0010537478491735033,0.0010537478491736904,-0.01851016607781475
HAL,BKR,1,2023-12-11,2023-12-12,2024-01-04,15,signal,32.09749314027324,30.38714627049003,34.55001366111647,32.231266666732495,0.014507794636560318,0.01758314477903627,0.004189197669648939,0.0010339695284102715,0.0010339695284104075,0.0021212586128282604
AEE,AWK,-1,2023-12-13,2023-12-14,2024-01-05,14,signal,75.15436036464531,127.86283908707956,67.9504557156679,122.73590076742313,0.009634611618439266,0.0021561579824648336,0.0593118941721054,0.0009595597264710302,0.0009595597264710001,0.057392774719163375
AJG,ICE,1,2023-12-13,2023-12-14,2024-01-12,19,signal,237.1474361246853,118.58249429297969,226.38946908592422,123.14081283718662,0.0023578284530067963,0.0037181365066748496,-0.041318051319842244,0.0009958400489266288,0.000995840048926739,-0.04330973141769562
C,USB,1,2023-12-13,2023-12-14,2023-12-21,5,signal,46.23857645590732,38.96950541126936,46.56183287068281,38.1108243539461,0.010916858606704556,0.012708001324795515,0.01543738138721762,0.0009963167993626025,0.0009963167993627092,0.01344474778849231
EIX,ED,-1,2023-12-13,2023-12-14,2024-01-11,18,signal,62.131402769153155,86.05784522430747,63.51013436912297,85.4799910266866,0.007947692644591902,0.005882144243526789,-0.013352974768013708,0.0010037819700662043,0.0010037819700662695,-0.015360538708146182
MA,PGR,-1,2023-12-13,2023-12-14,2024-01-03,12,signal,417.8919073150251,146.6055628821063,414.5600684732313,148.35159427411486,0.001019972801861266,0.003914143212129108,0.011234396192963864,0.0010017942729546594,0.0010017942729548565,0.009230807647054348
PGR,BLK,1,2023-12-13,2023-12-14,2024-01-03,12,signal,146.6055628821063,736.8342922607364,148.35159427411486,746.5022132840029,0.005209184237676534,0.0003210598758690504,0.006997782435638162,0.0010063647535405304,0.0010063647535407554,0.004985052928556876
V,PGR,-1,2023-12-13,2023-12-14,2024-01-03,12,signal,257.6744548199344,146.6055628821063,253.38496793281882,148.35159427411486,0.0017898588987172723,0.003675424327997571,0.015094394788427196,0.0009994122569566607,0.0009994122569568502,0.013095570274513685
AIG,AFL,-1,2023-12-14,2023-12-15,2024-01-11,17,signal,61.84840574245327,76.29060626692886,63.44391559463019,77.88286628948637,0.0063173894315977155,0.007987728097828235,0.003650592038403575,0.0010115089953248615,0.0010115089953249418,0.0016275740477537715
AON,NDAQ,1,2023-12-14,2023-12-15,2024-01-16,19,signal,305.52328062977523,53.30643792635398,293.8844380452479,54.50781664800195,0.002124975633960889,0.00658305810290978,-0.031649273590564825,0.0009917292372701443,0.0009917292372703017,-0.033632732065105274
AXP,FITB,1,2023-12-14,2023-12-15,2023-12-20,3,signal,172.2538500125863,31.75321764101776,179.65157727334216,32.02063127635234,0.0035092052891581987,0.012459526305845353,0.02364305248542751,0.0010147560782262043,0.0010147560782262392,0.021613540328975063
CFG,MET,-1,2023-12-14,2023-12-15,2024-01-04,12,signal,30.06936819564244,61.27549930000305,29.042852813538282,61.933770660343356,0.01286047988534589,0.010010633976180882,0.020788006482575772,0.000996812413657603,0.0009968124136577085,0.01879438165526046
ES,WEC,-1,2023-12-14,2023-12-15,2024-01-05,13,signal,55.43363338837819,76.01025572815051,55.84536966078194,77.74744201515153,0.00834030330872125,0.007074099597313501,0.009862924836519947,0.0010079014182370269,0.0010079014182371375,0.007847122000045783
MA,BLK,1,2023-12-14,2023-12-15,2023-12-19,2,signal,406.115323998365,745.2762942067237,416.9479591527181,754.6607501045795,0.0016894361959379459,0.00042142737854417977,0.01535749683776545,0.0010113175587082935,0.0010113175587083995,0.013334861720348756
MET,RF,1,2023-12-14,2023-12-15,2024-01-04,12,signal,61.27549930000305,17.318369206028585,61.933770660343356,16.739445124842042,0.009418555350161508,0.024422054493996048,0.021334593598218654,0.0009961128968030198,0.0009961128968031176,0.019342367804612515
TRV,HBAN,1,2023-12-14,2023-12-15,2023-12-22,5,signal,173.44076280394182,11.720398176222348,177.72777447722686,11.515197478401214,0.0037914983782390507,0.02922741153438746,0.023256974491374607,0.0010052914422607508,0.0010052914422608423,0.021246391606853016
USB,AFL,-1,2023-12-14,2023-12-15,2024-01-04,12,signal,39.706454918487516,76.29060626692886,38.5945421036225,77.98655358418527,0.008613679922898215,0.008626738583882796,0.02521084577688166,0.0010026905294572377,0.0010026905294573053,0.023205464717967115
VLO,OKE,-1,2023-12-14,2023-12-15,2023-12-29,9,signal,117.68086206887152,59.37720127635737,121.43946036045368,61.609370082878954,0.005746394953355871,0.0054496120083772255,-0.008417233582910926,0.0010167027387837087,0.001016702738783797,-0.010450639060478432
AXP,MET,-1,2023-12-15,2023-12-18,2024-01-09,14,signal,175.80361953433126,61.58945167449049,182.82622438944264,63.65876494917111,0.0029031214086313287,0.007949577411953587,-0.002918900976586647,0.0010184074559887726,0.001018407455988831,-0.00495571588856425
RF,FITB,1,2023-12-18,2023-12-19,2023-12-21,2,signal,17.006420643541812,31.907147808015093,17.051658452619566,31.068983707700536,0.030825403120404254,0.01491183726852005,0.01488751601249536,0.0009944756431835046,0.0009944756431835313,0.012898564726128325
VLO,KMI,-1,2023-12-18,2023-12-19,2024-01-05,11,signal,122.41296486760842,15.480244974892498,121.21655069671907,15.842818875312807,0.004676694698569305,0.027611911982640666,0.016608761861046626,0.0010021394251469144,0.0010021394251470655,0.014604483010752645
NTRS,FITB,1,2023-12-20,2023-12-21,2024-01-17,16,signal,77.71275738082166,31.037930250721327,75.75396586300232,30.439254474662913,0.007467293181366111,0.013524615438286277,-0.005541294137803772,0.0009887167635186825,0.0009887167635187237,-0.007518727664841179
NTRS,AXP,1,2023-12-21,2023-12-22,2024-01-16,14,signal,78.30643225975287,179.93265103112702,77.40341946450728,176.18788667354016,0.006049396460241175,0.0029247988776748587,0.006481767590977963,0.0009917674078622465,0.0009917674078623955,0.004498232775253321
PPL,EIX,1,2023-12-26,2023-12-27,2024-01-05,6,signal,24.68264339406329,62.253335343461266,25.123733173352132,63.6952254051347,0.023591320962246514,0.006711059581770458,0.0017394041324625496,0.0010101236903461118,0.0010101236903462705,-0.00028084324822983276
BKR,MPC,-1,2023-12-28,2023-12-29,2024-02-29,41,signal,32.293421591465936,140.2505430250659,28.30773612439329,159.317241295375,0.013317349136847113,0.00406420495521409,0.13158204322436526,0.0010123087199391048,0.0010123087199392438,0.12955742578448692
NTRS,COF,1,2024-01-03,2024-01-04,2024-01-11,5,signal,76.75736441580153,124.98789981661314,77.35709890495461,123.84491006175578,0.007975353834655613,0.003103858222656853,0.00933150480925938,0.0010007319023906105,0.001000731902390637,0.00733004100447813
NTRS,JPM,1,2024-01-03,2024-01-04,2024-03-05,41,signal,76.75736441580153,161.83162519918722,77.53315731919962,176.9170055412995,0.006126616887564255,0.003273198685512469,-0.04359743685794974,0.0010270243450965807,0.0010270243450966193,-0.04565148554814294
NTRS,PNC,1,2024-01-03,2024-01-04,2024-01-16,7,signal,76.75736441580153,137.66962266959953,77.40341946450728,135.3998292101025,0.007311516339483201,0.003187690934618075,0.012957850371837578,0.0009988082927257834,0.0009988082927258274,0.010960233786385967
RF,FITB,1,2024-01-03,2024-01-04,2024-01-23,12,signal,16.739445124842042,31.08559539478807,17.033876004918213,31.803305562230783,0.03146998711947488,0.015223655792433226,-0.0006503142257486428,0.0010101223185561207,0.0010101223185562053,-0.002670558862860969
NTRS,BAC,1,2024-01-04,2024-01-05,2024-01-10,3,signal,75.99673007645235,31.69079408154696,78.01502630922965,31.440946533978394,0.007217820514089795,0.014247591843789854,0.019132982860289333,0.0010055570269103494,0.0010055570269105107,0.017121868806468474
NTRS,KEY,1,2024-01-04,2024-01-05,2024-01-16,6,signal,75.99673007645235,12.610774252381937,77.40341946450728,12.26247309434493,0.0078048315926146595,0.03227011738349356,0.02321866130873141,0.0009999682771835677,0.0009999682771836475,0.021218724754364194
EOG,FANG,1,2024-01-08,2024-01-09,2024-02-08,21,signal,108.27592585069141,142.74330766584012,104.22229352789314,138.73773584063272,0.00491576787219087,0.0032770200112461107,-0.005816872498578006,0.0009835040118199054,0.0009835040118199563,-0.007783880522217868
KMI,SLB,-1,2024-01-08,2024-01-09,2024-01-19,7,signal,15.913156710809833,46.6460327301263,15.29543437533492,46.06015755915022,0.04004726703852571,0.007773093344062155,0.021169250550679645,0.000985221618219517,0.000985221618219601,0.019198807314240528
ES,WEC,1,2024-01-09,2024-01-10,2024-02-05,17,signal,51.08025374222972,77.3213353888871,48.448822748178735,71.87215809558998,0.008571173373866996,0.0072699195542653625,0.01802948662818902,0.000968857340367623,0.0009688573403677182,0.01609177194745368
KMI,XOM,-1,2024-01-09,2024-01-10,2024-01-22,7,signal,15.842820859142773,91.30628249576208,15.145823007021685,88.38168918904094,0.03378335611166377,0.005089910978680526,0.009641757563137029,0.000980750495921042,0.0009807504959211274,0.00768025657129486
NTRS,SCHW,-1,2024-01-10,2024-01-11,2024-01-22,6,signal,77.35709890495461,63.159066261130995,75.4587403204903,61.515905512898115,0.007674409849730811,0.006431949919467125,0.004987392701718062,0.0009873385250521768,0.000987338525052259,0.0030127156516136263
TRV,CFG,-1,2024-01-12,2024-01-16,2024-03-06,35,signal,186.81089884318916,28.085590750290393,211.0143295816431,30.743979742537412,0.004040302454106501,0.00872234873106184,-0.07354157000444649,0.0010602147527310885,0.0010602147527311782,-0.07566199950990875
TRV,HBAN,-1,2024-01-12,2024-01-16,2024-03-04,33,signal,186.81089884318916,11.216922614925634,208.86317257319615,11.783604893365096,0.0036585986188702024,0.028202931085658255,-0.0636501854260774,0.0010481315391818653,0.0010481315391820674,-0.06574644850444132
BAC,PNC,1,2024-01-16,2024-01-17,2024-01-25,6,signal,29.77035500591712,134.8432749709302,31.137613599806258,139.32283231049843,0.016831479389420718,0.0037000118256700115,0.007458366106164328,0.001019796393280324,0.0010197963932804845,0.00541877331960352
TFC,HBAN,-1,2024-01-16,2024-01-17,2024-01-26,7,signal,31.360106788009762,10.945764103005722,33.01638777818572,11.684280471655386,0.014670868641337497,0.04933046953059881,0.013162686582044829,0.0010304082005399148,0.0010304082005400674,0.011101870180964847
V,TROW,-1,2024-01-16,2024-01-17,2024-03-05,33,signal,258.8786790116356,91.88044896807463,275.1832503622473,101.20953495158898,0.0030756554877747126,0.002214636003367354,-0.028451614498542284,0.001035100154180319,0.0010351001541805977,-0.0305218148069032
AMP,MS,-1,2024-01-17,2024-01-18,2024-04-05,54,signal,358.84600355709995,78.3674826837231,416.38314693474626,85.9710179093475,0.001732129008892042,0.004827391872836094,-0.06188846483118461,0.001068046149015046,0.0010680461490151522,-0.0640245571292148
PPL,EIX,1,2024-01-17,2024-01-18,2024-01-25,5,signal,23.960449879922603,60.796443033402404,23.552931084165696,58.29255853666223,0.0242412573538091,0.006895947992856789,0.008374399187307056,0.0009865099221239525,0.0009865099221240193,0.006401379343059084
CB,KEY,-1,2024-01-18,2024-01-19,2024-03-04,30,signal,226.18563565319272,11.64626559768727,242.48978146471046,12.91962222583359,0.003286702020554761,0.022011471012221832,-0.024517858718865013,0.001040557754606526,0.0010405577546066607,-0.0265989742280782
CVX,FANG,1,2024-01-18,2024-01-19,2024-01-26,5,signal,126.39205273569956,136.9797919362293,131.87834601432186,143.31652366254872,0.005126225470667378,0.002571426232747859,0.012851898164088427,0.001022360010606928,0.0010223600106070664,0.010807178142874432
TFC,KEY,-1,2024-01-18,2024-01-19,2024-01-26,5,signal,31.76373575223546,11.64626559768727,33.01638777818572,12.87459860752064,0.01728106695400504,0.03872825723712681,0.026958599981131353,0.0010345667339668216,0.0010345667339669317,0.024889466513197598
CB,PNC,-1,2024-01-19,2024-01-22,2024-03-05,30,signal,230.7983122913866,138.48873219921737,241.31357329664803,140.39230087984038,0.003056078985650296,0.002126212237553627,-0.027070198191704857,0.0010178789713381734,0.0010178789713382623,-0.029105956134381293
CB,SCHW,-1,2024-01-19,2024-01-22,2024-03-01,28,signal,230.7983122913866,61.57745219175044,244.22977032031065,64.4427148351045,0.0032153958577563198,0.004184154659434515,-0.030171414413892542,0.0010273380562441964,0.001027338056244251,-0.032226090526380986
HAL,BKR,-1,2024-01-19,2024-01-22,2024-02-13,16,signal,31.765387137682577,28.906118914398256,32.3790487004298,27.975259477634236,0.01497064627054539,0.018144111314298904,-0.025080360834215065,0.0009961665901156535,0.000996166590115726,-0.027072694014446445
MA,BLK,-1,2024-01-19,2024-01-22,2024-02-21,21,signal,432.30821411154744,759.6912995944938,446.8670287135569,751.7794324083906,0.0016078885558895395,0.0004010854394672887,-0.0255723701491526,0.0010099159640809899,0.0010099159640810697,-0.027592202077314658
NTRS,PNC,1,2024-01-19,2024-01-22,2024-02-13,16,signal,75.4587403204903,138.3503126767794,74.37326856854781,134.53820173276682,0.007365425742054408,0.0032111944742243426,0.005236406636017833,0.0009899386215046443,0.0009899386215047946,0.0032565293930083943
CB,FITB,-1,2024-01-22,2024-01-23,2024-03-04,28,signal,233.06093288177226,31.803305562230783,242.48978146471046,31.82638445402726,0.0030754417539170346,0.008898997978955865,-0.02777811805347458,0.0010143775584016417,0.0010143775584017436,-0.029806873170277963
NTRS,COF,1,2024-01-22,2024-01-23,2024-02-23,22,signal,75.5329448081838,124.93028966806374,74.44739425223018,130.6391863923712,0.008055418269247955,0.003135017799874852,-0.025637378428392164,0.001004678200579973,0.0010046782005801004,-0.027646734829552235
NTRS,KEY,1,2024-01-23,2024-01-24,2024-02-12,13,signal,76.19152999854336,12.839419866316868,73.54855370944613,12.236062414122097,0.007735968073172819,0.031985391975974005,-0.00016713880403622372,0.0009802167764979938,0.0009802167764981305,-0.002127572357032348
AWK,NEE,1,2024-01-24,2024-01-25,2024-02-06,8,signal,115.08590734563089,54.335844723728776,113.4010508804857,51.6683935793414,0.004603901706813297,0.008653318569859488,0.016310005014180798,0.0009846140478779063,0.0009846140478780357,0.014340776918424857
KMI,XOM,1,2024-01-24,2024-01-25,2024-02-26,21,signal,14.978611746092177,91.68114554151953,15.372349395156052,95.77456038013875,0.03473305517545114,0.005232995747264102,-0.006727544374662765,0.0010175665780314438,0.0010175665780315945,-0.008762677530725804
MA,PGR,1,2024-01-24,2024-01-25,2024-03-01,25,signal,429.80309664025765,163.93751398889015,467.69211827354803,174.02614879170542,0.000944275617354095,0.0036236554458128362,0.0002560162713118458,0.0010360734216324015,0.001036073421632487,-0.0018161305719530427
NTRS,ZION,1,2024-01-24,2024-01-25,2024-02-09,11,signal,75.85759328830358,40.87665360595525,72.51070364164445,36.46860108733292,0.007547322243115313,0.010459528770893439,0.02181049205145426,0.0009643945847974848,0.0009643945847975441,0.01988170288185923
PGR,BLK,-1,2024-01-24,2024-01-25,2024-03-05,27,signal,163.93751398889015,745.098611868217,174.29289079283876,783.2881255862189,0.00476372962069375,0.000293604981300457,-0.03708760294659423,0.0010299808067732457,0.001029980806773331,-0.039147564560140805
PSX,KMI,-1,2024-01-24,2024-01-25,2024-02-21,18,signal,123.70177828323605,14.978611746092177,130.3118934545175,15.318724697854265,0.004630955604304855,0.028511948892244978,-0.019893790700280564,0.0010200760990345997,0.001020076099034803,-0.021933942898349965
V,PGR,1,2024-01-24,2024-01-25,2024-03-04,26,signal,266.5173049490162,163.93751398889015,277.399602838413,172.7016564457239,0.001657842692150632,0.0034043328036027043,-0.010771042103463836,0.0010238775280397823,0.0010238775280398326,-0.012818797159543451
CVX,EOG,-1,2024-01-25,2024-01-26,2024-03-01,24,signal,131.87834601432186,106.2301217145331,137.97632959040993,106.80706311873567,0.004812926065142498,0.003437294685333588,-0.026350501970764103,0.0010155245049866253,0.0010155245049867129,-0.02838155098073744
VLO,KMI,-1,2024-01-25,2024-01-26,2024-02-21,17,signal,124.76046688455835,15.251430792204541,126.60158715384469,15.318724697854265,0.0046549597483825115,0.027483585553359655,-0.005715735497444167,0.001005127434871007,0.0010051274348711527,-0.007725990367186327
AXP,COF,-1,2024-01-26,2024-01-29,2024-04-01,43,signal,196.3346960063413,134.14291705723275,221.3809936994424,143.48333826895353,0.0033135890116691587,0.00260376483847221,-0.057619385095469315,0.0010534913957865669,0.0010534913957866866,-0.05972636788704257
AXP,FITB,-1,2024-01-26,2024-01-29,2024-03-06,26,signal,196.3346960063413,31.78499119513356,211.8226176832867,33.18906662710043,0.0032338392366437867,0.011481831844469702,-0.03293113086800975,0.0010329599381673686,0.0010329599381674766,-0.034997050744344595
AXP,PNC,-1,2024-01-26,2024-01-29,2024-03-06,26,signal,196.3346960063413,138.40626163181958,211.8226176832867,136.26254719069115,0.0031786820392455278,0.0027151230437305355,-0.05403005947832847,0.0010215674597050684,0.0010215674597051,-0.05607319439773864
NTRS,AXP,1,2024-01-26,2024-01-29,2024-03-05,25,signal,75.3474288668757,196.3346960063413,77.53315731919962,211.64738651899202,0.005872599263464832,0.0028393198970681067,-0.02961362792317281,0.0010280916277908996,0.0010280916277909586,-0.03166981117875467
VLO,OKE,-1,2024-01-26,2024-01-29,2024-02-20,15,signal,128.04510585340714,61.435516414346075,130.0923307050846,63.65408641380502,0.005366459070476933,0.005089298600308868,0.001315568311452988,0.0010109514931096976,0.0010109514931098196,-0.0007063346747665292
NTRS,FITB,1,2024-01-29,2024-01-30,2024-02-13,10,signal,74.73522740629421,32.6677742081092,74.37326856854781,30.49418346405836,0.007468554904238208,0.013526900646087865,0.027682648765370917,0.0009840121781222238,0.000984012178122345,0.025714624409126346
AXP,MET,-1,2024-01-30,2024-01-31,2024-03-06,24,signal,196.81115126968947,65.40302096355049,211.8226176832867,65.99637744690773,0.0026601949641260904,0.0072843752711600745,-0.034589100699140986,0.0010220953641082913,0.001022095364108337,-0.03663329142735761
BAC,PNC,-1,2024-01-30,2024-01-31,2024-02-07,5,signal,32.41274674426197,139.11202187300938,31.02799074547738,136.7112677705277,0.015874466701326008,0.003489634699492243,0.014589317017156544,0.0009848088459574475,0.0009848088459575635,0.012619699325241535
C,USB,-1,2024-01-30,2024-01-31,2024-02-29,20,signal,52.40861023951387,38.16311674594732,51.804328735703216,37.47848615848248,0.010326608554870253,0.012020908204796297,-0.0009969796524909149,0.0009927232468187042,0.0009927232468188128,-0.002982426146128432
NTRS,BAC,1,2024-01-30,2024-01-31,2024-02-13,9,signal,74.76306567565477,32.41274674426197,74.37326856854781,31.08429383294604,0.00720779221025902,0.014227796508122047,0.017080568750996554,0.0009891876103582061,0.0009891876103584043,0.015102193530279941
AIG,AFL,-1,2024-02-01,2024-02-02,2024-02-21,12,signal,64.93141873751456,72.57279907152075,64.58238798694272,75.20808657391404,0.006382462821341289,0.00807000710710948,0.024504075715500555,0.0010096110528802333,0.00100961105288034,0.022484853609739983
USB,AFL,-1,2024-02-01,2024-02-02,2024-02-16,10,signal,36.36508147643168,72.57279907152075,36.98568767997294,75.32825836485264,0.009171806760068806,0.009185711562217007,0.020634447042489602,0.0010156729254928447,0.0010156729254929484,0.01860310119150381
CVX,FANG,-1,2024-02-02,2024-02-05,2024-02-23,13,signal,135.07662793759906,137.199238389154,139.61706673342374,160.4272643799425,0.004903597015204868,0.0024597509555271896,0.03591022310441226,0.0010395461054861716,0.0010395461054862388,0.03383113089343985
DTE,PEG,1,2024-02-06,2024-02-07,2024-02-09,2,signal,96.07008483566493,54.05501853846689,95.69852683250438,53.102499725474495,0.004971626016483906,0.009663355351431943,0.00835173391989553,0.0009944535861716403,0.000994453586171727,0.006362826747552163
AON,NDAQ,-1,2024-02-09,2024-02-12,2024-03-08,18,signal,308.06760822003946,55.2988946296546,310.11646408167474,57.15189986485915,0.0020857273504178197,0.0064614690706054885,0.008707763863100501,0.001007982555832775,0.0010079825558327992,0.006691798751434927
PPL,EIX,-1,2024-02-09,2024-02-12,2024-02-27,10,signal,23.644257189484595,57.102732390348415,24.07015135936203,58.78018670892711,0.02506763882570794,0.007131030008995667,0.0022970424972581643,0.0010112266412163257,0.001011226641216479,0.00027458921482535954
EOG,FANG,1,2024-02-12,2024-02-13,2024-03-21,26,signal,104.41896315180371,153.0627481100056,116.22309036560527,179.9361990102238,0.004843677140474462,0.0032289618488994917,-0.028525993804421418,0.0010719727519136679,0.0010719727519138173,-0.030669939308248902
NTRS,SCHW,1,2024-02-13,2024-02-14,2024-02-26,7,signal,72.96355736578815,61.09578612549723,75.14238602587662,62.39631916282416,0.008054298704498876,0.006750336106376027,0.009783155543245577,0.0010132538083728877,0.0010132538083729935,0.007756647926499695
ES,WEC,-1,2024-02-14,2024-02-15,2024-03-07,14,signal,51.847805555258255,70.62824010350154,53.183074722411156,74.96518734357191,0.008948590363180551,0.007590038052753356,0.021991292270125765,0.001022474486644567,0.0010224744866446649,0.019946343296836533
TFC,HBAN,1,2024-02-14,2024-02-15,2024-03-22,25,signal,31.789036138700673,11.53980518310285,34.07206918727287,12.485896636243023,0.014165329479389513,0.04763060534159426,-0.011684344708185475,0.0010386485680293459,0.0010386485680294617,-0.013761641844244282
AEE,AWK,-1,2024-02-21,2024-02-22,2024-03-27,24,signal,65.21652123456686,114.24012677747454,66.30829782399036,111.41918503600512,0.011012912391523562,0.0024646119536073227,-0.017973854186885928,0.0010023124800069066,0.001002312480007045,-0.01997847914689988
DTE,PEG,1,2024-02-22,2024-02-23,2024-04-22,40,signal,98.64420461701296,55.41712976974535,100.3909276737392,60.75619590222799,0.004845826826964755,0.009418839318404697,-0.0407941449275888,0.0010293436370396583,0.001029343637039779,-0.04285283220166824
TFC,KEY,1,2024-02-23,2024-02-26,2024-03-11,10,signal,31.263232887840182,12.446734121212073,33.163952548848975,13.28087035491333,0.01690454382928757,0.03788443871199776,0.001561910201574538,0.001031894407974675,0.0010318944079747714,-0.0005018786143749085
TROW,MS,-1,2024-02-29,2024-03-01,2024-03-05,2,signal,98.58776006817645,80.43184844162506,101.31079511662307,83.11930317218065,0.004344452701196471,0.007108646965378068,0.00828961062350157,0.001015540680223242,0.0010155406802233773,0.00625852926305495
ALL,JPM,1,2024-03-01,2024-03-04,2024-03-18,10,signal,147.04196487621118,175.1753551693827,153.56770846524708,180.97066222266486,0.004188868341348738,0.0021930950259787703,0.01564596376430389,0.0010201421130047173,0.0010201421130048753,0.013605679538294297
CVX,FANG,1,2024-03-04,2024-03-05,2024-04-03,20,signal,134.17193926323526,166.54584310541563,144.18773578394988,187.1906364710278,0.004593694648505066,0.0023042971855199235,-0.0005153218371650378,0.0010469065331330913,0.0010469065331333346,-0.0026091349034314637
NTRS,COF,-1,2024-03-04,2024-03-05,2024-03-07,2,signal,77.53315731919962,129.87690987128244,76.04916358915256,131.5786009861956,0.0078068679544067736,0.0030382866761582495,0.017752259822342062,0.0009966912853195558,0.0009966912853195836,0.01575887725170292
NTRS,ZION,-1,2024-03-04,2024-03-05,2024-03-07,2,signal,77.53315731919962,35.763347378829465,76.04916358915256,38.63265776279595,0.007867192261743977,0.010902823697891513,0.043968154319696105,0.001009705079277286,0.0010097050792773005,0.04194874416114152
MA,PGR,1,2024-03-06,2024-03-07,2024-04-12,25,signal,466.4744413367261,180.10059844097685,459.5531884048287,191.40955472023433,0.0008637647132829162,0.0033146950420672415,-0.04244842954976792,0.0010156458143209316,0.0010156458143210528,-0.044479721178409905
NTRS,BAC,1,2024-03-06,2024-03-07,2024-03-22,11,signal,76.04916358915256,33.61359836147133,81.24815058237274,35.35794813416483,0.007022679208574071,0.013862393338586661,0.013360338176112391,0.0010303829823294303,0.0010303829823295645,0.011299572211453397
NTRS,FITB,1,2024-03-06,2024-03-07,2024-03-18,7,signal,76.04916358915256,33.1524806327836,76.30050525615528,32.1328667053299,0.007348277157763201,0.013309055942880356,0.016411228099629492,0.0009942010685780672,0.0009942010685780704,0.014422825962473355
NTRS,JPM,1,2024-03-06,2024-03-07,2024-03-26,13,signal,76.04916358915256,180.10694140749132,80.62151068198574,184.72997003050398,0.0058044031031962194,0.0031010531515574713,0.013223870680334156,0.0010203825069368116,0.0010203825069369345,0.01118310566646041
NTRS,KEY,1,2024-03-06,2024-03-07,2024-03-18,7,signal,76.04916358915256,13.535266484988773,76.30050525615528,12.932546512717767,0.007575613032146061,0.03132238266750091,0.021774286816373542,0.0009915939954884517,0.0009915939954885389,0.019791098825396553
NTRS,SCHW,1,2024-03-06,2024-03-07,2024-03-12,3,signal,76.04916358915256,66.30963782112055,76.61849316253777,65.03973938314022,0.007598016307617838,0.006367924222812602,0.013410592872562715,0.0009982004658458858,0.000998200465845972,0.011414191940870858
TROW,MS,-1,2024-03-06,2024-03-07,2024-03-14,5,signal,102.79136611991032,80.30124349826706,103.06235998173163,82.94224236621695,0.00427038902565745,0.00698745965858101,0.018306494793659006,0.0010098709590432918,0.0010098709590433822,0.01628675287557233
V,PGR,1,2024-03-06,2024-03-07,2024-04-12,25,signal,275.78216114597143,180.10059844097685,270.27847209069716,191.40955472023433,0.0015488008508069194,0.0031804184845848457,-0.043477694286884506,0.0010136375964133345,0.0010136375964134186,-0.045504969479711256
AMP,AJG,1,2024-03-08,2024-03-11,2024-03-19,6,signal,397.3637376737756,245.27648974279015,411.1781797352848,248.1197428697945,0.0011103945428714292,0.0022778803005488873,0.009873742304575155,0.0010108515141389958,0.001010851514139109,0.00785203927629705
AWK,NEE,1,2024-03-08,2024-03-11,2024-05-13,44,signal,111.06967376188891,53.54956484505691,127.60012700677943,69.03137595695449,0.004723347794871367,0.00887782489464925,-0.058257956482960824,0.0011077717380230025,0.0011077717380232298,-0.060473499959007054
AJG,ICE,-1,2024-03-11,2024-03-12,2024-03-22,8,signal,246.51557040433963,132.56184308671425,245.14101642419735,134.0276028411529,0.0021950257997479126,0.0034614076985660784,0.009091762647359293,0.0010009890995384871,0.0010009890995385734,0.007089784448282232
BLK,AJG,1,2024-03-11,2024-03-12,2024-03-22,8,signal,786.8806464102249,246.51557040433963,796.2266166950407,245.14101642419735,0.00043422365749475885,0.0026698488783526496,0.008728130690496137,0.0010000378884680765,0.0010000378884681463,0.006728054913559914
BKR,MPC,1,2024-03-13,2024-03-14,2024-04-19,25,signal,30.220289416246082,181.52476585173656,30.64636057262441,187.06136890964834,0.011678034191706007,0.0035639168081710105,-0.013744116031686357,0.0010122031342906107,0.0010122031342907505,-0.01576852230026772
VLO,KMI,-1,2024-03-13,2024-03-14,2024-04-16,22,signal,149.03453487938287,15.93345414742027,159.65577438805457,16.060527911292784,0.004112931280573951,0.024283367598188433,-0.0395753873592002,0.001023261934281866,0.0010232619342819926,-0.041621911227764055
VLO,OKE,-1,2024-03-13,2024-03-14,2024-04-16,22,signal,149.03453487938287,68.31771823167614,159.65577438805457,68.88569345535491,0.004675824234997985,0.004434332848149468,-0.046118575826463656,0.0010258820826077166,0.001025882082607885,-0.04817033999167926
KMI,XOM,1,2024-03-14,2024-03-15,2024-04-22,25,signal,15.656120690909392,102.25607056568246,16.793397362540674,110.12412282484914,0.032193430793252174,0.004850367627607974,-0.0005127166131798783,0.001037391536068083,0.0010373915360681902,-0.0025874996853161515
PGR,BLK,-1,2024-03-14,2024-03-15,2024-04-12,19,signal,183.38103011007854,759.8366306872326,191.40955472023433,743.8973607735054,0.004342526355389829,0.0002676447806425449,-0.03811514936961316,0.0010149927445460294,0.001014992744546082,-0.04014513485870527
PSX,KMI,-1,2024-03-14,2024-03-15,2024-04-16,21,signal,141.92432441943646,15.656120690909392,148.13694282458104,16.060527911292784,0.004195703920531599,0.025832183672412027,-0.01460142871002807,0.0010181570938104215,0.001018157093810585,-0.016637742897649077
USB,AFL,1,2024-03-14,2024-03-15,2024-04-11,18,signal,37.686756861981145,78.82241120312129,38.32290691348625,78.57840769750973,0.008572703024183502,0.008585699562656762,0.00854997060753681,0.001001504345748627,0.0010015043457486943,0.006546961916039488
ALL,COF,-1,2024-03-15,2024-03-18,2024-03-21,3,signal,153.56770846524708,131.22778884577738,152.5588972904852,137.52615674434392,0.004889504061028476,0.00189654053038922,0.0178809558172545,0.001003259486511521,0.0010032594865115544,0.015874436844231427
AXP,MET,1,2024-03-15,2024-03-18,2024-03-26,6,signal,214.04187663932706,67.43754636765559,220.36237521838336,67.75631014800533,0.002508210675078294,0.006868198783468574,0.014672870498942987,0.0010090614995487066,0.0010090614995487228,0.012654747499845558
C,USB,-1,2024-03-15,2024-03-18,2024-04-16,20,signal,53.94386643379388,38.17211072731018,54.30586155632143,37.46019084534994,0.010164285099667105,0.011831952136197943,-0.011105246939826455,0.0009975766583937033,0.0009975766583938397,-0.013100400256613999
TFC,KEY,1,2024-03-15,2024-03-18,2024-03-22,4,signal,31.19194284261016,12.919620429246788,34.07206918727287,13.7899552081907,0.01662655659973203,0.037261447031940176,0.016496831156347758,0.001040180738107889,0.0010401807381079987,0.01441646968013187
BAC,FITB,-1,2024-03-19,2024-03-20,2024-04-17,19,signal,33.84021071141015,32.37089043001315,32.97617792652637,31.880000926608396,0.015727810981563638,0.014449249231463823,0.007485987750980169,0.0009896282082587663,0.0009896282082587833,0.00550673133446262
MA,BLK,-1,2024-03-19,2024-03-20,2024-03-26,4,signal,476.9591422513577,762.22540420998,470.93016150977843,776.0088164899769,0.0014987139642715845,0.00037385199788493725,0.01518652107928515,0.0009978472330071872,0.0009978472330073413,0.013190826613270621
HAL,BKR,1,2024-03-20,2024-03-21,2024-03-27,4,signal,36.10112198660823,31.796549067053892,36.01792356758026,31.09569118986104,0.013397801169510209,0.01623785582755482,0.011259491985999038,0.0009937386962896525,0.0009937386962897915,0.009272014593419593
AMP,AJG,-1,2024-03-21,2024-03-22,2024-04-24,22,signal,422.26501067454154,245.14101642419735,393.209381684392,231.73458937800672,0.0010809514237799696,0.0022174802369897524,0.0026487123827528512,0.0009694758806007515,0.0009694758806007946,0.000709760621551305
RF,FITB,-1,2024-03-21,2024-03-22,2024-04-12,14,signal,18.23863810572243,34.03703803974698,17.174996685021476,31.815343623310973,0.028814288500907437,0.013938957406506917,0.0006491331953221158,0.0009691662787055407,0.0009691662787056337,-0.0012891993620890586
ALL,COF,-1,2024-03-22,2024-03-25,2024-04-12,13,signal,158.50801583143985,135.2321714966171,158.17113005911054,133.19801618221214,0.004739000901553869,0.001838163374274294,-0.0011455274554075796,0.0009970803623277472,0.0009970803623278492,-0.003139688180063176
NTRS,COF,-1,2024-03-26,2024-03-27,2024-04-12,11,signal,81.66903022051184,136.84356510983693,79.26040117972221,133.19801618221214,0.007410688940368145,0.0028841012298618744,0.008321183135728558,0.0009857146873835688,0.0009857146873836302,0.006349753760961359
NTRS,PNC,-1,2024-03-26,2024-03-27,2024-04-10,9,signal,81.66903022051184,142.96174203470287,81.16092166138696,145.50181334502307,0.0069440822772612355,0.00302749622604718,0.01222042045550128,0.0010020165092723492,0.0010020165092724464,0.010216387436956484
V,TROW,1,2024-03-27,2024-03-28,2024-04-24,18,signal,273.4355194227654,106.87212964267,277.16421888226876,98.18201154025388,0.0028547693216661625,0.002055586181937676,0.0295045417438694,0.0009966782264330485,0.0009966782264331083,0.027511185291003243
MET,RF,1,2024-03-28,2024-04-01,2024-04-04,3,signal,68.9290057272673,18.968184267856202,68.98099996180653,18.518346916985077,0.008467175251312674,0.02195515211302834,0.011311859929079578,0.000995368168680765,0.0009953681686809257,0.009321123591717887
NTRS,SCHW,-1,2024-03-28,2024-04-01,2024-04-08,5,signal,82.81942982403861,69.99735784159763,81.73201505639364,69.90804497865791,0.007067308898475721,0.005923136474395442,0.008151893168108462,0.0009958093805081825,0.0009958093805083712,0.006160274407091907
AON,AMP,1,2024-04-03,2024-04-04,2024-04-25,15,signal,320.4127164494211,426.04763981370075,302.3007556166769,396.97644363703733,0.0016506628906908028,0.0011058276218212035,0.0032199973046686987,0.0009690071973874935,0.0009690071973876448,0.0012819829098935603
AON,NDAQ,1,2024-04-04,2024-04-05,2024-06-03,40,signal,311.0113719334979,59.05598635259144,276.49847280659407,57.420538829317366,0.002024702683433541,0.006272417995361196,-0.058660102558997444,0.000960046440862679,0.000960046440862877,-0.060580195440723
AXP,MET,1,2024-04-04,2024-04-05,2024-04-12,5,signal,214.80266540019954,68.10698650960273,211.66178962797434,65.68080380258492,0.0024919942396126804,0.006823793541339681,0.009716571596062807,0.0009878460415288413,0.000987846041528991,0.007740879513004974
AXP,PNC,1,2024-04-04,2024-04-05,2024-04-16,7,signal,214.80266540019954,143.5330775704666,212.3445548868546,136.27573201825126,0.002964212189229904,0.002531930127681258,0.012076039399505533,0.0009873086949892021,0.0009873086949892798,0.010101422009527052
EOG,FANG,-1,2024-04-04,2024-04-05,2024-04-15,6,signal,124.41131420419367,187.55381918128498,124.6348820321918,193.4227355979178,0.004008965703013761,0.0026725144829347473,0.01579678382678075,0.001008295458937777,0.00100829545893781,0.013780192908905161
NTRS,AXP,-1,2024-04-04,2024-04-05,2024-04-16,7,signal,80.88339128254255,214.80266540019954,75.59977666280962,212.3445548868546,0.005413421743302514,0.0026173139656580947,0.02315133696225151,0.0009825496722669048,0.0009825496722670253,0.02118623761771758
EIX,ED,-1,2024-04-05,2024-04-08,2024-04-15,5,signal,63.10268300071169,82.53863305586458,61.6591184105626,82.53885548831815,0.008052103221195215,0.00595941925900545,0.012619240243142567,0.000994183588552069,0.0009941835885522077,0.01063087306603829
OXY,KMI,-1,2024-04-05,2024-04-08,2024-04-19,9,signal,65.72263795666332,16.532861301264518,63.09011212997914,16.364399457628796,0.006387776047466409,0.03509728082769727,0.011892151457697377,0.0009887186725020228,0.0009887186725021622,0.009914714112693191
TRV,CFG,-1,2024-04-05,2024-04-08,2024-04-11,3,signal,221.5305741484734,31.277585726703386,214.20328363622465,30.981447686733276,0.003458642063964084,0.00746663957970584,0.024117281805724686,0.000985962635473595,0.000985962635473699,0.022145356534777394
AXP,COF,1,2024-04-09,2024-04-10,2024-04-17,5,signal,212.37148651715663,136.07058535548344,214.15878789789903,132.9163913015896,0.0031324305710002036,0.0024614134556226294,0.014361459078275057,0.0009990859077475044,0.0009990859077476676,0.012363287262779885
CB,FITB,1,2024-04-09,2024-04-10,2024-05-13,23,signal,242.26006589936387,32.95128570394793,248.4775908736287,36.053411995535,0.0029626692460307494,0.008572683127281744,-0.007150353092860294,0.0010227225980426727,0.0010227225980427635,-0.00919579828894573
CB,KEY,1,2024-04-09,2024-04-10,2024-04-22,8,signal,242.26006589936387,13.544189479061515,244.57059917755453,13.12010573328903,0.0030039811312900263,0.02011805243649409,0.016471973434455715,0.0009994360286375967,0.0009994360286376906,0.014473101377180428
CB,PNC,1,2024-04-09,2024-04-10,2024-04-22,8,signal,242.26006589936387,145.50181334502307,244.57059917755453,141.44231117373178,0.0029118870118480327,0.002025893253425621,0.01595159092047907,0.0009994610161873489,0.000999461016187473,0.013952668888104248
CB,SCHW,1,2024-04-09,2024-04-10,2024-05-08,20,signal,242.26006589936387,69.2115915512467,246.98688841035172,73.04746499102058,0.003009797781985747,0.003916612439203351,0.00021800432866815947,0.001014854048684716,0.0010148540486848026,-0.001811703768701359
MET,RF,1,2024-04-09,2024-04-10,2024-04-11,1,signal,67.197872999256,18.2746656314203,66.55425296011803,17.779053025312066,0.008728006516036436,0.02263148039523272,0.006590597957901238,0.0009916708745803583,0.0009916708745805983,0.004607256208740282
AIG,AFL,-1,2024-04-11,2024-04-12,2024-04-19,5,signal,69.88746954615561,75.45425977954673,69.41853371869277,77.28560905368008,0.006050361954732563,0.0076500976726434885,0.01785290010141221,0.001005667791875148,0.0010056677918752397,0.015841564517661822
ES,WEC,-1,2024-04-11,2024-04-12,2024-04-19,5,signal,53.46321247924732,73.07728119384272,53.30931220240067,73.99388434722464,0.008662369461839299,0.007347270483280958,0.009070411964996819,0.0010027396129466115,0.0010027396129466924,0.007064932739103516
USB,AFL,-1,2024-04-11,2024-04-12,2024-04-18,4,signal,37.423868165613676,75.45425977954673,35.825039825911155,76.8113043839723,0.008851635284693841,0.008865054694908364,0.027181634369452576,0.000999114381910324,0.0009991143819104667,0.025183405605631783
CVX,EOG,1,2024-04-12,2024-04-15,2024-04-22,5,signal,144.18774066422156,124.51030943645748,144.05264190941205,123.63010572293258,0.004290318707318145,0.0030640590550221358,0.00311586021833352,0.0009984807747381304,0.000998480774738195,0.0011188986688571946
CVX,FANG,1,2024-04-12,2024-04-15,2024-04-19,4,signal,144.18774066422156,193.4227355979178,142.97187584704162,187.39552119431673,0.004146121386270631,0.002079784698862498,0.008485496598830737,0.000991311426781372,0.00099131142678145,0.006502873745267914
NTRS,JPM,-1,2024-04-12,2024-04-15,2024-04-22,5,signal,79.31212309031257,176.17295036934712,76.82622217738698,177.41821588572347,0.005766124759325277,0.0030806026113749637,0.019164981320425163,0.0009947983155714553,0.0009947983155716555,0.01717538468928205
AMP,MS,1,2024-04-16,2024-04-17,2024-05-13,18,signal,400.9855781898939,83.99531979039986,421.8971099332531,92.97196251548945,0.0015748161926020274,0.004388965746980068,-0.005430063838136295,0.0010362948036063502,0.0010362948036064985,-0.007502653445349144
NTRS,SCHW,1,2024-04-16,2024-04-17,2024-05-10,17,signal,76.10533830948432,71.09785382616766,81.36974591893377,73.63700597534284,0.007370039945761428,0.0061768564311524814,0.024142224181062752,0.0010273080909572437,0.0010273080909572953,0.022087607999148214
PPL,EIX,1,2024-04-16,2024-04-17,2024-04-23,4,signal,24.183685837373456,60.00322162675974,25.26605586723597,63.03209257798214,0.02424280729477805,0.006896388906962765,0.006375067588218784,0.0010236515612506356,0.0010236515612507251,0.004327764465717423
CFG,MET,-1,2024-04-17,2024-04-18,2024-05-15,19,signal,30.159422558579177,64.6011818429004,34.082228661534764,68.7967326551026,0.012432379902288425,0.009677399736572083,-0.007122984432854813,0.001044808997324251,0.0010448089973243953,-0.00921260242750346
TRV,CFG,1,2024-04-17,2024-04-18,2024-05-10,16,signal,200.22913482894262,30.159422558579177,211.08204836149238,33.47146741899771,0.003769731585884441,0.00813823071120907,0.01499257730165822,0.0010341915590929662,0.0010341915590931085,0.012924194183472144
TRV,HBAN,1,2024-04-17,2024-04-18,2024-05-10,16,signal,200.22913482894262,12.043930390357971,211.08204836149238,12.851784450775611,0.003412757235249444,0.026307820874743613,0.01681481208252786,0.0010293328151836235,0.001029332815183723,0.014756146452160515
EIX,ED,1,2024-04-18,2024-04-19,2024-05-10,15,signal,60.87455539720076,84.03739731470623,66.79889618914338,90.59093184107039,0.008125329844923848,0.006013614807638221,0.009770561427111142,0.0010437706489518353,0.0010437706489519875,0.007683020129207319
KMI,SLB,-1,2024-04-18,2024-04-19,2024-06-24,44,signal,16.364399457628796,46.481200584139096,17.93664076836358,43.23020337551204,0.03938560992332469,0.007644667039383918,-0.08575810501377756,0.001018369162079784,0.0010183691620799496,-0.0877948433379373
MA,PGR,1,2024-04-18,2024-04-19,2024-04-29,6,signal,452.99432654625457,193.8842355835125,454.5730739571052,191.40955527927747,0.0008353029506755421,0.0032054730954510255,0.010247827371695679,0.0009965738659728689,0.0009965738659730406,0.00825467963974977
TROW,MS,1,2024-04-18,2024-04-19,2024-05-28,26,signal,96.30765774377862,84.20966025721978,104.39903860441088,92.67071250932095,0.004271364653232926,0.006989056037338185,-0.02352677683971613,0.0010467532811153644,0.0010467532811155055,-0.025620283401947
AEE,AWK,-1,2024-04-19,2024-04-22,2024-05-01,7,signal,68.43152529654014,111.57769402780629,68.41641210480041,114.77444142427213,0.010703935938615494,0.00239546520730191,0.00882298511689787,0.001003517315920914,0.0010035173159210569,0.006815950485055899
ALL,JPM,-1,2024-04-19,2024-04-22,2024-04-29,5,signal,164.8285478007154,177.59572285509384,162.56371401950642,184.5630096620437,0.0038782940407814936,0.0020304928866258895,0.023933265735044194,0.001002548077426706,0.0010025480774268523,0.021928169580190636
AXP,COF,-1,2024-04-19,2024-04-22,2024-06-06,32,signal,226.32203643308162,139.04356863317435,229.24328014670164,132.20277393489417,0.0029793929027630553,0.0023411589225123394,-0.023722756830211293,0.0009961635023431155,0.0009961635023432338,-0.025715083834897644
AXP,FITB,-1,2024-04-19,2024-04-22,2024-05-02,8,signal,226.32203643308162,33.788518964767455,228.06185548448025,34.604390595020774,0.002887316703815445,0.01025149441545637,0.004347035805054106,0.001006540952502515,0.0010065409525025662,0.0023339539000490246
AXP,MET,-1,2024-04-19,2024-04-22,2024-05-20,20,signal,226.32203643308162,66.63945129023791,237.36671715629572,69.64943246524336,0.0024460525952858577,0.006697992168747174,-0.0058315065891335095,0.001023533019725101,0.001023533019725187,-0.007878572628583798
AXP,PNC,-1,2024-04-19,2024-04-22,2024-05-06,10,signal,226.32203643308162,141.44231117373178,226.81210773688449,146.14787225155473,0.0028802662039489556,0.0024602262968951294,0.011171554030975984,0.0010063447395383656,0.0010063447395384432,0.009158864551899175
NTRS,AXP,1,2024-04-19,2024-04-22,2024-05-06,10,signal,76.82622217738698,226.32203643308162,79.84522409818506,226.81210773688449,0.005368662921835051,0.002595673699285329,0.01594459474763045,0.0010086562685485915,0.0010086562685487285,0.01392728221053313
NTRS,BAC,1,2024-04-19,2024-04-22,2024-05-06,10,signal,76.82622217738698,34.93548202426261,79.84522409818506,35.594235056545514,0.006859505670855073,0.013540297498077844,0.012803992975122316,0.0010148442139569383,0.0010148442139571222,0.010774304547208256
NTRS,PNC,1,2024-04-19,2024-04-22,2024-05-07,11,signal,76.82622217738698,141.30093954837074,79.89197993053517,145.4052421275805,0.00722421524107976,0.003149629210203941,0.010238257248708929,0.0010175946539517583,0.001017594653951954,0.008203067940805218
PGR,BLK,-1,2024-04-19,2024-04-22,2024-04-29,5,signal,197.70860268226306,717.3322134647237,191.40955527927747,722.8746974393767,0.0041322817061656214,0.0002546866824255842,0.028428415995545613,0.0009873807900168399,0.0009873807900169502,0.026453654415511823
RF,FITB,1,2024-04-19,2024-04-22,2024-05-21,21,signal,16.9856679435616,33.754747331619264,17.977444114503953,34.83314174105381,0.03001717579670456,0.014520856028796908,0.015133837867755056,0.0010227281552544609,0.0010227281552545736,0.013088381557246022
V,PGR,1,2024-04-19,2024-04-22,2024-04-29,5,signal,266.0324214018733,197.70860268226306,267.1102992143265,191.40955527927747,0.001487892515807307,0.0030553449514723547,0.021840609103711116,0.0009910800918101553,0.0009910800918102784,0.01985844892009068
TFC,KEY,-1,2024-04-22,2024-04-23,2024-05-21,20,signal,33.81388026299849,13.003998582715326,35.3391175967544,13.579879145179033,0.01588329327771744,0.0355957343067643,-0.00270457607518226,0.0010223243210985586,0.0010223243210987104,-0.004749224717379529
BAC,PNC,-1,2024-04-23,2024-04-24,2024-05-02,6,signal,35.89856837754109,144.59969988977818,35.32014324810897,144.12219042208375,0.014773766954569343,0.003247671293585603,0.007989647491340785,0.0009949232190905927,0.0009949232190906918,0.0059998010531595
C,USB,-1,2024-04-23,2024-04-24,2024-06-03,27,signal,57.93487218899814,36.84315930732269,59.240426296755906,37.015204617670655,0.009917635664132276,0.011544834617646254,-0.00995438555650964,0.0010073897693343207,0.0010073897693344297,-0.011969165095178392
CB,PNC,1,2024-04-24,2024-04-25,2024-05-01,4,signal,236.74970131688167,145.56517078442755,242.72916776210633,141.8867407110852,0.0029589614872037088,0.0020586444768225377,0.02627085764576762,0.0010052669664568298,0.0010052669664569278,0.024260323712853867
AON,AMP,1,2024-04-26,2024-04-29,2024-06-05,26,signal,276.5922314228377,397.9534063911815,280.5459561220646,413.89320203267545,0.001840983017137956,0.0012333286724601307,-0.011366791993153217,0.0010134749789407409,0.0010134749789409226,-0.01339374195103488
MET,FITB,1,2024-04-26,2024-04-29,2024-05-15,12,signal,65.72734432369143,34.01333287173486,68.7967326551026,35.91474379685307,0.009158438983736463,0.011705462325402446,0.006879199030234779,0.001025287228692628,0.0010252872286926383,0.004828624572849513
MET,PNC,1,2024-04-26,2024-04-29,2024-05-02,3,signal,65.72734432369143,144.41814105986532,67.31667919410245,144.26638470964957,0.009134231225959272,0.0027678746234520413,0.01594454746221307,0.0010071527096889052,0.0010071527096889754,0.01393024204283519
PSX,KMI,1,2024-04-26,2024-04-29,2024-06-27,41,signal,138.82373639093404,16.702343719518616,130.40924592013403,17.991158631189194,0.004138403353547495,0.025479394534069017,-0.06666171380850468,0.0009990653900935175,0.0009990653900935741,-0.06865984458869177
CVX,FANG,-1,2024-04-29,2024-04-30,2024-05-06,4,signal,149.47432700916357,190.51518579180504,144.8999441572325,188.39901875780114,0.004080501694712668,0.002046868433820609,0.015322656426035572,0.000988394949060657,0.0009883949490606665,0.013345866527914248
BKR,MPC,-1,2024-04-30,2024-05-01,2024-06-05,24,signal,31.036093478720293,172.55915570951632,30.40120538794906,168.48087116176774,0.0119492705937848,0.003646693066271281,-0.0062969043583746605,0.000988898030784511,0.000988898030784682,-0.008274700419943853
MA,BLK,1,2024-04-30,2024-05-01,2024-06-07,26,signal,440.07250847227243,714.9580645422928,443.23214979038903,732.5008828951646,0.0016173717660909251,0.0004034510123282008,-0.0009610480085329972,0.001006305156126765,0.001006305156126886,-0.0029736583207866482
BAC,FITB,1,2024-05-01,2024-05-02,2024-05-17,11,signal,35.32014324810897,34.604390595020774,37.2487822510332,35.840792563327,0.014900977857244329,0.0136896318950065,0.01283558075481344,0.0010228614979954506,0.0010228614979956004,0.01078985775882239
MA,PGR,1,2024-05-01,2024-05-02,2024-05-16,10,signal,437.30846194667,194.6656621587522,453.6361667814559,193.24082668076898,0.0008442433237951332,0.0032397817561291256,0.01940516984816414,0.0010044580614429698,0.0010044580614430826,0.017396253725278088
PPL,EIX,-1,2024-05-01,2024-05-02,2024-05-07,3,signal,25.81010310836503,63.629427763390794,26.122071998017294,65.4629101585353,0.022771402390422614,0.0064778160768172565,0.005782396501033365,0.0010094038847699473,0.0010094038847700748,0.0037635887314933433
VLO,KMI,1,2024-05-01,2024-05-02,2024-05-24,16,signal,146.450975123646,16.656959631086817,153.21359318607,17.42780010614198,0.004085431447830689,0.024121004431425255,0.010057977347580942,0.0010232113604136403,0.0010232113604137782,0.008011554626753525
VLO,OKE,1,2024-05-01,2024-05-02,2024-05-20,12,signal,146.450975123646,69.76045218010096,155.1955959569892,74.32559197737471,0.004704367453718791,0.004461401900792257,0.021801932756434318,0.0010309464818828462,0.0010309464818828947,0.019740039792668574
AJG,ICE,-1,2024-05-02,2024-05-03,2024-06-07,24,signal,231.3833551497905,124.0207639432632,245.4822014616283,130.24673201021062,0.002342064350264107,0.0036932775794582314,-0.008998214173282539,0.0010279628814455714,0.0010279628814456594,-0.01105413993617377
MET,PNC,1,2024-05-02,2024-05-03,2024-05-08,3,signal,65.42020277570484,145.55588193699845,66.81024562779403,143.78488001281255,0.009131066402150731,0.0027669156116544792,0.018596784343800174,0.001003997887238668,0.0010039978872388104,0.016588788569322697
NTRS,ZION,1,2024-05-02,2024-05-03,2024-06-03,20,signal,79.26976327530927,40.17280798763262,79.15311086545589,40.48402883460965,0.007411147592289394,0.010270809827631231,-0.003059765957781011,0.0010012524023340628,0.0010012524023342265,-0.0050622707624493005
AIG,AFL,-1,2024-05-03,2024-05-06,2024-05-13,5,signal,74.71349600722519,79.5754803967014,75.73360231473197,81.65884459496831,0.005703983032941599,0.007212135017967411,0.010217333082795594,0.0010104982631105098,0.0010104982631105204,0.008196336556574564
KMI,XOM,-1,2024-05-03,2024-05-06,2024-06-27,36,signal,16.883892313927845,107.73252064927131,17.991158631189194,106.93668096481153,0.03019728402769404,0.004549621624058488,-0.03604231619464455,0.0010148887196972703,0.0010148887196973519,-0.03807209363403917
OXY,KMI,1,2024-05-03,2024-05-06,2024-06-21,32,signal,61.79341078137015,16.883892313927845,59.93402162405637,18.054765598005847,0.006469286768962198,0.035545136961279256,-0.05263309155458865,0.0010146813660285702,0.0010146813660286776,-0.0546624542866459
DTE,PEG,1,2024-05-06,2024-05-07,2024-06-05,20,signal,105.14056387773184,66.42546775741242,107.4921704973927,68.45002600196847,0.004268690726191567,0.008297059198697417,-0.005746233005110235,0.0010133652321851535,0.0010133652321852368,-0.007772963469480625
BLK,AJG,1,2024-05-07,2024-05-08,2024-06-26,33,signal,737.4754383236595,240.62269790530547,752.3485736270129,254.15570300261516,0.0004509929924246891,0.0027729560888434426,-0.029796807052558737,0.0010219420351788764,0.0010219420351790518,-0.03184069112291666
AEE,AWK,1,2024-05-08,2024-05-09,2024-06-04,17,signal,68.90860931806715,124.87782143977013,68.35730834793699,123.72563031486176,0.010326852480876962,0.00231107659469792,-0.0020343691077462835,0.0009960327419578025,0.0009960327419578586,-0.004026434591661945
ES,WEC,1,2024-05-08,2024-05-09,2024-05-23,10,signal,54.950432412149915,77.80582877764226,54.03455797176059,75.9568824599393,0.008267911469038802,0.007012698103268208,0.006383420003859492,0.0009896864585535378,0.000989686458553692,0.004404047086752261
V,TROW,-1,2024-05-08,2024-05-09,2024-05-21,8,signal,271.5046154799803,98.43839491282768,273.45962514274527,103.13600193443817,0.0029198281650152716,0.002102432019318058,0.005175607636542379,0.0010075004963532508,0.0010075004963533143,0.0031606066438358144
CVX,EOG,-1,2024-05-09,2024-05-10,2024-05-23,9,signal,149.5373551183377,121.69505049500751,143.80430357433397,117.71645221477787,0.004228671742728121,0.0030200320367625147,0.013209440094006486,0.0009817412979758315,0.000981741297975876,0.011245957498054779
CVX,FANG,-1,2024-05-10,2024-05-13,2024-05-23,8,signal,149.93361818072344,189.22079493456872,143.80430357433397,182.29867673124278,0.004083658557907196,0.002048451985086166,0.011830686818149923,0.000980285546266084,0.0009802855462661593,0.00987011572561768
PPL,EIX,-1,2024-05-10,2024-05-13,2024-05-24,9,signal,26.84288248721543,66.82115410525122,26.638976078656523,66.34466409558557,0.021807621466523278,0.006203647825941731,0.002486951164394386,0.0009962136044887723,0.0009962136044888133,0.0004945239554168003
AWK,NEE,1,2024-05-14,2024-05-15,2024-06-12,19,signal,127.49126056511423,70.66458540008884,123.41293152083864,69.15054286076143,0.0038415372534192607,0.007220407334636429,-0.003748360047202878,0.0009866890521724127,0.0009866890521725014,-0.005721738151547792
ALL,JPM,1,2024-05-15,2024-05-16,2024-07-15,39,signal,159.74327642642226,192.9001947473964,157.2239997004762,198.9351062039112,0.0038357168222959404,0.0020082014516913144,-0.020781214794159432,0.0010013352713720176,0.0010013352713720944,-0.022783885336903544
AMP,AJG,1,2024-05-16,2024-05-17,2024-05-24,5,signal,426.0803267777289,251.02305309359303,423.0136163599266,245.02383680073086,0.001062611720206615,0.002179857889369401,0.0108105036872023,0.000991787153609704,0.000991787153609831,0.008826929379982765
CB,FITB,-1,2024-05-16,2024-05-17,2024-06-18,21,signal,260.5297171421057,35.840792563327,255.34364301157132,32.895865874437334,0.002744870080013777,0.007942466562219266,-0.008173912103232853,0.0009809699378231008,0.000980969937823289,-0.010135851978879243
CB,KEY,-1,2024-05-16,2024-05-17,2024-06-27,27,signal,260.5297171421057,13.807817420687373,254.4530503357772,12.218449349337838,0.0028321665188897937,0.018967387625181045,-0.011959947381967692,0.0009760806310727347,0.0009760806310729069,-0.013912108644113333
CB,PNC,-1,2024-05-16,2024-05-17,2024-06-17,20,signal,260.5297171421057,150.0625808371299,254.32579480732426,139.36773453802564,0.0027396417707247294,0.0019060567108308906,-0.002407364260172788,0.0009810945288404379,0.0009810945288405547,-0.004369553317853781
CB,SCHW,-1,2024-05-16,2024-05-17,2024-06-13,18,signal,260.5297171421057,76.06566149857504,256.2651123857163,71.35067087092942,0.002780914958897947,0.0036187700667386405,-0.004217650700338265,0.0009853130871082722,0.000985313087108421,-0.0061882768745549575
MET,PNC,-1,2024-05-17,2024-05-20,2024-05-30,7,signal,69.64943246524336,148.44224572903173,65.98601800732092,141.06970282451695,0.008722723903927714,0.0026431787792326783,0.013442178480867189,0.0009741745729486113,0.0009741745729486616,0.011493829334969915
NTRS,JPM,1,2024-05-17,2024-05-20,2024-06-17,19,signal,80.17787942774741,194.97016732708875,76.63019497190028,184.74764191718543,0.005424333782568977,0.0028979977910687403,0.011356534606313494,0.0009755031930160655,0.0009755031930161347,0.009405528220281293
USB,AFL,1,2024-05-17,2024-05-20,2024-07-01,28,signal,37.66129553922162,83.96404542749842,36.604503855885355,85.78111316357904,0.008211806867434172,0.008224256273833358,-0.022619263542433342,0.001002936388675903,0.0010029363886759819,-0.02462513631978523
BAC,PNC,-1,2024-05-20,2024-05-21,2024-06-27,25,signal,36.606724993692026,145.63670248144055,36.799653466372064,139.79323584428107,0.014572182163032443,0.0032033575351033535,-0.020538094234858487,0.0009920074967405246,0.0009920074967406118,-0.022522109228339623
EIX,ED,-1,2024-05-20,2024-05-21,2024-06-18,19,signal,67.80533203384536,89.68764734947638,63.55810447893281,83.8677311716928,0.007452422850666315,0.005515591522176342,0.0005199737074478641,0.000968118355198036,0.0009681183551981012,-0.0014162630029482732
NTRS,BAC,1,2024-05-21,2024-05-22,2024-06-13,15,signal,79.01699325117563,37.21101506803091,78.24415395673351,37.36068935190403,0.006558804775723379,0.012946730005988593,-0.0060082436561825076,0.0009984509412161186,0.000998450941216214,-0.00800514553861484
BAC,FITB,-1,2024-05-22,2024-05-23,2024-06-27,23,signal,37.55092506153604,34.81465241565502,36.799653466372064,32.858933193588605,0.01438058738488498,0.013211545552182721,-0.014052711453453512,0.0009816353121187503,0.000981635312118834,-0.016015982077691095
PGR,BLK,1,2024-05-23,2024-05-24,2024-06-03,5,signal,187.23167356533503,745.6208867318375,194.3990833597054,738.8877721260858,0.00428970498595457,0.0002643892186312305,0.03354103054868779,0.0010147941078283806,0.0010147941078284895,0.03151144233303092
EOG,FANG,1,2024-05-24,2024-05-28,2024-06-17,14,signal,115.26655480107073,183.4355428781615,109.89100407410722,175.45567411660718,0.004209559129474426,0.002806236963272912,0.0007421781558718012,0.0009774741137733769,0.0009774741137734892,-0.001212770071675065
MET,RF,-1,2024-05-24,2024-05-28,2024-06-05,6,signal,67.97216346917602,17.2651522265692,65.93911728924593,17.117960173376282,0.00886903347320769,0.022997159409169795,0.01563534819433927,0.0009891926830027402,0.0009891926830028017,0.013656962828333728
TFC,HBAN,1,2024-05-30,2024-05-31,2024-07-17,31,signal,33.73155197748392,12.564798220594117,37.70368872870758,13.061182678272411,0.01316054689801099,0.04425204625778456,0.031346536317412015,0.0010370723004451332,0.0010370723004452203,0.02927239171652166
VLO,OKE,1,2024-05-30,2024-05-31,2024-06-07,5,signal,142.74335416107135,71.52279916907649,146.13086920894023,70.43021704101562,0.004749808027817971,0.004504495614379387,0.02201734499933678,0.0010057674264155473,0.0010057674264156743,0.02000581014650556
AIG,AFL,1,2024-05-31,2024-06-03,2024-07-09,24,signal,74.46679509630816,85.59042238790862,70.98838906517746,84.53957183357254,0.005473318009321143,0.0069204813989671736,-0.010779281384644113,0.0009867492748976624,0.0009867492748978218,-0.012752779934439597
CVX,EOG,-1,2024-05-31,2024-06-03,2024-06-06,3,signal,146.9082028217909,115.54564967262867,140.69000680008412,111.8055471179863,0.004358042366484101,0.003112425925938445,0.01643886312929991,0.0009804935803364413,0.0009804935803364575,0.01447787596862701
HAL,BKR,1,2024-05-31,2024-06-03,2024-07-18,31,signal,34.61104838757919,32.0357625267395,34.42893562645461,34.6060361585609,0.013616585329432806,0.01650301767025036,-0.043877096276657535,0.001019928838101046,0.0010199288381012048,-0.04591695395285978
TRV,HBAN,1,2024-06-03,2024-06-04,2024-06-25,14,signal,201.1223579421557,12.308934518264289,203.4693235207019,11.995909061218423,0.003378893963529995,0.026046780072477783,0.01708352498640408,0.0010000719236811736,0.0010000719236812764,0.015083381139041629
AMP,AJG,1,2024-06-04,2024-06-05,2024-06-26,14,signal,413.89320203267545,249.61814763017878,423.06212310602416,254.15570300261516,0.0010798984494997373,0.002215320149491733,0.0008592895795300603,0.0010099237748280791,0.0010099237748282435,-0.0011605579701262623
NTRS,FITB,-1,2024-06-04,2024-06-05,2024-06-12,5,signal,78.0775469373895,33.70531651835096,76.83912569741855,33.29298797035217,0.007187392914871996,0.01301766554714591,0.0045262703016485765,0.0009928053892429478,0.0009928053892429482,0.0025406595231626805
NTRS,KEY,-1,2024-06-04,2024-06-05,2024-07-01,17,signal,78.0775469373895,12.629303739347225,79.37114847727823,12.85199818708528,0.007674122938547539,0.03172968501673043,-0.0018528358675723115,0.001008396701324954,0.001008396701325031,-0.0038696292702222962
AON,AMP,-1,2024-06-11,2024-06-12,2024-06-21,6,signal,289.4484138433107,414.7970561861971,292.5967475368325,430.2660981981318,0.0017626143248694911,0.0011808271804321575,0.01372886796800964,0.001011900772741037,0.0010119007727411756,0.011705066422527426
AON,NDAQ,-1,2024-06-11,2024-06-12,2024-06-27,10,signal,289.4484138433107,57.79817199491665,285.7751981049202,58.014298584556215,0.0021342015928919583,0.006611639618258773,0.01026501330261245,0.0009966793000836017,0.0009966793000836514,0.008271654702445197
AXP,COF,1,2024-06-11,2024-06-12,2024-06-26,9,signal,222.0571412593092,132.89007233672854,224.3809836198399,129.5637235070782,0.0030635257348600774,0.0024072691459600458,0.016126307617920534,0.000999739836359185,0.000999739836359326,0.014126827945202022
AXP,MET,1,2024-06-11,2024-06-12,2024-07-01,12,signal,222.0571412593092,65.17044033081125,226.6146740776526,66.35180643538872,0.0024969365047891275,0.006837326878076395,0.004312267737919112,0.0010097838916989551,0.0010097838916991353,0.0022926999545210213
AXP,PNC,1,2024-06-11,2024-06-12,2024-06-26,9,signal,222.0571412593092,141.65243732087416,224.3809836198399,139.79421486254802,0.002915439717968825,0.0024902703268626547,0.012403722509507236,0.0010012239446382278,0.0010012239446383314,0.010401274620230676
ALL,COF,1,2024-06-12,2024-06-13,2024-06-26,8,signal,153.88391875653807,131.9510805571469,154.02688160071452,129.5637235070782,0.004877720532738374,0.001891969936170618,0.006212482609367355,0.0009983420432742697,0.0009983420432744228,0.004215798522818663
AXP,FITB,1,2024-06-12,2024-06-13,2024-06-21,5,signal,218.13211542816111,33.006694980971496,225.42465265224544,33.141401193683365,0.0029826451214218495,0.010589960486544087,0.021336261515926144,0.0010117444116344832,0.001011744411634569,0.019312772692657094
CFG,MET,-1,2024-06-12,2024-06-13,2024-06-21,5,signal,32.273188208848026,64.56967921633377,32.1296544105827,66.39794254480299,0.012117476112380532,0.009432277734392978,0.01999182130031905,0.0010078664427923274,0.001007866442792488,0.017976088414734234
CVX,FANG,1,2024-06-12,2024-06-13,2024-06-21,5,signal,140.02525919164418,180.86117037052685,142.64172608844106,182.04845246212443,0.0043341722301803495,0.002174115093786947,0.009766000034193213,0.0010070697848352616,0.0010070697848353777,0.007751860464522573
NTRS,AXP,-1,2024-06-12,2024-06-13,2024-06-26,8,signal,78.24415395673351,218.13211542816111,77.09422571713598,224.3809836198399,0.0054438232687859115,0.0026320126795211798,0.023712279736056354,0.0010051733147461678,0.001005173314746265,0.02170193310656392
NTRS,FITB,-1,2024-06-12,2024-06-13,2024-07-03,13,signal,78.24415395673351,33.039718187555756,80.07028260909604,34.591158665668715,0.007241429455068618,0.013115535472435373,0.008140911841583042,0.0010167210294832055,0.0010167210294833428,0.006107469782616493
TRV,CFG,1,2024-06-12,2024-06-13,2024-06-21,5,signal,200.04379646945938,32.273188208848026,203.76822052819094,32.1296544105827,0.0037084947281527474,0.00800603040333673,0.01596771985809615,0.0010065769180663303,0.0010065769180664578,0.013954566021963363
VLO,KMI,1,2024-06-12,2024-06-13,2024-06-27,9,signal,139.82215531845603,18.009486743499494,145.98968045613282,17.991158631189194,0.004062791227137337,0.02398733314831934,0.026509392832394483,0.0010123832739252405,0.001012383273925296,0.024484626284543946
VLO,OKE,1,2024-06-12,2024-06-13,2024-06-27,9,signal,139.82215531845603,71.34387633824382,145.98968045613282,72.33761331466816,0.0048205474399798404,0.004571581561849415,0.026205215007061064,0.0010173171323714187,0.0010173171323714732,0.024170580742318173
AJG,ICE,-1,2024-06-13,2024-06-14,2024-06-26,7,signal,255.5739726118646,131.13101221022708,254.15570300261516,132.92585833849654,0.0021627081079021388,0.0034104448773693095,0.01019000346633187,0.0010014764993941858,0.0010014764993942805,0.008187050467543405
ES,WEC,-1,2024-06-13,2024-06-14,2024-06-25,6,signal,53.2324288079132,72.48325519185325,52.99370855625532,73.33618648745774,0.008717836014010634,0.007394316244071134,0.009390118644997808,0.0010021509036561185,0.001002150903656312,0.007385816837685378
RF,FITB,-1,2024-06-13,2024-06-14,2024-07-15,19,signal,16.908201229567858,32.47580709399547,19.006525136101537,36.33517036879851,0.030656949774179963,0.014830347697194005,-0.0060317495236398705,0.001060761833813876,0.0010607618338139987,-0.008153273191267746
AMP,MS,-1,2024-06-18,2024-06-20,2024-07-15,16,signal,424.45052644583546,91.92692072514556,434.61311753182196,97.76050370290898,0.0014690060106432635,0.004094075926517001,0.009973508926174969,0.0010192846805982233,0.0010192846805983286,0.007934939564978418
C,USB,1,2024-06-21,2024-06-24,2024-06-27,3,signal,56.58534424026224,36.22514160678056,57.8455922584855,35.65233094705007,0.010126909752860453,0.011788444569246227,0.020518047471104528,0.0010030828134300048,0.0010030828134301043,0.01851188184424442
BKR,MPC,-1,2024-06-24,2024-06-25,2024-07-26,22,signal,32.916071594576664,166.36130964440895,34.788026600757924,164.5882772053726,0.011950641835269867,0.0036471115434307468,-0.027829459099861207,0.0010080517860380337,0.0010080517860381547,-0.029845562671937394
TRV,CFG,1,2024-06-26,2024-06-27,2024-07-16,12,signal,197.9590031237409,31.801711082541804,207.01761522514164,35.90525428348002,0.003751654245646198,0.008099204705735705,0.0017831970035124406,0.0010338528568588816,0.0010338528568590477,-0.00028450871020548876
CVX,FANG,1,2024-06-27,2024-06-28,2024-07-18,13,signal,143.44003759832583,188.41506811947718,146.67169852545072,198.5068287373166,0.00420293923494515,0.0021082857680031295,-0.0066763104857382755,0.0010175302942945989,0.0010175302942946926,-0.008711371074327567
MA,BLK,1,2024-06-27,2024-06-28,2024-07-08,5,signal,438.92741318479545,747.7826273219309,443.0644907139939,754.360750773695,0.0015991437521747493,0.0003989040610202847,0.0049965642415925,0.0010048227173137208,0.001004822717313828,0.0029869188069649505
TFC,KEY,-1,2024-06-27,2024-06-28,2024-07-11,8,signal,34.28428814319382,12.475287886226862,35.772609122804894,13.521749316164225,0.016065395763749026,0.03600384058523209,0.014796911122184921,0.0010307461810686522,0.001030746181068687,0.012735418760047582
V,PGR,1,2024-06-27,2024-06-28,2024-07-17,12,signal,262.8360468618141,193.42458073197594,263.79182010506076,197.76083286975734,0.001514932851792567,0.003110871512135141,-0.011034227010620417,0.0010073639491801642,0.0010073639491802466,-0.013048954908980828
V,TROW,1,2024-06-27,2024-06-28,2024-07-08,5,signal,262.8360468618141,103.43251544658,265.5704419663247,102.77641232907287,0.002965433017466467,0.0021352699455969037,0.010513258309358203,0.0010036355156183606,0.0010036355156183788,0.008505987278121465
CB,FITB,1,2024-06-28,2024-07-01,2024-07-19,13,signal,251.4485565590248,34.03158412443266,262.53841292531416,38.13595796752735,0.00285841004547566,0.008271002104109837,-0.0012148864510731147,0.0010330414009327052,0.0010330414009327186,-0.0032809692529385385
CB,KEY,1,2024-06-28,2024-07-01,2024-07-19,13,signal,251.4485565590248,12.85199818708528,262.53841292531416,14.087925987995447,0.0029635121459294206,0.019847026376757577,0.009364376721076793,0.0010289443473976518,0.0010289443473976648,0.007306488026281475
CB,PNC,1,2024-06-28,2024-07-01,2024-07-29,19,signal,251.4485565590248,144.24241996795266,265.30524358466084,169.53265130793324,0.002843112677716654,0.00197804474180457,-0.00958416375822637,0.0010449228091056763,0.0010449228091057561,-0.011674009376437804
CB,SCHW,1,2024-06-28,2024-07-01,2024-07-16,10,signal,251.4485565590248,71.78739050997325,254.73641791506947,68.20651270728706,0.002900352596974349,0.003774192780450149,0.024049125827397037,0.0009982454543289014,0.000998245454328934,0.0220526349187392
CFG,MET,-1,2024-06-28,2024-07-01,2024-07-16,10,signal,33.47499165137128,66.35180643538872,35.90525428348002,69.85559801790345,0.011748898732774418,0.009145376057936801,0.004520987931858258,0.0010304058398189733,0.0010304058398191854,0.002460176252220099
MET,RF,1,2024-06-28,2024-07-01,2024-07-15,9,signal,66.35180643538872,18.330896397296296,68.9091852738189,19.006525136101537,0.008781640932527078,0.02277055295929274,0.008092548330767727,0.0010190056210155796,0.0010190056210158107,0.006054537088736337
TRV,HBAN,1,2024-06-28,2024-07-01,2024-07-11,7,signal,197.8528435053334,12.16899696418138,199.02427818213582,12.171910238270511,0.0034292649541469065,0.02643507343971351,0.004942373741323916,0.0010022264725891702,0.0010022264725892366,0.0029379207961455094
DTE,PEG,1,2024-07-01,2024-07-02,2024-07-16,9,signal,102.57505860830497,68.28612087997429,106.2615721487313,69.7324985732594,0.004249568533308455,0.00825989136983912,0.004732912685128883,0.001013743372411126,0.0010137433724112378,0.0027054259403065193
MET,FITB,1,2024-07-02,2024-07-03,2024-07-11,5,signal,65.92973826351974,34.591158665668715,67.3724536956053,34.943180362960355,0.009080169846311333,0.011605426015612257,0.010023432990789019,0.0010086935913660444,0.001008693591366101,0.008006045808056873
NTRS,JPM,1,2024-07-02,2024-07-03,2024-07-12,6,signal,80.07028260909604,199.89236461171248,82.58579943887034,195.87222476581698,0.005351086487736188,0.0028588647828255323,0.025954702938446046,0.001000918593503517,0.001000918593503639,0.02395286575143889
C,USB,-1,2024-07-03,2024-07-05,2024-07-12,5,signal,60.66733951953163,36.37421575913655,62.71463780060266,38.59977935833674,0.009706974876809295,0.01129961045006944,0.0062973516438682604,0.0010224229207429416,0.001022422920743138,0.004252505802382181
EOG,FANG,1,2024-07-03,2024-07-05,2024-07-15,6,signal,117.73189734709904,193.96775272308733,121.05296013952476,192.7981375888812,0.004047872992654594,0.0026984514209780677,0.017604514277381238,0.0010051242721150994,0.0010051242721151492,0.015594265733150987
PPL,EIX,1,2024-07-05,2024-07-08,2024-07-18,8,signal,25.504487366770697,64.45618201496869,26.530543737810387,67.62098301233495,0.022811850826161852,0.006489322505926073,0.0038908848525368786,0.0010220543161326263,0.0010220543161327078,0.0018467762202715446
CVX,EOG,1,2024-07-08,2024-07-09,2024-07-19,8,signal,139.32408614637964,115.13275448859196,147.80880560380066,124.03245474876951,0.004514243018923097,0.0032239812802503966,0.010643247105120886,0.001033628565589084,0.001033628565589214,0.008575989973942587
MET,PNC,1,2024-07-08,2024-07-09,2024-07-16,5,signal,65.12307679976158,146.18487530325226,69.85559801790345,157.7450055320979,0.009139936518326676,0.0027696034535607244,0.012275700852334849,0.0010377339523067759,0.0010377339523068147,0.01020023294772126
NTRS,BAC,1,2024-07-08,2024-07-09,2024-07-12,3,signal,78.35078151657896,38.719766199498444,82.58579943887034,39.45266430871807,0.006460757635162521,0.012753190191936018,0.019033000215666913,0.0010183648173609705,0.0010183648173610824,0.01699627058094486
NTRS,PNC,1,2024-07-08,2024-07-09,2024-08-14,26,signal,78.35078151657896,146.18487530325226,79.15967563205152,157.3336669196059,0.007038411574422959,0.0030686221199753023,-0.027498102166051357,0.0010199966940619607,0.0010199966940621047,-0.02953809555417542
TROW,MS,1,2024-07-08,2024-07-09,2024-08-05,19,signal,102.48151972353122,94.61907238123396,92.66611943820467,88.01352476513402,0.0038860757982807294,0.006358623935086127,0.0048186301420862845,0.0009598264652473501,0.0009598264652474757,0.0028989772115914584
VLO,OKE,1,2024-07-08,2024-07-09,2024-08-05,19,signal,136.05284775899867,73.19567795410245,136.87899845459987,70.72420286297337,0.004867721248539691,0.004616318993873387,0.016427060921617595,0.0009964722200796585,0.0009964722200797114,0.014434116481458226
BAC,FITB,-1,2024-07-09,2024-07-10,2024-07-12,2,signal,39.21372714639678,33.84157118574771,39.45266430871807,35.617048568720804,0.014223073242737071,0.013066836215324383,0.020814697738629994,0.0010132463314153116,0.0010132463314154643,0.01878820507579922
PSX,KMI,1,2024-07-09,2024-07-10,2024-07-16,4,signal,123.0280446419236,18.154725938204376,129.27760342973943,18.67264124464915,0.004258983453900871,0.026221784216125425,0.014056230005712381,0.0010201259420473177,0.0010201259420473778,0.012015978121617686
MA,BLK,1,2024-07-10,2024-07-11,2024-08-01,15,signal,427.08143285626045,779.6960685584646,459.7005685925808,839.6629281697267,0.0016091157461845945,0.0004013915602845551,0.029456246917738967,0.0010384733222226284,0.0010384733222227197,0.02737930027329362
NTRS,COF,-1,2024-07-10,2024-07-11,2024-07-23,8,signal,81.28331675023209,132.8001485983491,82.18659826010956,140.6148589127522,0.007519844194553094,0.0029265824087878725,0.01709258171227889,0.0010147241944729025,0.0010147241944730274,0.015063133323332962
V,TROW,1,2024-07-10,2024-07-11,2024-07-18,5,signal,257.8487858689031,104.95909641694534,267.57512798636486,105.23389805797277,0.0029999950736240323,0.002160156469533409,0.029600530749193697,0.0010151668551303201,0.0010151668551305155,0.02757019703893286
VLO,KMI,1,2024-07-10,2024-07-11,2024-07-26,11,signal,136.0246034194202,18.263653257354427,148.51256732948306,19.226917326377624,0.00410101731522326,0.024213025746981396,0.028927151761877528,0.001037333239227303,0.001037333239227349,0.026852485283422878
BAC,PNC,1,2024-07-11,2024-07-12,2024-09-12,43,signal,39.45266430871807,154.93527859183084,37.337200386596315,165.94308892390697,0.013603789955541729,0.002990478884528263,-0.060694859805458024,0.0010020914125785448,0.0010020914125786688,-0.06269904263061524
NTRS,ZION,1,2024-07-11,2024-07-12,2024-07-15,1,signal,82.6684265518657,44.15747775456697,84.75663939329355,44.74207741231849,0.006951502655590855,0.009633806492550445,0.009894448058988103,0.0010101509247528412,0.0010101509247529327,0.00787414620948233
NTRS,BAC,-1,2024-07-12,2024-07-15,2024-07-23,6,signal,84.75663939329355,39.79497639844033,82.18659826010956,40.10668533319106,0.006123213581162726,0.012086896273806675,0.02049850555620489,0.0009940012233950327,0.0009940012233951947,0.018510503109414662
NTRS,FITB,-1,2024-07-12,2024-07-15,2024-07-17,2,signal,84.75663939329355,36.37152371584083,86.91994442974529,37.11857289876749,0.006638276508996454,0.012023116647036706,-0.00436715031088987,0.0010116072269806924,0.0010116072269807585,-0.00639036476485132
NTRS,SCHW,-1,2024-07-12,2024-07-15,2024-08-06,16,signal,84.75663939329355,71.5094889864167,77.92563609079497,60.5781969427301,0.006910781153996064,0.005791950020555527,-0.015161278642288167,0.0009446496490487742,0.0009446496490488837,-0.017050577940385826
AIG,AFL,1,2024-07-15,2024-07-16,2024-09-20,47,signal,73.7873497608536,89.21593079544624,70.12815884566183,103.23503466129586,0.00535871726955966,0.006775579844466489,-0.11355857082846765,0.0010375563123191927,0.0010375563123193,-0.11563368345310615
AWK,NEE,-1,2024-07-15,2024-07-16,2024-08-01,12,signal,129.72676377413438,67.0420099687476,135.28736017199978,71.44998204906175,0.0039102473307969675,0.0073495521831524364,0.011680378970383657,0.001027065366628289,0.0010270653666284869,0.009626248237126881
MA,PGR,1,2024-07-15,2024-07-16,2024-07-17,1,signal,441.851387642376,204.66366625315462,436.9259281320167,197.76083286975734,0.000814717180439585,0.0031264752509119506,0.01855574849555342,0.0009870672458422935,0.0009870672458423251,0.016581614003868803
USB,AFL,1,2024-07-15,2024-07-16,2024-07-19,3,signal,39.19063996412115,89.21593079544624,41.13754271179466,90.17426741428233,0.007778049447433506,0.007789841261357927,0.008688926749687291,0.0010111110446181406,0.00101111104461822,0.00666670466045093
AJG,ICE,1,2024-07-16,2024-07-17,2024-07-25,6,signal,262.701993626759,144.53962715581295,268.9527384868874,144.10003825335343,0.002038262354116494,0.0032142023137252005,0.01515928844390524,0.0010057028429450322,0.0010057028429451835,0.013147882758015025
AMP,AJG,1,2024-07-16,2024-07-17,2024-08-19,23,signal,415.3898765250218,262.4394229184864,420.2281701818644,278.5120409045526,0.0010484116217888489,0.002150727590900859,-0.028475551325005576,0.0010197483361752886,0.0010197483361753757,-0.030515047997356243
AMP,MS,1,2024-07-16,2024-07-17,2024-07-26,7,signal,415.3898765250218,98.84211626671758,429.1981462852831,98.72447266791727,0.0014476176962223586,0.004034467332307738,0.021473588542203235,0.001009863626821956,0.0010098636268220888,0.019453861288559193
NTRS,ZION,1,2024-07-16,2024-07-17,2024-08-02,12,signal,86.91994442974529,46.056326982736195,81.3021839203889,43.98736399439571,0.0066341136228095995,0.009193949863536114,-0.017274992912378474,0.0009719266281102296,0.0009719266281103419,-0.019218846168599046
AEE,AWK,-1,2024-07-17,2024-07-18,2024-09-20,45,signal,70.09057751984169,134.1047094971453,79.69557527543073,141.66854272805983,0.009987782133365103,0.0022351950474847845,-0.07796978265483065,0.0010561997417124762,0.0010561997417126703,-0.0800821821382558
ALL,COF,-1,2024-07-17,2024-07-18,2024-07-26,6,signal,166.07830710024635,147.06371266760667,159.4988704170397,144.5063105863835,0.0044807696613763884,0.0017380006569319036,0.026018972902304018,0.0009827991204496911,0.0009827991204497733,0.02405337466140455
AON,AMP,-1,2024-07-17,2024-07-18,2024-08-20,23,signal,294.1753814118974,409.772518591902,330.91343667314993,423.7363042238374,0.0017583839287525975,0.0011779931136437847,-0.047109867515059356,0.001040495115133989,0.001040495115134112,-0.04919085774532746
CB,SCHW,-1,2024-07-17,2024-07-18,2024-10-01,52,signal,260.592815898092,61.09538689294608,282.58039350879704,62.96402400407694,0.0029395673729191905,0.00382522248091222,-0.05645040263451893,0.0010356104332734878,0.001035610433273498,-0.05852162350106591
MA,PGR,1,2024-07-17,2024-07-18,2024-07-30,8,signal,443.64072569229717,205.3902680140051,438.27893583577327,197.11636938932855,0.0008116896472479012,0.0031148570994572254,0.022404706013210894,0.000984803459207033,0.0009848034592070717,0.02043509909479679
NTRS,AXP,1,2024-07-17,2024-07-18,2024-07-25,5,signal,82.98964749706177,245.35895543099514,81.91568147652167,235.02816303690696,0.004959452698406773,0.0023978262594485968,0.02043002922546035,0.0009848676205686554,0.0009848676205687437,0.018460293984322952
NTRS,FITB,1,2024-07-17,2024-07-18,2024-08-15,20,signal,82.98964749706177,37.73411058046972,80.83969967691426,37.74385666487608,0.006608265215398117,0.011968760778736815,-0.013331074525251566,0.0009929994223392725,0.000992999422339391,-0.01531707336993023
NTRS,JPM,1,2024-07-17,2024-07-18,2024-07-25,5,signal,82.98964749706177,206.83190542704784,81.91568147652167,200.33691744437658,0.005167819582845449,0.0027609528351397036,0.013370483647453978,0.0009881907947571693,0.0009881907947572172,0.011394102057939592
NTRS,KEY,1,2024-07-17,2024-07-18,2024-08-02,11,signal,82.98964749706177,14.345364498485164,81.3021839203889,13.399383655134791,0.007027867780310455,0.029057656854619567,0.016609129308430642,0.0009804134722585672,0.0009804134722586407,0.014648302363913433
PGR,BLK,-1,2024-07-17,2024-07-18,2024-07-26,6,signal,205.3902680140051,796.8878152015565,196.1864793735781,802.5730607809026,0.003927985936301795,0.00024209523402975858,0.03851103766268759,0.000982314463347646,0.0009823144633477464,0.0365464087359922
V,PGR,1,2024-07-17,2024-07-18,2024-08-01,10,signal,267.8428369688424,205.3902680140051,261.71833343327216,199.32597428396457,0.001449941407336855,0.002977413429916807,0.010162160981622504,0.0009864226624437752,0.0009864226624438622,0.008189315656734865
ALL,JPM,-1,2024-07-18,2024-07-19,2024-07-26,5,signal,169.94547917833006,202.78535697734378,159.4988704170397,200.70264733493562,0.0036212683493669685,0.0018959262878560524,0.03486031337468465,0.000979003670217141,0.0009790036702172066,0.0329023060342503
DTE,PEG,-1,2024-07-18,2024-07-19,2024-07-24,3,signal,110.01320918875344,69.3414227852671,109.72056715228072,70.6860251656419,0.004085302876994966,0.007940608019939026,0.012877286070521077,0.0010047942717562324,0.0010047942717563065,0.010867697527008538
KMI,SLB,-1,2024-07-18,2024-07-19,2024-12-10,100,signal,19.207698345816592,46.60798412635561,25.45285293775259,39.18518677698886,0.0353865791576177,0.006868463275024343,-0.2708931103460458,0.0010847579651305675,0.0010847579651306004,-0.27306262627630695
OXY,KMI,1,2024-07-18,2024-07-19,2024-12-10,100,signal,60.82658433485364,19.207698345816592,46.96828030507325,25.45285293775259,0.006010171160850135,0.03302255174374032,-0.28846045651685126,0.0010612633610919894,0.0010612633610920029,-0.29058298323903525
PSX,KMI,1,2024-07-18,2024-07-19,2024-07-26,5,signal,128.70126388292275,19.207698345816592,132.30151575807005,19.226917326377624,0.004049330580280647,0.024930989717422945,0.015107015357381662,0.001007553549381366,0.0010075535493813893,0.013091908258618907
AXP,PNC,1,2024-07-19,2024-07-22,2024-07-31,7,signal,237.97580272819047,163.60135293540228,247.61881526175893,169.66351270407893,0.002647817445560685,0.0022616764033875844,0.012842047914112814,0.0010197548023514434,0.001019754802351535,0.010802538309409835
BAC,FITB,1,2024-07-19,2024-07-22,2024-09-03,30,signal,40.546183869203254,38.228411630333,38.54877637317702,39.685666503998036,0.013216290317909716,0.012141897746781937,-0.04309648442831918,0.0009956725893731238,0.0009956725893732182,-0.045087829607065526
CFG,MET,-1,2024-07-19,2024-07-22,2024-08-02,9,signal,37.755283770957064,70.41321524473771,37.18289205892558,69.83683723582655,0.010804196790556527,0.0084100173897967,0.0023314602924338016,0.0009945766724013872,0.0009945766724014852,0.00034230694763092914
KMI,XOM,-1,2024-07-19,2024-07-22,2024-07-26,4,signal,19.5435606208431,107.22055006453135,19.226917326377624,108.59201994885294,0.028011625715805778,0.004220323190813617,0.015656154977918564,0.0009984153696271465,0.0009984153696272556,0.013659324238664162
TFC,HBAN,1,2024-07-19,2024-07-22,2024-08-01,8,signal,38.8161234925973,13.760682466890243,40.38327236924617,13.839295198526012,0.01175228158332564,0.03951678545657058,0.016321774510311943,0.0010107220791475652,0.0010107220791476545,0.014300330352016723
TRV,CFG,1,2024-07-19,2024-07-22,2024-07-31,7,signal,196.13480087358778,37.755283770957064,212.12798846947666,39.790094614521855,0.0036025000455666032,0.007777205310251214,0.04282725457471792,0.0010369372297018339,0.0010369372297019059,0.04075338011531418
TRV,HBAN,1,2024-07-19,2024-07-22,2024-07-31,7,signal,196.13480087358778,13.760682466890243,212.12798846947666,14.05235017544416,0.0033094346515224666,0.025511341126073082,0.046517919831969,0.0010303450222140594,0.0010303450222141346,0.044457229787540804
USB,AFL,-1,2024-07-19,2024-07-22,2024-07-23,1,signal,41.036404914124816,88.96138289674711,41.27073915176615,90.14137642985888,0.007685883523482447,0.007697535610418405,0.00828760515215793,0.001005628567042009,0.001005628567042125,0.006276348018073797
C,USB,1,2024-07-22,2024-07-23,2024-08-19,19,signal,60.7374460577341,41.22948903767144,58.40218210755049,39.80730729398341,0.009197502738495168,0.01070654857742907,-0.005270234243353988,0.0009817044088401457,0.000981704408840234,-0.007233643061034368
TFC,KEY,-1,2024-07-22,2024-07-23,2024-08-15,17,signal,39.47203687081906,14.260058958503066,38.86298889562486,14.390618668406024,0.013998985510584582,0.031372849451699,0.013619819451469235,0.0009977355482317489,0.000997735548231812,0.011624348355005674
BLK,AJG,1,2024-07-24,2024-07-25,2024-08-26,22,signal,787.1458211102288,268.9527384868874,841.4545111209557,282.36912675615264,0.0004096260620224638,0.0025186091622561775,-0.010516545504874571,0.0010278380917903209,0.001027838091790435,-0.012572221688455327
V,TROW,1,2024-07-24,2024-07-25,2024-07-31,4,signal,251.21886565959994,102.66475434145191,259.95934005643096,101.31980375655553,0.0030764081458928435,0.002215177957358386,0.030880806689382992,0.0010122351666054757,0.0010122351666056136,0.0288563363561719
AON,NDAQ,1,2024-07-25,2024-07-26,2024-07-30,2,signal,302.6318644844267,65.65823409428756,317.3572875554949,66.43367501822672,0.0019763314929001747,0.006122566696975001,0.025371657733216302,0.0010170291479668666,0.0010170291479669833,0.023337599437282454
AXP,FITB,1,2024-07-25,2024-07-26,2024-07-31,3,signal,236.91816331715737,39.09574418962776,247.61881526175893,39.386927841875405,0.002661842142192062,0.0094509410136577,0.02674724148684401,0.0010157547133080604,0.0010157547133082473,0.024715732060227705
DTE,PEG,-1,2024-07-25,2024-07-26,2024-07-31,3,signal,111.63173197769075,69.39729642239018,113.0264290085102,74.88123427736853,0.004056667218204154,0.007884948856176409,0.03860725356080861,0.001024505768106523,0.0010245057681067043,0.03655824202459538
ES,WEC,-1,2024-07-25,2024-07-26,2024-08-01,4,signal,58.05433235971954,77.31856454339172,58.68724928557021,80.29501076323822,0.00808859559571762,0.006860605511392459,0.016313618363031874,0.0010128040816805525,0.0010128040816806585,0.014288010199670664
EIX,ED,-1,2024-07-26,2024-07-29,2024-08-06,6,signal,70.79466397064591,89.68765648679144,72.704049080263,93.37182992193485,0.007289937717121898,0.0053953351112056265,0.006974935484569756,0.001016883721278046,0.0010168837212781428,0.004941168042013567
HAL,BKR,1,2024-07-26,2024-07-29,2024-08-20,16,signal,32.52031767182367,36.1502702370871,29.997489119174784,33.796401109102284,0.013099402887435592,0.01587620332784879,0.005287675335474182,0.0009647180795148907,0.0009647180795150656,0.0033582391764442254
AON,NDAQ,-1,2024-07-31,2024-08-01,2024-09-12,29,signal,325.64862794481775,65.94754118911585,340.2975599397517,70.17465321857527,0.0018867522127803075,0.005845054994524689,-0.001905144474452898,0.0010260581016497952,0.0010260581016499602,-0.003957260677752653
NTRS,BAC,-1,2024-07-31,2024-08-01,2024-09-04,23,signal,83.68065771956432,38.4542104856628,85.0492808836833,38.624768530913826,0.006266011991685557,0.012368772702445994,-0.005460898734290945,0.001005316729893705,0.0010053167298937952,-0.0074715321940784455
ALL,COF,-1,2024-08-01,2024-08-02,2024-09-27,39,signal,168.96910193085344,137.10247454965437,181.02228992460604,144.65645114839165,0.004500321401729866,0.0017455843847613917,-0.04002367243359078,0.0010334438601587639,0.0010334438601588929,-0.042090560153908434
ALL,JPM,-1,2024-08-01,2024-08-02,2024-08-26,16,signal,168.96910193085344,195.75698381197452,172.90379347647766,210.0740000505662,0.003683355396434493,0.001928432154120079,0.01413745910835001,0.001020931980670625,0.0010209319806707712,0.012095595147008613
USB,AFL,1,2024-08-01,2024-08-02,2024-09-20,34,signal,39.26427391300689,95.68459206634836,42.56273632024987,103.23503466129586,0.007400705992991359,0.007411925740123141,-0.03051239936868358,0.0010399699451901227,0.0010399699451902288,-0.03259233925906393
AJG,ICE,-1,2024-08-02,2024-08-05,2024-08-09,4,signal,280.1211519644643,148.37434528338406,277.7680368935844,149.52942464100425,0.001945068571252505,0.0030672420012309454,0.009119318210649171,0.0009994401212925815,0.0009994401212927865,0.007120437968063804
AXP,FITB,1,2024-08-02,2024-08-05,2024-08-13,6,signal,221.9449074498949,35.99941907138714,233.53124906081553,36.539565313189,0.0028594727426422763,0.01015263369397967,0.028666369951495674,0.0010194488623202734,0.0010194488623203664,0.026627472226855034
AXP,PNC,1,2024-08-02,2024-08-05,2024-08-12,5,signal,221.9449074498949,155.1499952185151,233.03228773801357,159.50238916825032,0.0028214779146207287,0.0024100113219193836,0.021814497329596776,0.0010210174119840798,0.001021017411984234,0.01977246250562846
CVX,EOG,1,2024-08-02,2024-08-05,2024-08-26,15,signal,132.51267270585515,112.8559190999209,137.03544440336725,121.31572529968808,0.004692936700904021,0.0033516007024194205,-0.006103901588733918,0.0010249095236734484,0.0010249095236735451,-0.008153720636080912
EOG,FANG,-1,2024-08-02,2024-08-05,2024-08-12,5,signal,112.8559190999209,173.17031468210067,119.16109546674319,188.55601843820784,0.0043802787359067084,0.0029200445272458855,0.018344792768643883,0.0010362826835298748,0.0010362826835299895,0.01627222740158402
MET,FITB,1,2024-08-02,2024-08-05,2024-08-16,9,signal,64.63534340716821,35.99941907138714,67.88877242976743,37.33309079910858,0.009038554656338791,0.011552237362037877,0.015021897947405544,0.001022494267800873,0.0010224942678010208,0.01297690941180365
MET,PNC,1,2024-08-02,2024-08-05,2024-08-15,8,signal,64.63534340716821,155.1499952185151,68.01157317597331,160.6895681679872,0.008957326865542502,0.0027142686791899757,0.01622882592877379,0.001022721669251646,0.0010227216692517667,0.014183382590270376
CFG,MET,-1,2024-08-05,2024-08-06,2024-08-22,12,signal,35.62405507897868,64.08938651129934,38.52853888601896,68.75780734962012,0.011695317586960314,0.009103668342241016,0.009569214301575459,0.0010383198570158925,0.001038319857015961,0.007492574587543606
MET,RF,1,2024-08-05,2024-08-06,2024-08-15,7,signal,64.08938651129934,18.56801613786072,68.01157317597331,19.426458382857877,0.008910448431344682,0.02310454725442685,0.01614198859494704,0.0010274659959948944,0.0010274659959949714,0.014087056602957174
RF,FITB,1,2024-08-05,2024-08-06,2024-08-20,10,signal,18.586593442650976,36.512372523706624,19.73535564704085,38.27599094408315,0.027586923522017925,0.013345217666501175,0.009182571506630856,0.0010276281297183208,0.0010276281297184027,0.007127315247194133
TFC,HBAN,-1,2024-08-05,2024-08-06,2024-08-22,12,signal,37.21649328786181,12.310859592908663,38.57036753444836,12.909317076961113,0.012721122481442578,0.0427744914297459,0.00939735384162221,0.0010214394342517056,0.0010214394342517963,0.007354474973118707
CVX,FANG,1,2024-08-06,2024-08-07,2024-08-21,10,signal,131.65670053024104,181.90408253439543,133.779022089797,182.69159675030068,0.004486646900031321,0.002250599705735417,0.008755468017620152,0.001005739834147589,0.0010057398341476588,0.006743988349324905
ES,WEC,1,2024-08-12,2024-08-13,2024-09-30,33,signal,59.38069710133078,82.58069895605267,62.134215546735724,89.51071689391871,0.007726209862027337,0.006553236261392889,-0.02310648653943312,0.0010332969349319335,0.0010332969349320438,-0.025173080409297097
NTRS,KEY,1,2024-08-12,2024-08-13,2024-09-03,14,signal,78.5208365362344,14.562581680124284,85.34181571644172,15.425071104871847,0.0072086280020440185,0.029805034104774208,0.024500884884163018,0.0010375100839695134,0.0010375100839696105,0.022425864716223893
PGR,BLK,-1,2024-08-12,2024-08-13,2024-09-27,32,signal,204.8016191695436,805.7709508380129,231.14449395626949,906.5634460564512,0.003928629724811709,0.00024213491292181697,-0.07802239497757021,0.0010636238936647582,0.0010636238936648909,-0.08014964276489986
V,PGR,1,2024-08-12,2024-08-13,2024-09-13,22,signal,256.39458219909665,204.8016191695436,282.0937629309873,235.97801501693678,0.0014770369573975286,0.0030330533711126445,-0.05553490902082852,0.0010661237874086417,0.001066123787408781,-0.05766715659564594
AXP,MET,-1,2024-08-14,2024-08-15,2024-08-23,6,signal,242.39469053889476,68.07961877194727,242.86244504137025,70.19360691087842,0.0023318488204234844,0.006385269543263257,0.013414883695115558,0.0010072324016239592,0.0010072324016240407,0.011400418891867558
BKR,MPC,1,2024-08-14,2024-08-15,2024-08-27,8,signal,33.70966657226693,172.65078123930496,33.98405097077953,166.1837202837462,0.011572874518977072,0.0035318240501752687,0.02700600175242198,0.0009900641216788217,0.0009900641216789453,0.02502587350906421
MA,PGR,1,2024-08-14,2024-08-15,2024-09-27,30,signal,459.80459395273874,218.44158157253946,484.9541789417632,231.14449395626949,0.0007702598346972937,0.002955870291888607,-0.01714813651594377,0.0010283096432361777,0.0010283096432363364,-0.019204755802416287
AXP,COF,-1,2024-08-15,2024-08-16,2024-09-09,15,signal,243.97951424781024,133.40357551321935,243.1072343678138,136.5373320683023,0.0028663515640509722,0.0022523328605004774,0.01056060562442244,0.001002081960282295,0.0010020819602824462,0.0085564417038577
EIX,ED,-1,2024-08-15,2024-08-16,2024-09-10,16,signal,75.23338934511888,93.11211997840448,77.67897048772146,98.04862939555328,0.006937240677839895,0.0051343015065992295,0.009401078487802257,0.0010211357334146663,0.001021135733414732,0.007358807020972858
PPL,EIX,-1,2024-08-20,2024-08-21,2024-09-04,9,signal,29.27572036923753,75.47089023165388,30.003634151458737,78.9338496790189,0.019704838391460512,0.005605465870515489,0.006084879373115585,0.0010168018215174531,0.001016801821517599,0.0040512757300805325
VLO,KMI,1,2024-08-20,2024-08-21,2024-12-03,72,signal,134.91952653192436,19.410610803475294,134.3183970788053,25.592599541271433,0.004007813486119629,0.023662736260168873,-0.14762004346069435,0.0010719403342242361,0.001071940334224422,-0.149763924129143
VLO,OKE,1,2024-08-20,2024-08-21,2024-09-27,26,signal,134.91952653192436,78.88313359094681,129.82846262522543,80.83802501825865,0.004768749156182128,0.0045224584939627405,-0.032126505550831706,0.0009924164985294828,0.0009924164985295346,-0.034111338547890724
TROW,MS,1,2024-08-29,2024-08-30,2024-09-09,5,signal,94.30479906280411,97.66236421844177,91.88941441341308,92.86780654932,0.003934862775976674,0.00643845203422799,0.022345012040314804,0.0009796896088885504,0.0009796896088886719,0.020385632822537584
V,TROW,-1,2024-08-29,2024-08-30,2024-10-02,22,signal,270.78009277346126,94.30479906280411,272.598519652217,96.67490387303111,0.002951714954914086,0.0021253922088524256,0.0006748274286587225,0.0010049029432797054,0.0010049029432799145,-0.0013349784579008974
NTRS,FITB,-1,2024-08-30,2024-09-03,2024-09-16,9,signal,85.34181571644172,39.685666503998036,84.90923822456458,39.25429763915435,0.006360251365075591,0.011519562941245827,-0.0012217828198135385,0.0009960963864344848,0.0009960963864345833,-0.0032139755926826065
NTRS,SCHW,-1,2024-08-30,2024-09-03,2024-10-01,20,signal,85.34181571644172,62.63687955020397,85.66192083724083,62.96402400407694,0.00725402706035805,0.006079625623372053,0.000668900865074341,0.001002036269200134,0.0010020362692002365,-0.0013351716733260295
AMP,MS,-1,2024-09-03,2024-09-04,2024-10-28,38,signal,431.6587195434725,94.74871953373409,497.20115665966466,112.09677570017078,0.0014371852050573313,0.004005392290665371,-0.023629135895191,0.001081714604525491,0.0010817146045256644,-0.025792565104242153
CB,FITB,-1,2024-09-03,2024-09-04,2024-09-30,18,signal,282.131258044143,39.648325830688854,283.85672735702616,40.1411027005346,0.0025192713984792604,0.007289681573372123,0.00024901947646211895,0.0010037584974637533,0.0010037584974638763,-0.0017584975184655107
CFG,MET,1,2024-09-03,2024-09-04,2024-10-28,38,signal,39.715331156636715,73.72643623663522,39.17152037297233,78.6792440415098,0.01029727628746936,0.008015429034100158,-0.04428170212727649,0.0010169472397304838,0.0010169472397305625,-0.046315596606737536
KMI,XOM,-1,2024-09-03,2024-09-04,2024-12-19,75,signal,19.78778364415438,108.18698341483213,24.334865785876122,101.50021886347034,0.027709012022636446,0.004174730421579247,-0.15286164005985386,0.0010489530675371304,0.0010489530675371647,-0.15495954619492816
BLK,AJG,1,2024-09-04,2024-09-05,2024-09-18,9,signal,848.9183188062059,291.65151825668914,874.2885431242688,291.3306142407952,0.0003784113162494335,0.0023266835208228935,0.01135127284981051,0.0010042507865226707,0.0010042507865228385,0.009342771276765
CB,KEY,-1,2024-09-04,2024-09-05,2024-09-20,11,signal,286.100679843038,15.26916912724713,285.03479655100665,15.776113110825884,0.0025743185852650187,0.017240546469199085,0.012486678747569969,0.0010027642729998083,0.001002764272999826,0.010481150201570335
CB,PNC,-1,2024-09-04,2024-09-05,2024-10-01,18,signal,286.100679843038,171.81351034731208,282.58039350879704,171.35227879899722,0.0024647525767796793,0.0017148074758204122,0.008880774427173506,0.0009950629209853732,0.0009950629209854425,0.006890648585202691
TRV,CFG,-1,2024-09-04,2024-09-05,2024-10-01,18,signal,225.72345979422636,39.640573118162585,226.34627164001327,37.95791380131986,0.0032116019436718097,0.006933320575936058,-0.012671701759067965,0.000994938439159278,0.000994938439159435,-0.014661578637386678
NTRS,ZION,-1,2024-09-05,2024-09-06,2024-10-01,17,signal,84.729178211185,43.476641497124945,85.66192083724083,43.86525878930586,0.006896838416170755,0.009558049533123529,-0.001713563232606385,0.0010049886150818848,0.0010049886150819824,-0.0037235404627702522
PSX,KMI,1,2024-09-05,2024-09-06,2024-12-03,61,signal,120.69076863129455,19.760186557254517,129.40448475954688,25.592599541271433,0.00412624361484824,0.02540452924103664,-0.11112275838164273,0.001092032280815454,0.001092032280815552,-0.11330682294327374
TRV,HBAN,-1,2024-09-05,2024-09-06,2024-09-30,16,signal,223.79502294458055,13.598452040434976,228.48868038202087,13.711520805306007,0.003042467598206284,0.023453380089302495,-0.01062017376381356,0.0010082821879303025,0.0010082821879303702,-0.012636738139674232
PPL,EIX,-1,2024-09-09,2024-09-10,2024-10-08,20,signal,30.223326647125315,77.67897048772146,30.140884783114398,77.10168633710649,0.019111374737068122,0.005436642346363695,-0.0005653451739979134,0.00099756492798499,0.000997564927985091,-0.0025604750299679942
ALL,JPM,-1,2024-09-10,2024-09-11,2024-10-16,25,signal,177.4361628683496,197.0723978163559,185.06641813211564,214.56542088213973,0.0035631413671058953,0.001865493725816905,0.0064752260767624754,0.001029779473874589,0.0010297794738747261,0.004415667129013161
C,USB,1,2024-09-10,2024-09-11,2024-09-20,7,signal,54.74385304903612,41.04559701734844,59.370811004954454,42.605320348584286,0.009754156580709916,0.011354533315453713,0.028453603695100645,0.0010314618281195478,0.0010314618281196649,0.02639068003886143
EOG,FANG,-1,2024-09-10,2024-09-11,2024-10-07,18,signal,110.98418353382698,164.1121408500021,124.82871462460214,186.32193538016594,0.004537455642672626,0.0030248240616277886,0.0054267725329269975,0.0010649973522725655,0.0010649973522727676,0.0032967778283816648
NTRS,COF,-1,2024-09-10,2024-09-11,2024-09-20,7,signal,83.08258111525092,133.1018379085005,88.24387681502354,149.11953071972383,0.007412953602617905,0.0028849825939607204,0.008992441061930562,0.0010421216579472718,0.0010421216579473615,0.006908197746035929
NTRS,JPM,-1,2024-09-10,2024-09-11,2024-10-07,18,signal,83.08258111525092,197.0723978163559,86.10971457060387,203.66002507451358,0.005309005945871244,0.0028363828850921247,0.003631401347630901,0.0010174376526406836,0.0010174376526408222,0.001596526042349395
DTE,PEG,1,2024-09-11,2024-09-12,2024-10-16,24,signal,116.4727432418586,77.20015143523409,120.35288521192726,83.14097981953343,0.003751731059384093,0.007292244084657221,-0.027735852067483253,0.0010288694319609147,0.0010288694319610086,-0.029793590931405177
BAC,FITB,1,2024-09-13,2024-09-16,2024-10-04,14,signal,37.144860292557475,39.25429763915435,38.17860958266225,39.98351067035182,0.013659796317149024,0.012549349789928315,0.005981299956012506,0.0010116446100548449,0.0010116446100548356,0.003958010735902825
HAL,BKR,1,2024-09-13,2024-09-16,2024-12-04,56,signal,26.872593417275397,32.52070836355985,30.236126484572434,42.31888380617322,0.015084480233628308,0.018282075705427957,-0.12727902974471406,0.001114807403411299,0.00111480740341139,-0.12950864455153674
MET,RF,-1,2024-09-13,2024-09-16,2024-10-24,28,signal,72.6118107582152,20.31890139048155,79.67205540873698,22.133022248412644,0.007980326501264352,0.020692766719305502,-0.017757020852663494,0.0010468569235108608,0.001046856923511052,-0.019850734699685405
NTRS,BAC,-1,2024-09-13,2024-09-16,2024-10-02,12,signal,84.82437141974242,37.144860292557475,84.5281308021005,37.528423896873754,0.006323025783355596,0.012481314879353259,0.007661937606176587,0.0010014224210184376,0.0010014224210185122,0.005659092764139638
NTRS,PNC,-1,2024-09-17,2024-09-18,2024-09-27,7,signal,86.57569409299812,169.99070340267136,86.20497891224102,171.5857640896021,0.0062229734136977225,0.0027131056016508415,0.007635491988392211,0.001000973189801798,0.0010009731898018954,0.005633545608788518
TFC,HBAN,1,2024-09-17,2024-09-18,2024-10-03,11,signal,38.25946742329754,13.627343479043947,37.96544870403561,13.219670292971312,0.01189274048049856,0.03998907537454906,0.013795844091891846,0.000990058650441333,0.0009900586504414317,0.011815726791009082
MET,FITB,-1,2024-09-18,2024-09-19,2024-10-17,20,signal,75.80455433855151,40.423175635940176,81.17547973932035,42.5211527326976,0.007844257724272496,0.01002579843849741,-0.020065545095828533,0.0010314824649698732,0.0010314824649699317,-0.022128510025768336
MET,PNC,-1,2024-09-18,2024-09-19,2024-10-24,25,signal,75.80455433855151,173.01938229297565,79.67205540873698,177.91241753487782,0.007797575923446736,0.0023628384249362194,-0.017574918033383857,0.0010207635112653053,0.0010207635112654211,-0.01961644505591458
AJG,ICE,1,2024-09-19,2024-09-20,2024-10-07,11,signal,274.2817646345508,155.1074353579716,283.180183768143,158.38698874980687,0.0019272983783419038,0.0030392196050692127,0.008196214805181476,0.0010135890035396313,0.0010135890035397376,0.006169036798102107
AMP,AJG,-1,2024-09-19,2024-09-20,2024-11-26,47,signal,452.21985641950045,274.2817646345508,557.9017576769375,302.0542041682394,0.0009853860524471998,0.002021435976712114,-0.046917081784082694,0.0010801812766380522,0.0010801812766381906,-0.04907744433735894
AON,AMP,1,2024-09-19,2024-09-20,2024-10-29,27,signal,342.81645460203913,452.21985641950045,366.10799853063975,501.2004777835987,0.0015485819537698865,0.0010374405996465574,-0.01370215173233054,0.0010434688634310804,0.0010434688634312352,-0.015789089459192857
BKR,MPC,-1,2024-09-19,2024-09-20,2024-10-04,10,signal,35.052670229595385,158.6128656858909,36.513993941977,169.82328390413213,0.011982981727614778,0.0036569810714703484,0.024514611418084004,0.0010293395343085937,0.0010293395343086611,0.02245593234946675
BLK,AJG,-1,2024-09-19,2024-09-20,2024-10-09,13,signal,892.3723927904716,274.2817646345508,911.8183394870562,285.61045825483814,0.00038783545565355905,0.0023846283784631005,0.020490333831910387,0.001017437131744074,0.001017437131744262,0.018455459568422053
TFC,KEY,1,2024-09-19,2024-09-20,2024-10-02,8,signal,39.07330334737508,15.776113110825884,37.965444429207864,14.883999560781136,0.013435984609514328,0.030111119271530366,0.012956516243764739,0.000979154108626889,0.0009791541086269326,0.010998208026510917
AEE,AWK,-1,2024-09-20,2024-09-23,2024-10-30,27,signal,81.16407035681395,140.67829881299673,81.82166451348473,129.47636583428263,0.008875339353161803,0.0019862382160562983,-0.027094512833827758,0.0009915658393049912,0.0009915658393051204,-0.02907764451243787
AWK,NEE,1,2024-09-24,2024-09-25,2024-10-30,25,signal,138.59510252329267,79.72403473049737,129.47636583428263,75.2198665842488,0.003466840624687178,0.0065161418003239335,-0.001293910044863452,0.0009694984209641828,0.0009694984209644235,-0.0032329068867920584
V,PGR,1,2024-09-24,2024-09-25,2024-10-04,7,signal,270.25266486811404,237.40690822848143,273.09407526800004,231.8524506509706,0.001319487834680034,0.0027095307297996638,0.019793390931340967,0.0009942109817239033,0.000994210981724043,0.01780496896789302
NTRS,FITB,-1,2024-09-25,2024-09-26,2024-10-08,8,signal,86.09978660031618,39.769684564181205,86.0144375869904,39.661333995937795,0.0063236333251453685,0.011453241063139325,0.00029781568560008766,0.0009990649980847915,0.0009990649980849862,-0.00170031431056969
CVX,FANG,-1,2024-09-26,2024-09-27,2024-10-07,6,signal,131.52529541203174,162.3322565710472,139.50217018404553,186.32193538016594,0.0046952812136086255,0.002355255216901253,0.020095010816406418,0.0010468649097889796,0.0010468649097891067,0.018001280996828333
CVX,EOG,-1,2024-09-27,2024-09-30,2024-10-07,5,signal,133.72385155469195,114.552023182407,139.50217018404553,124.70394829314328,0.004639066572629585,0.003313127743743195,0.007858721552613173,0.0010301016152665613,0.0010301016152666968,0.005798518322079916
NTRS,AXP,1,2024-09-27,2024-09-30,2024-10-21,15,signal,85.73813129333341,264.24023048101355,91.20142157560119,270.0067900486586,0.004683497164017878,0.0022644056045827018,0.013548702047039025,0.001019227307966932,0.0010192273079671348,0.011510247431104957
AIG,AFL,1,2024-10-01,2024-10-02,2024-10-10,6,signal,69.45285819812193,108.3852660307449,73.88997667826348,107.63967182834703,0.00484192580094447,0.00612214700179124,0.027057138423989824,0.0010083026623819021,0.0010083026623819422,0.02504053309922598
USB,AFL,1,2024-10-01,2024-10-02,2024-10-10,6,signal,41.3851748373477,108.3852660307449,41.74358388804396,107.63967182834703,0.006668072443851921,0.006678181491116773,0.008367594172300047,0.0009984832553877768,0.000998483255387862,0.006370627661524408
ES,WEC,1,2024-10-02,2024-10-03,2024-10-29,18,signal,61.467797188355895,90.18719558663184,60.86277359933606,90.11847423005622,0.0072479235867900236,0.006147562196335942,-0.002965155194471137,0.0009975407331848714,0.000997540733185052,-0.0049602366608410605
AXP,FITB,-1,2024-10-04,2024-10-07,2024-10-21,10,signal,269.09938611973797,39.456178119612545,270.0067900486586,42.06019958780837,0.0024434691304994318,0.008675601852943141,0.021386491800501096,0.0010122518151291714,0.00101225181512934,0.019361988170242584
AXP,PNC,-1,2024-10-04,2024-10-07,2024-10-21,10,signal,269.09938611973797,170.11219154583364,270.0067900486586,177.49810416784263,0.0024127461312815793,0.002060886411045125,0.014040750984877604,0.0010085593480256012,0.001008559348025745,0.01202363228882626
NTRS,COF,1,2024-10-04,2024-10-07,2024-10-09,2,signal,86.10971457060387,148.08886608800705,86.85170534484814,145.91075800288445,0.006957541859521279,0.002707744879771455,0.012059927049209669,0.000999734162947011,0.0009997341629471817,0.010060458723315477
TROW,MS,1,2024-10-04,2024-10-07,2024-11-27,37,signal,97.84775282434022,102.19863027405373,112.77382442968272,125.89743955140352,0.003772077952906495,0.006172094009842376,-0.08886783967496925,0.0011011334801422573,0.001101133480142374,-0.09107010663525389
ALL,COF,1,2024-10-07,2024-10-08,2024-10-16,6,signal,175.47608003027955,148.05965754007383,184.88144420094915,154.85560838002434,0.004294675083111238,0.0016658183035152038,0.030098281514308753,0.0010261176619259047,0.001026117661926072,0.028046046190456777
CB,FITB,1,2024-10-07,2024-10-08,2024-10-24,12,signal,271.6632468424081,39.661333995937795,289.34004745884187,41.31127374691793,0.0025883424843802056,0.007489543415351063,0.03442558549298149,0.0010292668672270148,0.0010292668672271165,0.03236705175852736
CB,PNC,1,2024-10-07,2024-10-08,2024-10-17,7,signal,271.6632468424081,171.02546256677778,290.66403906616,180.00398369753256,0.0025603283098410974,0.0017813025808888778,0.0336873278629868,0.001032524485885089,0.0010325244858851784,0.031622278891216535
MA,PGR,-1,2024-10-07,2024-10-08,2024-11-06,21,signal,486.40603006120523,228.09464339333482,515.6143521147719,239.03686431200842,0.0007344707699262573,0.0028185298405683616,0.010414609385845871,0.001026291991410189,0.0010262919914102425,0.00836202540302544
PGR,BLK,1,2024-10-07,2024-10-08,2024-11-08,23,signal,228.09464339333482,912.3932739110213,238.73319768991163,999.1416693817692,0.003518120152326745,0.0002168338011984455,0.019646153747789163,0.0010284258231682852,0.0010284258231684305,0.017589302101452445
AON,NDAQ,-1,2024-10-08,2024-10-09,2024-10-21,8,signal,348.54270428995625,70.55600473848946,352.41786577974875,72.79504003071283,0.0017630886149247714,0.00546195194294737,0.006406667721756739,0.001009417660717687,0.0010094176607178076,0.004387832400321244
BKR,MPC,-1,2024-10-08,2024-10-09,2024-12-09,42,signal,35.89023509265559,152.9563595492328,40.177262758930645,146.81186785457044,0.012111776578728025,0.0036962868422150846,-0.07362067254222393,0.0010146525416056896,0.0010146525416059164,-0.07564997762543554
C,USB,-1,2024-10-08,2024-10-09,2024-10-30,15,signal,59.98806490854341,41.25488891575994,61.02717959982199,44.83019652095417,0.009257741628854434,0.010776670938271926,0.029934084965824198,0.0010240267361489631,0.001024026736149034,0.0278860314935262
NTRS,PNC,-1,2024-10-08,2024-10-09,2024-10-14,3,signal,86.85170534484814,168.98112093583728,87.73890079417409,174.87288912549965,0.006229322744728256,0.0027158737969235,0.01148539758856049,0.001010725536214555,0.0010107255362145763,0.009463946516131357
BAC,PNC,-1,2024-10-11,2024-10-14,2024-10-16,2,signal,40.11956097342399,175.0478494948098,40.39897695762208,181.51906963906922,0.012722545105640989,0.0027967575668410628,0.015554371311467674,0.001010819868513211,0.0010108198685132679,0.013532731574441195
TFC,HBAN,1,2024-10-11,2024-10-14,2024-12-06,38,signal,39.5945228643107,14.403642374768697,43.626944905623176,16.59012333420236,0.011359648774964239,0.038196566370496086,-0.03664456510755234,0.0010646018755474155,0.0010646018755476102,-0.03877376885864737
CB,SCHW,1,2024-10-15,2024-10-16,2024-10-22,4,signal,282.23684436481557,70.81747114507745,290.7817709684429,69.07416647778835,0.0026716837943043872,0.0034766289100947056,0.029898810740565013,0.0010086454047331047,0.001008645404733062,0.027881519931098848
BAC,PNC,-1,2024-10-16,2024-10-17,2024-10-31,10,signal,40.95140830273786,180.00398369753256,40.47555314447834,178.85410346625906,0.012418991567406702,0.00273002833554742,0.0037659032723302366,0.0009954676884607462,0.000995467688460831,0.0017749678954086595
NTRS,KEY,-1,2024-10-16,2024-10-17,2024-11-07,15,signal,92.08659279653128,15.773557453206827,100.21042617775704,17.919906042306817,0.00635655396196808,0.026282020319480393,0.005824732756827072,0.0010539407912122452,0.0010539407912124013,0.0037168511744024263
NTRS,PNC,-1,2024-10-16,2024-10-17,2024-11-11,17,signal,92.08659279653128,180.00398369753256,101.29657017731854,194.2506474785781,0.0058626279158079525,0.0025560013809092863,-0.016535017890717332,0.0010451603081432172,0.00104516030814331,-0.018625338507003857
AXP,MET,-1,2024-10-17,2024-10-18,2024-10-29,7,signal,271.50242252125827,81.20385607211493,265.39210360917804,78.1471851435058,0.002024756620728424,0.005544363197829389,-0.0035900956325494657,0.0009852894999094683,0.000985289499909658,-0.005560674632368592
CVX,EOG,-1,2024-10-17,2024-10-18,2024-11-11,16,signal,138.73724568106596,119.51855315298873,144.69549696275632,125.81819042296382,0.004461860959744364,0.003186571070497557,-0.005487438045487361,0.0010232088575028563,0.0010232088575029637,-0.007533855760493181
TRV,CFG,-1,2024-10-17,2024-10-18,2024-10-30,8,signal,260.65445392551493,39.556468732395686,242.25421485688855,39.338622904067236,0.002889020455504268,0.006236920178702819,0.052772481116198075,0.0009725011033156122,0.000972501103315703,0.05082747890956676
TRV,HBAN,-1,2024-10-17,2024-10-18,2024-10-29,7,signal,260.65445392551493,14.586577018617922,243.61138531848044,14.61876316255435,0.0026797311189635407,0.020657164108251108,0.047313025777769885,0.0009773100115623842,0.0009773100115625325,0.04535840575464497
BAC,FITB,-1,2024-10-21,2024-10-22,2025-01-22,61,signal,39.82316174798358,41.17943905365646,44.84872261732495,42.029105172101254,0.012877302780197733,0.011830467540473994,-0.053626364190164595,0.001037357330156282,0.0010373573301563975,-0.05570107885047727
NTRS,FITB,-1,2024-10-21,2024-10-22,2024-11-15,18,signal,90.57324266710053,41.17943905365646,101.16318563723232,44.69424898721081,0.006054563462648218,0.010965906988003846,-0.024523127472879706,0.001051275493739539,0.0010512754937396778,-0.026625678460358924
NTRS,ZION,-1,2024-10-21,2024-10-22,2024-11-08,13,signal,90.57324266710053,48.49751819855036,100.36287129999582,54.03787295906479,0.00633730777586692,0.008782618639631075,-0.012325794671012642,0.0010552719972212882,0.0010552719972214454,-0.014436338665455377
NTRS,AXP,-1,2024-10-23,2024-10-24,2024-11-07,10,signal,98.77774424775467,265.32342908885045,100.21042617775704,286.7254069384727,0.004404447559759105,0.0021294890100569835,0.0402911217120173,0.0010260175182736334,0.0010260175182736822,0.03823908667546998
NTRS,BAC,-1,2024-10-23,2024-10-24,2024-11-12,13,signal,98.77774424775467,40.50425845193883,101.16318585674587,44.116227628461,0.005594704747957974,0.0110436480901424,0.027570046564892016,0.0010265715627393594,0.0010265715627393972,0.02551690343941326
NTRS,COF,-1,2024-10-23,2024-10-24,2024-11-08,11,signal,98.77774424775467,151.05962846069158,100.36287129999582,179.69018350923548,0.006345686863321151,0.002469622383841912,0.06168821068321674,0.001040270985616298,0.0010402709856164125,0.05960766871198403
NTRS,JPM,-1,2024-10-23,2024-10-24,2024-11-08,11,signal,98.77774424775467,214.29705058012115,100.36287129999582,230.98133233312285,0.0046891115313006165,0.002505198869481875,0.0353892668229101,0.0010246605764136889,0.0010246605764138237,0.03333994567008258
NTRS,SCHW,-1,2024-10-23,2024-10-24,2024-11-15,16,signal,98.77774424775467,70.1275567994797,101.16318563723232,78.36378238533221,0.0063463076888773335,0.005318862821721717,0.029697962314980408,0.0010293532864845585,0.0010293532864846498,0.0276392557420112
VLO,OKE,1,2024-10-24,2024-10-25,2024-12-03,26,signal,126.16394539162651,88.59754849769608,134.3183970788053,101.54140603112315,0.004758173109169839,0.004512428665998049,-0.01855924141113531,0.0010486996333370214,0.0010486996333372075,-0.02065664067780954
AON,NDAQ,-1,2024-10-25,2024-10-28,2024-11-15,14,signal,374.54527983885896,73.53119952957654,372.67188414373135,76.2350388965189,0.0016599867879760883,0.005142548131217912,0.018019716045823697,0.0010052798596777185,0.0010052798596778692,0.01600915632646811
AXP,COF,1,2024-10-25,2024-10-28,2024-11-21,18,signal,264.3513677563252,157.1122614983413,284.2733234682071,177.44603167262875,0.0025790657748830208,0.002026588317711977,0.011218331406044856,0.0010464783510461793,0.001046478351046303,0.009125374703952372
RF,FITB,-1,2024-10-28,2024-10-29,2024-12-06,27,signal,22.197549544386714,41.46193892216868,24.586008544055595,44.66603125767332,0.023665329578706318,0.011448140425127871,-0.01879619841041917,0.0010465720100390544,0.0010465720100391953,-0.02088934243049742
ALL,COF,1,2024-10-29,2024-10-30,2024-11-11,8,signal,180.4349306168264,159.38754591329257,190.45099076875567,183.81195427900033,0.004128837625151367,0.001601493280659725,0.003279640669374584,0.0010404805400798071,0.0010404805400798956,0.0011986795892148811
MA,BLK,-1,2024-10-30,2024-10-31,2024-11-05,3,signal,515.4847091430182,931.1680662065748,500.488280684883,951.1787092261861,0.0013370681995610724,0.00033352969921600156,0.027718520140515988,0.0009931287947009975,0.0009931287947011207,0.02573226255111387
V,PGR,-1,2024-10-30,2024-10-31,2024-11-11,7,signal,287.60788911316115,222.9828762489338,305.63708549201965,241.6223706361854,0.00134154011096627,0.0027548144517781075,0.028199347039724373,0.0010378886386132446,0.0010378886386132992,0.02612356976249783
AIG,AFL,-1,2024-10-31,2024-11-01,2024-11-12,7,signal,72.42915936401253,101.0375400310619,71.90908438064677,105.63394734629918,0.004996159258249994,0.0063171602954758994,0.03264798428231082,0.0010133650455318086,0.0010133650455318895,0.03062125419124712
AXP,MET,-1,2024-10-31,2024-11-01,2025-01-02,41,signal,267.0885666320243,74.1784208406541,294.552862167058,78.23652962635138,0.002126562734861321,0.005823137479505469,-0.03373268101961685,0.0010409410384996285,0.0010409410384996378,-0.03581456309661612
CFG,MET,-1,2024-10-31,2024-11-01,2024-11-22,15,signal,39.885515382704554,74.1784208406541,44.389892267175874,80.93795099510663,0.010244085295186826,0.007974025015018643,0.008807556883829039,0.0010501153486437908,0.0010501153486438732,0.006707326186541375
MET,FITB,1,2024-10-31,2024-11-01,2024-11-22,15,signal,74.1784208406541,41.072430100027496,80.93795099510663,44.28696518398093,0.007894992849145794,0.01009064334207034,0.021972707613485958,0.0010429924232441003,0.0010429924232441539,0.019886722766997704
MET,PNC,1,2024-10-31,2024-11-01,2024-11-22,15,signal,74.1784208406541,178.4491884243023,80.93795099510663,194.16221535129432,0.007797729265367346,0.002362884890938696,0.016625913009470528,0.0010450008206653013,0.0010450008206653173,0.01453591136813991
MET,RF,1,2024-10-31,2024-11-01,2024-11-26,17,signal,74.1784208406541,22.0408376338238,82.78329017815344,25.19100537011586,0.00761491527283536,0.019745265472921908,0.00438838150333936,0.0010639288017831713,0.0010639288017831989,0.0022605238997729896
PPL,EIX,-1,2024-10-31,2024-11-01,2024-11-04,1,signal,29.791830999539958,75.14159948394959,30.103331497192382,73.53099299879133,0.019542051956443863,0.005559157761433804,-0.014042493575856612,0.0009984808763083383,0.000998480876308459,-0.01603945532847341
USB,AFL,-1,2024-10-31,2024-11-01,2024-11-18,11,signal,45.28573869330744,101.0375400310619,46.49434395414875,106.71721992488015,0.006828337128905855,0.006838689143428447,0.031612546738067716,0.0010237456868576519,0.0010237456868576631,0.0295650553643524
AWK,NEE,-1,2024-11-01,2024-11-04,2024-11-29,18,signal,129.66644291850398,72.95619404677971,131.7520831774395,74.53846511369805,0.0037482879517489534,0.007045139493323495,0.004339237393265724,0.0010094972648267884,0.0010094972648269304,0.002320242863612005
CB,FITB,1,2024-11-01,2024-11-04,2024-11-19,11,signal,272.91989410317115,40.57383866474766,281.2583862499945,43.39237709331896,0.0025624903643223615,0.007414738563705453,0.001489912592852874,0.001021332393253774,0.0010213323932538841,-0.0005527521936547842
CB,KEY,1,2024-11-01,2024-11-04,2024-11-29,18,signal,272.91989410317115,15.776111816722699,284.1516894881041,17.947003272357275,0.0026420705446225283,0.01769429015514702,-0.0077029249845130925,0.001034262577055902,0.0010342625770559202,-0.009771450138624915
CB,PNC,1,2024-11-01,2024-11-04,2024-12-03,20,signal,272.91989410317115,176.33982455793625,284.31840406320663,200.1196159191001,0.0025282522621776046,0.0017589862450236385,-0.01197450733277259,0.001035509989132915,0.0010355099891329394,-0.014045527311038444
CB,SCHW,1,2024-11-01,2024-11-04,2024-12-03,20,signal,272.91989410317115,69.1220599365408,284.31840406320663,80.03746142953663,0.002756520593303575,0.003587025982034599,-0.006698064034977164,0.0010355372869244497,0.0010355372869245026,-0.008769138608826115
CVX,FANG,-1,2024-11-01,2024-11-04,2024-12-17,30,signal,142.04879678305522,169.60411742712571,137.66953191400805,150.8867097003041,0.004402290944016752,0.0022082849227775484,-0.021085008210048904,0.0009695629921141753,0.0009695629921142434,-0.023024134194277325
DTE,PEG,-1,2024-11-04,2024-11-05,2024-11-08,3,signal,114.72194889676138,77.10851573197719,111.07902845532423,79.43076707539312,0.0037795701613055396,0.00734635497989345,0.03183047596744977,0.0010017198457160947,0.0010017198457162142,0.02982703627601746
PPL,EIX,-1,2024-11-05,2024-11-06,2024-12-09,22,signal,30.532878847122195,74.48676930738485,31.483612910872978,76.10226055364619,0.019332289750773904,0.005499486382179227,-0.008481954853996563,0.0010135394330203218,0.0010135394330204692,-0.010509033720037354
TFC,KEY,1,2024-11-05,2024-11-06,2024-11-13,5,signal,41.14904868409989,16.939625011822475,43.24814502531915,17.66271480297594,0.01264054166259477,0.02832846782137675,0.007073219399269016,0.0010235305249437325,0.0010235305249437763,0.005026158349381507
AJG,ICE,-1,2024-11-06,2024-11-07,2024-12-09,21,signal,286.54136545980157,152.37256588627582,287.98582808623047,152.33733954377243,0.0018980882599325976,0.0029931572176705723,-0.0018458820090152292,0.001001273525437039,0.0010012735254372042,-0.0038484290598894723
ALL,JPM,1,2024-11-06,2024-11-07,2024-11-11,2,signal,182.56292662043774,235.9611249864441,190.45099076875567,231.85001967018593,0.003267208620656873,0.0017105572175826502,0.033813706518311525,0.0010094744616649214,0.001009474461665111,0.031794757594981495
AMP,MS,-1,2024-11-06,2024-11-07,2024-11-14,5,signal,550.102312864043,125.17934719746998,549.3124545894897,127.31158545507779,0.0011122551775589148,0.00309982199772882,0.008490838490774998,0.0010027554800336198,0.0010027554800338006,0.006485327530707578
AON,AMP,1,2024-11-06,2024-11-07,2024-11-26,13,signal,377.3231395138404,550.102312864043,385.56688777437273,557.9017576769375,0.0013407545906435224,0.0008982109362116336,0.005056332801065405,0.001009036103967964,0.0010090361039680746,0.0030382605931293665
AXP,FITB,-1,2024-11-06,2024-11-07,2024-11-13,4,signal,286.7254069384727,43.71254082276045,282.6922064405845,44.68484596230465,0.0022624751104464514,0.008032977791872103,0.017934719529785613,0.0009991981949917408,0.0009991981949918293,0.015936323139802044
ES,WEC,1,2024-11-06,2024-11-07,2024-12-12,24,signal,56.063429806577105,89.6827889472379,55.24268380463096,91.02790458500472,0.007567683085633065,0.006418776618434644,-0.013844010418495593,0.0010011320228217276,0.0010011320228218749,-0.015846274464139196
V,TROW,-1,2024-11-06,2024-11-07,2024-12-05,19,signal,302.78144481764497,109.54970598709644,306.1096192524891,112.06916518990708,0.0026193430190923983,0.001886066686697738,-0.002959321877080945,0.0010064405242346307,0.0010064405242347068,-0.0049722029255502825
AEE,AWK,-1,2024-11-08,2024-11-11,2024-12-11,21,signal,85.14768593118814,128.71176135513528,86.34887772680365,125.03557374580981,0.008773417586041875,0.001963428844961156,-0.016755081301965295,0.001001408713535493,0.001001408713535672,-0.018757898729036458
EIX,ED,-1,2024-11-08,2024-11-11,2024-12-19,27,signal,75.40265611648252,91.36218441965524,70.89429759081095,83.61902161136466,0.006991814410720308,0.0051746919171328735,-0.007582700293459081,0.0009641755951618185,0.0009641755951619351,-0.009511051483782835
EOG,FANG,-1,2024-11-08,2024-11-11,2024-12-19,27,signal,125.81819042296382,173.19246817673647,113.87616459257511,151.5556144932248,0.004144571085952762,0.0027629136972747333,-0.009340846169467232,0.0009453382743063524,0.000945338274306479,-0.011231522718080063
BAC,PNC,1,2024-11-12,2024-11-13,2024-11-25,8,signal,44.217784131149095,199.7406800626414,45.18710223767219,199.80854042567714,0.011347385792694587,0.0024944605671322895,0.011835540226040631,0.0010055887151427737,0.0010055887151428525,0.009824362795755005
MA,BLK,-1,2024-11-12,2024-11-13,2024-11-15,2,signal,524.1478053320901,996.6367819658362,513.3079562680603,995.7556084694818,0.001293836223117528,0.0003227455461679655,0.014733265041371053,0.000992670490552237,0.0009926704905523615,0.012747924060266454
BLK,AJG,1,2024-11-21,2024-11-22,2024-12-06,9,signal,991.4825264749701,297.10543010604886,1006.4007085649824,296.1929244125577,0.0003547771869144037,0.0021813677311212872,0.008284645860871439,0.0010015047108539897,0.0010015047108540495,0.006281636439163399
MA,PGR,1,2024-11-21,2024-11-22,2025-01-08,30,signal,511.7240149596946,243.11294745813134,506.37661418077596,224.02365095515276,0.0006920988315800195,0.0026559276274897054,0.047971525760103315,0.0009726656195795624,0.0009726656195796438,0.04602619452094411
AXP,FITB,-1,2024-11-22,2024-11-25,2025-02-11,51,signal,297.2500699425551,45.58648107413741,303.6402045677225,41.11811172545138,0.002177824179037128,0.007732422418275883,-0.04747838593555125,0.0009895230833572952,0.000989523083357397,-0.04945743210226594
AXP,PNC,-1,2024-11-22,2024-11-25,2024-12-19,17,signal,297.2500699425551,199.80854042567714,287.6996147531507,182.9598473085026,0.0021368288582792,0.0018252071776890695,-0.009370385208530126,0.0009742821451955541,0.0009742821451956981,-0.011318949498921376
PGR,BLK,-1,2024-11-22,2024-11-25,2024-12-05,7,signal,244.07910498848213,1006.6857573045727,240.27074403170846,992.5055933959727,0.0032656719697097274,0.00020127455459162201,0.010574811133102687,0.0009920596807696529,0.0009920596807698086,0.008590691771563226
AMP,MS,-1,2024-11-26,2024-11-27,2024-12-10,8,signal,561.9375580154369,125.89743955140352,541.7892941636301,122.07946713207878,0.0010953913603474368,0.003052823042262013,0.01139766405861654,0.000983024085782169,0.0009830240857823219,0.00943161588705205
CVX,EOG,-1,2024-11-26,2024-11-27,2024-12-09,7,signal,151.2479134754034,125.2553070186906,146.04131304632276,121.8687081150344,0.004153967931211697,0.0029666800818760096,0.012565132744895336,0.0009840370446412478,0.0009840370446414003,0.010597058655612689
MA,BLK,-1,2024-11-26,2024-11-27,2024-12-04,4,signal,523.1983812493006,988.1711962160866,518.3664897791706,995.2857351962325,0.001298980026117466,0.00032402866027385693,0.009579681864973405,0.0009978368227043523,0.0009978368227044803,0.007584008219564572
USB,AFL,-1,2024-12-03,2024-12-04,2024-12-30,17,signal,48.55829519368034,102.1014678595933,44.78198087044118,98.4941549840552,0.006631838839312981,0.006641892955077922,0.0020601986996920535,0.0009756766761790855,0.0009756766761791417,0.0001088453473338264
TFC,KEY,-1,2024-12-05,2024-12-06,2024-12-17,7,signal,43.626944905623176,17.362927884993493,41.5619691987861,16.706571255064222,0.012115185762576282,0.027151103108242362,0.008175311794020559,0.0009785540454702304,0.0009785540454704258,0.006218203703079903
VLO,KMI,1,2024-12-05,2024-12-06,2025-01-14,24,signal,127.80995654295918,25.99515723031098,126.05897434727073,26.626740511914576,0.0035548958074719593,0.02098864186567543,-0.018477169309592877,0.0010034652627439605,0.0010034652627440893,-0.020484099835080927
VLO,OKE,1,2024-12-05,2024-12-06,2024-12-10,2,signal,127.80995654295918,100.70815107333704,128.03550333963045,97.01827401363657,0.004478265147196403,0.004246977056216161,0.017673627688214035,0.0009927461168130853,0.0009927461168132506,0.0156881354545877
AON,NDAQ,1,2024-12-06,2024-12-09,2025-01-02,16,signal,370.9598291785598,79.37341588468792,356.4417507325703,75.93073032652389,0.001621292249897096,0.005022674572025868,-0.005266873807039198,0.0009796850483704803,0.000979685048370578,-0.007226243903780256
CB,SCHW,1,2024-12-09,2024-12-10,2024-12-18,6,signal,271.9479509746676,79.78146997381103,270.65803867723935,75.12442005274904,0.002661821333001511,0.003463795011800541,0.013687994861204875,0.0009904446459198066,0.000990444645919898,0.01170710556936517
V,PGR,-1,2024-12-09,2024-12-10,2025-01-10,20,signal,303.21889244506264,228.96040485011991,307.31439769446354,222.48040789576353,0.0012931603736348412,0.002655468037545399,-0.021509423218237803,0.000994146675985819,0.0009941466759859703,-0.02349771657020959
C,USB,-1,2024-12-10,2024-12-11,2025-02-25,49,signal,69.93766182968066,48.39283125806962,76.46012195351692,43.20467742068917,0.007919085959462946,0.009218380350022993,-0.09847646374026434,0.001001834034968601,0.0010018340349687363,-0.10048013181020168
CB,FITB,1,2024-12-10,2024-12-11,2024-12-18,5,signal,269.39540177384185,43.838180761432234,270.65803867723935,42.516619692821244,0.0025241500714002526,0.00730379834225861,0.013836451020429647,0.0009969504484518088,0.0009969504484519543,0.011842550123525884
TRV,CFG,1,2024-12-10,2024-12-11,2025-01-23,27,signal,238.51764467518538,43.83635368449629,237.0441805610014,44.540913009651256,0.003002270310924745,0.00648140799711249,-0.007989988870209385,0.001000285138517758,0.0010002851385178708,-0.009990559147245014
TRV,HBAN,1,2024-12-10,2024-12-11,2025-01-10,19,signal,238.51764467518538,16.283599271219344,231.45236244368306,15.505528833218259,0.0027473573587106937,0.021178472504677533,-0.0019503018732835616,0.0009822098788938578,0.0009822098788939537,-0.0039147216310713735
NTRS,AXP,1,2024-12-11,2024-12-12,2025-01-28,29,signal,101.4647526345635,297.81894737861575,106.54793789126269,311.62171120312695,0.004073694973318612,0.0019695747442343985,-0.005454370573802613,0.0010238582269240563,0.0010238582269242154,-0.007502087027650885
NTRS,BAC,1,2024-12-11,2024-12-12,2024-12-18,4,signal,101.4647526345635,44.361625231326414,99.96414834624471,43.44359180936036,0.005290296336124486,0.010442762158280633,0.00263943775766787,0.0009912744471894668,0.000991274447189666,0.0006568888632887372
NTRS,SCHW,1,2024-12-11,2024-12-12,2024-12-17,3,signal,101.4647526345635,80.91561567105566,100.90332832535546,75.8486495292457,0.005907943621816426,0.0049514683534775455,0.02275796127771701,0.0009859019451211027,0.0009859019451212377,0.020786157387474666
BAC,PNC,-1,2024-12-12,2024-12-13,2025-01-23,25,signal,44.313553471074336,191.4097471323972,44.319391474739625,185.81617838385338,0.011575185583789095,0.0025445370875280316,-0.013307718362882378,0.0009929007452896845,0.0009929007452897818,-0.015293519853461845
BKR,MPC,-1,2024-12-12,2024-12-13,2025-01-24,26,signal,41.13423923400507,141.24059938816129,44.257005565649656,148.72566134096164,0.011871232047622755,0.003622877166969524,-0.008921520228164469,0.0010321034831393605,0.0010321034831395092,-0.010985727194443339
PSX,KMI,1,2024-12-16,2024-12-17,2025-03-04,50,signal,109.2358165999789,24.571145173489185,117.91710438630807,25.33640835954706,0.0038382269847479036,0.02363126338854093,0.01626224270492927,0.0010256255723659438,0.001025625572366057,0.01421099156019727
VLO,OKE,1,2024-12-16,2024-12-17,2025-01-08,14,signal,118.99745488653895,93.18932815642331,116.68236991093691,92.7698334223366,0.004822563581923451,0.004573493576501327,-0.008252558098297145,0.0009935299223776538,0.0009935299223776941,-0.010239617943052493
V,TROW,-1,2024-12-17,2024-12-18,2025-01-07,12,signal,314.20885345292044,107.60523497943285,308.983275478745,104.66807855757594,0.0025522651334755056,0.0018377670311909998,0.008929583680276122,0.0009903324520701097,0.0009903324520702432,0.006948918776135768
TFC,HBAN,-1,2024-12-18,2024-12-19,2024-12-27,5,signal,40.28239568627059,15.288206298501501,40.405933050479796,15.51835002076419,0.01090713432568581,0.03667499659858856,0.00809803802414408,0.001004956418644435,0.0010049564186445695,0.006088125186855075
CVX,EOG,1,2024-12-19,2024-12-20,2025-01-15,15,signal,130.99070913948512,110.86858496231974,145.78385416645636,128.24631483928346,0.004758619892044985,0.003398510312242796,0.012401412799046933,0.001064852798026121,0.001064852798026384,0.010271707202994428
MET,RF,-1,2024-12-19,2024-12-20,2025-01-29,24,signal,75.96315244613866,21.44756966071103,81.590233905999,23.026346341504723,0.007599574320350063,0.019705486805848587,-0.01061600394511597,0.0010368567629949988,0.0010368567629950027,-0.012689717471105973
KMI,XOM,-1,2024-12-24,2024-12-26,2025-01-29,21,signal,25.34364800277338,100.77866011863694,25.657818647908137,101.8026770145605,0.024671632388825155,0.003717108866945747,-0.0029390679546360135,0.001005652425748961,0.0010056524257490485,-0.004950372806134022
NTRS,FITB,-1,2024-12-24,2024-12-26,2025-01-08,8,signal,99.06333106590142,40.37901571744899,98.39499592176402,40.26405436677641,0.00580686294159964,0.010517276646368822,0.003669230629295571,0.0009973803768991824,0.0009973803768992806,0.0016744698754971078
NTRS,JPM,1,2024-12-24,2024-12-26,2025-03-03,43,signal,99.16244395341107,232.99835185158972,106.34668072820476,256.35218005465106,0.00447114077613007,0.0023887460860945917,-0.0226207401838951,0.0010438915423399235,0.0010438915423400092,-0.024708523268575033
CVX,FANG,1,2024-12-30,2024-12-31,2025-01-14,8,signal,133.5022257561816,153.83946681031804,144.2319593619654,169.30760417713662,0.004747361204698829,0.0023813796735910582,0.015146437110843777,0.0010440239676484694,0.0010440239676485503,0.013058389175546758
KMI,SLB,-1,2025-01-02,2025-01-03,2025-01-31,18,signal,26.2929888445492,36.90584757004359,26.30065767016356,39.25190577354198,0.029881151701483557,0.005799870966981822,0.014384317052128262,0.001006635532363341,0.0010066355323634425,0.012371045987401479
HAL,BKR,1,2025-01-03,2025-01-06,2025-02-24,32,signal,26.519017647119078,41.31818109229766,25.180812845994172,44.95964608154368,0.013053536836276193,0.015820614629622663,-0.07405862151446067,0.001019898433629339,0.001019898433629431,-0.07609841838171943
ALL,COF,1,2025-01-06,2025-01-07,2025-02-06,20,signal,179.97849093417835,180.44878224749712,188.4073660442489,200.76435321042328,0.00400134408655858,0.0015520410948580625,0.0032290778965857886,0.0010328493185307731,0.0010328493185308893,0.0011633792595241261
ALL,JPM,1,2025-01-06,2025-01-07,2025-02-21,30,signal,179.97849093417835,234.89043400991508,182.54258482996582,260.54708342417564,0.003301117918799141,0.0017283105359087866,-0.034851792556658705,0.0010264886372583141,0.0010264886372584555,-0.03690476983117547
AMP,MS,1,2025-01-06,2025-01-07,2025-01-23,10,signal,521.5972061947682,124.01161844264894,547.5612745545294,130.1869070471305,0.0011532347881790441,0.0032140309499743224,0.011120097296551543,0.0010249991212435633,0.0010249991212436904,0.00907009905406429
CB,KEY,1,2025-01-06,2025-01-07,2025-01-17,7,signal,264.17163322250366,16.243533668379293,269.6444605669068,16.593507070232928,0.002681834469345655,0.017960594332070107,0.009402178654028417,0.0010106919347383561,0.0010106919347385474,0.0073807947845515144
CB,PNC,1,2025-01-06,2025-01-07,2025-01-17,7,signal,264.17163322250366,184.4948264601179,269.6444605669068,188.17847264711716,0.002548012211418153,0.0017727338759212583,0.008425118882003034,0.0010104123600824324,0.001010412360082564,0.006404294161838037
NTRS,BAC,1,2025-01-06,2025-01-07,2025-01-17,7,signal,98.89382607714754,44.49622862400855,102.39832191100919,44.8583469307219,0.005355569112091568,0.010571607128680592,0.01595172889563187,0.0010113317270253942,0.0010113317270255009,0.013929065441580974
EIX,ED,1,2025-01-08,2025-01-10,2025-03-06,37,signal,63.56179083764532,83.18527490327315,50.229278545205844,95.4612003959003,0.007991890346361217,0.005914855279127341,-0.17817930663554377,0.000982992353385137,0.0009829923533852091,-0.1801452913423141
PPL,EIX,-1,2025-01-08,2025-01-10,2025-03-05,36,signal,30.195685635617956,63.56179083764532,32.790453317869016,50.53230332288083,0.020711105111033003,0.0058917201214330524,-0.1295182708407267,0.0009883291277851787,0.000988329127785314,-0.1314949290962972
AWK,NEE,-1,2025-01-10,2025-01-13,2025-01-24,8,signal,115.99456087402886,63.826528632530064,116.23497981641529,64.59746343165314,0.004238032481468728,0.007965644687263572,0.006125679044639882,0.0010035896447725804,0.001003589644772714,0.004118499755094589
CB,FITB,1,2025-01-10,2025-01-13,2025-01-17,4,signal,253.1196929807535,38.954500580344295,269.6444605669068,41.38722672604062,0.002733980503612713,0.007910956839018908,0.026965611079360408,0.0010324102118425185,0.0010324102118427418,0.024900790655675145
CB,SCHW,1,2025-01-10,2025-01-13,2025-01-16,3,signal,253.1196929807535,70.59097014948719,264.92114182216517,72.04154325024724,0.002899405411524054,0.0037729602197980475,0.029764316070077904,0.001020086040541462,0.001020086040541533,0.02772414398899491
NTRS,COF,1,2025-01-13,2025-01-14,2025-01-17,3,signal,96.34210421705768,177.98073699573783,102.39832191100919,184.55479423386848,0.006038816009738463,0.0023501939996055303,0.02214817288023293,0.0010260983856551483,0.0010260983856552395,0.02009597610892254
ES,WEC,1,2025-01-14,2025-01-15,2025-02-11,18,signal,53.07839719379837,90.14552363451963,56.149966982797835,95.11152603706084,0.007719028653491059,0.006547145285737173,-0.007775585104039182,0.0010280189022335725,0.001028018902233708,-0.009831622908506463
NTRS,ZION,1,2025-01-14,2025-01-15,2025-01-17,2,signal,99.83393362774827,55.4672308718926,102.39832191100919,54.528367901460676,0.0056595565557771834,0.007843350624077174,0.022880777173296313,0.001003645188148543,0.0010036451881486456,0.020873486796999123
OXY,KMI,1,2025-01-14,2025-01-15,2025-01-29,9,signal,50.41350224697876,27.35401259669341,47.00686337051122,25.657818647908137,0.004981106744619603,0.027368414444960312,0.030421370194790253,0.0009680631094569594,0.000968063109457118,0.028485243975876175
AEE,AWK,-1,2025-01-15,2025-01-16,2025-03-05,32,signal,86.51934258793922,117.89956198027576,94.34502876307366,132.87033366031093,0.00885468802225004,0.0019816165941625107,-0.03857847601230813,0.0010492040399666274,0.0010492040399666894,-0.04067688409224144
AXP,COF,-1,2025-01-15,2025-01-16,2025-01-28,7,signal,307.43655998812216,185.5215058792387,311.62171120312695,196.45680552994156,0.0022060576492448666,0.0017334845445582227,0.010737406634687101,0.0010139185511885362,0.0010139185511886686,0.008709569532309896
NTRS,SCHW,-1,2025-01-15,2025-01-16,2025-01-22,3,signal,101.30583128730794,72.04154325024724,102.90368117411175,79.27305459301579,0.006184115722939827,0.0051829291639321805,0.028622683634969615,0.0010235612051092673,0.0010235612051094386,0.026575561224750906
TROW,MS,1,2025-01-15,2025-01-16,2025-02-21,24,signal,103.24694617252119,126.59421578252098,99.39222269499417,130.29173004650784,0.0032212363266372478,0.005270774804800876,-0.030902379732091013,0.0010033605858742723,0.0010033605858744208,-0.03290910090383971
AXP,PNC,-1,2025-01-16,2025-01-17,2025-02-11,16,signal,307.7511591655657,188.17847264711716,303.6402045677225,186.9555215574307,0.002134196154934759,0.0018229584112413584,0.0075385377888408985,0.0009943432684932831,0.000994343268493272,0.0055498512518543435
MA,BLK,-1,2025-01-16,2025-01-17,2025-03-05,31,signal,519.5425222059192,965.4298238601399,547.8212290601409,928.9080844986441,0.001314912075889671,0.00032800288669713307,-0.04815084221452759,0.0010124068564034423,0.0010124068564035123,-0.05017565592733454
MET,FITB,-1,2025-01-16,2025-01-17,2025-01-29,7,signal,82.06988133704506,41.38722672604062,81.590233905999,42.51307605725527,0.007408406521778899,0.009468734091687872,0.015217240066396541,0.001003448965504303,0.0010034489655044079,0.013210342135387831
MET,PNC,-1,2025-01-16,2025-01-17,2025-01-29,7,signal,82.06988133704506,188.17847264711716,81.590233905999,191.52233469344804,0.007188830214635919,0.0021783749755367506,0.011734120040726576,0.0010018306926758464,0.0010018306926759001,0.00973045865537483
NTRS,FITB,-1,2025-01-16,2025-01-17,2025-02-27,27,signal,102.39832191100919,41.38722672604062,105.34988541530277,40.74801906616316,0.0056378741068665,0.010211207372320083,-0.022162651832179393,0.0010049735924337199,0.0010049735924338523,-0.024172599017046964
USB,AFL,1,2025-01-16,2025-01-17,2025-02-07,14,signal,45.871548251826695,102.01868719958973,44.914448268001145,99.83619300399498,0.006753421683618156,0.0067636601235232475,0.00928714845891284,0.000989199282505696,0.0009891992825058326,0.007308749893901312
RF,FITB,1,2025-01-17,2025-01-21,2025-01-27,4,signal,22.593050926692143,42.65541499525305,22.89609513229582,42.29912998466372,0.023133846584906248,0.011191034690498033,0.011999313167014386,0.0010015370929245633,0.0010015370929246639,0.009996238981165157
TFC,HBAN,-1,2025-01-17,2025-01-21,2025-01-27,4,signal,44.34759334068075,16.11970022529479,43.633603670155566,16.23574143086351,0.010147666383770501,0.0341213025342469,0.012203215934745501,0.0009984098751486406,0.0009984098751488364,0.010206396184448024
TFC,KEY,-1,2025-01-17,2025-01-21,2025-02-13,17,signal,44.34759334068075,16.167081669710264,42.99546378133682,16.373183676630042,0.01240950395965113,0.027810693796492106,0.02350552848671404,0.000994431560785678,0.0009944315607858145,0.021516665365142545
NTRS,KEY,-1,2025-01-21,2025-01-22,2025-02-28,26,signal,102.80082891906518,16.222703102043596,105.26355064737513,15.817533114115424,0.005886034675794745,0.024336595563566536,-0.02335391724710826,0.0010022063732602936,0.0010022063732604816,-0.025358329993629032
V,TROW,-1,2025-01-21,2025-01-22,2025-03-07,31,signal,320.3943912346153,103.46621112507565,337.18033011630627,90.09102972056598,0.002531526188123388,0.0018228338843443424,-0.06586604904868351,0.001008728695948382,0.0010087286959484538,-0.06788350644058035
AXP,MET,-1,2025-01-22,2025-01-23,2025-01-28,3,signal,318.10390659892465,81.53309227737932,311.62171120312695,82.70718822025987,0.0018470208379192383,0.0050576717490615234,0.0189078414619488,0.0009968996094516331,0.0009968996094517682,0.016914042243045397
NTRS,COF,1,2025-01-22,2025-01-23,2025-01-28,3,signal,102.05950096496045,197.34451455894572,106.54793789126269,196.65336061301304,0.005591286880414469,0.0021760240509450988,0.027611979456066058,0.001011873347209361,0.0010118733472094196,0.025588232761647275
NTRS,PNC,-1,2025-01-22,2025-01-23,2025-03-03,26,signal,101.95749246824386,186.0020875168037,106.4530806088733,182.62602742791162,0.005462643027136302,0.0023816150916087333,-0.03159007534191586,0.0010081935252534745,0.0010081935252535682,-0.0336064623924229
AON,AMP,1,2025-01-23,2025-01-24,2025-03-20,38,signal,359.80679661832664,547.5906135871667,386.43835201883786,483.0886385556884,0.0013761640411557384,0.000921932768616512,0.09710448395831771,0.0009886106340833924,0.0009886106340835114,0.0951272626901508
CB,SCHW,1,2025-01-23,2025-01-24,2025-03-26,42,signal,263.46243129322085,79.51749121395977,288.8386847999218,79.5078900897544,0.0027258529132854954,0.00354711851125393,0.07024079517515597,0.0010348043002461932,0.0010348043002462652,0.06817118657466352
DTE,PEG,1,2025-01-23,2025-01-24,2025-03-25,41,signal,113.80127034556934,82.73221695036722,130.25083292051409,79.29978716063866,0.0036412422471772308,0.007077486850067873,0.08520755630160365,0.0010177374055442526,0.0010177374055444308,0.08317208149051496
VLO,OKE,-1,2025-01-23,2025-01-24,2025-02-13,14,signal,134.2897694038314,95.9103839267311,126.14613053278764,90.12919806152962,0.0044391488144034374,0.004209880957071821,0.01278238285666759,0.0009696623005484106,0.0009696623005485717,0.010843058255570607
AWK,NEE,1,2025-01-24,2025-01-27,2025-01-28,1,signal,117.40210961174385,69.53002113715326,122.47426796284654,68.67856649003384,0.004030717335854238,0.007575983023396138,0.027902019416812075,0.0010069768690562208,0.001006976869056327,0.02588806567869953
NTRS,ZION,-1,2025-01-24,2025-01-27,2025-03-05,26,signal,106.56709287414891,55.72159192048748,99.70923911919056,48.88320290451959,0.005440574670183327,0.007539872481910555,-0.013294434754217245,0.0009554809768303573,0.0009554809768304413,-0.015205396707878044
AIG,AFL,1,2025-01-27,2025-01-28,2025-02-20,16,signal,73.25737727403882,103.81946430703388,72.05131262367826,100.81151144833537,0.004888634254497222,0.006181205324994068,0.01368438224367693,0.00098761697904938,0.0009876169790495183,0.01170914828557803
BKR,MPC,1,2025-01-27,2025-01-28,2025-01-31,3,signal,42.134763435512745,147.49813807572977,44.62904918202505,145.3042535466512,0.011474484119410367,0.0035017971472717404,0.03731364238626694,0.0010104616132689717,0.001010461613269112,0.035292719159728855
VLO,KMI,-1,2025-01-27,2025-01-28,2025-02-27,21,signal,135.43557263166292,25.667133890588207,126.22321542820119,24.709110393507416,0.003484682057145705,0.020574089276948024,0.013365799749608224,0.00097412485704229,0.0009741248570424501,0.011417550035523484
NTRS,BAC,-1,2025-01-28,2025-01-29,2025-02-12,10,signal,107.58293316415619,44.99308542823791,104.96617321698248,44.77505233299418,0.005091486057929862,0.010050321297145627,0.012124091877652317,0.0009921977502787868,0.0009921977502788857,0.010139696377094644
AMP,MS,1,2025-01-30,2025-01-31,2025-02-21,14,signal,533.3368371058262,133.97446734077502,531.4200958570958,130.29173004650784,0.0011029737015903394,0.003073954801100502,0.010199825967693392,0.0009933731708920012,0.000993373170892143,0.008213079625909248
AMP,AJG,1,2025-01-31,2025-02-03,2025-04-10,47,signal,521.9200312256894,294.32587540837017,450.15765399897793,316.49534785525304,0.000888299977826792,0.0018222721225170447,-0.10315706596280375,0.0009882637473463476,0.000988263747346535,-0.10513359345749662
BKR,MPC,-1,2025-01-31,2025-02-03,2025-02-05,2,signal,45.422887288396105,140.43756734900396,46.71841588124449,150.60081030027052,0.011327196191169939,0.003456847636551044,0.02148297017717591,0.0010248943438599936,0.0010248943438601102,0.019433181489455807
BLK,AJG,1,2025-02-03,2025-02-04,2025-03-17,28,signal,975.692783899989,303.4084530763755,907.9455744471544,318.3270031381719,0.0003519066673276112,0.0021637181780239188,-0.05511618383397254,0.0010040488237888267,0.0010040488237889446,-0.05712428148155032
PGR,BLK,-1,2025-02-03,2025-02-04,2025-03-20,31,signal,231.83991890823302,975.692783899989,256.1699877667636,923.0210702110592,0.0034239406865146332,0.00021102919797778136,-0.09338420499401259,0.0010357771723030953,0.0010357771723032948,-0.09545575933861898
TFC,HBAN,-1,2025-02-04,2025-02-05,2025-03-13,25,signal,44.13508833974026,16.03466238437789,37.496210436631344,13.790941624775959,0.010199250730602296,0.034294753753247774,-0.008308552800713132,0.0009277178372220724,0.0009277178372221664,-0.01016398847515737
CFG,MET,-1,2025-02-05,2025-02-06,2025-02-25,12,signal,45.675705193916976,79.78512368419088,42.51271790388842,78.29813866630806,0.00927880628369241,0.007222649097859359,0.019588811854513,0.0009800365104985353,0.0009800365104986322,0.01762873883351583
AXP,MET,-1,2025-02-06,2025-02-07,2025-02-11,2,signal,315.4296724965083,80.3409061333212,303.6402045677225,79.23629620675045,0.0018675045803507146,0.005113762099145196,0.017354255158726524,0.0009860821786581817,0.0009860821786582333,0.01538209080141011
EOG,FANG,-1,2025-02-06,2025-02-07,2025-03-03,15,signal,120.4382358656484,153.6777191926102,120.61573951840978,152.85520282753424,0.004486434624729961,0.002990811695474758,-0.0022572230875503663,0.0009991270106029214,0.0009991270106030994,-0.004255477108756386
AON,NDAQ,-1,2025-02-07,2025-02-10,2025-03-19,26,signal,382.66480858712976,81.21389422094587,386.44823393281064,73.79360837286677,0.0015764747175613081,0.004883832312058119,-0.04121915753946305,0.0009847486533398233,0.0009847486533398333,-0.043188654846142704
CVX,FANG,-1,2025-02-10,2025-02-11,2025-03-13,21,signal,145.29133677033448,155.82038276939022,143.20310096863463,139.83584405869993,0.004474516151972451,0.002244514658567686,-0.025556454133652602,0.0009772324891012386,0.000977232489101311,-0.027510919111855152
MA,PGR,1,2025-02-11,2025-02-12,2025-03-20,25,signal,557.1699537692517,240.4210039640288,528.4758537377377,256.1699877667636,0.0006756902487791397,0.002592959729842315,-0.05921421881401187,0.00101058556120556,0.0010105855612057117,-0.06123538993642315
AWK,NEE,-1,2025-02-13,2025-02-14,2025-04-10,38,signal,122.1287915496292,65.13685565073791,134.09103456354762,63.88643417735057,0.004089018596486851,0.007685563855787021,-0.057504390412759426,0.0010196378072136285,0.0010196378072138456,-0.0595436660271869
BAC,PNC,-1,2025-02-14,2025-02-18,2025-02-20,2,signal,44.76543888567003,184.3768947294985,44.17503574837775,184.55341278049198,0.01172352494389172,0.002577146068229812,0.00837326238357491,0.0009967436754875349,0.0009967436754876038,0.006379775032599772
MET,FITB,1,2025-02-14,2025-02-18,2025-02-27,7,signal,78.65436321446957,41.85830246859306,79.45646606131365,40.78878746943095,0.007567662696711637,0.009672280477602902,0.017412654822648227,0.0009979619827609294,0.0009979619827610697,0.015416730857126228
MET,RF,1,2025-02-14,2025-02-18,2025-02-26,6,signal,78.65436321446957,22.682112365574095,78.99695550171066,21.83870916937346,0.007274919282604731,0.018863665238867948,0.01939537488591098,0.0009933680948690498,0.0009933680948692402,0.017408638696172693
AXP,COF,1,2025-02-19,2025-02-20,2025-03-25,23,signal,304.81133433925186,205.465725829712,274.2054639242937,180.1484635682868,0.002145041591299595,0.001685539109653472,-0.02203164333903379,0.0009459859479911046,0.0009459859479912056,-0.023923615235016103
V,PGR,1,2025-02-19,2025-02-20,2025-03-20,20,signal,351.38492443440265,251.87188792637093,334.9953654944261,256.1699877667636,0.001151172143107434,0.0023638992456457898,-0.028031934829890973,0.0009955438300419497,0.0009955438300420648,-0.030023022489974988
NTRS,AXP,-1,2025-02-20,2025-02-21,2025-03-21,20,signal,109.19294200208651,300.1070962454165,95.12762994112633,263.34147760730247,0.003932786296353283,0.0019014473627755196,-0.013654567011511028,0.0009374550614647029,0.0009374550614648534,-0.015529477134440584
AXP,FITB,1,2025-02-21,2025-02-24,2025-03-25,21,signal,292.4011628895535,40.92832466020775,274.2054639242937,38.30954579827438,0.0022849578691254303,0.008112803421924058,-0.01936201549443719,0.0009687519281151777,0.0009687519281153591,-0.021299519350667727
RF,FITB,1,2025-02-21,2025-02-24,2025-03-07,9,signal,21.86664701613336,40.92832466020775,20.554341124238587,37.74910630210181,0.024001095328416135,0.011610567634934617,0.006381572463905957,0.0009658215022997517,0.0009658215022998518,0.004449929459306353
CB,KEY,-1,2025-02-24,2025-02-25,2025-04-08,30,signal,271.1500477645952,15.675764836502912,279.1969596570763,13.142380901873864,0.0026580484799154517,0.017801296466438965,-0.06549869209093913,0.0009879083165292798,0.0009879083165295179,-0.06747450872399793
CB,PNC,-1,2025-02-24,2025-02-25,2025-04-08,30,signal,271.1500477645952,178.97867167312228,279.1969596570763,149.9176027795233,0.0025268818059056295,0.0017580327746093633,-0.07043948830987468,0.0009844185250892507,0.0009844185250894723,-0.0724083253600534
TRV,CFG,-1,2025-02-24,2025-02-25,2025-04-07,29,signal,243.47236184480514,42.51271790388842,232.1919662988457,31.864559376983514,0.0029821702485425187,0.006438015267086626,-0.03396427863751967,0.0009486685361009997,0.0009486685361011158,-0.03586161570972178
TRV,HBAN,-1,2025-02-24,2025-02-25,2025-04-07,29,signal,243.47236184480514,15.25041019041251,232.1919662988457,11.560799329295387,0.0027693482310731225,0.021347992892771544,-0.046581631796619914,0.0009448111925932249,0.0009448111925933197,-0.04847125418180646
AXP,MET,1,2025-02-25,2025-02-26,2025-04-01,24,signal,290.4624201358382,78.99695550171066,261.2669762552709,76.90073696809276,0.0019733917714366903,0.005403711537694214,-0.045321097566789786,0.000965590874923953,0.0009655908749240721,-0.047252279316637814
BAC,FITB,1,2025-02-25,2025-02-26,2025-03-03,3,signal,42.38492929075403,40.85240222631156,44.42892914651877,41.510715004817804,0.01251346632290351,0.01149620845908628,0.019026030112123647,0.0010166076859800207,0.0010166076859802033,0.016992814740163422
CB,FITB,-1,2025-02-25,2025-02-26,2025-04-08,29,signal,272.57687773643124,40.89327506495719,279.1969596570763,33.43722446805416,0.0025576654609985863,0.007400777380772221,-0.07113186508492,0.0009806603999482238,0.0009806603999484463,-0.07309318588481667
USB,AFL,1,2025-02-25,2025-02-26,2025-04-07,28,signal,43.43597411291525,103.11230542554557,34.03449612183811,96.56578458832529,0.0068150273281559,0.006825359164522661,-0.01844355902637402,0.0009454144158128569,0.0009454144158129867,-0.020334387857999865
ALL,JPM,-1,2025-02-27,2025-02-28,2025-04-03,24,signal,190.2817889379423,253.1769520683643,196.80097866330053,227.25606354607575,0.0030972955230380034,0.0016215986877672667,-0.06123616163732412,0.0009889743263679506,0.000988974326368059,-0.06321411029006013
ES,WEC,1,2025-02-27,2025-02-28,2025-03-25,17,signal,58.74569056781686,101.41010081058353,57.29166479081414,100.32246982968194,0.006907334914044515,0.005858680832729041,-0.0026796630939623515,0.0009916971405587861,0.000991697140558898,-0.004663057375080036
ALL,COF,-1,2025-02-28,2025-03-03,2025-04-03,23,signal,192.78421293047978,196.1712356227271,196.80097866330053,162.4157512280563,0.0037183911632729756,0.0014422893326127963,-0.06263818876516052,0.0009828925003092241,0.0009828925003092946,-0.06460397376577903
CFG,MET,1,2025-02-28,2025-03-03,2025-03-31,20,signal,43.70288608761496,83.03680386787909,37.85699787609019,75.10878082128116,0.00922939506083115,0.007184187262003357,0.003946839327971206,0.0009444489293510396,0.0009444489293510921,0.0020579414692690748
CVX,EOG,-1,2025-02-28,2025-03-03,2025-04-04,24,signal,149.82493213113528,120.61573951840978,142.7328510449845,109.72058511828708,0.004237321164547268,0.0030262092793063976,-0.0019512389411640227,0.0009683531169311459,0.0009683531169313176,-0.0038879451750264866
MET,PNC,-1,2025-02-28,2025-03-03,2025-03-31,20,signal,83.03680386787909,182.80874481403256,75.10878082128116,163.95041263588456,0.007223045171832263,0.0021887428663229084,0.01693906246506857,0.0009506339018336967,0.000950633901833755,0.01503779466140112
MET,RF,-1,2025-02-28,2025-03-03,2025-03-11,6,signal,83.03680386787909,22.17496583013487,75.39627129439609,20.30986898639826,0.0071149723852958055,0.01844892734149421,0.020908670634176778,0.0009555285198390108,0.0009555285198390014,0.018997613594498766
AXP,PNC,1,2025-03-04,2025-03-05,2025-03-25,14,signal,278.51485366660904,171.65042645358724,274.2054639242937,167.9445553914497,0.002352570193272847,0.0020094861533444873,-0.001699883319420576,0.000991361954100795,0.0009913619541009368,-0.003682607227622308
C,USB,1,2025-03-04,2025-03-05,2025-03-21,12,signal,70.1061463775218,41.880068523926866,68.76269748328599,39.8249299217131,0.008414187877725797,0.009794714262539644,0.009809839258937476,0.0009843752805615562,0.000984375280561662,0.007841088697814259
TROW,MS,-1,2025-03-04,2025-03-05,2025-03-21,12,signal,91.36892756783385,117.58832120675751,85.46717993504001,114.91918295851487,0.0035245600817437593,0.005767090828835654,0.006389983694443446,0.0009820822877071697,0.000982082287707217,0.004425819119029059
MET,FITB,-1,2025-03-05,2025-03-06,2025-03-11,3,signal,78.52787268713294,38.110060768681144,75.39627129439609,37.42668758069222,0.007858451157911594,0.010043939161280581,0.018729928484923473,0.0009841506186641193,0.0009841506186642538,0.0167616272475951
TFC,KEY,1,2025-03-05,2025-03-06,2025-04-10,25,signal,39.750282216128596,14.998436272047059,34.45941961607546,13.211829610137134,0.013631419667353662,0.03054910491288571,-0.016606047321835772,0.0009366868290476905,0.0009366868290477709,-0.018479420979931233
NTRS,COF,-1,2025-03-07,2025-03-10,2025-03-12,2,signal,98.40206627709034,164.52723221661392,94.49066167972263,165.8401922684668,0.006155732370608376,0.0023956956557793676,0.028212447546704645,0.000989434959706026,0.0009894349597062042,0.026233577627292413
BAC,FITB,1,2025-03-10,2025-03-11,2025-03-14,3,signal,38.449147450489505,37.42668758069222,38.95252730681248,36.048782354369784,0.013730362113821698,0.012614179077648996,0.02528753018596472,0.00099479920098713,0.000994799200987194,0.023297931783990394
BAC,PNC,1,2025-03-10,2025-03-11,2025-03-14,3,signal,38.449147450489505,165.14672534625942,38.95252730681248,162.66034256950994,0.01337760696948334,0.0029407577813608606,0.015045596318531095,0.0009997289461197221,0.000999728946119756,0.013046138426291617
NTRS,JPM,-1,2025-03-10,2025-03-11,2025-03-20,7,signal,97.63538322665546,225.03644088618475,95.35966978225257,229.47749313437586,0.004590275890670062,0.0024523950635754917,0.022337646886354492,0.0010002797178934283,0.0010002797178935618,0.020337087450567504
NTRS,FITB,1,2025-03-11,2025-03-12,2025-04-10,21,signal,94.49066167972263,36.733953379782385,88.11688634250942,33.95020235727537,0.006210850648603178,0.011248971284079343,-0.007307597076773559,0.0009646342962002073,0.0009646342962003663,-0.009236865669174133
NTRS,KEY,1,2025-03-11,2025-03-12,2025-04-10,21,signal,94.49066167972263,14.361003298763503,88.11688634250942,13.211829610137134,0.006499810995785596,0.026874335636274265,-0.009581099946947794,0.0009639556620173371,0.0009639556620175405,-0.011509011270982672
NTRS,SCHW,1,2025-03-11,2025-03-12,2025-05-02,36,signal,94.49066167972263,72.5028360589837,93.01385956265378,81.5699718164605,0.006441691874460122,0.005398804643541303,-0.05744498551928317,0.0010198133095098826,0.0010198133095100934,-0.059484612138303146
MA,BLK,1,2025-03-17,2025-03-18,2025-03-27,7,signal,527.7554558903049,927.8071819140488,543.797382431151,936.3777188045581,0.0013174403872524183,0.0003286335702543505,0.019329890972303615,0.0010121751953811237,0.0010121751953812703,0.01730554058154122
KMI,SLB,-1,2025-03-19,2025-03-20,2025-04-09,14,signal,26.119985206679228,39.16120423519241,23.24622646717478,30.032614965915833,0.029646878906761726,0.005754399092469255,0.03359930142551005,0.0009308698748231265,0.0009308698748231843,0.03173756167586374
BAC,PNC,-1,2025-03-20,2025-03-21,2025-03-31,6,signal,40.790834710206006,163.46819729655496,39.495118009777464,163.95041263588456,0.013033053868000298,0.002865015743447079,0.01926092021789242,0.0009922201246286492,0.0009922201246286878,0.017276479968635083
OXY,KMI,1,2025-03-20,2025-03-21,2025-04-08,12,signal,46.31412568117275,26.32691349204169,38.483825668529164,24.733833778954182,0.0052351880292112705,0.02876444995592861,0.0057873040031103384,0.0009563352115241371,0.00095633521152424,0.0038746335800619617
KMI,XOM,-1,2025-03-24,2025-03-25,2025-03-28,3,signal,27.11700226688385,111.13983057011401,26.400329380126195,112.62126109195303,0.02279623655583525,0.0034345555940217647,0.02241976258113554,0.0009942624355178966,0.0009942624355179946,0.020431237710099647
PSX,KMI,1,2025-03-24,2025-03-25,2025-04-29,24,signal,120.98000128677315,27.11700226688385,99.33219395729722,25.29874660171936,0.0034727347296450977,0.02138099424574987,-0.03535809394070879,0.00094288447884382,0.0009428844788438699,-0.03724386289839648
RF,FITB,-1,2025-03-25,2025-03-26,2025-03-28,2,signal,21.165516624623848,38.29054732522958,20.5184291546868,37.71137343275491,0.02519528850836068,0.012188260464999252,0.01023272092043807,0.0009882876812377277,0.0009882876812378019,0.008256145557962542
AJG,ICE,-1,2025-03-31,2025-04-01,2025-04-08,5,signal,339.4750025280334,168.70061852355383,314.9492731935372,155.52423247444375,0.0016514148095272331,0.002604169816992619,0.007151138834857303,0.0009625330435488906,0.0009625330435490335,0.005226072747759379
BLK,AJG,1,2025-03-31,2025-04-01,2025-04-08,5,signal,917.369150261079,339.4750025280334,822.8508155476305,314.9492731935372,0.0003327525429457266,0.002045947953822307,0.01968614475192893,0.0009589952349120293,0.0009589952349121709,0.017768154282104733
NTRS,COF,1,2025-04-02,2025-04-03,2025-05-02,20,signal,90.43844074060637,162.4157512280563,93.01385956265378,180.25619938510576,0.006508974582422404,0.002533170903456051,-0.027398508886640013,0.0010310596376149382,0.0010310596376150948,-0.029460628161870044
AMP,MS,1,2025-04-03,2025-04-04,2025-04-10,4,signal,431.2629059919842,97.7703660703034,450.15765399897793,104.8367378605163,0.001421127187888957,0.003960639075879103,-0.00010797599562841972,0.0010275321403290843,0.0010275321403292854,-0.002163040276286789
AON,AMP,-1,2025-04-03,2025-04-04,2025-04-11,5,signal,385.7053891323127,431.2629059919842,367.303783821968,442.69977905362884,0.0014822068664823165,0.0009929739763660942,0.039623481756997425,0.0009919786904915469,0.0009919786904916072,0.037639524376014276
AXP,COF,1,2025-04-03,2025-04-04,2025-04-15,7,signal,234.9266214818215,153.512238262993,252.52650220768996,160.29629780220836,0.002812963233344897,0.002210381170720102,0.03554488090994167,0.0010324209833439324,0.0010324209833439673,0.03348003894325377
BKR,MPC,-1,2025-04-03,2025-04-04,2025-04-11,5,signal,38.22177081152676,121.30693414770467,35.903447292311206,117.37493167150438,0.013290274745841841,0.004055942359336162,0.015839797281923904,0.0009766161620376522,0.0009766161620378085,0.013886564957848443
EIX,ED,1,2025-04-03,2025-04-04,2025-04-10,4,signal,53.78163053729923,108.45671044570335,51.559998587415755,101.40373500037734,0.007459096395859409,0.00552053066076623,0.02333695335434249,0.0009721530290908076,0.0009721530290909723,0.02139264729616071
PGR,BLK,-1,2025-04-03,2025-04-04,2025-04-11,5,signal,259.02582425777246,827.1461289475372,255.75392376861228,821.7559867590568,0.0032246645538112064,0.00019874712702189527,0.010473362157491667,0.0009938559006993117,0.0009938559006993182,0.008485650356093038
VLO,KMI,1,2025-04-03,2025-04-04,2025-04-24,13,signal,105.7272419720921,25.132374438470002,111.6669869566698,25.138690020378863,0.003934932431934571,0.023232435506524315,0.024237450319620057,0.0010116814917683465,0.0010116814917684434,0.02221408733608327
VLO,OKE,1,2025-04-03,2025-04-04,2025-04-10,4,signal,105.7272419720921,81.77174517784228,107.63348000547839,76.31026407468939,0.005456677701813468,0.005174857727501093,0.039655270475805804,0.00099115621442616,0.0009911562144262161,0.037672958046953434
AEE,AWK,1,2025-04-04,2025-04-07,2025-04-15,6,signal,90.38429293995914,139.49607619086214,95.11180832578793,144.0636271966921,0.008225512209296527,0.0018408114942582057,0.031502133212684066,0.0010238980790545377,0.0010238980790545854,0.029454337054574946
AIG,AFL,-1,2025-04-04,2025-04-07,2025-04-14,5,signal,75.03326994925646,96.56578458832529,80.14903922309173,104.36150990135584,0.005073363774481774,0.0064147779412235765,0.025091794675471162,0.0010381064140872584,0.0010381064140874499,0.023015581847296455
AXP,FITB,1,2025-04-04,2025-04-07,2025-04-11,4,signal,222.45552220352207,31.62643444331079,243.54009791744767,32.21432766621563,0.0029878304201719054,0.010608371027067205,0.05779534292073386,0.0010347956391220693,0.0010347956391221773,0.05572575164248961
AXP,PNC,1,2025-04-04,2025-04-07,2025-04-11,4,signal,222.45552220352207,143.01512094737453,243.54009791744767,143.15822010607695,0.0029022171488310372,0.002478976054041379,0.06186821196194328,0.0010309341369387685,0.001030934136938868,0.059806343688065644
BAC,FITB,1,2025-04-04,2025-04-07,2025-04-16,7,signal,33.86818558553931,31.62643444331079,36.630472479183155,33.499446676845174,0.01589288955023894,0.014600908059533338,0.01758870768201134,0.0010356665914738141,0.0010356665914740162,0.015517374499063506
BAC,PNC,1,2025-04-04,2025-04-07,2025-04-14,5,signal,33.86818558553931,143.01512094737453,35.30497248864271,146.4465819401218,0.015312632618052794,0.0033661284583544637,0.011467048579151269,0.0010167970829189016,0.0010167970829190384,0.00943345441331333
C,USB,1,2025-04-04,2025-04-07,2025-04-16,7,signal,54.230879558549155,34.03449612183811,60.83299425364752,36.37150426715263,0.010656189437214181,0.012404563836910253,0.04241357783616955,0.0010497596849190281,0.0010497596849190789,0.040314058466331446
HAL,BKR,-1,2025-04-04,2025-04-07,2025-04-23,11,signal,18.59041344208177,33.71243737524875,20.298106444111855,35.799467562589975,0.016824235246149833,0.020390622526743646,0.014861049983719541,0.001035834026083506,0.0010358340260836233,0.01278938193155241
MET,FITB,1,2025-04-04,2025-04-07,2025-04-24,12,signal,64.38580045446396,31.62643444331079,71.07046229577746,33.51863225489797,0.009542366898031474,0.012196163169119494,0.041753499669547486,0.0010435570488315565,0.0010435570488316595,0.03966638557188427
MET,PNC,1,2025-04-04,2025-04-07,2025-04-24,12,signal,64.38580045446396,143.01512094737453,71.07046229577746,150.89905739123554,0.009284011807639972,0.002813261461256375,0.040923132621923555,0.0010422277175975042,0.00104222771759759,0.03883867718672846
MET,RF,1,2025-04-04,2025-04-07,2025-04-29,15,signal,64.38580045446396,17.094140495945787,72.35324619990665,19.134848706079886,0.009199595425999242,0.023854297444099812,0.025678703711532656,0.0010610869160163163,0.0010610869160165507,0.02355652987949979
NTRS,PNC,1,2025-04-04,2025-04-07,2025-04-10,3,signal,79.89986010213194,143.01512094737453,88.11688634250942,149.06017268237412,0.007030214627548766,0.003065048397093592,0.040277301358220066,0.0010382194188745964,0.0010382194188747252,0.038200862520470745
TROW,MS,-1,2025-04-04,2025-04-07,2025-04-16,7,signal,73.63654732104327,92.78875189505405,80.31599172664356,105.51188492318667,0.004436087291331643,0.00725858482772576,0.06378252231176817,0.0010611803934679235,0.0010611803934680382,0.06166016152483222
V,TROW,1,2025-04-04,2025-04-07,2025-04-14,5,signal,298.8003145826334,73.63654732104327,332.4359877009683,82.90084507098203,0.002843334364354242,0.0020473524027447175,0.07772785395780368,0.0010576709703353977,0.0010576709703355256,0.07561251201713276
ES,WEC,1,2025-04-07,2025-04-08,2025-05-06,19,signal,53.36130017000074,99.78503970416328,55.96062324419141,104.09907932155735,0.007245699504098775,0.006145675768242362,-0.006656216746207259,0.0010225580839931928,0.001022558083993388,-0.00870133291419384
NTRS,ZION,1,2025-04-07,2025-04-08,2025-04-10,2,signal,85.49788810420688,42.69533008115916,88.11688634250942,42.432641538378995,0.0069130241712384004,0.00958048071670829,0.021629771063258394,0.0010078904188365575,0.0010078904188366303,0.019613990225585208
RF,FITB,1,2025-04-07,2025-04-08,2025-04-10,2,signal,18.137162543395334,33.43722446805416,18.2882837214409,33.95020235727537,0.02914474726000701,0.014098817351254503,-0.0018221467572247171,0.0010058462683646269,0.0010058462683647943,-0.0038338392939541383
CFG,MET,-1,2025-04-08,2025-04-09,2025-04-15,4,signal,31.950164956019496,65.05658530953994,34.15299235221375,69.90254460400818,0.012109312574621256,0.009425923213474052,0.020039208821393924,0.001036294104570656,0.0010362941045707701,0.0179666206122525
MA,BLK,1,2025-04-08,2025-04-09,2025-04-16,5,signal,466.80057862813385,775.609291373969,511.9050226791277,854.650412212852,0.0015148332174556123,0.0003778729219244292,0.03950752407295402,0.0010493132532109865,0.0010493132532110754,0.03740889756653196
TFC,HBAN,-1,2025-04-08,2025-04-09,2025-04-16,5,signal,31.94597326286646,11.744231778623067,33.87660131075402,12.667276968542769,0.013999340297613998,0.04707247040942575,0.01745779404494599,0.0010352956863842345,0.001035295686384306,0.015387202672177452
DTE,PEG,1,2025-04-09,2025-04-10,2025-04-22,7,signal,124.69528539404024,77.20385518522883,127.69857569862138,77.46201628842326,0.0036394172870791446,0.007073939672972991,0.010110344923033188,0.0010063343403289057,0.0010063343403290779,0.008097676242375205
CVX,FANG,1,2025-04-10,2025-04-11,2025-05-16,24,signal,126.97918470517637,118.45291373298033,134.07762041763053,138.48525860161456,0.005365842905976102,0.002691623551906433,-0.014784258712260835,0.0010461816248674475,0.0010461816248676162,-0.016876621961995898
AJG,ICE,-1,2025-04-11,2025-04-14,2025-04-25,8,signal,331.89989164235703,155.4245186837294,322.3547164268889,159.35004019312294,0.0017329898454605582,0.0027328081489078264,0.028266413493583574,0.0009970246024518644,0.000997024602452028,0.02627236428867968
AWK,NEE,-1,2025-04-11,2025-04-14,2025-04-30,11,signal,139.74609300062136,63.64401549102401,141.49348079628908,64.0872788011537,0.0038553608823589315,0.007246389701903192,-0.002519817104448954,0.001004934763524438,0.0010049347635244783,-0.00452968663149787
NTRS,JPM,1,2025-04-11,2025-04-14,2025-05-08,17,signal,86.33902922412388,231.41803556686915,95.61206985509268,245.78694343873246,0.004762021740329846,0.002544151786684732,0.008642009103950243,0.00104027065522414,0.0010402706552243212,0.006561467793501782
BLK,AJG,1,2025-04-14,2025-04-15,2025-04-22,4,signal,862.0793187398017,338.4322554111375,842.8286015615656,320.01093457907666,0.0003397247518341727,0.0020888169770990565,0.032916114174535174,0.0009772915959441201,0.000977291595944202,0.030961530982646854
AXP,MET,-1,2025-04-15,2025-04-16,2025-04-22,3,signal,251.6978885281408,69.35918987632452,244.01086738944915,69.0505387937932,0.002264214850890598,0.00620006837500317,0.016481684180236322,0.000990274574613708,0.0009902745746137832,0.014501135031008831
KMI,XOM,-1,2025-04-15,2025-04-16,2025-04-24,5,signal,25.48038949018071,99.22687553499743,25.138690020378863,102.96120305755548,0.02473073752171386,0.0037260138396723237,0.023367243145718995,0.0010026072158202156,0.0010026072158202967,0.021362028714078482
TFC,KEY,1,2025-04-17,2025-04-21,2025-04-29,6,signal,33.20317486950787,13.170501931804639,35.59000171211672,13.868666666063378,0.015944513518406138,0.03573293377690241,0.014140853456083437,0.0010315348126482293,0.0010315348126483295,0.012077783830786878
AON,NDAQ,1,2025-04-21,2025-04-22,2025-05-30,27,signal,357.85549015622803,70.37115668159072,363.9371946216317,81.74990639839694,0.0017367391785406555,0.005380322832512708,-0.049623011863444304,0.00103600062596353,0.0010360006259635933,-0.05169501311537143
AXP,COF,1,2025-04-21,2025-04-22,2025-04-30,6,signal,244.01086738944915,164.30407306069523,257.4191993064942,176.48553715143134,0.002680526767054699,0.0021063147300590668,0.011314351631490492,0.0010309562743004476,0.0010309562743006026,0.009252439082889441
TRV,CFG,-1,2025-04-22,2025-04-23,2025-05-13,14,signal,254.7896878921447,35.23842080833539,261.8672042131522,40.093669466030285,0.00302157630168406,0.006523086457058043,0.011312211981942225,0.0010262608076218153,0.0010262608076218416,0.009259690366698567
BKR,MPC,1,2025-04-23,2025-04-24,2025-06-05,29,signal,35.29970344019518,131.49999470392592,36.71997156990393,154.32767610022887,0.013256715193784935,0.0040457006140486515,-0.07247033391393373,0.0010555406340375638,0.001055540634037671,-0.07458141518200898
NTRS,AXP,1,2025-04-24,2025-04-25,2025-05-21,18,signal,88.84313726006502,263.3772703056967,103.40668978820048,289.35312399865563,0.004625310984314133,0.002236273397640703,0.010334487224885919,0.0010626383404361839,0.0010626383404363634,0.00820921054401337
TFC,HBAN,1,2025-04-24,2025-04-25,2025-06-16,35,signal,35.17665982483269,13.773756781132862,37.39905354652575,15.028797433374752,0.012270510817967971,0.04125931973278631,-0.023472765778114434,0.0010394515665595977,0.0010394515665596944,-0.025551668911233727
AMP,MS,1,2025-04-25,2025-04-28,2025-05-12,10,signal,457.54362298153154,111.57800174841438,503.1423884248996,123.7977359909727,0.0013013460941608294,0.0036268127411117823,0.01607301583924651,0.0010519283748741338,0.0010519283748742095,0.013969159089498164
AON,AMP,1,2025-04-25,2025-04-28,2025-05-30,23,signal,336.50015104094734,457.0863080160328,363.9371946216317,500.24032685124433,0.0015559341244023943,0.0010423660350044502,-0.001248191871555955,0.0010438592563084222,0.0010438592563085315,-0.003335910384172909
CB,SCHW,1,2025-04-25,2025-04-28,2025-05-30,23,signal,276.90449103191816,78.9183198654774,289.48036790191657,86.26477499800613,0.0026349564762247523,0.003428836107631288,0.008976492431483515,0.0010293948501838507,0.0010293948501838815,0.006917702731115784
BLK,AJG,-1,2025-04-29,2025-04-30,2025-05-05,3,signal,877.7463345486902,312.31006441241635,895.0922496370207,325.53478554464454,0.0003574643210079096,0.002197889728073092,0.02388375853707285,0.0010178255632282743,0.0010178255632283923,0.021848107410616185
EIX,ED,1,2025-04-30,2025-05-01,2025-06-02,21,signal,50.16496842697473,107.41020558704362,51.67187874386913,99.5403344374904,0.007711602818743415,0.005707412472663092,0.05752054769023213,0.0009832530856642835,0.0009832530856644275,0.05555404151890341
PPL,EIX,-1,2025-04-30,2025-05-01,2025-05-09,6,signal,34.74726247764809,50.16496842697473,34.085623727557795,52.51101274939446,0.020396500083826773,0.00580222394249147,0.02810724588895852,0.0009998565295887963,0.0009998565295888991,0.026107532829780823
AJG,ICE,1,2025-05-01,2025-05-02,2025-05-19,11,signal,325.3779749979523,169.79746252005415,337.6157059920501,171.84287215884368,0.001686032251608035,0.002658759189261917,0.016208045575632567,0.0010130881060169982,0.0010130881060171487,0.01418186936359842
USB,AFL,-1,2025-05-01,2025-05-02,2025-06-17,31,signal,38.81643951469416,101.16046337396419,40.891773869555244,99.98153429754875,0.007137807028819848,0.007148628211287394,-0.022237651757073207,0.0010034100429759723,0.001003410042976085,-0.024244471843025264
MA,BLK,-1,2025-05-02,2025-05-05,2025-05-27,15,signal,553.3296223630161,895.0922496370207,562.8298215143259,945.3048160304894,0.0012873752569422965,0.0003211338676419358,0.004908600493164104,0.001013966166422381,0.001013966166422544,0.0028806681603191792
AXP,MET,-1,2025-05-05,2025-05-06,2025-06-16,28,signal,270.75576847737307,73.64639080381853,287.2696789135795,75.17365489767438,0.00211660221601946,0.005795862727798159,-0.025079743429987228,0.0010218229573507151,0.0010218229573508639,-0.027123389344688806
NTRS,ZION,-1,2025-05-06,2025-05-07,2025-07-11,44,signal,93.68996951256942,43.63518715376639,122.34558750232227,53.80269914303803,0.0064859735533179565,0.008988648530287302,-0.09332889415728246,0.0011384945791917205,0.0011384945791919473,-0.09560588331566613
KMI,SLB,-1,2025-05-07,2025-05-08,2025-06-10,22,signal,26.480377275413762,32.666363444062554,26.37362078004799,33.43135220162212,0.03045908200637752,0.005912046067519431,0.008774684317052757,0.0010003306941666402,0.001000330694166737,0.00677402292871938
KMI,XOM,-1,2025-05-07,2025-05-08,2025-06-10,22,signal,26.480377275413762,100.55372416189059,26.37362078004799,102.09058014483537,0.02401778885397062,0.003618598660458406,0.009126684534106571,0.0010013645684200704,0.0010013645684201827,0.0071239553972663175
NTRS,FITB,-1,2025-05-07,2025-05-08,2025-07-14,44,signal,95.61206985509268,35.54221560827458,122.59874515645409,42.119262320577,0.006249957213878797,0.01131980033064535,-0.09309327336259346,0.0011214370671641697,0.0011214370671642638,-0.09533614749692189
NTRS,KEY,-1,2025-05-07,2025-05-08,2025-07-16,46,signal,95.61206985509268,14.459822448512421,121.28424232457994,17.068703276634217,0.006434340370475257,0.02660363860215317,-0.09466061757508375,0.0011171554357031805,0.0011171554357032871,-0.09689492844649021
NTRS,PNC,-1,2025-05-07,2025-05-08,2025-07-16,46,signal,95.61206985509268,158.75419221204922,121.28424232457994,190.5222145384287,0.006066514068979474,0.0026448921132802613,-0.07059781993985623,0.0011197838220033602,0.001119783822003493,-0.07283738758386307
OXY,KMI,1,2025-05-07,2025-05-08,2025-05-09,1,signal,38.891058412857745,26.480377275413762,40.68428954806919,25.99291320991516,0.005421835937532008,0.029789976525043924,0.025241465678095855,0.0009973175968992745,0.0009973175968993834,0.023246830484297196
ES,WEC,-1,2025-05-08,2025-05-09,2025-06-18,27,signal,59.40624027707361,102.73873652990446,60.577728500702605,100.10656740600821,0.006824372857372987,0.005788313865249733,-0.02223402521754308,0.0009964682540536422,0.0009964682540536875,-0.02422696172565041
AMP,AJG,-1,2025-05-12,2025-05-13,2025-05-27,9,signal,507.56710848340765,328.8147707322436,504.797374557337,334.260954407859,0.0008460096920278002,0.0017355171852341262,0.01279879504876952,0.0010036279400033833,0.0010036279400034679,0.01079153916876267
AWK,NEE,1,2025-05-12,2025-05-13,2025-05-23,8,signal,133.15356084855583,67.01382015192094,138.7282652694862,64.15139576711582,0.00385941457049208,0.007254008859963644,0.04327954729634807,0.0010003999796704295,0.0010003999796706754,0.04127874733700697
AXP,COF,-1,2025-05-12,2025-05-13,2025-06-11,20,signal,295.9295184743916,195.64236140230042,296.4032939656735,198.26934718482076,0.0022235398243437916,0.0017472217559813333,0.00453913252644542,0.0010026644872356196,0.0010026644872357534,0.002533803551974047
AXP,FITB,-1,2025-05-12,2025-05-13,2025-06-17,24,signal,295.9295184743916,37.74801465192253,288.41508506145635,36.61806945807651,0.0023253872325428655,0.008256348947340997,0.009131157899622383,0.000986412193152818,0.000986412193152998,0.0071583335133165674
AXP,PNC,-1,2025-05-12,2025-05-13,2025-05-27,9,signal,295.9295184743916,168.67388603681852,286.87474535870723,167.04713115690848,0.0022723084300307595,0.0019409292608278767,0.018405786631376063,0.000987965495202482,0.0009879654952026703,0.01642985564097091
NTRS,BAC,-1,2025-05-12,2025-05-13,2025-06-04,15,signal,102.18969020571197,42.05194607792181,103.3747841130567,43.1515903133732,0.005399345858287831,0.010658020085450023,0.006330307398179898,0.0010090089301936374,0.001009008930193826,0.004312289537792435
NTRS,SCHW,-1,2025-05-12,2025-05-13,2025-07-21,46,signal,102.18969020571197,84.23548565076491,124.43905114759642,94.49428029124022,0.005786916932689292,0.004850035459140797,-0.07791054157779662,0.0010891442239614713,0.0010891442239616966,-0.08008883002571979
PSX,KMI,-1,2025-05-12,2025-05-13,2025-05-22,7,signal,117.68860992922244,26.078572026876973,107.42362550700041,26.0429971117882,0.0035941712795246107,0.022128656931308038,0.03708813250252383,0.0009812453987657662,0.00098124539876584,0.03512564170499222
VLO,KMI,-1,2025-05-12,2025-05-13,2025-05-29,11,signal,127.74317414888505,26.078572026876973,123.30971377139382,26.556443320941234,0.003549851067462735,0.020958856958580123,0.026750951898163816,0.0009971917476684004,0.0009971917476684722,0.02475656840282694
VLO,OKE,-1,2025-05-12,2025-05-13,2025-07-01,33,signal,127.74317414888505,79.93305083642603,131.05482956421045,76.41749667275387,0.004912219658421828,0.004658519203015949,-0.0316450459903649,0.0009998094234251065,0.000999809423425185,-0.03364466483721519
CB,FITB,1,2025-05-13,2025-05-14,2025-05-19,3,signal,281.94397470623045,37.69112440488586,290.6945609122797,37.64252637615619,0.0025580718117749622,0.007401953184128962,0.023755587508882396,0.0010112392651829849,0.0010112392651831757,0.021733108978516238
CB,KEY,1,2025-05-13,2025-05-14,2025-05-19,3,signal,281.94397470623045,15.560878805815921,290.6945609122797,15.445078914958586,0.002590214344942409,0.017347002439703236,0.02568523981492006,0.0010105649081365246,0.001010564908136699,0.023664109998646838
CB,PNC,1,2025-05-13,2025-05-14,2025-05-20,4,signal,281.94397470623045,169.83877154329645,288.16743456459255,170.85376977955409,0.0024998470822439026,0.0017392238496573753,0.014801258496987981,0.0010088696684588793,0.0010088696684589786,0.012783519160070124
PPL,EIX,1,2025-05-13,2025-05-14,2025-06-02,12,signal,32.12996835263081,52.26859591970525,32.869812352200626,51.72357647147679,0.021280997765571904,0.0060538383667803316,0.02005048915617046,0.0010064110081265767,0.001006411008126666,0.018037667139917217
TROW,MS,1,2025-05-13,2025-05-14,2025-07-17,43,signal,90.04395965116433,125.55696181336262,96.66642542970799,135.30114600058906,0.0033835753753547436,0.005536403427184121,-0.03050214803070479,0.0010379745661591834,0.0010379745661592765,-0.03257809716302325
NTRS,COF,-1,2025-05-15,2025-05-16,2025-06-12,18,signal,103.80270240271618,193.32122013459957,105.1986988285965,194.83397474254653,0.005584906557591016,0.002173540948894789,-0.003503014129587157,0.0010054613776835013,0.001005461377683559,-0.005513936884954217
AEE,AWK,1,2025-05-22,2025-05-23,2025-06-03,6,signal,92.29228261219588,138.7282652694862,93.21531665802003,137.743744721539,0.008109767603362225,0.0018149086695366712,0.010275506531585862,0.0010031000521544193,0.0010031000521546528,0.008269306427276791
TFC,KEY,1,2025-05-28,2025-05-29,2025-06-23,16,signal,37.578632572556955,15.074028414523193,37.93873711397201,15.222223109063039,0.014013676987734919,0.0314057742304633,0.0013970965861748548,0.0010048769798387484,0.0010048769798388767,-0.0006126573735027703
CVX,EOG,-1,2025-05-29,2025-05-30,2025-06-06,5,signal,130.17579766935822,104.04641250770264,131.45790601540227,107.95642683784257,0.004889697441328406,0.0034921232531897944,0.00839495701041544,0.0010098269469858828,0.0010098269469859958,0.006375303116443562
EOG,FANG,1,2025-05-29,2025-05-30,2025-06-09,6,signal,104.04641250770264,132.40673885615905,109.40298602429395,137.17576222667356,0.005200060390599887,0.0034665391862959065,0.012344736498220817,0.0010222371195074994,0.0010222371195075762,0.010300262259205741
ALL,COF,-1,2025-05-30,2025-06-02,2025-06-09,5,signal,202.39158581938028,185.302040604788,201.29683977082186,195.32476228503486,0.0036452201071213953,0.0014139077479140675,0.019166651114768486,0.0010048569674843027,0.0010048569674844113,0.017156937179799773
ALL,JPM,-1,2025-06-02,2025-06-03,2025-06-05,2,signal,205.75134996674907,257.6674324923045,201.72901157856515,258.39564788337043,0.0029352244929314406,0.0015367458967465027,0.013920103729462991,0.000994555559438942,0.0009945555594389546,0.011930992610585094
CB,FITB,-1,2025-06-02,2025-06-03,2025-06-05,2,signal,295.2057684404028,36.44371894351816,289.2363732566741,36.88633525054245,0.002495301956778694,0.007220324378433098,0.019085194764826622,0.0009939179701835559,0.0009939179701836127,0.017097358824459452
OXY,KMI,1,2025-06-02,2025-06-03,2025-06-24,14,signal,40.259232716489734,27.25054247962962,41.554717813610914,26.59252971887902,0.0052620333000840645,0.02891194980622342,0.02683493230668147,0.0009936146751913985,0.0009936146751915592,0.024847702956298512
DTE,PEG,1,2025-06-03,2025-06-04,2025-07-07,21,signal,130.16025215459715,77.78412577434992,127.55622402123319,79.17904121312378,0.0035541663167010973,0.006908237261310077,-0.01789140735385073,0.0010001485360077722,0.0010001485360077308,-0.019891704425866234
AJG,ICE,1,2025-06-05,2025-06-06,2025-08-14,47,signal,324.0997237965651,174.8102401274639,291.2858362749012,178.8129108565129,0.001667390261501799,0.0026293620276988373,-0.06426009739738306,0.000977929522597763,0.0009779295225978881,-0.0662159564425787
ALL,JPM,1,2025-06-09,2025-06-10,2025-08-25,52,signal,195.3780372751374,259.50834638219646,200.75411563124482,290.82443986455735,0.0030191890774076834,0.0015807058156476377,-0.032237186045668706,0.0010329479932168234,0.0010329479932168644,-0.03430308203210239
AMP,AJG,-1,2025-06-09,2025-06-10,2025-07-25,31,signal,508.5306746144254,314.9132993111029,508.557184112749,305.67761479994493,0.0008661907155633163,0.0017769168447079465,-0.01544214426759406,0.0009918613940129361,0.000991861394013071,-0.01742586705562007
AON,NDAQ,1,2025-06-09,2025-06-10,2025-07-15,23,signal,354.992120354917,83.8452352427237,354.91522002938405,88.30668475400513,0.0016268294169964703,0.005039828412360854,-0.02159879197756088,0.0010112517414623424,0.0010112517414624525,-0.02362129546048567
BLK,AJG,-1,2025-06-09,2025-06-10,2025-08-20,49,signal,961.8139587122777,314.9132993111029,1097.6721743807577,297.78182508635,0.00034511441107172244,0.002121955603753107,-0.08223344128153913,0.0010054145399097003,0.0010054145399097617,-0.08424427036135859
MA,PGR,-1,2025-06-09,2025-06-10,2025-06-23,8,signal,579.9540038169645,253.65035730853663,527.678960740593,246.52954090671602,0.0006438568266803837,0.0024707990479110784,0.017038041754265796,0.0009745047905008147,0.0009745047905009991,0.015089032173263982
PGR,BLK,1,2025-06-09,2025-06-10,2025-08-07,40,signal,253.65035730853663,961.8139587122777,232.0405458998231,1101.708523151874,0.0031965922731720066,0.00019701693616548533,-0.0956598262281334,0.0009795284177588988,0.0009795284177590675,-0.09761888306365138
V,PGR,-1,2025-06-09,2025-06-10,2025-06-23,8,signal,363.2669214359677,253.65035730853663,334.4012412630948,246.52954090671602,0.0011311550062239795,0.002322794624532342,0.017086861853786942,0.0009754972786121472,0.00097549727861229,0.015135867296562506
ALL,COF,1,2025-06-10,2025-06-11,2025-07-23,28,signal,191.33452029450928,198.26934718482076,193.52405003250382,223.87551264649707,0.0037288099960595287,0.001446330588824554,-0.027847834204083485,0.0010228057919381027,0.0010228057919382662,-0.029893445787959855
CFG,MET,-1,2025-06-10,2025-06-11,2025-08-07,39,signal,40.641975340712804,76.6969006015897,46.067856311762554,70.06383611431559,0.009966755331630328,0.007758150585717203,-0.1045373635821683,0.0010013776518789735,0.0010013776518790374,-0.10654011888592631
CVX,FANG,-1,2025-06-10,2025-06-11,2025-07-31,34,signal,137.12775827535552,141.42432417080914,144.69985693245007,144.3838187412228,0.004805326111000255,0.0024104561317950814,-0.02823107782112898,0.0010215937366096208,0.0010215937366096813,-0.030274265294348283
MET,FITB,1,2025-06-10,2025-06-11,2025-08-07,39,signal,76.6969006015897,38.285140181247606,70.06383611431559,40.168001835447896,0.007960798202525656,0.010174749605830534,-0.07097886462372266,0.000983269097713686,0.0009832690977137739,-0.07294540281915012
MET,RF,1,2025-06-10,2025-06-11,2025-08-07,39,signal,76.6969006015897,21.377171480881263,70.06383611431559,23.998386971913305,0.007569064860140472,0.019626376616215496,-0.10065038324027595,0.0010006745046493165,0.0010006745046493564,-0.10265173224957462
TRV,CFG,1,2025-06-10,2025-06-11,2025-07-21,26,signal,257.7454495945307,40.641975340712804,259.88031828776144,46.84521273315382,0.0028951950199634048,0.006250250048208077,-0.03156820932085871,0.0010227142813745644,0.0010227142813745795,-0.03361363788360785
TRV,HBAN,1,2025-06-10,2025-06-11,2025-07-18,25,signal,257.7454495945307,15.757788657093894,258.5860245735849,16.31656735226234,0.0026374854757497046,0.02033150636649067,-0.008136841965355144,0.00100696633438748,0.001006966334387585,-0.010150774634130208
RF,FITB,-1,2025-06-11,2025-06-12,2025-07-16,22,signal,21.01565479015548,37.29726310960293,23.01749887645138,41.65524427048659,0.025601795287677018,0.012384908759201218,0.0037749711935380625,0.0010525746368706085,0.00105257463687073,0.0016698219197967242
AMP,MS,1,2025-06-13,2025-06-16,2025-07-02,11,signal,499.5612387390677,126.45960191045621,530.3294343799889,137.5940410829174,0.0011738094537979639,0.003271371929246198,0.000727463886790243,0.0010363567238604134,0.0010363567238605802,-0.0013452495609307506
EIX,ED,1,2025-06-13,2025-06-16,2025-06-25,6,signal,45.51712084999591,99.78625539381993,47.51351334627117,95.41042476651637,0.00837634301856198,0.006199391455074332,0.04484464512655778,0.0009946897783147989,0.0009946897783148622,0.042855265569928115
MA,BLK,1,2025-06-13,2025-06-16,2025-07-28,28,signal,559.9303343517363,960.9276411701351,563.5743546567951,1095.8587885450775,0.001250824904569731,0.0003120164359080403,-0.03651918406806464,0.0010235202785220728,0.0010235202785222356,-0.03856622462510895
NTRS,AXP,-1,2025-06-13,2025-06-16,2025-07-11,17,signal,105.61883417655787,287.2696789135795,122.34558750232227,319.4020709945815,0.004090094217750854,0.001977503550359998,-0.0038060328380672276,0.0010660447996457601,0.0010660447996458935,-0.0059381224373588806
C,USB,-1,2025-06-16,2025-06-17,2025-08-18,42,signal,75.36089415694502,40.891773869555244,91.46181804494948,44.031964623876746,0.008131684928388344,0.009465860699094738,-0.10012284388835721,0.0010801879758639533,0.0010801879758641222,-0.10228321984008529
NTRS,BAC,-1,2025-06-16,2025-06-17,2025-07-24,25,signal,107.2140939043752,43.12782432099058,121.45950605794695,47.19173536601667,0.005198661583341236,0.010261880054906943,-0.031295894454055846,0.0010578147497106185,0.001057814749710658,-0.03341152395347712
KMI,XOM,1,2025-06-17,2025-06-18,2025-06-26,5,signal,26.287963946236196,110.2997954085444,26.946278660465424,104.94791361191791,0.023309334431639003,0.003511860598964406,0.0351383367879399,0.000998396140814582,0.0009983961408146626,0.033141544506310655
VLO,KMI,-1,2025-06-17,2025-06-18,2025-06-25,4,signal,137.13704018229677,26.287963946236196,131.75452436920995,27.269558209521787,0.003420719161326794,0.02019644267751384,0.0392375340350523,0.0010007467860578757,0.0010007467860579703,0.03723604046293645
BAC,PNC,-1,2025-06-18,2025-06-20,2025-07-02,8,signal,44.096880022567085,169.8358544846322,47.112304126987496,185.8691035658111,0.012279767005449305,0.0026994230326059638,0.007291931098670684,0.00104011466632626,0.0010401146663263521,0.005211701766018073
CB,SCHW,1,2025-06-18,2025-06-20,2025-06-24,2,signal,280.86002324050423,88.62898469781555,285.36326231473583,87.86062249268286,0.0025245566515900747,0.0032851741882033423,0.01489752049835557,0.001004634656310937,0.0010046346563111447,0.012888251185733487
EOG,FANG,-1,2025-06-18,2025-06-20,2025-07-18,19,signal,118.78176642251485,145.81834174232827,115.0500626451727,138.56969187757912,0.004629626808091918,0.0030862685320324247,-0.004114759186802888,0.0009801249430524406,0.0009801249430525197,-0.006075009072907848
V,TROW,1,2025-06-18,2025-06-20,2025-07-07,10,signal,335.8379555033404,87.26621108195532,355.2691469218637,93.72051695919,0.0025091717693669436,0.0018067375104789483,0.03812552092213184,0.0010305605021126512,0.0010305605021127806,0.03606439991790641
NTRS,COF,-1,2025-06-23,2025-06-24,2025-07-16,15,signal,118.05029508038602,200.06921409751138,121.28424232457994,212.31505756091983,0.005103769180345778,0.001986291300095393,0.008838806031064152,0.001020313973146975,0.001020313973147056,0.006798178084770122
NTRS,JPM,-1,2025-06-23,2025-06-24,2025-07-16,15,signal,118.05029508038602,273.7685524488472,121.28424232457994,282.84477490741295,0.003783586430265989,0.0020214141601064104,0.007126231955071146,0.0010153462663786406,0.0010153462663786417,0.005095539422313863
AXP,FITB,-1,2025-06-24,2025-06-25,2025-07-09,9,signal,304.69887624250975,38.946821610011135,315.44523257871117,42.25460187825378,0.002257010696432392,0.008013576245212935,0.0032777018455591063,0.0010251936620663826,0.0010251936620664934,0.0012273145214262305
AXP,MET,-1,2025-06-24,2025-06-25,2025-07-21,17,signal,304.69887624250975,76.93823771243399,304.8531414336827,74.73968806529534,0.0019401467336897177,0.005312677108218709,-0.010985266134623667,0.0009942153537883754,0.0009942153537884069,-0.012973696842200448
AXP,PNC,-1,2025-06-24,2025-06-25,2025-07-09,9,signal,304.69887624250975,174.3203864424312,315.44523257871117,191.86487666201114,0.002204218714743873,0.0018827693213517168,0.010373098600796396,0.001028190408177569,0.0010281904081776735,0.008316717784441152
MET,PNC,1,2025-06-25,2025-06-26,2025-08-07,29,signal,76.5713956452884,175.97847831386912,70.06383611431559,184.1455605291832,0.007699107392231714,0.002333000276326178,-0.06817165685885423,0.0009845478965528603,0.0009845478965530444,-0.07014075265196014
CB,FITB,1,2025-06-26,2025-06-27,2025-08-07,28,signal,280.5527044532533,39.79891962956191,267.5943249075009,40.168001835447896,0.0025276080289405004,0.007313804175444293,-0.0344679261590947,0.0009851730012985283,0.000985173001298631,-0.03643827216169186
CB,KEY,1,2025-06-26,2025-06-27,2025-08-07,28,signal,280.5527044532533,16.29932954616448,267.5943249075009,16.83857323436472,0.002566564917994883,0.01718861915078456,-0.04153916224401424,0.0009882144781146796,0.0009882144781147711,-0.04351559120024369
CB,PNC,1,2025-06-26,2025-06-27,2025-08-07,28,signal,280.5527044532533,177.96426068585475,267.5943249075009,184.1455605291832,0.002473472716496741,0.001720874356901252,-0.04169996296038867,0.0009894756887409537,0.0009894756887410695,-0.043678914337870696
HAL,BKR,1,2025-06-26,2025-06-27,2025-07-10,8,signal,20.186171801535284,37.59122774839913,21.303610677933307,38.432374429817564,0.015207122590979514,0.01843071568685658,0.002506150074520241,0.0010160554293752407,0.0010160554293753964,0.0004740392157696039
AXP,COF,-1,2025-06-27,2025-06-30,2025-07-09,6,signal,314.2573553015915,208.88236589745344,315.44523257871117,214.83760409262905,0.0020899998587818316,0.001642288203378239,0.008303530484694038,0.001005976389879932,0.0010059763898800614,0.006291577704934045
KMI,SLB,-1,2025-06-30,2025-07-01,2025-07-02,1,signal,27.916118436849825,32.74782719460239,26.963721632038187,34.62186428093109,0.029168810994308576,0.005661607079852654,0.03938145407465889,0.000991110047659793,0.000991110047659842,0.03739923397933925
OXY,KMI,1,2025-06-30,2025-07-01,2025-07-02,1,signal,41.049863855384196,27.916118436849825,42.334535810017826,26.963721632038187,0.005141661988619196,0.028250576318692284,0.034500676956377485,0.0009895693793827683,0.0009895693793828273,0.03252153819761189
AON,AMP,1,2025-07-02,2025-07-03,2025-07-16,8,signal,350.580918926438,532.7776724079366,352.59269202524064,516.2735650940247,0.0014134121780686453,0.0009468863911229418,0.01946458731937962,0.0009936081088452548,0.0009936081088452772,0.017477371101689086
CB,SCHW,1,2025-07-02,2025-07-03,2025-08-14,29,signal,279.15471762049486,90.0461000848007,273.78474949378074,96.17938075386212,0.0025236612297352416,0.003284008986874547,-0.032690238350980824,0.0010034908515432414,0.0010034908515433945,-0.03469722005406746
USB,AFL,-1,2025-07-02,2025-07-03,2025-07-23,13,signal,45.82938460940338,101.58259776366286,44.75914598097894,100.38074500904665,0.00677791168767545,0.0067881872553428165,8.806440338833543e-05,0.0009924830468730475,0.0009924830468731193,-0.0018969016903578313
BKR,MPC,1,2025-07-03,2025-07-07,2025-07-21,10,signal,38.785147169492994,171.0474429686651,38.687641974177495,171.24793948302124,0.01098993533121303,0.0033539219533575233,-0.0007442991679425492,0.000999726284102772,0.0009997262841028392,-0.0027437517361481602
VLO,OKE,-1,2025-07-03,2025-07-07,2025-07-25,14,signal,139.44757697567644,76.01604787537904,137.87675427989925,76.78259687920897,0.004726537423151811,0.004482426862116397,0.011858401357109622,0.0009978492544866866,0.0009978492544868262,0.00986270284813611
CVX,EOG,-1,2025-07-07,2025-07-08,2025-08-01,18,signal,140.1044558701597,114.80588216399426,145.21391730232918,115.38905780366856,0.00450195720361454,0.0032152069988478746,-0.02011524358796318,0.0010123027149443967,0.001012302714944535,-0.022139849017852112
MA,PGR,-1,2025-07-07,2025-07-08,2025-08-14,27,signal,560.0452631887518,237.3927753120353,574.1806374783929,234.57455039387514,0.0006798723394636267,0.002609008492942,-0.01596177893557537,0.001001243798417508,0.0010012437984175933,-0.017964266532410473
BAC,FITB,1,2025-07-08,2025-07-09,2025-07-23,10,signal,45.94326690061134,42.25460187825378,46.72458072721416,41.49371225549964,0.011798112223029318,0.010839007676984558,0.018465848429301455,0.0010005317592668977,0.0010005317592670744,0.016464784910767482
BAC,PNC,1,2025-07-08,2025-07-09,2025-07-25,12,signal,45.94326690061134,191.86487666201114,47.09441231363754,190.17040710395761,0.011348359200189896,0.0024946745482780056,0.01829520564269682,0.0010044439247165401,0.0010044439247166434,0.016286317793263637
VLO,KMI,-1,2025-07-08,2025-07-09,2025-07-25,12,signal,144.47638966675046,26.849506042061833,137.87675427989925,26.176114679220685,0.0033004064813311556,0.0194860984398514,0.009642282736645977,0.0009825737163280646,0.0009825737163281277,0.007677135303989785
V,PGR,-1,2025-07-09,2025-07-10,2025-08-06,19,signal,353.20034922986775,234.96896330048165,335.19386832543074,229.4689707133527,0.0011966904491628467,0.002457369792159373,0.009015215601858584,0.0009825475211968106,0.0009825475211968312,0.007050120559464943
PSX,KMI,-1,2025-07-10,2025-07-11,2025-07-17,4,signal,127.94513173634336,26.421210190610324,118.7972219371786,25.862342632949588,0.003441175019478777,0.02118668686727279,0.020617411334093075,0.000978404597197761,0.0009784045971978341,0.018660602139697478
TFC,KEY,-1,2025-07-11,2025-07-14,2025-07-17,3,signal,42.92843123813243,17.418555812375267,42.06153562223798,16.9927153930072,0.012200064680605128,0.027341323572070166,-7.799173353536908e-05,0.0009888663772277368,0.000988866377227881,-0.002055724487990987
TFC,HBAN,-1,2025-07-14,2025-07-15,2025-08-19,25,signal,43.00417991367335,16.499793478204438,42.53026760649342,16.03051491992985,0.010154536287671306,0.03414440243332867,-0.010221233485727902,0.0009896427408992957,0.000989642740899448,-0.012200518967526646
AMP,MS,1,2025-07-15,2025-07-16,2025-07-22,4,signal,516.2735650940247,135.39884233259733,526.6913548136081,136.79736662896923,0.001119122959420058,0.0031189623008879364,0.008304933031536434,0.0010080899272001688,0.0010080899272002955,0.0062887531771359684
PPL,EIX,-1,2025-07-15,2025-07-16,2025-08-04,13,signal,33.90510472674077,47.857806927545695,34.36218376696819,49.88454480551298,0.021039588599340554,0.005985164327681088,0.003524265016867898,0.0010106607318643818,0.0010106607318645002,0.0015029435531390162
RF,FITB,-1,2025-07-17,2025-07-18,2025-08-08,15,signal,24.259808271700162,41.47435644031176,23.636505128539916,40.127853271451414,0.022560528471750455,0.010913691151045173,0.0003523024051259316,0.000985573816173074,0.000985573816173102,-0.0016188452272202444
AEE,AWK,-1,2025-07-18,2025-07-21,2025-08-18,20,signal,95.26132843674345,138.65399190281326,97.13393380688944,140.41710526644022,0.007916198541688667,0.001771589281686424,-0.01069168660634296,0.0010087165565654797,0.001008716556565536,-0.012709119719473977
NTRS,AXP,-1,2025-07-18,2025-07-21,2025-08-14,18,signal,124.3146742848802,304.8531414336827,122.34557878907748,302.15525771828027,0.003680591652698809,0.0017795147674225596,0.0034405314323821016,0.0009940188995112755,0.000994018899511373,0.001452493633359453
TFC,KEY,1,2025-07-18,2025-07-21,2025-07-25,4,signal,42.15631282076267,17.53412597250991,43.11779298918801,17.589698808179268,0.012277427803695305,0.02751470053656422,0.011282120340719532,0.0010066869196027378,0.001006686919602965,0.00926874650151383
AXP,COF,1,2025-07-21,2025-07-22,2025-07-25,3,signal,299.9233937955862,211.51023296405137,305.99223596462497,207.8015958561797,0.002145655776931044,0.0016860217268235042,0.02027802168207789,0.0010035326820216112,0.0010035326820218287,0.01827095631803445
AXP,FITB,1,2025-07-21,2025-07-22,2025-07-28,4,signal,299.9233937955862,41.558576484556504,308.1481179624862,41.45500303710374,0.002235125613931443,0.00793587268025804,0.020214193102972258,0.0010089557579725833,0.0010089557579727028,0.01819628158702697
AXP,PNC,1,2025-07-21,2025-07-22,2025-08-14,17,signal,299.9233937955862,189.55456139383466,302.15525771828027,186.50900111711013,0.002165600810788402,0.0018497832096124754,0.0114667044907577,0.0009997519064543002,0.0009997519064544299,0.00946720067784897
ES,WEC,1,2025-07-21,2025-07-22,2025-08-18,19,signal,62.998148830512974,104.18062018912536,62.77271604413502,104.04567516245987,0.00660610837652705,0.005603185744735754,0.00026568198460251587,0.00099879335330271,0.0009987933533027976,-0.0017319047220029917
HAL,BKR,1,2025-07-21,2025-07-22,2025-08-18,19,signal,20.147239647989853,39.06942651680737,20.467413722940577,42.13257685623335,0.014812139991991834,0.017952005007722854,-0.049217574965877274,0.0010296520469292754,0.0010296520469294584,-0.05127687905973601
AIG,AFL,1,2025-07-23,2025-07-24,2025-07-31,5,signal,76.72747507766374,99.85495402750728,74.88579696761522,95.87089250008307,0.004925884530711579,0.006228304697478697,0.01672499443509274,0.0009829390216305651,0.0009829390216307046,0.014759116391831471
BKR,MPC,-1,2025-07-23,2025-07-24,2025-08-21,20,signal,43.523591695892925,171.247929877334,42.2704867284861,162.217963023774,0.01044049491698589,0.003186243053363955,-0.014709518781737787,0.0009791143348638202,0.0009791143348638954,-0.016667747451465504
AMP,MS,1,2025-07-24,2025-07-25,2025-10-08,52,signal,508.557184112749,138.7183187064673,491.63352046607014,153.08783124959044,0.0011171933013320952,0.0031135844013646546,-0.06263472471226261,0.0010129690572864415,0.0010129690572865929,-0.06466066282683565
AON,NDAQ,1,2025-07-24,2025-07-25,2025-07-28,1,signal,366.11947053380055,92.73361526328748,368.5226255560733,93.52552555270941,0.001530540693934632,0.004741531223235185,0.000927036001552882,0.001003776809426359,0.0010037768094264985,-0.0010805176172999755
AON,AMP,-1,2025-07-25,2025-07-28,2025-07-30,2,signal,368.5226255560733,512.9567153696709,353.69064147857125,515.4527563618922,0.0014041393361925289,0.0009406742416057872,0.024164882964219658,0.000990749219843024,0.0009907492198431209,0.02218338452453351
AMP,AJG,-1,2025-07-29,2025-07-30,2025-08-08,7,signal,515.4527563618922,287.28500105253846,495.5121455789878,286.80073438932993,0.0009051764970037837,0.0018568928713507825,0.018141104126225736,0.0009905632243852572,0.0009905632243854296,0.01615997767745505
AON,NDAQ,1,2025-07-29,2025-07-30,2025-08-12,9,signal,353.69064147857125,94.46492905098424,366.49132243279183,95.70168141170753,0.0015472512190926994,0.004793299514733495,0.014890662415439451,0.0010129176943053952,0.0010129176943054863,0.01286482702682857
DTE,PEG,1,2025-07-29,2025-07-30,2025-08-08,7,signal,133.13511182433254,84.92932112930396,136.07802853133992,84.42885618548675,0.0033531349467854016,0.006517492350522433,0.014133026139138857,0.0010032528403604974,0.0010032528403605442,0.012126520458417814
AXP,COF,1,2025-07-31,2025-08-01,2025-08-14,9,signal,291.0636789067583,207.66260319062536,302.15525771828027,212.24256672639987,0.002201781004063659,0.0017301240257038219,0.01751364006505433,0.0010163174828611897,0.0010163174828612886,0.01548100509933185
AWK,NEE,-1,2025-08-01,2025-08-04,2025-08-21,13,signal,140.97269531199757,68.03863468818459,141.52178490000776,73.7264443359609,0.0037193782957650494,0.006990802003319408,0.03874096658774827,0.0010208874036497946,0.001020887403649993,0.03669919178044848
EOG,FANG,1,2025-08-01,2025-08-04,2025-08-18,10,signal,112.09138449277862,140.50773133281572,114.32653551128256,136.1209115400658,0.004860278834157582,0.003240029109159671,0.02607525707014472,0.0009983760586167226,0.0009983760586168647,0.024078504952911136
V,TROW,1,2025-08-01,2025-08-04,2025-08-21,13,signal,338.5626807181092,96.90096437322919,339.9994094013456,99.31745166639358,0.002449766008908582,0.0017639621943092913,0.0002612770348797552,0.0010042201708341009,0.0010042201708341332,-0.0017471633067884789
ALL,COF,-1,2025-08-04,2025-08-05,2025-08-25,14,signal,199.03685339034033,208.28302585919465,200.9549701741475,217.50874966276766,0.0035728978686255524,0.0013858554025547327,0.006941893425669032,0.0010096096186491049,0.0010096096186492014,0.004922674188370726
EIX,ED,-1,2025-08-05,2025-08-06,2025-08-11,3,signal,52.5843313596752,100.03976777299533,51.20509856777277,100.21802610007332,0.007898034250637733,0.005845391710533573,0.012930379670426376,0.0009951620929430935,0.0009951620929431805,0.010940055484540103
AIG,AFL,1,2025-08-07,2025-08-08,2025-10-08,42,signal,75.00926216077443,99.87442080117393,82.42726720358077,110.74130544774897,0.004967302810726429,0.006280674107758137,-0.03035146949381059,0.0010524142388129523,0.0010524142388130572,-0.03245629797143659
AON,AMP,-1,2025-08-07,2025-08-08,2025-08-27,13,signal,365.01929332494603,495.5121455789878,368.27173202107326,509.44798519184457,0.0014347322527313072,0.0009611693362319793,0.009737332020760084,0.001009009007600343,0.0010090090076004794,0.007719314005559261
EIX,ED,-1,2025-08-12,2025-08-13,2025-08-22,7,signal,53.08640463025232,99.60772570852126,51.52750201842577,98.86967473978132,0.007886652371404722,0.005836967900202089,0.008978325276826439,0.000991782109723682,0.000991782109723823,0.0069947610573789345
CVX,FANG,-1,2025-08-13,2025-08-14,2025-09-08,16,signal,148.07400529355937,135.8180509611138,148.1491809774502,136.26789205940142,0.004624420279914528,0.00231970983076468,0.0016963677583355062,0.0010005108974969132,0.0010005108974970012,-0.0003046540366584082
MA,BLK,-1,2025-08-18,2025-08-19,2025-09-11,16,signal,580.5003526510104,1098.0815912519554,577.5713251354179,1081.3386505011786,0.0011701809349336876,0.0002918999160886896,-0.00046410796745300926,0.000995662876134042,0.0009956628761340473,-0.0024554337197210986
MET,FITB,-1,2025-08-19,2025-08-20,2025-08-28,6,signal,76.65237182370147,41.34856248891419,79.06360443351355,44.20734222154003,0.0077212814059089575,0.009868621580729688,0.010617735362745497,0.001023325514264773,0.001023325514264959,0.008571084334215764
MET,PNC,-1,2025-08-19,2025-08-20,2025-08-28,6,signal,76.65237182370147,187.4970154901529,79.06360443351355,200.46007944560702,0.007491866989009291,0.0022702018383576805,0.012387812873254328,0.0010236752431080046,0.0010236752431081438,0.010340462387038181
USB,AFL,1,2025-08-19,2025-08-20,2025-08-29,7,signal,44.54747147154585,104.39417915126916,46.82902262727724,104.26342114686217,0.00670556089249999,0.006715726773655365,0.017184228570319166,0.0010070133351428503,0.0010070133351429747,0.015170201900033342
TRV,CFG,-1,2025-08-20,2025-08-21,2025-08-27,4,signal,267.2143825134207,47.13626195685533,265.5580302724858,49.54403974672441,0.0027096111703551586,0.005849605028800975,0.019577198326219472,0.00100457872428602,0.0010045787242860902,0.017568040877647365
PSX,KMI,-1,2025-08-22,2025-08-25,2025-09-11,12,signal,125.66407216594466,25.680969408367233,127.72353821158758,26.231820681422086,0.003524092922185383,0.02169719726863039,0.005703842213998452,0.0010096631917824567,0.0010096631917825977,0.0036845158304333984
VLO,OKE,-1,2025-08-22,2025-08-25,2025-10-06,29,signal,141.9185372338412,71.00311236784091,158.5395727865901,69.33942830144395,0.00477801556570502,0.0045312463230312945,-0.0859183903033693,0.0010357385943485398,0.0010357385943486736,-0.08798986749206651
MA,PGR,-1,2025-08-25,2025-08-26,2025-09-05,7,signal,589.1124524880579,228.75910292058856,592.0781492116996,233.4483261749138,0.0006817418143472909,0.002616182598381662,0.01125327065439811,0.001007245841685103,0.0010072458416852336,0.009238778971027773
CB,FITB,1,2025-08-26,2025-08-27,2025-09-04,5,signal,269.6763957626556,43.44364511693421,277.33057875667805,44.39672432397371,0.002529649868612822,0.007319712376142355,0.013399491868101708,0.0010133545301452456,0.0010133545301452972,0.011372782807811167
TFC,HBAN,1,2025-08-27,2025-08-28,2025-09-23,17,signal,45.091869295747706,17.234728203739042,43.62830352094705,16.891083743186798,0.009704053999068143,0.032629665756497055,-0.0020022883308756997,0.0009872290920863985,0.000987229092086481,-0.003976746515048579
AXP,COF,-1,2025-08-28,2025-08-29,2025-10-08,27,signal,323.65441157100366,223.85424179077148,325.3542484897927,210.71774450367644,0.0020014832256582417,0.0015727332597399361,-0.023071184165497333,0.000991217113711374,0.0009912171137115295,-0.025053618392920234
AXP,FITB,-1,2025-08-28,2025-08-29,2025-10-02,23,signal,323.65441157100366,44.1257708761568,325.13645494892904,43.19586958605953,0.002081565121808809,0.007390652086566444,-0.008959616802669549,0.0009979299117858476,0.0009979299117860445,-0.010955476626241441
AXP,MET,-1,2025-08-28,2025-08-29,2025-10-01,22,signal,323.65441157100366,78.85934846202879,327.6607221789027,79.45104917102098,0.001853060208747404,0.005074209275110298,-0.0034164092769636994,0.0010051122687590843,0.0010051122687591634,-0.005426633814481947
AXP,PNC,-1,2025-08-28,2025-08-29,2025-10-02,23,signal,323.65441157100366,199.14956781224794,325.13645494892904,191.05443779105042,0.0020249549115131235,0.0017296482236611437,-0.016008458322359777,0.0009943399563160063,0.0009943399563162201,-0.017997138234992004
NTRS,AXP,1,2025-08-28,2025-08-29,2025-10-02,23,signal,127.42830963338197,323.65441157100366,128.219548738453,325.13645494892904,0.003522053099476662,0.0017028635865022988,0.0012656725938770671,0.0010026041533205043,0.001002604153320728,-0.0007395357127641651
EIX,ED,-1,2025-08-29,2025-09-02,2025-09-23,15,signal,52.584331706146486,95.18221507656874,51.565429106026144,93.21998291120886,0.008128728420577162,0.006016130117818079,-0.002532633508789477,0.0009900279959852874,0.00099002799598543,-0.004512689500760194
TROW,MS,1,2025-08-29,2025-09-02,2025-10-08,26,signal,99.49588183833576,145.19426264600287,100.78643745237657,153.08783124959044,0.002966123936818107,0.004853345029303783,-0.03346140836288685,0.0010208556842018273,0.0010208556842019748,-0.03550311973129065
C,USB,1,2025-09-02,2025-09-03,2025-09-05,2,signal,92.97067282751424,46.59833198167621,95.30515046052979,47.4820241074009,0.006793703252425802,0.007908354687224096,0.009882755443322812,0.0010115579197276657,0.0010115579197278084,0.00785963960386734
HAL,BKR,1,2025-09-04,2025-09-05,2025-10-01,18,signal,21.672228632926938,45.27898325204099,24.089930340333435,47.78702556318484,0.013060621563191729,0.015829201171009312,-0.007088199599438634,0.0010354196359417963,0.0010354196359418542,-0.009159038871322285
NTRS,FITB,1,2025-09-04,2025-09-05,2025-09-12,5,signal,126.57446916922336,44.85503163457777,126.35007676257288,43.79676518908326,0.00481249530237903,0.008716297416265124,0.009139236774875197,0.0009949590931862826,0.0009949590931864218,0.007149318588502493
NTRS,JPM,1,2025-09-04,2025-09-05,2025-09-08,1,signal,126.57446916922336,297.80103632301376,124.75468030096155,289.499141384271,0.003500253241411912,0.0018700409245444383,0.010144159456637956,0.000988998054739388,0.000988998054739443,0.008166163347159125
NTRS,PNC,1,2025-09-04,2025-09-05,2025-09-10,3,signal,126.57446916922336,201.0406476633856,125.87049396813894,194.6648465748518,0.004668420678345928,0.002035348289517568,0.010682485018140054,0.0009919615640737267,0.0009919615640738735,0.008698561889992453
NTRS,ZION,1,2025-09-04,2025-09-05,2025-09-16,7,signal,126.57446916922336,56.690451534719465,127.62248723146658,55.446211311388744,0.004875301474475658,0.006756483213046008,0.01451456395292005,0.000998471766857949,0.0009984717668581073,0.012517620419203993
AON,AMP,-1,2025-09-05,2025-09-08,2025-09-17,7,signal,368.5402138750693,485.144528968571,356.3942584702416,480.28989499497084,0.001441805679047141,0.000965908032573358,0.013811848734888874,0.0009888712050589146,0.0009888712050590486,0.01183410632477091
CB,SCHW,-1,2025-09-05,2025-09-08,2025-09-18,8,signal,273.83424124649173,91.06220695717221,268.37756744696634,90.71458869124957,0.002548354222859101,0.003316141671870502,0.013745062418219708,0.0009922761159639726,0.0009922761159640368,0.011760510186291697
NTRS,KEY,1,2025-09-05,2025-09-08,2025-09-18,8,signal,124.87949738980691,18.192183596890953,127.09394700306869,18.056631111920733,0.004998182496373037,0.020665652288347085,0.01487376486573818,0.001004261048417178,0.0010042610484173762,0.012865242768903627
TFC,KEY,1,2025-09-08,2025-09-09,2025-09-18,7,signal,44.03653098835596,18.36498624379227,43.58038208075505,18.056631111920733,0.011738119726637184,0.026306067875516256,0.003750565152812845,0.0009932846146307114,0.0009932846146308155,0.0017639959235513179
BAC,PNC,-1,2025-09-09,2025-09-10,2025-11-17,48,signal,49.29406591870781,194.6648465748518,51.50834886091551,179.07783844209467,0.010858953167478473,0.0023870899404909635,-0.06025901709729124,0.0009933679877440012,0.0009933679877440781,-0.06224575307277932
ES,WEC,1,2025-09-10,2025-09-11,2025-10-14,23,signal,61.23784640131807,105.59431455730854,68.43520888752491,111.87207017584875,0.006630626992623541,0.0056239820066742744,0.013458465048091742,0.0010414237123211063,0.0010414237123212364,0.011375617623449399
NTRS,JPM,1,2025-09-10,2025-09-11,2025-10-01,14,signal,125.016651048316,295.43745107396603,130.77414991835465,308.23032427668653,0.0035351531398915732,0.0018886865007122606,-0.0027858879957284276,0.0010221987192340996,0.0010221987192342435,-0.004830285434196771
BAC,FITB,-1,2025-09-11,2025-09-12,2025-10-03,15,signal,49.617015087494124,43.79676518908326,49.588290462073495,43.24463411537258,0.011128654772735091,0.010223972465759004,-0.0043283423039339,0.0009969641513917628,0.000996964151391789,-0.006322270606717452
ALL,JPM,1,2025-09-12,2025-09-15,2025-09-24,7,signal,196.76369618388568,301.25323253057036,203.21503125510515,308.30884722271685,0.0028211424260853922,0.0014770178764399755,0.008793233766097945,0.0010143677213609989,0.0010143677213611004,0.006764498323375845
C,USB,-1,2025-09-12,2025-09-15,2025-10-02,13,signal,97.6836230785882,47.29921659358361,97.07591271055487,46.49592527346984,0.006546017807383276,0.007620031179782137,-0.0011482116544044582,0.000994810360433254,0.00099481036043332,-0.0031378323752710323
ALL,COF,1,2025-09-15,2025-09-16,2025-09-19,3,signal,194.3884418083378,224.19147883609602,202.36196571920996,226.5635119792405,0.003554997191142577,0.0013789120888885308,0.026091035498244944,0.0010160055679124193,0.0010160055679124802,0.024059024362420044
NTRS,SCHW,-1,2025-09-15,2025-09-16,2025-10-09,17,signal,127.62248723146658,91.21038988883747,128.52418215002388,92.86600155632433,0.004899754055789124,0.004106501127985366,0.003386171487939627,0.0010054836421846383,0.0010054836421848053,0.0013752042035701836
CFG,MET,-1,2025-09-17,2025-09-18,2025-09-23,3,signal,51.048019832524915,76.57343328120623,51.205932830322475,78.69306327722651,0.009037608038234616,0.007034899700286231,0.014492439955908895,0.0010082113104250782,0.0010082113104252007,0.012476017335058615
CVX,EOG,-1,2025-09-17,2025-09-18,2025-10-14,18,signal,153.88612881556,116.02661532988587,144.20262100277816,103.92355328909946,0.004223230384169231,0.0030161459282700264,0.005352234099878589,0.0009611509735156378,0.0009611509735156671,0.003429932152847284
MA,PGR,-1,2025-09-17,2025-09-18,2025-09-25,5,signal,592.0923125569818,228.69332483914604,561.7816886977263,226.29676905478559,0.0006804757823533211,0.002611324203602416,0.015354120176952965,0.0009866588176926465,0.0009866588176928013,0.013380802541567517
MET,FITB,1,2025-09-17,2025-09-18,2025-09-24,4,signal,76.57343328120623,44.57468745939458,78.100298041856,43.622585182161515,0.007488680519143026,0.00957133282642027,0.02154832936042496,0.0010012391917906878,0.0010012391917908615,0.01954585097684341
MET,PNC,1,2025-09-17,2025-09-18,2025-09-24,4,signal,76.57343328120623,197.32484804410157,78.100298041856,197.59010762644866,0.007333588998908155,0.0022222400973622397,0.011613885746886782,0.001005957615466331,0.0010059576154664432,0.009601970515954008
MET,RF,1,2025-09-18,2025-09-19,2025-09-24,3,signal,76.7679722203827,26.32207044905262,78.100298041856,25.713736404645886,0.0068957834835501955,0.017880576559033856,0.02106398325912956,0.00099918941022517,0.000999189410225309,0.01906560443867908
PGR,BLK,1,2025-09-18,2025-09-19,2025-10-01,8,signal,226.68288135369522,1114.3856827908994,230.7266184213436,1130.419387257111,0.003386531636961088,0.00020872355005710087,0.011356422346215532,0.001008790551826136,0.0010087905518262438,0.009338841242563152
EOG,FANG,1,2025-09-19,2025-09-22,2025-11-05,32,signal,111.83999667715705,134.90151389591728,102.45416671460517,135.99389427118226,0.0049564063460465005,0.00330411101625568,-0.04915074678198004,0.0009785864391800303,0.0009785864391801287,-0.051107919660340194
AWK,NEE,1,2025-09-22,2025-09-23,2025-10-23,22,signal,131.37343185395974,70.05076158587684,140.33926330548246,81.58720990216209,0.0038017264202454513,0.007145580406538749,-0.04729073323892871,0.001058247502244538,0.0010582475022446716,-0.04940722824341792
AEE,AWK,-1,2025-09-23,2025-09-24,2025-10-24,22,signal,98.216751358421,132.86354220908052,101.8950612831499,139.60957639498267,0.007813418904934675,0.0017485879254306275,-0.015924146050516508,0.0010199963315583377,0.0010199963315584313,-0.01796413871363328
AJG,ICE,-1,2025-09-23,2025-09-24,2025-10-17,17,signal,298.8132482929183,165.41077240952882,277.49557687297806,151.67308136722994,0.001786754399517291,0.002817591225873628,0.00034381304500784304,0.0009615675925097077,0.0009615675925099606,-0.0015793221400118252
MA,BLK,1,2025-09-23,2025-09-24,2025-10-22,20,signal,568.0260207061764,1109.2284143835525,567.9785511959813,1106.419982105502,0.0011840261153637848,0.00029535357601864494,0.0017730051985289732,0.0009997298219551188,0.0009997298219552146,-0.0002264544453813601
KMI,SLB,-1,2025-09-25,2025-09-26,2025-10-13,11,signal,27.07739087838543,33.947444150867476,26.06570134557782,31.29878293970405,0.02969405603930875,0.0057635560782540885,0.015752504320526155,0.0009770460617917385,0.000977046061791844,0.013798412196942571
NTRS,COF,-1,2025-09-25,2025-09-26,2025-10-13,11,signal,129.41365735302315,220.21890425550413,123.05715261724689,202.00756040024905,0.004648122374040477,0.0018089621037113283,-0.002429166168867701,0.0009686528398889728,0.0009686528398890587,-0.004366471848645733
NTRS,FITB,-1,2025-09-26,2025-09-29,2025-10-13,10,signal,131.14608975523726,44.09674330176579,123.05715261724689,41.07947842155956,0.00473846197855536,0.008582209707370577,0.013402090779059458,0.0009677696483819346,0.000967769648381985,0.011466551482295537
NTRS,KEY,-1,2025-09-26,2025-09-29,2025-10-13,10,signal,131.14608975523726,18.210384935768534,123.05715261724689,16.771369184981292,0.00484338119127525,0.020025605641940194,0.011326513893149766,0.0009658698394051415,0.0009658698394052361,0.009394774214339388
NTRS,PNC,-1,2025-09-26,2025-09-29,2025-10-23,18,signal,131.14608975523726,197.52228377048272,123.59602223072288,177.8083181951711,0.0046022535155778735,0.002006500584728053,-0.003846015181746973,0.0009627434648778842,0.0009627434648779715,-0.005771502111502828
OXY,KMI,1,2025-09-26,2025-09-29,2025-11-07,29,signal,47.331669130893765,27.192698285962287,39.60126438434148,25.4073497266357,0.005081519571235184,0.027920127145631423,0.011520134358237108,0.0009551785957437244,0.0009551785957438937,0.009609777166749489
USB,AFL,1,2025-09-26,2025-09-29,2025-10-17,14,signal,47.54937135484957,109.11311475816565,44.970673384154246,104.94943002984049,0.0063751599502789354,0.006384824931246229,0.011123079791700463,0.00097829375908315,0.000978293759083241,0.009166492273534072
KMI,XOM,-1,2025-09-29,2025-09-30,2025-10-10,8,signal,27.173480807433723,110.21243435034006,26.450436751686787,109.04350031642832,0.022839527963663953,0.0034410780191846623,0.013481205961509164,0.0009896142412865725,0.0009896142412866647,0.011501977478935927
NTRS,ZION,-1,2025-09-29,2025-09-30,2025-10-13,9,signal,131.1656582733442,55.339412103188565,123.05715261724689,51.821566012129935,0.004810337977409971,0.006666452928830141,0.01652174208027443,0.0009686447596173913,0.0009686447596175655,0.014584452561039471
PPL,EIX,-1,2025-09-29,2025-09-30,2025-10-02,2,signal,35.89915830213246,52.305062644869196,35.276071146011354,52.15805672355919,0.019689309376533633,0.005601048307608042,0.012438018673404007,0.0009932501547527434,0.0009932501547528002,0.010451518363898463
RF,FITB,1,2025-09-29,2025-09-30,2025-11-04,25,signal,25.59834222687266,43.82006181015359,23.13268285473963,40.32979523378219,0.021370180025577543,0.010337858216992908,-0.015654047536747838,0.0009556561214507338,0.0009556561214508255,-0.017565359779649396
ALL,COF,-1,2025-09-30,2025-10-01,2025-11-07,27,signal,208.8530622061843,210.15027279267647,195.63496961217615,212.70585233990442,0.0034431718997374474,0.0013355373018292878,0.049903980253605686,0.0009787434526742638,0.0009787434526743835,0.04794649334825704
AMP,AJG,1,2025-09-30,2025-10-01,2025-10-10,7,signal,483.525241975522,304.1379096291733,486.5240112798735,300.9119028419849,0.0009029273144712391,0.0018522788639998699,0.009681439795312973,0.0009983048935869223,0.000998304893587017,0.007684830008139035
MET,PNC,-1,2025-09-30,2025-10-01,2025-10-24,17,signal,79.45104917102098,193.3571951899912,76.44697528803708,179.22430744472675,0.00724359319801023,0.0021949693739307286,-0.008287435264247273,0.0009735313567067064,0.0009735313567067652,-0.010234497977660743
AON,NDAQ,-1,2025-10-01,2025-10-02,2025-10-10,6,signal,355.54074954129277,85.74179161962424,360.6653881155949,90.16429587633543,0.001609763571924979,0.004986959359236007,0.014820475733079569,0.0010150832350057483,0.0010150832350057878,0.012790309263068034
CB,SCHW,-1,2025-10-01,2025-10-02,2025-10-16,10,signal,276.79575722359186,91.36844096032063,269.11127347016003,93.52720580499006,0.0025267109851582893,0.003287977595695355,0.027508087853453815,0.0009936478947393341,0.0009936478947394586,0.02552079206397502
CVX,FANG,1,2025-10-02,2025-10-03,2025-10-20,11,signal,147.83153060884987,140.13282816887207,147.53951674578212,136.67777848453173,0.004585336724030611,0.0023001046687514126,0.007603530460038284,0.0009955364405695847,0.000995536440569607,0.005612457578899093
NTRS,BAC,-1,2025-10-02,2025-10-03,2025-10-14,7,signal,130.58817531195257,49.588290462073495,123.8115635922951,47.806534115455214,0.004376574114849723,0.008639123339344783,0.01524293701740464,0.0009774064178601838,0.0009774064178602433,0.013288124181684213
TRV,HBAN,-1,2025-10-02,2025-10-03,2025-10-16,9,signal,275.52899147506383,16.657564123368534,248.9219037858688,15.70778099430804,0.002475184263128859,0.01908037980369817,0.04869306191565979,0.0009578400132937582,0.0009578400132938486,0.046777381889072184
CB,FITB,-1,2025-10-03,2025-10-06,2025-10-16,8,signal,282.2829111774314,43.014550079292746,269.11127347016003,41.684163254527554,0.0024580447335901664,0.007112518092251956,0.0238929666628628,0.0009788923245828106,0.0009788923245829231,0.02193518201369707
CB,KEY,-1,2025-10-03,2025-10-06,2025-10-17,9,signal,282.2829111774314,18.018192196035614,265.6708867610563,16.37776574889596,0.00248118027552093,0.016616787092097622,0.014924375269780618,0.0009655649637643666,0.0009655649637645316,0.012993245342251719
CB,PNC,-1,2025-10-03,2025-10-06,2025-10-17,9,signal,282.2829111774314,193.64777542519295,265.6708867610563,175.72828415834746,0.0023975999100929323,0.0016680872102892714,0.0109026795044424,0.0009649654543950924,0.0009649654543952514,0.008972748595652055
PSX,KMI,1,2025-10-03,2025-10-06,2025-10-15,7,signal,129.31718086421824,27.471347853976983,128.06184677825235,26.4215784148852,0.0033503840807896177,0.020627703619543553,0.018435489083222484,0.0009870075624754397,0.000987007562475494,0.01646147395827155
TRV,CFG,-1,2025-10-03,2025-10-06,2025-10-10,4,signal,280.5792857728206,52.6434267788805,271.8431783596023,50.51434680355856,0.0025360669742355573,0.0054749516418327706,0.011481628552439742,0.000982884964884555,0.0009828849648846642,0.009515858622670521
DTE,PEG,-1,2025-10-06,2025-10-07,2025-10-21,10,signal,138.8087522516448,78.92573880290598,140.22622118296428,82.11321729750982,0.003422201316697709,0.006651736735173089,0.01736445938989555,0.0010130556379046407,0.0010130556379046934,0.015338348114086214
MET,FITB,-1,2025-10-06,2025-10-07,2025-10-21,10,signal,80.44222541561606,43.1219357760061,76.63178793019512,40.669850273238666,0.007376298077885119,0.00942769607407446,0.005963701440354022,0.0009742956084774858,0.0009742956084776404,0.004015110223398896
MET,RF,-1,2025-10-06,2025-10-07,2025-10-27,14,signal,80.44222541561606,24.992521632160802,77.14732941673861,23.689864646258744,0.006884444583044321,0.017851175102466345,0.0004065482385005731,0.0009769772811229628,0.0009769772811230309,-0.0015474063237454205
PGR,BLK,1,2025-10-06,2025-10-07,2025-11-10,24,signal,226.26738599959646,1154.0183905554786,201.86442797024506,1065.4546292920422,0.0033634247986017787,0.0002072993964244248,-0.06276827334345453,0.000950026596717139,0.0009500265967172716,-0.06466832653688893
PPL,EIX,-1,2025-10-06,2025-10-07,2025-10-17,8,signal,36.21864353518085,52.43353310160443,36.283948642730714,54.52600169465279,0.01955219375181204,0.005562042813656649,0.011367793747735723,0.0010062519627666651,0.0010062519627667967,0.009355289822202262
TFC,HBAN,-1,2025-10-06,2025-10-07,2025-11-26,36,signal,43.75290138045331,16.365669301812936,44.85812276530899,15.678619839411745,0.010123866828233954,0.03404127705805053,-0.03358320624760566,0.0009939489705731866,0.0009939489705733532,-0.0355711041887522
V,PGR,-1,2025-10-06,2025-10-07,2025-11-10,24,signal,347.1089080410428,226.26738599959646,334.14596379317965,201.86442797024506,0.0012320065617807262,0.002529890424695871,-0.04480517015613146,0.0009612073232147161,0.0009612073232148739,-0.046727584802561055
EIX,ED,1,2025-10-08,2025-10-09,2025-10-15,4,signal,51.85586093115783,97.96997545308265,54.34325374163367,98.465038250103,0.008040233413054244,0.005950634328994892,0.01806467493048372,0.0010113938192625152,0.0010113938192625907,0.016041887291958615
CFG,MET,1,2025-10-10,2025-10-13,2025-10-21,6,signal,48.68059819926988,78.45013818228362,48.69016325022547,76.63178793019512,0.009111399132322414,0.007092338896972554,0.013977049436531374,0.000993542218346855,0.0009935422183470896,0.01198996499983743
BKR,MPC,1,2025-10-14,2025-10-15,2025-11-10,18,signal,44.61501843426947,181.52564905758217,47.79798628258474,190.24895082503372,0.00999813480568513,0.0030512430516471535,0.006235995455072637,0.0010291677308129409,0.001029167730812992,0.0041776599934467045
HAL,BKR,-1,2025-10-14,2025-10-15,2025-11-11,19,signal,22.444095222648794,44.61501843426947,27.232480510169744,48.38137274982327,0.013071763375756384,0.015842704815659168,-0.0018620628345657614,0.0010613369433584386,0.0010613369433584892,-0.003984736721282689
AMP,MS,1,2025-10-15,2025-10-16,2025-11-24,27,signal,476.1099015604984,159.39507257641512,443.2486188067472,158.79357355894723,0.0010865744451351129,0.003028250562602035,-0.032903495351996874,0.0009812449845366855,0.0009812449845367965,-0.03486598532107036
AXP,PNC,-1,2025-10-15,2025-10-16,2025-11-17,22,signal,328.18242499162216,179.1494835807662,353.51975969581144,179.07783844209467,0.002077733950707291,0.001774730299745751,-0.05174532794209644,0.001026063391661566,0.0010260633916615958,-0.0537974547254196
BAC,FITB,-1,2025-10-15,2025-10-16,2025-11-17,22,signal,51.47643160112784,41.72586827028996,51.50834886091551,41.518358990751,0.011133765793992943,0.010228667996501876,-0.0014788601969299982,0.000999042624929264,0.0009990426249293057,-0.003476945446788568
BLK,AJG,-1,2025-10-15,2025-10-16,2025-11-17,22,signal,1178.2188679576993,284.07155161193566,1031.9631739572537,256.2653241820844,0.0003419311346469712,0.0021023830474323794,-0.007504105068972131,0.0009458606944438256,0.000945860694443864,-0.009395826457859819
MA,PGR,-1,2025-10-15,2025-10-16,2025-11-10,17,signal,559.7729390147388,211.22988695204972,549.859165890001,201.86442797024506,0.000729798061041087,0.0028005983312852033,-0.01801048159091628,0.0009833548012110295,0.0009833548012112034,-0.019977191193338514
CB,SCHW,1,2025-10-16,2025-10-17,2025-10-23,4,signal,265.6708867610563,93.47787762206644,275.1614627213868,93.66030647335924,0.002582374058634362,0.0033604112612676783,0.024907933767485745,0.001012752572293839,0.001012752572294035,0.022882428622897872
NTRS,BAC,1,2025-10-16,2025-10-17,2025-11-10,16,signal,122.46930642908211,49.861678129214205,127.33864864313487,52.321426962901825,0.004527311831909364,0.008936671534667467,0.0010851311847838961,0.001022067949934726,0.0010220679499348855,-0.0009590047150857153
NTRS,SCHW,1,2025-10-16,2025-10-17,2025-11-03,11,signal,122.46930642908211,93.47787762206644,125.6257928536918,93.739334504736,0.004980292175861891,0.004174000410022568,0.015637422818591675,0.0010085193103596514,0.0010085193103598214,0.013620384197872204
NTRS,ZION,-1,2025-10-16,2025-10-17,2025-10-23,4,signal,122.34689832670423,47.611308550598416,123.59602223072288,50.56070198241944,0.005309047196185478,0.007357593873136646,0.01608280148182672,0.001014020198709353,0.001014020198709528,0.01405476108440784
AXP,COF,-1,2025-10-17,2025-10-20,2025-11-18,21,signal,344.41212247400097,209.3818314026434,334.2966202833785,197.38165837365335,0.001964516665212216,0.0015436855323513986,0.0023282044970683834,0.000980625357165271,0.0009806253571653933,0.000366953782737719
AXP,FITB,-1,2025-10-17,2025-10-20,2025-11-17,20,signal,344.41212247400097,40.261460872440914,353.51975969581144,41.518358990751,0.002051440449020582,0.007283693638105329,-0.00851520426884328,0.0010137102949024624,0.001013710294902508,-0.01054262485864825
AXP,MET,-1,2025-10-17,2025-10-20,2025-11-17,20,signal,344.41212247400097,76.44696966032645,353.51975969581144,76.96130104060602,0.0018056620619632633,0.004944419581877556,-0.012892876090966142,0.0010093687663531071,0.0010093687663531312,-0.014911613623672382
NTRS,AXP,1,2025-10-17,2025-10-20,2025-11-17,20,signal,123.41965271205339,344.41212247400097,124.69595726539164,353.51975969581144,0.0034487546951732537,0.0016674248295864692,-0.00977492215317431,0.0010097169685421192,0.001009716968542188,-0.011794356090258617
TFC,KEY,-1,2025-10-17,2025-10-20,2025-11-10,15,signal,41.31845416368598,16.403760024733458,43.057938579572586,17.44337715239232,0.012806902387404553,0.028701295550228004,0.008586981924747335,0.0010260306034024593,0.001026030603402491,0.006534920717942385
TRV,CFG,1,2025-10-17,2025-10-20,2025-10-31,9,signal,260.55004897408753,48.001243468891914,264.1487425776568,49.21880881037395,0.0027465097475455375,0.005929262990448716,0.0036733496629831565,0.001008767720052938,0.001008767720053001,0.0016558142228772174
CVX,EOG,-1,2025-10-20,2025-10-21,2025-11-06,12,signal,148.79924588926323,104.25521755009161,147.18661702625354,102.95151490677091,0.0044784117913359445,0.003198391340474197,0.004046403280465466,0.0009941384102644573,0.000994138410264609,0.0020581264599363993
AMP,AJG,-1,2025-10-21,2025-10-22,2025-11-18,19,signal,472.8819962675674,276.40782589607534,432.0300270604894,256.39379023444786,0.0009616656849860548,0.001972775653128572,0.0007633953158048268,0.0009606606393566011,0.0009606606393567009,-0.0011579259629084754
AON,NDAQ,1,2025-10-21,2025-10-22,2025-11-03,8,signal,341.80874864922686,88.86215068769336,337.58818401144487,84.3297055497429,0.0016205729313558542,0.005020446162591042,0.016900424552434287,0.0009852605594836878,0.0009852605594838065,0.014929903433466793
NTRS,JPM,-1,2025-10-21,2025-10-22,2025-10-27,3,signal,121.85750134423387,293.7476556350524,124.39942050607284,297.7804477625956,0.003587092806967152,0.001916435722365539,-0.0003810271318984808,0.0010084859153277911,0.001008485915327965,-0.002397998962554237
KMI,SLB,1,2025-10-23,2025-10-24,2025-11-11,12,signal,25.46936396390061,35.22088303150404,26.373134857793012,36.330407799545995,0.030963244074942966,0.0060099029029365555,0.022333162361847646,0.0010176197107631471,0.0010176197107633045,0.020297922940321195
KMI,XOM,1,2025-10-23,2025-10-24,2025-11-11,12,signal,25.46936396390061,113.01630794636667,26.373134857793012,115.54074479949253,0.0235335313071741,0.003545638833856172,0.01333339153473156,0.001015212248862692,0.001015212248862831,0.011302967037006036
PSX,KMI,-1,2025-10-23,2025-10-24,2025-11-11,12,signal,132.83795420653848,25.46936396390061,135.65283068605663,26.373134857793012,0.003452606283163708,0.021257067072527957,0.010507367139772877,0.0010145088496176077,0.0010145088496177463,0.008478349440537523
VLO,KMI,-1,2025-10-23,2025-10-24,2025-11-21,20,signal,170.51758497011056,25.46936396390061,168.01807304933828,26.042740495793165,0.0031162092820954594,0.018398570349916238,0.019339664060958123,0.001001353353723111,0.0010013533537232206,0.017336957353511793
VLO,OKE,-1,2025-10-23,2025-10-24,2025-11-21,20,signal,170.51758497011056,66.5808390814298,168.01807304933828,67.60092871694044,0.004278743310870583,0.004057759885450745,0.01583054496010742,0.0009964962461225914,0.0009964962461227306,0.013837552467862098
TROW,MS,1,2025-10-24,2025-10-27,2025-11-18,16,signal,99.83221058815242,161.22269145436115,91.67064814112788,156.14585150392526,0.002749395917235031,0.0044987219997338354,0.0013770604603900415,0.0009771353563444462,0.0009771353563446331,-0.0005772102522990379
AON,AMP,1,2025-10-27,2025-10-28,2025-10-31,3,signal,333.73444574322633,476.83748637157225,334.6142958752049,452.86674432211555,0.0015309834544897003,0.0010256508473498386,0.02692104601800205,0.0009883981288826033,0.000988398128882775,0.02494424976023667
ALL,JPM,1,2025-10-28,2025-10-29,2025-11-10,8,signal,186.29095587803496,299.11088550170075,196.81215552149678,310.74492860597394,0.00291650090737357,0.0015269431053934969,0.013944837738428598,0.0010242713375344377,0.0010242713375345467,0.011896295063359612
ES,WEC,-1,2025-10-30,2025-10-31,2025-12-04,23,signal,71.05469799333001,108.50546866358386,63.63681943794803,104.00941418253619,0.006132084112333218,0.0052011266430069284,0.023068140520578824,0.0009656340336913871,0.0009656340336915521,0.021136872453195885
NTRS,JPM,1,2025-10-30,2025-10-31,2025-11-14,10,signal,124.33083033167014,304.0679727886123,125.35174339710827,303.35609131454567,0.003486738951960603,0.0018628207971430582,0.005886816505895964,0.00100105153907521,0.0010010515390753403,0.0038847134277454134
AJG,ICE,1,2025-11-03,2025-11-04,2025-12-16,29,signal,241.7777474656436,144.47262333377282,253.75649510338965,159.9326752969791,0.00212949694746378,0.003358073116439278,-0.02536855773614373,0.0010387206112344605,0.0010387206112346314,-0.02744599895861282
DTE,PEG,1,2025-11-03,2025-11-04,2025-11-21,13,signal,131.53957098838575,78.00610347793337,133.23145461038206,78.50979149703451,0.003531444577233441,0.006864072989510344,0.003522123160530455,0.001004681245373667,0.0010046812453738002,0.001512760669782988
TRV,HBAN,-1,2025-11-04,2025-11-05,2025-12-02,18,signal,273.6487175667335,14.8964571491867,286.1813403151778,16.14519056527646,0.0025736044287249012,0.019839068426557107,-0.006451998088911819,0.0010283076316896416,0.0010283076316897374,-0.008508613352291198
AIG,AFL,1,2025-11-05,2025-11-06,2025-12-01,16,signal,74.88369862617962,109.01521068359767,74.20404935735301,108.6690313717296,0.004700254818196635,0.005943017742499143,-0.00013994913365987603,0.0009972258243081244,0.000997225824308203,-0.0021344007822762037
EIX,ED,-1,2025-11-05,2025-11-06,2025-11-19,9,signal,54.612566166583484,93.90396236340243,56.41948212281826,99.60531240883239,0.008057748334260071,0.0059635972476121315,0.020465226358693384,0.0010243449565926644,0.0010243449565928548,0.018416536445507867
PPL,EIX,1,2025-11-05,2025-11-06,2025-12-01,16,signal,35.3923614514032,54.612566166583484,35.45380504130078,56.66018251945259,0.019639355803968132,0.005586837937517031,-0.009226472562001778,0.0010065156358158183,0.001006515635816021,-0.011239503833633617
CFG,MET,-1,2025-11-06,2025-11-07,2025-11-14,5,signal,49.47312934943097,73.86388850570616,50.38508618156763,77.21578745290786,0.009348852009471368,0.007277172889243541,0.01688309920462842,0.0010165005212401674,0.0010165005212402645,0.014850098162147987
MET,FITB,1,2025-11-06,2025-11-07,2025-11-13,4,signal,73.86388850570616,41.35256078293384,78.25329335669848,42.038274696617314,0.007892261153462986,0.01008715194348633,0.028746298418477062,0.0010208694632562326,0.0010208694632563165,0.026704559491964514
AEE,AWK,-1,2025-11-07,2025-11-10,2025-11-20,8,signal,101.10318136829817,126.32847340998029,100.76656845404972,124.6625174416666,0.00772731545940651,0.0017293185829033203,0.0007171230526899983,0.0009969774908856568,0.000996977490885675,-0.0012768319290813335
MET,PNC,1,2025-11-07,2025-11-10,2025-11-13,3,signal,74.93182744369001,179.9469761373894,78.25329335669848,182.4046132403241,0.007725015279037395,0.0023408509405652123,0.02092120226187729,0.0010157894590576073,0.0010157894590577207,0.01888962334376196
MET,RF,1,2025-11-07,2025-11-10,2025-11-14,4,signal,74.93182744369001,24.016487204006772,77.21578745290786,23.905889515817393,0.0072886497963456365,0.01889926808265282,0.01974452921415034,0.0010073291996903488,0.0010073291996905034,0.017729870814769486
V,TROW,1,2025-11-10,2025-11-11,2025-11-26,11,signal,333.00455813484945,98.08968671020885,332.3668834753008,96.1252165561735,0.0024782946121169208,0.001784504310304435,0.0029230424104597164,0.0009977826261620532,0.0009977826261621636,0.0009274771581354996
CB,FITB,-1,2025-11-11,2025-11-12,2025-12-02,13,signal,289.780755449246,42.07732273644058,290.82415760590294,42.747232096121316,0.0024294343993453544,0.007029732161971352,0.0031778247987940805,0.0010034185191742989,0.0010034185191744299,0.0011709877604453517
CB,PNC,-1,2025-11-11,2025-11-12,2025-12-02,13,signal,289.780755449246,181.0751750238344,290.82415760590294,187.97412058328808,0.002404756198596095,0.0016730660698875783,0.010040094998798281,0.001006831069124071,0.0010068310691242017,0.00802643286055001
TRV,CFG,-1,2025-11-11,2025-11-12,2025-12-03,14,signal,281.55385869571245,51.325950023563145,285.3535624690492,53.70277709851562,0.002548136728772789,0.005501008257486643,0.004403942482048798,0.0010111618594134076,0.0010111618594134506,0.0023816187632219395
CB,KEY,-1,2025-11-12,2025-11-13,2025-12-02,12,signal,292.15787026804287,17.0476111617706,290.82415760590294,17.987011463264647,0.0024605267806469696,0.016478467950028726,0.01976739832429357,0.0010058848409933386,0.0010058848409934392,0.01775562864230679
NTRS,KEY,-1,2025-11-12,2025-11-13,2025-11-17,2,signal,128.72851532087196,17.0476111617706,124.82071560182523,16.86737167487106,0.005018989117558594,0.020751680039240154,0.016861113167760584,0.000988181066842589,0.0009881810668426307,0.014884751034075366
NTRS,ZION,-1,2025-11-12,2025-11-13,2025-11-17,2,signal,128.72851532087196,50.814244621483276,124.82071560182523,49.706907884050224,0.00502060642755405,0.0069578554730767945,0.012901029908006057,0.0009861945000536666,0.0009861945000537234,0.010928640907898668
TFC,KEY,-1,2025-11-12,2025-11-13,2025-12-02,12,signal,43.60913315577699,17.0476111617706,45.372502312598684,17.987011463264647,0.012222410760079728,0.0273914029286537,0.005202480095598854,0.0010236100824068707,0.0010236100824069412,0.0031552599307850425
AON,AMP,-1,2025-11-17,2025-11-18,2025-12-03,10,signal,350.32903839194915,432.0300270604894,343.9692020856532,453.12715787840784,0.0015630146455804807,0.0010471094844027346,0.033037558723654284,0.0010060356602915803,0.0010060356602916787,0.031025487403071025
CB,SCHW,-1,2025-11-17,2025-11-18,2025-12-05,12,signal,292.950251311911,90.74617073752084,291.29017663571375,93.72350631614715,0.002432352330863843,0.0031651898518249705,0.014464202541294009,0.0010024836742921208,0.0010024836742921323,0.012459235192709755
NTRS,FITB,1,2025-11-17,2025-11-18,2025-11-20,2,signal,119.81416741719437,40.04566555939241,125.20491251922057,40.94484839268047,0.0051996537025434985,0.00941751114241062,0.020580320239623313,0.001018376861959189,0.0010183768619592551,0.01854356651570487
NTRS,KEY,1,2025-11-17,2025-11-18,2025-11-20,2,signal,119.81416741719437,16.368166175752517,125.20491251922057,16.816980502079705,0.005334342962336683,0.022055552578649527,0.019876706469600536,0.0010194712452165835,0.001019471245216692,0.01783776397916726
CVX,FANG,1,2025-11-19,2025-11-20,2025-12-19,20,signal,148.4703139017095,146.82735299420722,143.8685679931932,144.52484396445277,0.0045027854322597744,0.002258695144644172,-0.014532804581357965,0.0009872038924644215,0.000987203892464563,-0.01650721236628695
EOG,FANG,1,2025-11-19,2025-11-20,2025-12-24,23,signal,104.98734383375906,146.82735299420722,101.31318120548916,145.5478862906634,0.004929410674535072,0.003286114772726681,-0.012918125971933703,0.0009888560721105187,0.0009888560721105929,-0.014895838116154815
MET,PNC,1,2025-11-19,2025-11-20,2025-12-16,17,signal,73.97166294919455,180.26921307873207,81.50282811223207,207.4974563948844,0.0077768001561330825,0.002356542906713867,-0.0045347169464785494,0.001061440286705346,0.0010614402867054262,-0.006657597519889321
ALL,JPM,-1,2025-11-21,2025-11-24,2025-12-04,7,signal,210.86315339880352,294.2113294881049,206.09386962495148,308.7196153495222,0.002740274730855252,0.0014346793435190569,0.03488768925001772,0.0010038034050080505,0.001003803405008112,0.032880082440001554
CFG,MET,-1,2025-11-21,2025-11-24,2025-12-16,15,signal,51.04945733270012,73.33481305275444,57.39254720012835,81.50282811223207,0.009248085062087349,0.007198735611929503,0.0011967045980456267,0.0010587583610481696,0.0010587583610483543,-0.0009208121240508972
HAL,BKR,1,2025-11-21,2025-11-24,2025-12-31,25,end_of_period,25.25157896273782,48.36159255982707,27.861306518554688,45.0744325389862,0.011921576555461158,0.01444870235761326,0.07959889281150492,0.000991629222962041,0.0009916292229621556,0.07761563436558072
MET,RF,1,2025-11-21,2025-11-24,2025-12-16,15,signal,73.33481305275444,23.90120719602555,81.50282811223207,26.713103519187875,0.007390745998800403,0.0191640007223498,0.007537712517153787,0.0010571710664336541,0.001057171066433831,0.005423370384286301
BKR,MPC,-1,2025-11-24,2025-11-25,2025-12-09,9,signal,48.60879197128778,186.7266101651391,46.76695253617383,187.44894756298888,0.009470586082485922,0.0028902450847912136,0.020523397797465332,0.0009923667634052806,0.0009923667634053653,0.018538664270654686
NTRS,SCHW,-1,2025-11-24,2025-11-25,2025-12-29,22,signal,126.51646725912144,89.44838825607438,138.0731933024699,100.66121751729993,0.004962550077542888,0.004159130694944987,-0.009663346712200593,0.0010518626528196588,0.0010518626528197737,-0.011767072017840025
BAC,PNC,1,2025-11-25,2025-11-26,2025-12-01,2,signal,51.625892608068376,187.82761648937088,52.357206322004295,186.09962654098575,0.010763068271885287,0.002366011861767776,0.012961574129223613,0.0010019499830706317,0.0010019499830707921,0.010957674163082189
TROW,MS,1,2025-11-28,2025-12-01,2025-12-19,14,signal,96.42937675589639,166.18653685375918,99.3110151790468,170.73286590914992,0.0027141363824433576,0.004441028291863926,-0.011355451753150947,0.001013764520643075,0.0010137645206432257,-0.013382980794437246
PPL,EIX,1,2025-12-03,2025-12-04,2025-12-26,15,signal,33.65763189988532,55.16080652127351,34.12226769825716,57.94069528654235,0.020267391238742324,0.0057654961495339704,-0.005597579854328877,0.0010129026088338171,0.0010129026088338859,-0.00762338507199658
KMI,XOM,-1,2025-12-04,2025-12-05,2025-12-24,13,signal,27.082508064039565,114.51121175689916,26.525973127386855,116.92475769297683,0.022552964983788518,0.0033979035029367693,0.02175022821205942,0.0009977190827787754,0.0009977190827788662,0.01975479004650178
MA,BLK,1,2025-12-04,2025-12-05,2025-12-31,17,end_of_period,539.335432048727,1050.7000683555905,567.809520111084,1053.572299255371,0.0012479835677419032,0.0003113076686081615,0.035659442834143816,0.0010183963310013322,0.0010183963310014007,0.03362265017214108
VLO,KMI,1,2025-12-04,2025-12-05,2025-12-31,17,end_of_period,172.48421947983223,27.082508064039565,160.33518231964112,26.73997158050537,0.0030086296926711436,0.017763404202504145,-0.02948864690072655,0.0009786930256672063,0.0009786930256672982,-0.031446032952061054
AEE,AWK,1,2025-12-05,2025-12-08,2025-12-29,14,signal,97.38108167736956,126.44467904941811,97.76885837111448,128.2865102183221,0.007958995464434258,0.0017811669305068739,0.0008091625085024012,0.0010034583314019311,0.0010034583314020712,-0.001197754154301601
AMP,AJG,-1,2025-12-05,2025-12-08,2025-12-23,11,signal,469.7959754184504,236.73858236024077,493.11449986004084,255.5493012760759,0.0010466410175947955,0.0021470953464526165,0.017014692462819864,0.0010324095655573687,0.0010324095655574713,0.014949873331705023
C,USB,-1,2025-12-05,2025-12-08,2025-12-31,16,end_of_period,107.52156777208724,49.96553849602975,115.01141068267822,52.340306165695196,0.00603464845980361,0.007024760820366546,-0.027485609780151552,0.0010307843210783105,0.0010307843210784306,-0.029547178422308293
CVX,EOG,1,2025-12-05,2025-12-08,2025-12-16,6,signal,145.26808764481405,108.27609085957816,144.4325266948118,102.65429593689817,0.004493114399855409,0.0032088916468243213,0.015274719028909402,0.0009892591977741414,0.0009892591977742407,0.01329620063336102
BAC,PNC,1,2025-12-09,2025-12-10,2025-12-31,14,end_of_period,52.770574941807766,197.93480404042202,54.104880590438846,204.03704138946532,0.010386657612297545,0.0022832666758242108,0.0009398848119469769,0.0010139440765017794,0.0010139440765019026,-0.0010880033410567052
NTRS,JPM,-1,2025-12-09,2025-12-10,2025-12-23,9,signal,131.26884890570918,296.4407789153845,138.41817246883014,318.91954350172585,0.0034526637458295734,0.0018446158200792818,0.01781359994521043,0.0010331254470000951,0.0010331254470001495,0.015747349051210186
NTRS,KEY,1,2025-12-09,2025-12-10,2025-12-12,2,signal,131.40018342187298,19.481884618464584,138.59493359521602,20.191261891897636,0.004718644624052389,0.019509865664910492,0.021133633583011333,0.0010240196665855367,0.0010240196665856766,0.019085594249840118
TFC,KEY,1,2025-12-09,2025-12-10,2025-12-31,14,end_of_period,46.53714454394328,19.481884618464584,47.71228457260132,20.055226764678952,0.011086942203568331,0.024846726812399727,-0.00020331325960906178,0.0010136528385829577,0.0010136528385830987,-0.002230618936775118
AON,AMP,1,2025-12-10,2025-12-11,2025-12-31,13,end_of_period,341.2213597049575,491.57240377757046,350.97551698303226,485.8418290557861,0.0014913478231045891,0.000999097772072526,0.021276670323086066,0.0010044246629795583,0.0010044246629796873,0.01926782099712682
AON,NDAQ,1,2025-12-10,2025-12-11,2025-12-31,13,end_of_period,341.2213597049575,91.2361719004735,350.97551698303226,96.2003664894104,0.0016029831137859387,0.0049659538713705065,-0.00799602337610773,0.00102018855509392,0.001020188555094029,-0.010036400486295678
BAC,FITB,1,2025-12-10,2025-12-11,2025-12-24,9,signal,53.125070638324395,46.268055533345645,55.216489881925796,47.095359167817456,0.010457344701854342,0.009607235239127912,0.014937559716094763,0.0010149684002196207,0.0010149684002196276,0.012907622915655514
NTRS,BAC,-1,2025-12-10,2025-12-11,2025-12-31,13,end_of_period,135.6605761825042,53.125070638324395,134.63320092773438,54.104880590438846,0.004157276711403616,0.00820624198816629,0.013313464594848008,0.0010018238048562628,0.0010018238048562563,0.011309816985135489
PSX,KMI,-1,2025-12-10,2025-12-11,2025-12-31,13,end_of_period,139.0192059721731,25.776981175083936,126.45763691711426,26.713244972229006,0.0033589327804720483,0.020680336404063023,0.06254434919953754,0.0009886328384316404,0.0009886328384317157,0.06056708352267418
TRV,CFG,1,2025-12-10,2025-12-11,2025-12-16,3,signal,276.5198041711546,56.542117751511135,288.1629171363117,57.39254720012835,0.0025093610926188253,0.005417298034144357,0.025626856741765996,0.001017111850207421,0.0010171118502074292,0.023592633041351146
USB,AFL,-1,2025-12-10,2025-12-11,2025-12-31,13,end_of_period,51.800306344123854,106.09785659702573,52.392672655105585,108.52104497528077,0.0063278394823869585,0.006337432723754759,0.012618122196169779,0.001009727802660123,0.001009727802660287,0.010598666590849369
TFC,HBAN,1,2025-12-11,2025-12-12,2025-12-31,12,end_of_period,48.52674360684562,17.49628857414663,47.71228457260132,17.030065724372864,0.009314212792662984,0.031318833369916,0.008004370952830625,0.000988859963376928,0.000988859963376975,0.006026651026076722
V,TROW,-1,2025-12-12,2025-12-15,2025-12-31,11,end_of_period,345.58088124052694,100.04540323803592,348.7908854370117,98.40749008560181,0.002393743040531319,0.0017236226688725318,-0.00950496907600307,0.0010021003685885556,0.0010021003685886107,-0.011509169813180238
VLO,OKE,1,2025-12-12,2025-12-15,2025-12-31,11,end_of_period,165.92794821015627,71.11528157076425,160.33518231964112,70.83947155380248,0.004285937738716242,0.004064582744077649,-0.021861534071821228,0.00098765968655604,0.0009876596865561213,-0.02383685344493339
AWK,NEE,-1,2025-12-15,2025-12-16,2025-12-31,10,end_of_period,131.87925967545954,79.93663385054616,127.91403797149657,78.52643674468995,0.0035446411606317933,0.006662372729068187,0.005648337762411495,0.0009883084401811405,0.0009883084401813283,0.0036717208820490265
CB,SCHW,-1,2025-12-15,2025-12-16,2025-12-23,5,signal,308.4312292813883,94.41168157406739,308.8290216405806,100.47317993370741,0.0023181370917435555,0.003016562980955936,0.018372147102043098,0.001009392763883698,0.0010093927638838895,0.016353361574275513
DTE,PEG,1,2025-12-15,2025-12-16,2025-12-31,10,end_of_period,127.30423160194333,78.64029297768397,126.90150621414185,78.29968936157226,0.0035692576170430475,0.006937570239582362,0.0019235852919766419,0.000998054439332981,0.0009980544393330807,-7.252358668941982e-05
BKR,MPC,-1,2025-12-18,2025-12-19,2025-12-31,7,end_of_period,43.86261113553494,166.54073849508154,45.0744325389862,160.68322903442385,0.010561417433669744,0.0032231463354250745,-0.030681173532349768,0.0009969883173910656,0.000996988317391174,-0.032675150167132
