ticker_a,ticker_b,sector,pvalue,hedge_ratio,intercept,half_life,n_obs
ES,PCG,utilities_top50,8.321140169770968e-05,-0.8959962874476216,76.77635947500535,19.166872228632087,757
D,PCG,utilities_top50,0.00011909204631391985,-0.3706265977348419,63.40013049323874,11.397932202889105,757
CWEN,NEE,utilities_top50,0.00014761289049905726,0.4374348473698135,-7.1717542622564885,11.676400343609476,757
AEP,SRE,utilities_top50,0.00026608797906034064,0.9108058079395298,19.864216196978354,10.633456555384736,757
CMS,PCG,utilities_top50,0.001381152804767965,-0.4651637463589207,55.481539655619756,18.121470632946856,757
AEP,ETR,utilities_top50,0.002522982454309658,1.033974186217623,25.828247238990343,9.15649385480563,757
D,NJR,utilities_top50,0.0026126900669406657,-0.2783505639883482,67.78494474825443,10.83600354374808,757
DTE,PEG,utilities_top50,0.002702977074710189,1.9437011887055184,-4.380560952233067,12.367276809480702,757
D,VST,utilities_top50,0.003047101781746609,-0.3748974802126826,65.85043260582738,12.211379897928984,757
PCG,WEC,utilities_top50,0.003335973797020736,-0.28902124717974886,33.330806575613494,18.626546919055503,757
PCG,XEL,utilities_top50,0.004326301535443987,-0.3753904395764232,31.890258024253388,19.62751858568995,757
PCG,PNW,utilities_top50,0.005048344422652893,0.2795419424206464,-5.7642090964494415,23.81896427978261,757
D,SWX,utilities_top50,0.005448087232031468,-0.09393548967422231,64.49394473424069,12.805402274258933,757
NWE,SR,utilities_top50,0.005483034383596599,0.7233766963178915,7.534681911390741,15.199633997211006,757
D,UGI,utilities_top50,0.0055909117518850755,-0.21851761238310313,65.96411050305178,12.012947361912103,757
AWK,NEE,utilities_top50,0.006940431784623824,1.8795620216436688,15.655950567741609,16.911299520221796,757
D,ES,utilities_top50,0.007030090374193399,0.45475160802607095,28.93242941353449,12.247992228237116,757
D,WEC,utilities_top50,0.0072086013838548145,0.4343316441283436,27.036382883940934,9.573308078032902,757
AEP,PCG,utilities_top50,0.008150449787471216,-0.1886931592599029,71.3510744480841,22.540275647309258,757
D,SR,utilities_top50,0.009130478368925415,-0.07811526502835314,63.26724439712793,13.091926402338292,757
AEP,EIX,utilities_top50,0.010202459367177319,0.6807318291398529,37.41443124272647,19.00536656590457,757
PCG,VST,utilities_top50,0.010534080924324793,0.56296129148116,1.6963995973111774,25.72126463764335,757
SO,WTRG,utilities_top50,0.011121462507410241,1.2445003010354394,0.994318715676611,18.040399052313447,757
ATO,FE,utilities_top50,0.011130602496170457,0.8874021565900468,59.46301004476557,13.55994378590626,757
PCG,POR,utilities_top50,0.012639828576641355,0.18968469989526712,4.889217456140524,28.383553414839213,757
AEP,AWR,utilities_top50,0.013213651872053525,0.42228409110149684,38.985528627298294,22.499772908097523,757
AEP,OTTR,utilities_top50,0.013803207470897364,0.3135919361696589,56.080566518544344,23.944723162283218,757
CMS,WTRG,utilities_top50,0.014150200906068947,0.783574986575274,21.04184913102643,19.185125855697862,757
D,OGE,utilities_top50,0.014208490398692899,-0.05598574508322744,60.47473986352054,14.416037017184989,757
CNP,UGI,utilities_top50,0.014781404676086572,0.5673515819702862,2.5722662219431385,15.363294054337564,757
ES,WEC,utilities_top50,0.015211592520166956,0.8481824017790364,3.6758095949990297,21.175039205179317,757
ETR,PCG,utilities_top50,0.01657536715873883,-0.323273608016274,45.73369569945647,31.207051672994336,757
D,NRG,utilities_top50,0.017593405843532528,-0.022061656648974935,59.60058201292576,14.705305073145022,757
AEP,IDA,utilities_top50,0.017709138415887563,0.4824518289883534,29.284344133064344,29.130110965759908,757
FE,POR,utilities_top50,0.018292568148929968,0.8534615388966724,-2.2728569847505296,22.32599421046784,757
AEE,AWK,utilities_top50,0.018389112847939572,0.2237929023970672,37.82658468618716,14.696853567416698,757
D,NFG,utilities_top50,0.018468090440903067,-0.11333790244070864,63.42726589495248,13.70755510164902,757
D,PNW,utilities_top50,0.019216086365991918,0.0025302312784539244,58.74520330678711,14.915319600653973,757
AWK,CWEN,utilities_top50,0.019644287914308035,4.024604509362817,51.26022297145559,17.159160572543204,757
AEP,PPL,utilities_top50,0.0199076920772976,1.712245400171025,29.619078563039206,23.061788271560765,757
AEP,CNP,utilities_top50,0.020090936117133792,0.3708639543683621,61.31444806419119,23.927504700179888,757
D,OGS,utilities_top50,0.020137575425706235,0.008843051118959763,58.3321126441152,15.07367782622511,757
D,OTTR,utilities_top50,0.020330893580128365,0.06537140889910109,56.20066257948323,15.443468052021627,757
D,NEE,utilities_top50,0.02097001576999912,0.16606880179855077,49.50479948089531,12.772795816962624,757
AEP,AVA,utilities_top50,0.021069996372602724,0.948971997895745,39.03403463376357,23.909254451689733,757
AEP,UGI,utilities_top50,0.021182581670874334,0.08892462004604741,66.1917759606995,23.46068355081477,757
PCG,PPL,utilities_top50,0.02151224825376988,0.1056446346274149,9.689077600312071,29.775385748070654,757
PCG,TXNM,utilities_top50,0.022194984921910705,0.03050860521136678,10.935682432998135,29.710104545605123,757
D,ORA,utilities_top50,0.022288971705646032,0.07273273267723407,53.93711675828491,15.127577784041868,757
CPK,DUK,utilities_top50,0.02276172180633223,1.9098607525725735,-48.744902486600125,21.164448314392388,757
AEP,NFG,utilities_top50,0.02281590650766272,-0.006369044624804099,69.31759953621395,23.271617720270104,757
AEP,VST,utilities_top50,0.022923727717599263,0.04561970793728975,68.21868366883444,23.53744028541073,757
D,EXC,utilities_top50,0.023171093239306478,0.0834131576091912,56.772044321351885,15.420056265557811,757
AEP,OGE,utilities_top50,0.02331733559768936,0.6511616394270898,50.83066324476003,24.299744126837773,757
AEP,NJR,utilities_top50,0.023554735885159828,0.12776865191297243,64.98847647329819,24.283828442294503,757
AEP,MDU,utilities_top50,0.02369689803249342,2.0783257043246386,51.14637933882208,20.84527965766389,757
AEP,CWEN,utilities_top50,0.02380227841008368,0.23017990073017,65.01369659919689,23.002389825367803,757
AEP,AES,utilities_top50,0.023996555713881963,0.37145152189837777,63.225691683464674,23.267192025001794,757
AEP,CPK,utilities_top50,0.024198108911165712,0.11952030938782372,58.335442744267034,24.742882029532304,757
AEP,NRG,utilities_top50,0.024529936302148794,0.22359803019301092,62.03509684773366,24.269779408616184,757
AEP,ORA,utilities_top50,0.024530804110773324,0.11446550566625047,61.241907941940845,23.685953223240492,757
PCG,PEG,utilities_top50,0.02717394050956033,-0.074491709460293,15.621431252076096,29.263846628121776,757
CMS,CWEN,utilities_top50,0.027799258552690737,0.42818959734866036,42.3086947011321,18.86782930852492,757
D,NI,utilities_top50,0.0280892327819321,0.16199448788848403,55.510685667210616,15.99199385919723,757
PCG,SRE,utilities_top50,0.028347037619911464,-0.10308547879886072,17.691193680497605,28.735612030477572,757
AEP,FE,utilities_top50,0.029154671903907595,0.5706669309747711,51.787430718332104,24.072708901715483,757
D,FE,utilities_top50,0.02950478620980477,0.1233951346520759,55.17148647266185,15.8521784695137,757
PCG,WTRG,utilities_top50,0.03017407327133024,-0.3718720156991171,25.791087327566746,23.558504642786822,757
ATO,CWEN,utilities_top50,0.030591061549803067,-0.29460868710535715,91.51137297071512,15.830970764640679,757
LNT,PCG,utilities_top50,0.030775238076555696,-0.517444717350506,49.416114430740436,37.167217858579654,757
EVRG,OTTR,utilities_top50,0.031767157521039785,0.4889952396553123,27.302250254351573,27.870997523408153,757
AEP,EXC,utilities_top50,0.0330701914022434,0.6569565250045855,52.24799366831859,26.057338166121347,757
D,NWE,utilities_top50,0.03356847708311758,0.05932508541338114,56.064767861810445,15.895617651207694,757
AEP,SR,utilities_top50,0.03618006098445577,0.24892942150636924,55.1691585719324,28.94665846091791,757
D,POR,utilities_top50,0.038018937476943425,0.13345172871700442,53.81796559545852,16.5678248177492,757
AEP,NI,utilities_top50,0.03810122931968489,1.623985588492778,35.01467943682978,31.78478240817587,757
ES,SWX,utilities_top50,0.03820525313683013,-0.4115742013353045,90.39288398188903,17.402512369658897,757
ATO,NEE,utilities_top50,0.03918948242764745,-0.07078934961944243,90.33576690300127,16.730382534610268,757
AEP,NEE,utilities_top50,0.039507405657998006,0.1566525196638087,60.19440398108608,24.68596806821658,757
AEP,SWX,utilities_top50,0.040073318037900006,0.18497528535719707,58.06213036698377,27.622700791498097,757
D,MDU,utilities_top50,0.040106367202562346,0.8847667298252322,51.27954646389933,15.11644255852453,757
PCG,SWX,utilities_top50,0.04082346174323604,0.2716000934058793,-4.030710072529976,23.433260430775725,757
SRE,UGI,utilities_top50,0.041243905004197765,0.182593551930679,48.120569753553646,26.939068585553525,757
D,EVRG,utilities_top50,0.04270168209510916,0.44359210868488413,37.81556627252781,17.433812822964295,757
ATO,AWK,utilities_top50,0.04338430374761279,-0.027391648402779842,89.67161672967757,16.942313379408155,757
PCG,SO,utilities_top50,0.04443310859910132,-0.2736084472665236,24.910263365830314,24.50784804420712,757
ATO,ED,utilities_top50,0.04451714590640474,0.9011052162023849,28.56648189143598,18.447665785794104,757
AEP,AWK,utilities_top50,0.0448333910020201,0.09075059653153929,57.985574331021404,25.896435960051054,757
AEP,WTRG,utilities_top50,0.04509259021400182,0.8260508381127387,38.701759969499605,25.081076033186378,757
D,XEL,utilities_top50,0.04638260801955187,0.5530127971580201,29.786313309723027,11.296434894865676,757
AEP,POR,utilities_top50,0.04643172099773689,0.7033458580702571,42.24171835574882,27.21344131650379,757
D,IDA,utilities_top50,0.04774904449890954,0.15831661779235753,45.8535416060351,18.21744929042257,757
SWX,XEL,utilities_top50,0.04908695292772749,-0.46264390291078755,83.83739162572495,19.80347638277412,757
EXC,NFG,utilities_top50,0.049789394887768804,0.4236789275468576,8.69897208164252,31.346418948623832,757
D,WTRG,utilities_top50,0.05000012077432695,0.5956263952583689,37.01461879442437,13.433625467726321,757
ATO,VST,utilities_top50,0.052920377440885444,0.6339860748651998,74.58608619185938,18.418745015404287,757
SRE,VST,utilities_top50,0.05427289240185429,0.2386364776932234,49.59771960614589,28.321450717566115,757
PCG,SR,utilities_top50,0.054784604425031094,0.24835550636623419,-1.739612623123822,24.3283382725952,757
ATO,CPK,utilities_top50,0.05520455515180254,-0.03108528345649286,89.11810716965924,17.22590198910844,757
ATO,NRG,utilities_top50,0.056755482124200084,-0.10717709916614555,89.696853700385,17.53080116519815,757
SRE,TXNM,utilities_top50,0.058964180853589114,0.9962995506702677,15.251046434249684,18.356726789997737,757
ATO,NFG,utilities_top50,0.060075558750289366,-0.15958753803759362,92.69258839069177,16.79658236549881,757
AEP,ED,utilities_top50,0.060753195941449185,0.7062721322905011,23.791101539895337,29.34266190349108,757
AEE,CPK,utilities_top50,0.06075769496250166,0.29660476876195235,38.5219524372888,20.341469045390763,757
CMS,D,utilities_top50,0.061196639700482,0.9116170304694265,-3.8582593334584576,15.471709353833825,757
ATO,ORA,utilities_top50,0.06123043414972341,-0.016520036267743943,87.45674196115864,17.934257253035785,757
CMS,CPK,utilities_top50,0.0623918884777136,0.12997421606818257,38.17597214507462,26.043396209875475,757
CMS,SWX,utilities_top50,0.06308845818802428,-0.08625105607493654,54.972266681475425,21.979436925202233,757
AEP,DTE,utilities_top50,0.06393641047184255,0.3113894471543529,42.00099516582935,23.813600047891885,757
NI,NJR,utilities_top50,0.0647717116533949,0.26538824365350044,12.501849007925827,21.45765641898028,757
AEP,EVRG,utilities_top50,0.06553374080354869,0.8104842390937764,30.527376405976923,23.197333315836847,757
BKH,NI,utilities_top50,0.06554061138081187,3.0842865871552587,-11.448802457257992,17.236843274444155,757
IDA,OTTR,utilities_top50,0.06561306346270794,0.9140404344703597,44.61006719651068,17.43093992612069,757
AEE,CWEN,utilities_top50,0.06743978173928024,0.8246307837550111,50.63626732274123,16.156496928174594,757
CMS,NEE,utilities_top50,0.06809835465328903,0.23027328936765334,36.80509453078523,19.582566991617615,757
ATO,UGI,utilities_top50,0.06823915481898372,0.12161956222365053,82.40019910711305,18.63509815170991,757
AEP,SO,utilities_top50,0.0695839807217812,0.6483858219311531,38.76035353830731,26.68571987139772,757
ATO,PCG,utilities_top50,0.07008571952002474,0.03191989288810994,85.94093353832052,18.254969439765475,757
D,ED,utilities_top50,0.071169372577878,0.24820740297814453,42.996854468695275,20.142531039972575,757
ATO,OTTR,utilities_top50,0.07281123078902162,0.19477538530474894,78.26399452516917,19.637347235121094,757
D,PPL,utilities_top50,0.07404909160388305,0.757798559758393,41.44991507418632,17.655643521855573,757
D,LNT,utilities_top50,0.07429314387862293,0.5678883669752542,34.4065580649773,13.024322436019647,757
ED,OGE,utilities_top50,0.0743471535559436,1.0509680159581754,34.67287869136992,16.848918767460827,757
AEP,ATO,utilities_top50,0.07595211443702249,0.6300232919576584,14.675005858892424,30.633005430281283,757
D,DUK,utilities_top50,0.07610809846677366,0.2330567853660305,42.005604306913504,17.070267014678265,757
AEP,DUK,utilities_top50,0.07629919452738483,0.36650835478045185,42.484052739976946,28.62940220806262,757
BKH,OGE,utilities_top50,0.07668870021358545,1.4796954232899484,11.784782263637883,17.456805811098985,757
CMS,VST,utilities_top50,0.07684841630622978,-0.4895853997950205,58.90987802020897,19.582336730316907,757
EIX,VST,utilities_top50,0.07809849615889086,0.7944179029674738,31.77974173115094,40.85699077437703,757
ATO,CNP,utilities_top50,0.07909275279744127,0.39755767579406254,78.02099046917085,18.87225976075756,757
ATO,NJR,utilities_top50,0.07950473150569248,0.33395187601154525,75.67667776388377,19.592478546306122,757
TXNM,UGI,utilities_top50,0.07961226826400275,0.2825762951370651,29.784575778319745,33.43103783972576,757
CMS,OTTR,utilities_top50,0.08007648476434015,0.1882653772028938,42.04808445579247,27.584132862790625,757
AEP,BKH,utilities_top50,0.08160736178282157,0.5427559395742331,40.17965801744816,25.59834575971749,757
PNW,SR,utilities_top50,0.08206069603789529,0.7050178298654846,24.63499241996829,31.684665589535168,757
ETR,OTTR,utilities_top50,0.08242277228871314,0.3010489252823418,29.35099147092759,40.00125870536187,757
D,EIX,utilities_top50,0.0827864972877943,0.2512727069216468,47.224722569915045,16.473688570362587,757
AEP,OGS,utilities_top50,0.08317462685501781,0.2922277385240819,50.062383488919686,31.81900781628901,757
ATO,EXC,utilities_top50,0.08354480420955712,0.238229398450552,80.2301227080281,19.492225098384083,757
CMS,ORA,utilities_top50,0.08361434463209033,0.11038817140236325,42.29939346342249,26.292889380013573,757
WEC,WTRG,utilities_top50,0.08446189501791168,1.3421283405822992,24.04830711778766,28.849850245936562,757
ED,EIX,utilities_top50,0.0844707460781367,0.7110722755542308,31.040856700949462,17.830465477434302,757
VST,XEL,utilities_top50,0.08461170246070582,-0.2861404692174183,33.588315211399234,19.90950065472632,757
AEP,TXNM,utilities_top50,0.08486755829522791,0.9291049401665114,32.91178912717726,21.47383633682645,757
AEE,NEE,utilities_top50,0.08514847033581563,0.40936525122181394,41.968200233402364,16.414590513008633,757
PCG,UGI,utilities_top50,0.08517775023794777,0.3072449198784389,2.200337067499005,26.129775009012228,757
SRE,SWX,utilities_top50,0.08587990787448041,0.21830213096489676,41.03382988748305,32.07731545591343,757
DTE,NRG,utilities_top50,0.08748850012068121,1.5271376233351508,38.90571733949526,42.98745306286549,757
D,PEG,utilities_top50,0.0892877446052549,0.28249466826151165,45.639192124371085,16.338807632417506,757
AEP,NWE,utilities_top50,0.09035781276068344,0.5476108767683739,42.82688665766174,30.778895036651928,757
ATO,DUK,utilities_top50,0.0908859879075613,0.06296400668704265,81.76168164725307,19.511301708900568,757
ES,OGS,utilities_top50,0.0926121118549888,-0.28991395117961294,84.76514882508405,20.360034014328832,757
ORA,PCG,utilities_top50,0.09318275878719856,-0.7772878024314476,77.75509537862709,49.509221346992945,757
EXC,OTTR,utilities_top50,0.09455238266896387,0.4177254928500481,8.301950279476275,23.7881134811107,757
ATO,SWX,utilities_top50,0.09470338895243119,0.4974875584668711,56.7396770129907,20.899502670322082,757
ED,FE,utilities_top50,0.09508329217786893,0.8002408729228253,39.87443397228442,19.04415418734307,757
ATO,OGE,utilities_top50,0.09535035309529538,1.008784500828599,58.0813071862229,16.111950369012,757
D,DTE,utilities_top50,0.09577632974569211,0.14817914556907988,46.02898067375143,16.59052561968585,757
AEP,D,utilities_top50,0.09590197477872586,0.9675624474905541,12.067285844643786,26.771707935682027,757
ATO,NI,utilities_top50,0.09654757347082538,2.378272835442697,36.46439795491304,21.159147901095267,757
ES,SR,utilities_top50,0.09781620590272411,-0.3537936085768166,85.66199803472556,19.398015508787665,757
BKH,NJR,utilities_top50,0.09863180196264115,0.9336361490608998,23.439343095518847,31.832722841275885,757
DTE,DUK,utilities_top50,0.10011365269461253,1.0748528886667474,8.959796112258921,29.408762846946058,757
ES,PNW,utilities_top50,0.10026615655190041,-0.21638190253708733,79.75997468617479,23.797113426648362,757
EIX,FE,utilities_top50,0.10044807685970697,0.7464395131239395,23.89541041969409,32.71801690543814,757
CMS,SR,utilities_top50,0.1037145675172299,-0.07031797505373671,53.76738089063483,22.63152248583999,757
ATO,MDU,utilities_top50,0.10374429250978229,0.7947321442847718,79.47651980608137,19.34513346886163,757
AEE,LNT,utilities_top50,0.10414312205299375,1.2173136735339374,12.626341365656046,9.067746809519639,757
LNT,WTRG,utilities_top50,0.10627210384091917,0.9827837515239316,7.020635374450114,28.956538234031033,757
ETR,UGI,utilities_top50,0.10688853015989741,0.030649207297250448,40.82490663443903,37.97987692080648,757
ETR,ORA,utilities_top50,0.10802673216168451,0.1209926707003277,33.54702404904691,39.30536564983885,757
CMS,NRG,utilities_top50,0.10834678646057988,0.08027375151855616,47.31916739782355,26.68977299479281,757
WEC,XEL,utilities_top50,0.10838486555530047,1.2785327347742828,6.053230249335251,15.140541180068562,757
ORA,SO,utilities_top50,0.10893781967547217,1.2187512347394653,11.37212958509555,47.29118712883628,757
CMS,MDU,utilities_top50,0.1091371188355158,1.6531637534158188,35.59056523230695,23.902795523654607,757
ETR,NRG,utilities_top50,0.10945883968111775,0.22470452472227168,34.75144741968925,40.391633885206055,757
EIX,IDA,utilities_top50,0.10955896157801154,0.5050456307580724,4.850687292715084,29.403090986351767,757
NRG,PEG,utilities_top50,0.11001824101525076,0.5193024201538315,7.043551454736863,30.283840779384885,757
AEE,DUK,utilities_top50,0.11014786289751938,0.6745992118724757,16.22262439905621,20.236878548690115,757
ETR,NJR,utilities_top50,0.11046316672737144,0.03975430415259043,40.54677797249522,38.762281404372125,757
ORA,SWX,utilities_top50,0.11067301673379448,-0.6324833696059167,105.94933288724312,35.52317750043766,757
SWX,WEC,utilities_top50,0.11085494371856369,-0.25854375726544826,78.44690816314711,23.048225119713646,757
D,TXNM,utilities_top50,0.11128968701879188,0.3381964441898646,45.74776242316839,16.639038613489383,757
ETR,MDU,utilities_top50,0.11135624440328129,1.9493857764701243,25.009099841203412,39.666689390266306,757
OGS,XEL,utilities_top50,0.11181705088175664,-0.366063399419948,84.29823435171836,16.828477368233155,757
D,SO,utilities_top50,0.11431104910934992,0.4484875201854579,37.94640178373638,14.38313678541996,757
ATO,SR,utilities_top50,0.11460848608305307,0.5610105998941178,55.014106739268804,22.302397267264883,757
CMS,OGS,utilities_top50,0.11511422072425453,-0.03459370021298467,52.09180886330373,23.979994387513283,757
AWR,EVRG,utilities_top50,0.11535383412330263,1.3482173763984573,7.12318517362565,25.784061324528995,757
SWX,VST,utilities_top50,0.1168043395889315,1.5776557914526235,30.25614649776139,25.75651543014667,757
PPL,UGI,utilities_top50,0.11683601785786851,0.17128778405605105,17.504992284528832,30.540884308140452,757
AEP,LNT,utilities_top50,0.11709626121667344,0.7737195314331472,35.68281736917221,28.506892415325154,757
CMS,NJR,utilities_top50,0.11726429723193876,-0.20846093663049098,56.491208870113915,20.885957097575194,757
ATO,EIX,utilities_top50,0.11778772494235246,0.737378419332562,52.045073547452404,15.832996198873769,757
ED,NI,utilities_top50,0.1187747329695426,2.349704707024562,14.836100628058533,17.24599379100412,757
FE,NI,utilities_top50,0.11980723176095975,1.9869277387481816,-11.384822853738937,32.25963353783231,757
ATO,AWR,utilities_top50,0.12004195567995551,0.30808041507076345,64.38422538852882,22.54162665703563,757
NI,POR,utilities_top50,0.12160415683397913,0.3378250560259382,8.083412181152863,15.302840114061807,757
ATO,PEG,utilities_top50,0.12196020508790878,0.18491505823381438,77.64299543634161,19.982404833573057,757
EIX,POR,utilities_top50,0.12478535117427386,0.8381272825855073,14.531124936482879,29.620781936046402,757
ETR,VST,utilities_top50,0.12619118519827338,0.031494216669253436,41.23142798448168,37.90871948293203,757
CMS,ETR,utilities_top50,0.12657159256745337,0.763951962685588,17.89802317055824,22.36088051738628,757
AEP,PEG,utilities_top50,0.12682570862430603,0.6096496455395538,40.43020466505598,25.858225037842026,757
SRE,WEC,utilities_top50,0.12783519947041888,0.36882886000181875,26.953203326045088,30.92355279033623,757
ETR,SRE,utilities_top50,0.1279285400592729,0.8367634370411106,-3.3850749129331033,15.871729479317104,757
AEP,CMS,utilities_top50,0.12915430017420731,1.0503750560097849,16.710310975239246,30.854960658032883,757
ETR,NFG,utilities_top50,0.1292074518720695,-0.02426594102928821,42.78249823595764,37.111656146598655,757
ETR,EXC,utilities_top50,0.1295900756198049,0.562542510163268,27.415765923933897,47.20011356014578,757
EIX,NRG,utilities_top50,0.13128535405117675,0.3485665725555521,35.53613868223717,44.61330808822493,757
BKH,FE,utilities_top50,0.1336657547398583,1.0488017921592308,21.466127280964304,24.450340856741686,757
OGE,VST,utilities_top50,0.13572908929530686,0.9850847269792974,9.756248361606078,38.35629839151846,757
EVRG,WTRG,utilities_top50,0.13608684437445506,0.8139389861080734,17.63049292613776,31.97102053391853,757
ATO,DTE,utilities_top50,0.13832900922452995,0.11571718993217864,76.27100852205686,20.44154860689108,757
ES,WTRG,utilities_top50,0.1383291255280482,1.3138383640818603,17.623737473527672,23.700867455574734,757
ORA,TXNM,utilities_top50,0.13884435104071458,1.6150044911219223,5.491812839206977,47.01145641255555,757
CMS,CNP,utilities_top50,0.1389578788231421,-0.04259676863508309,50.73251285759484,25.60594156704824,757
ETR,WTRG,utilities_top50,0.13944562610934713,0.8036738019547797,12.275368545074116,38.15030491273574,757
ETR,SWX,utilities_top50,0.14097912152663028,0.09784401803246957,35.99541902730233,43.56691344919403,757
ATO,AVA,utilities_top50,0.14424016880888796,1.1017981534042913,51.46226132138508,20.959764359565895,757
AEP,WEC,utilities_top50,0.1446729744527669,0.48621097581591616,33.386024881013945,35.11358115397397,757
AEE,WTRG,utilities_top50,0.14525534283448271,1.1622477110431864,22.426324211891007,27.411528259842864,757
ATO,POR,utilities_top50,0.14529267237921278,0.8736635937998546,53.0110090883083,18.605170915216053,757
CMS,FE,utilities_top50,0.1460740946399282,0.1316695749176074,45.85634498642645,28.433024216233438,757
ETR,FE,utilities_top50,0.14854756340215547,0.4996865826521191,26.68739495104234,43.55488838991414,757
LNT,NEE,utilities_top50,0.14875932288289517,0.31663685496127447,25.216238763529503,34.60543109985747,757
ETR,NEE,utilities_top50,0.14915206067815795,0.16402777644515812,32.52797128728832,40.72379889718896,757
CMS,OGE,utilities_top50,0.14973606840373516,0.034682042871780616,48.8713420601254,26.54620569590596,757
NI,OGE,utilities_top50,0.14985869860423595,0.42922628091320697,8.94766397129962,11.933116322100338,757
ES,VST,utilities_top50,0.1511243249972542,-1.1724479829054222,87.62883620394828,18.79897829986095,757
ES,NJR,utilities_top50,0.15126848934556436,-0.6524287328539932,86.72325103162223,18.60443787685907,757
DUK,SO,utilities_top50,0.15274009470345,1.2177029457231827,15.609872689877925,38.5127267510834,757
BKH,CNP,utilities_top50,0.1531664659470776,1.1772513637287483,28.618691058430162,29.370830534558806,757
EVRG,NFG,utilities_top50,0.1540041782614554,0.25588762498365436,37.34179211976616,34.7506831562949,757
CMS,UGI,utilities_top50,0.15416074298833726,-0.125952976145638,53.91010007782335,24.097357235275677,757
CMS,NFG,utilities_top50,0.15608063784253184,-0.02478459113549987,50.83092373085011,25.80886770556371,757
OGE,SWX,utilities_top50,0.15699223892213537,0.4204738411754561,2.99281122548414,45.634196367672835,757
ETR,EVRG,utilities_top50,0.15875425974851348,0.7470768247114573,6.293349626594225,35.967476169566716,757
CMS,EXC,utilities_top50,0.15893572803367112,0.34912149985800645,40.90627467827955,29.1819860457761,757
ES,SO,utilities_top50,0.1597161605570082,0.9593993641693606,21.07549547162484,33.96927275120455,757
CMS,EVRG,utilities_top50,0.1601168588344073,0.5931251299613116,21.641053820359236,30.311803757475342,757
BKH,UGI,utilities_top50,0.16093556300617434,0.644706286928428,32.396431869553496,29.63044108302377,757
SRE,XEL,utilities_top50,0.16163927915861592,0.448087082134219,30.42184452638151,34.81657145914212,757
NRG,OTTR,utilities_top50,0.1624534428447868,0.30675033224735976,18.73382910410856,33.53834910251294,757
PPL,VST,utilities_top50,0.1635179778244969,0.28306201553947585,17.7942356119102,34.67322172125236,757
SR,XEL,utilities_top50,0.1645259071652163,-0.44179528476832125,79.0809940997158,23.231035727060423,757
OGS,SR,utilities_top50,0.16496997482877618,0.8002753165529776,20.35314463606686,23.17958441525018,757
LNT,OGS,utilities_top50,0.166154994188091,-0.1746145337363381,54.49701434429378,33.78473626770139,757
PNW,XEL,utilities_top50,0.16686447886508288,-0.16105617428401164,72.4677587071803,30.230175995937955,757
ES,OGE,utilities_top50,0.16695580000909976,-0.48815516115523616,79.58303463921129,25.180245576369888,757
EIX,UGI,utilities_top50,0.16711498258858654,0.267523652859184,37.85319013173768,42.13174763436354,757
AVA,SRE,utilities_top50,0.1671287605301402,0.48766384608108937,5.301960351888721,20.683024750007444,757
CMS,SO,utilities_top50,0.1677364448642834,0.5972189147169351,21.930584093549562,21.12547502081811,757
ATO,SO,utilities_top50,0.16804360265334323,0.284063341355907,73.05178670570014,22.09007058959064,757
ATO,EVRG,utilities_top50,0.16941074811945012,0.6445124270183848,55.683165499588185,23.61398518296379,757
NI,UGI,utilities_top50,0.16976137584797668,0.1921685603612698,14.760197252035987,20.54002482764803,757
ATO,XEL,utilities_top50,0.1701609445238031,0.22142016622117836,74.66825086192874,22.03449976781281,757
EIX,OTTR,utilities_top50,0.17199341244570399,0.42847441095714717,28.75356965937535,36.17026466618251,757
CWEN,OGS,utilities_top50,0.17293162017069263,-0.6085459411594222,57.16327989942326,21.464983798168472,757
ED,VST,utilities_top50,0.17321730084732528,0.7786419300407567,49.679708107887,23.49246070944928,757
BKH,SR,utilities_top50,0.17406332249101797,0.7512282793369738,11.286044841842811,28.08035465835942,757
CMS,PNW,utilities_top50,0.17433225708794642,0.02507591762112733,48.23793299729713,27.39393219652737,757
EVRG,PCG,utilities_top50,0.1743859398846801,-0.23733256776865913,50.4242764427846,33.47570529456471,757
EIX,SRE,utilities_top50,0.17491957127760582,0.7925090234631427,3.68355547056498,32.228595196530215,757
ES,NEE,utilities_top50,0.17518999286573705,0.44899446528074316,40.49370413839403,17.47073706301199,757
IDA,NFG,utilities_top50,0.1759934595985504,0.622306231936303,57.63333958650988,31.04694962478219,757
SWX,WTRG,utilities_top50,0.1765654939179866,-0.31711565742656694,71.13099783315663,27.374815488821444,757
AEP,ES,utilities_top50,0.17767244000807136,0.4900327609582543,36.76337724922741,35.99888493998865,757
D,ETR,utilities_top50,0.178411745857603,0.633131771590285,32.43287699232853,12.04910978716303,757
CMS,PPL,utilities_top50,0.17846082890932302,0.9382335634825942,28.22864110555512,34.01432408306859,757
NI,SWX,utilities_top50,0.17921613525505142,0.21454239583618986,8.206292705270926,23.875389985833106,757
EIX,NI,utilities_top50,0.18031888815618052,2.031169119156788,3.906815683145856,34.87264934286913,757
ATO,ES,utilities_top50,0.1807689750022069,0.19356079492251033,73.56944956346982,22.75134290959822,757
AEP,XEL,utilities_top50,0.1814054097739103,0.5602420115515276,39.562117698098234,35.89487276706349,757
VST,WEC,utilities_top50,0.18253953368911718,-0.19145249106939377,32.56915269027126,22.880924728700705,757
ATO,LNT,utilities_top50,0.18552709469686968,0.3604626321140109,70.77636402785016,22.37995900678109,757
ETR,NI,utilities_top50,0.18578086323089993,1.2785200709048374,15.00893198173034,63.97188710192463,757
EIX,NFG,utilities_top50,0.1889404216403574,0.09294892348851264,42.7858368977755,43.15225521057539,757
ORA,PNW,utilities_top50,0.1893710237053262,-0.21050733974076444,81.80189336311606,50.13692816365446,757
ES,ORA,utilities_top50,0.18943159288529648,0.27540501306449855,47.09535939776308,28.43907654852569,757
ETR,OGS,utilities_top50,0.19000687463153687,0.21941130725367677,27.548178367664843,59.118321162712235,757
EVRG,MDU,utilities_top50,0.19143175480429375,2.466649484109619,26.282203949201268,26.81850635678973,757
LNT,SO,utilities_top50,0.19176930740135018,0.7675589392580526,7.270284392043047,35.28662430326727,757
EIX,OGE,utilities_top50,0.19246139495028414,1.0206050683763965,17.91527400914153,32.86624366120102,757
CMS,NI,utilities_top50,0.19330224368641735,0.465739574582301,40.07764215254854,33.79973228250549,757
EIX,PPL,utilities_top50,0.19436698637297556,1.76183071794251,5.906048917477267,34.48610879047268,757
BKH,VST,utilities_top50,0.19695682008257848,1.1061786153893625,32.73006447142938,34.94210055096328,757
NRG,UGI,utilities_top50,0.1970731586728463,0.40221981073521207,18.443950435434786,32.02342626768787,757
ETR,WEC,utilities_top50,0.19744270516745988,0.4506688409798633,8.745194697441917,36.50741066063738,757
OGS,VST,utilities_top50,0.19926468640675626,1.3741906382807911,39.57106551219747,21.03661713163,757
DTE,MDU,utilities_top50,0.19943895731955424,6.451724043122768,31.288954768998604,29.14027826792576,757
ATO,IDA,utilities_top50,0.1997279323927661,0.4232858915114958,51.427012689314985,24.24501374296457,757
PNW,WEC,utilities_top50,0.20050337816652142,-0.08430726776350396,70.17315537235226,32.41179106771718,757
NWE,SWX,utilities_top50,0.20070520538703823,0.5417842506291765,15.68844053287548,39.49377582852749,757
OGE,SR,utilities_top50,0.20108685409000265,0.4089731552620891,5.1730631893770465,61.795501914603356,757
OGS,PNW,utilities_top50,0.20139650975570988,0.7638662501895498,16.144555990866113,27.080858627068277,757
CMS,WEC,utilities_top50,0.20287940159801382,0.5191493067648676,11.747922955726631,12.543565281033603,757
ATO,WEC,utilities_top50,0.2030168060310107,0.274535059468424,66.18284649481856,25.038152957853114,757
ATO,PPL,utilities_top50,0.2036677435931527,1.4140732776590557,53.75228807574802,22.496370797733068,757
CMS,DTE,utilities_top50,0.2064733106331445,0.25876171405251147,27.353699151957056,28.504579669731328,757
EIX,ORA,utilities_top50,0.20649243156247604,0.15381970671062273,35.98200184492643,41.41545170536412,757
ED,POR,utilities_top50,0.20658984417448373,0.8404171969536238,32.051585606036625,21.48288797920694,757
EIX,ETR,utilities_top50,0.2070415917556408,0.8179296135509642,12.29134373252226,35.69183874020601,757
CMS,LNT,utilities_top50,0.20739668793536642,0.7617990263670675,16.975978917513793,18.422576649396202,757
EVRG,NRG,utilities_top50,0.20819682639307124,0.5233393727036743,31.09670392693247,35.99663121437988,757
PNW,WTRG,utilities_top50,0.20862203980447552,-0.11904332701116332,68.36227676331401,33.25323966634766,757
ETR,SR,utilities_top50,0.2093449491282326,0.16101316640255212,32.82748930912496,47.70441148015724,757
TXNM,VST,utilities_top50,0.20995374851510795,0.19978986564254592,35.21012168685359,38.848291565414144,757
NI,VST,utilities_top50,0.21036596529760676,0.3327117468921178,14.804240261071847,24.770217390264,757
EVRG,IDA,utilities_top50,0.21059677819357525,0.5466277730287418,2.4764494503542127,22.671443043940567,757
BKH,POR,utilities_top50,0.21508618776438015,1.2211824975913186,6.647756095099576,10.919375316449653,757
AWK,OGS,utilities_top50,0.21520140830000434,-2.243019628420143,267.916389061327,21.77411761557306,757
NI,OTTR,utilities_top50,0.2158132237970834,0.15706464058374012,14.463628732071626,28.29358658414224,757
ORA,SR,utilities_top50,0.21670804599246124,-0.21402188878971035,80.2782089116786,50.10850996516939,757
CNP,NI,utilities_top50,0.21686947711782617,1.487611111313119,-10.294813259143497,41.82713075444931,757
ATO,WTRG,utilities_top50,0.21847503697306864,0.4554274644669328,69.5884732375295,22.877560982626573,757
CMS,ES,utilities_top50,0.22045520453130169,0.5414358468445327,14.154046434820303,19.851871148122612,757
AEE,OGS,utilities_top50,0.22098262714904482,-0.3009107944694579,84.71099632370313,19.18501102767492,757
ES,NWE,utilities_top50,0.2216543019294378,-0.10976368255117812,71.17330216465835,28.68987218873204,757
PNW,SWX,utilities_top50,0.22181419392765472,0.5919493634902925,28.780434504351287,45.97103074914925,757
LNT,OTTR,utilities_top50,0.222200270128721,0.3553049936535631,28.433260159710414,53.19077487692565,757
CMS,SRE,utilities_top50,0.22257954280459058,0.5879963367973965,18.080420488727615,26.791985085616833,757
DTE,NFG,utilities_top50,0.2232251688909252,0.9412183162314901,49.371326356691476,42.387641539555126,757
EVRG,EXC,utilities_top50,0.2252654530179941,0.9415063862856577,23.448153796484522,36.732021207881296,757
ATO,BKH,utilities_top50,0.22551658444640693,0.6667170074492117,50.8471051520529,18.49451894669199,757
AEP,PNW,utilities_top50,0.22580050163405752,0.34202881912018684,47.17826140536945,32.077296915123966,757
CMS,DUK,utilities_top50,0.22712230108686698,0.3536844530956603,24.19292660713875,29.159366190949065,757
PNW,VST,utilities_top50,0.2275636190682228,1.0954686576481694,43.69805013656376,40.43713356563799,757
NRG,PPL,utilities_top50,0.22759346897173577,1.045793366537303,7.34195756772037,37.226965816264716,757
SWX,UGI,utilities_top50,0.2276454888921275,0.6585749790522488,38.206668039280544,31.729707534033434,757
ETR,OGE,utilities_top50,0.2303287762382723,0.5409960706580292,26.66649836851252,44.62914257786111,757
ES,NI,utilities_top50,0.23138897416421683,-0.39696010713088703,74.237160914075,27.71194234969565,757
NWE,UGI,utilities_top50,0.23257984869248688,0.5225727207205562,31.034776350149222,29.223882196374703,757
ORA,PEG,utilities_top50,0.23632310154851105,0.9029607148899002,25.92289456512238,59.43199943212916,757
ORA,XEL,utilities_top50,0.23635245918424858,0.8126920206195383,25.537109778540902,59.92058611734898,757
CMS,NWE,utilities_top50,0.2378336869844211,0.13182330843423282,43.52664585561687,32.522461748696585,757
TXNM,WTRG,utilities_top50,0.23792618658326703,0.5649978296046972,18.143630010471593,44.7359415847878,757
NWE,OGS,utilities_top50,0.23823669970796213,0.647109402019263,5.834926246530423,50.51213188091294,757
NI,SR,utilities_top50,0.2387608332876167,0.211387730791109,9.167288160335797,29.40152030942006,757
ORA,WTRG,utilities_top50,0.24008200270240632,1.6924943813912454,6.123897524966197,46.77132672777415,757
ETR,PPL,utilities_top50,0.24164550331188217,1.6082189664556188,4.766637571874582,40.616570973599735,757
PPL,SWX,utilities_top50,0.24216337354559758,0.07676336644056338,18.47119210153283,42.102571159445816,757
EIX,NEE,utilities_top50,0.24260220727092557,0.04926619156911019,43.70354106529532,44.18351189620061,757
AWK,PCG,utilities_top50,0.24328346474492363,-2.7839175645355727,155.81980452689436,80.33929313881065,757
POR,UGI,utilities_top50,0.24478033158411244,0.42106735296426606,24.536350217903564,39.146564562288695,757
NWE,VST,utilities_top50,0.24486959326219904,0.9175472157253471,30.917684404990176,33.2239793099204,757
NJR,UGI,utilities_top50,0.24621648588205763,0.7323462832592552,8.243402287294597,26.07895867858027,757
BKH,EIX,utilities_top50,0.2505254186826702,0.8841498493883553,12.110522240916843,29.780909064173898,757
EVRG,LNT,utilities_top50,0.25127796263150615,0.7501061012906343,15.185134359491364,34.07821287167111,757
ATO,CMS,utilities_top50,0.2515232765035655,0.6787514187477668,52.49725068259311,28.933198821644446,757
OGS,WEC,utilities_top50,0.2517016772870688,-0.14616973078183357,75.74766172908828,21.510578018961542,757
ORA,UGI,utilities_top50,0.2565083935341742,-0.37813342802100613,80.54398767279162,52.30936585380039,757
EIX,MDU,utilities_top50,0.2572016558704129,1.5921570326608605,32.76688400013249,46.73929103047469,757
CMS,IDA,utilities_top50,0.2572869557177732,0.2886595706693707,26.041826270339783,38.81755110611283,757
AEE,AES,utilities_top50,0.2580502105256661,1.0161567340746904,49.174833673216696,22.43936515670267,757
NI,XEL,utilities_top50,0.258191885129345,-0.035217126763087844,22.82074186865859,24.771936461545064,757
PNW,SO,utilities_top50,0.25910345740761653,-0.04751949939615398,66.20768323676633,35.66813258387089,757
AES,DUK,utilities_top50,0.25946515647275925,0.4188649726167598,-14.660044689627854,37.969502979627734,757
FE,NWE,utilities_top50,0.26101111800542753,0.6446561492444856,-0.6126318515309582,43.686165813047154,757
AVA,FE,utilities_top50,0.2617410532218125,0.5080872256276735,16.262656063038907,23.22603359193758,757
ETR,IDA,utilities_top50,0.26275397498891745,0.432771226647396,6.131753801438516,44.765687434638636,757
ORA,VST,utilities_top50,0.265004753048635,-0.14144358936607318,70.95182481212322,55.57143097607831,757
AVA,TXNM,utilities_top50,0.2656062195905444,0.5279789865976736,11.100451394860134,28.218244552296817,757
EVRG,SO,utilities_top50,0.26855340858455934,0.6334174955515347,17.943476588569595,33.198748068075,757
EIX,EXC,utilities_top50,0.2688451917023633,0.8549976643065755,24.608145064291772,43.805326736102415,757
ES,XEL,utilities_top50,0.26910578016474906,1.1286585670584381,6.480991144388236,23.78780218482553,757
ES,FE,utilities_top50,0.26926782476782685,-0.11181943723170326,69.29957082303821,30.463943845319893,757
ORA,WEC,utilities_top50,0.2696385247482093,0.6122748834129786,23.40422622245024,56.11611208849779,757
AEE,NFG,utilities_top50,0.2697801690262618,0.33282117056932137,51.871573064054694,32.207610098443155,757
ATO,OGS,utilities_top50,0.27110763872379784,0.7285811804115206,38.95415395221357,19.241131429613905,757
ED,UGI,utilities_top50,0.2720864795533773,0.27541609673949613,55.20609021955756,25.75719745915724,757
ORA,OTTR,utilities_top50,0.2723383150724693,0.1942785838337689,60.288875184229596,58.50036991587011,757
LNT,SWX,utilities_top50,0.27239378035060513,-0.14236703941380607,51.61056470957729,40.43177146213099,757
PPL,SO,utilities_top50,0.2728554173884813,0.20631283038203602,13.394391300309323,40.18026431861423,757
PPL,SRE,utilities_top50,0.2739465878607488,0.33093189308449433,5.160631004200894,24.694596687932876,757
D,SRE,utilities_top50,0.2740130250909076,0.48783239291248065,32.555661625508414,16.096397911592693,757
AVA,UGI,utilities_top50,0.27519388148937407,0.20317875779210748,25.08266000882332,31.005371230979705,757
AWK,CPK,utilities_top50,0.2757070408247594,1.210462351525677,13.419849942633068,56.60258484271209,757
ES,OTTR,utilities_top50,0.2758197412667006,0.1586913062112581,59.34441118465571,34.547926782946625,757
OGS,WTRG,utilities_top50,0.27644175184984987,-0.16654236813479673,71.14323789163566,23.59584599087997,757
ED,PPL,utilities_top50,0.27954281679841375,1.399587273888662,31.85873380142284,30.950693043214198,757
AWR,OTTR,utilities_top50,0.2798713605489718,0.7836070195689459,38.784953451239325,30.269575629464487,757
EVRG,NEE,utilities_top50,0.28050774152104246,0.18218412166170875,37.23244013966023,35.54088156756387,757
DUK,LNT,utilities_top50,0.2805099500657328,1.4514962930491846,9.898694518977221,47.10291710142766,757
BKH,ED,utilities_top50,0.2837293147476031,0.9232423323087802,-5.9632516189579405,24.10651640256637,757
PPL,XEL,utilities_top50,0.28385098448483154,0.09083328373721387,18.25357616766564,42.56542458413841,757
OGS,SO,utilities_top50,0.2839390691008644,-0.14885904414079978,71.97904608176593,23.287933060123734,757
ES,UGI,utilities_top50,0.28416779602211123,-0.4673998015382568,81.00902373696299,24.1514899448389,757
NWE,PCG,utilities_top50,0.28533142365067493,0.4326769066271686,42.66596516284245,28.9855745907685,757
ETR,SO,utilities_top50,0.286460872365832,0.6222963587661229,12.730813430972482,43.91549770713901,757
FE,OGE,utilities_top50,0.2867650909307401,0.9102887519570674,4.784983529793189,42.8827842891428,757
AVA,POR,utilities_top50,0.2871315458883438,0.6033774412124484,8.63469275473329,23.259544078460817,757
NEE,OGS,utilities_top50,0.2877368290798014,-1.1959111651009953,134.37735104796053,23.670688043178952,757
EIX,EVRG,utilities_top50,0.2883391430729542,0.6456847860189573,15.792373134753236,42.75152733569472,757
ORA,PPL,utilities_top50,0.28848497415723134,1.7417952713127736,28.2069624151899,59.24106472102881,757
EVRG,UGI,utilities_top50,0.28911831015946055,0.20805250770410613,40.82810899433391,38.1426147013915,757
IDA,UGI,utilities_top50,0.28932189775246137,0.7210193253452379,59.16700940405477,29.725920905255926,757
ATO,NWE,utilities_top50,0.29000159487869226,0.7504844120892232,50.37127265489335,20.670564645361473,757
AEE,SO,utilities_top50,0.2902816571239765,0.9174483275604088,22.26694868656868,26.134710673616866,757
ORA,POR,utilities_top50,0.29140107056248243,0.20487935791420878,60.51919510845515,59.344916632720555,757
ATO,TXNM,utilities_top50,0.2932627387477005,0.5406740295622834,65.29007534075917,21.415889490205046,757
SRE,WTRG,utilities_top50,0.29453652131336294,0.7800279586823465,25.34717244262809,28.80283075385569,757
LNT,NRG,utilities_top50,0.29495020816990797,0.3921583658255677,30.816294618894535,56.745895253698144,757
PPL,SR,utilities_top50,0.29513902581035617,0.12276615782559147,16.18430808206991,45.488927481942525,757
AVA,BKH,utilities_top50,0.2964104283151155,0.4394498989676239,8.258022931334658,19.608527839681884,757
OGE,POR,utilities_top50,0.29860256268834406,0.6255624225604383,4.144989496913241,38.65554092973609,757
NI,NWE,utilities_top50,0.2996374253580399,0.27849733384564906,7.623117708759927,31.65590639164338,757
EIX,NJR,utilities_top50,0.29974248742474846,0.4585086916520418,31.868955737657366,43.691030700403715,757
CWEN,WTRG,utilities_top50,0.30095027179374884,0.9627371787265341,-17.7913267638691,43.80822692553807,757
ED,IDA,utilities_top50,0.3011824593275404,0.4406522998266974,27.767848841328057,32.339629058174935,757
PPL,WEC,utilities_top50,0.3022169123657108,0.07707952281754453,17.380714644858138,42.894485150077394,757
NEE,PNW,utilities_top50,0.3030212579352971,-0.90385263789631,114.4515574028405,43.68655071425266,757
SR,WEC,utilities_top50,0.3043858568613256,-0.2307172769617894,72.74649345423431,27.764261530294778,757
PPL,WTRG,utilities_top50,0.30449094693865225,0.23798036993757016,14.289651735169343,39.76961025165192,757
EVRG,PEG,utilities_top50,0.3048086125060727,0.6283197641978113,18.03688316357346,35.629417789949756,757
ED,NJR,utilities_top50,0.30497767652584074,0.4276930046134572,50.45959116233704,26.94567611727491,757
CNP,IDA,utilities_top50,0.3070298920443573,0.3241710004659889,-5.83379952792618,57.00796712930619,757
ES,NRG,utilities_top50,0.307884237900526,0.13627898983424466,61.6306514835077,33.730957533164,757
EIX,XEL,utilities_top50,0.3099509208404793,0.12563134010370708,39.877291004822894,49.05035593896945,757
EIX,TXNM,utilities_top50,0.3103872566729974,0.8824490692405659,12.156438628397769,37.377619706084026,757
CMS,POR,utilities_top50,0.3122702304278605,0.2609828070819409,39.88996444193746,33.71287660268427,757
PNW,UGI,utilities_top50,0.31383182508461493,0.5136321920151632,47.39908825644511,38.68342793239626,757
ATO,ETR,utilities_top50,0.313902502264611,0.8874967092060294,49.21746515378798,19.13514542720938,757
NI,ORA,utilities_top50,0.31418877472928286,-0.021800246276014887,22.455921777408324,25.89296269644642,757
AEE,AWR,utilities_top50,0.3143873791916272,0.5205546094068049,28.06762178347654,34.73013471442436,757
ES,EXC,utilities_top50,0.3147240687258574,0.2585963247751549,59.295306140678974,35.27246728347906,757
MDU,PEG,utilities_top50,0.3149965095911998,0.2340622927308838,-2.372209476865163,37.61190148850914,757
OGS,PEG,utilities_top50,0.31505049662268547,-0.11592307964499915,70.46646000098656,24.864692446392958,757
NWE,ORA,utilities_top50,0.3152361953642289,0.018258858353187694,46.66354536011569,35.08070485408252,757
AWK,LNT,utilities_top50,0.31588839230991217,4.383873165785707,-67.06353542290563,58.87233571342139,757
AVA,PPL,utilities_top50,0.3161844286626586,0.9743454285971654,9.198580788027504,32.37864709638202,757
EVRG,NJR,utilities_top50,0.3167844736675641,0.22171338158898485,40.475717345836706,42.117628577688244,757
AEE,OTTR,utilities_top50,0.3172877535669574,0.4539396987385507,46.35164241705528,34.83210005600434,757
POR,VST,utilities_top50,0.3180799309673267,0.7091038005947592,25.001649962194627,46.59657187987746,757
EVRG,VST,utilities_top50,0.3203402210784402,-0.032195258546354376,48.14342088046821,37.73277075427728,757
IDA,NRG,utilities_top50,0.32359983497937106,1.0443077076250802,49.62590859160135,31.785295999602436,757
EVRG,ORA,utilities_top50,0.326376285454107,0.07218991043212333,42.614249543742346,39.8249320423618,757
EIX,PCG,utilities_top50,0.328757689732608,0.19027760021799744,44.18614738073049,43.53635591407897,757
NI,NRG,utilities_top50,0.3296205681384957,0.1097298662042019,17.51705801026429,31.12297000339936,757
ED,OTTR,utilities_top50,0.3296325236304132,0.3630609649236507,49.069537971596965,25.453657630871973,757
PPL,TXNM,utilities_top50,0.32994954467407644,0.3957546615609084,7.637762527058109,29.10437664704316,757
BKH,NWE,utilities_top50,0.3300384361120956,1.0584962136858884,2.503323018093397,20.471055426160117,757
ETR,PEG,utilities_top50,0.33010304396729295,0.5356366261154127,16.657502024252214,50.544706335866884,757
AVA,OGE,utilities_top50,0.33151397883748895,0.515101673876795,17.221136388152686,30.317075936523,757
NEE,WTRG,utilities_top50,0.33161411245504396,2.379503779267109,-30.842684279066884,42.72209232292827,757
NWE,OGE,utilities_top50,0.33357588693995366,1.198130491186929,14.362825332894777,23.535638957817124,757
LNT,SR,utilities_top50,0.3337275935992609,-0.10159537137928973,48.813967208153684,44.69736947118041,757
AEE,PCG,utilities_top50,0.33454452042497274,-0.5330422201853123,71.60715787265532,27.791627742923904,757
OGE,XEL,utilities_top50,0.3351753049616755,-0.1972069928055513,38.385225541376784,44.41410774113518,757
CMS,EIX,utilities_top50,0.3354142754009586,0.34107696414672817,33.98482330664078,29.736143413916313,757
NEE,PCG,utilities_top50,0.3357210343284496,-1.4963305484268687,74.75661735500049,89.59106096860799,757
ATO,PNW,utilities_top50,0.3370517183474492,0.5605358106047149,50.46100328233274,21.8073794030269,757
DTE,EXC,utilities_top50,0.34043822748308217,2.336182461346177,27.111745281014883,48.739927474937694,757
LNT,PNW,utilities_top50,0.34127353817858685,-0.05480699360248957,46.65016811401155,49.32411610712449,757
ES,MDU,utilities_top50,0.3416383208925109,2.1843464384906235,47.08317919234941,32.64893975905904,757
CMS,PEG,utilities_top50,0.3445249004536983,0.49766609908605197,26.46860242009652,28.90085531835598,757
LNT,MDU,utilities_top50,0.34456623425579835,2.6348494620611076,20.42825412740797,39.40888490360037,757
DUK,WTRG,utilities_top50,0.34629376528211153,1.4436387957345833,19.459433728101285,49.75150453044548,757
EVRG,PPL,utilities_top50,0.3468719472434396,1.3689481838899054,16.0110757719045,45.962423682276125,757
NJR,XEL,utilities_top50,0.3489123468059231,-0.3820874885522165,52.01458809147049,29.041264730472868,757
ES,POR,utilities_top50,0.3513584461438797,0.07036839628200944,63.23091460766172,34.60793687042969,757
DTE,NEE,utilities_top50,0.3515564823023224,0.49638740020404376,58.80522373420971,50.92938005559864,757
NEE,SWX,utilities_top50,0.35282615705535847,-1.0394252617915212,118.43704083984994,38.92583912781557,757
NRG,OGS,utilities_top50,0.3535588110750131,-0.04290057672105932,34.22307882654372,40.11017107784116,757
ED,SR,utilities_top50,0.35382192183458305,0.4565438061365421,38.617838748696535,33.65806829349873,757
AVA,ORA,utilities_top50,0.3569303897691391,0.061904857409332076,27.41420360337033,33.39348207460024,757
ETR,POR,utilities_top50,0.3574940278157158,0.5986087819224075,18.986965015549494,47.83780761905317,757
ORA,SRE,utilities_top50,0.35756006930273954,0.9241653982663545,18.411181528532694,59.12835516979541,757
IDA,SRE,utilities_top50,0.3612294953854188,1.1141128299438066,22.27076986499533,39.72648835347283,757
ATO,D,utilities_top50,0.36500721013112597,0.749987303625554,42.14831086211418,30.16930407047186,757
EIX,PEG,utilities_top50,0.3656158095279157,0.5042427752072641,22.810096925148294,48.15259680732128,757
NI,WEC,utilities_top50,0.3661906643146136,8.525299865844373e-05,20.960007140352364,28.85384347481127,757
EVRG,FE,utilities_top50,0.3678913571268191,0.6348946933607192,28.32658043205349,37.65118536257253,757
EIX,WEC,utilities_top50,0.3688366911947698,0.19339059373369838,32.30207753906087,51.21591805926657,757
ETR,LNT,utilities_top50,0.3692049588468672,0.7293107172800538,10.349889372982556,47.36781694074463,757
NWE,PNW,utilities_top50,0.37093899736605784,0.6650228963141643,5.358531809808155,35.90688087329459,757
EIX,WTRG,utilities_top50,0.3717891791747309,0.5662389989749317,25.68050101652885,48.38237180453994,757
AEE,EVRG,utilities_top50,0.374449132748097,0.9214898897187275,21.330989109528037,40.53745801375503,757
OGS,ORA,utilities_top50,0.37513995175904735,-0.04757063398402902,68.27251294580506,25.54022572408071,757
ED,NFG,utilities_top50,0.3758080802924171,0.06587757633485904,61.47328672201366,27.53383015846333,757
OGS,SWX,utilities_top50,0.3780331803015633,0.711629387064209,22.69754587414781,26.754109492098394,757
BKH,PPL,utilities_top50,0.3787204833093085,2.078191698156046,5.342450668683155,41.913657102703006,757
CNP,ED,utilities_top50,0.3791996549573039,0.3432175119239071,-1.1056254045334821,77.23252015786541,757
NRG,SO,utilities_top50,0.3802904627787449,0.24327345326548933,20.06387026924627,40.7188503720993,757
LNT,NFG,utilities_top50,0.3814383221488708,0.20014567718095652,35.16100101070863,54.91942892322125,757
NWE,XEL,utilities_top50,0.38145243038500903,-0.11653333659304949,54.047677145875404,28.272035808835355,757
AVA,EIX,utilities_top50,0.3828246091573856,0.41608713854902213,12.299225597600445,25.914511033925972,757
EIX,SO,utilities_top50,0.3837475143440944,0.4407541378738915,25.893569160561263,48.89216237731375,757
NI,OGS,utilities_top50,0.3838185215028418,0.20073838410131248,7.913870422880524,42.41372901241403,757
AVA,ETR,utilities_top50,0.3838588612260425,0.45952614456379454,12.429341924423854,29.99736061412439,757
DUK,PEG,utilities_top50,0.38434255132703676,1.4529331029155,4.281119509490821,30.747648480147387,757
CWEN,PNW,utilities_top50,0.38456567741449954,-0.4912509381613692,49.028033988522296,43.555933495287036,757
ED,EXC,utilities_top50,0.3848402900656053,0.6539693666607513,47.36149261102393,29.2089585822116,757
EIX,OGS,utilities_top50,0.38539090761352895,0.474987735170539,15.608233241557617,44.254427536335385,757
AVA,NWE,utilities_top50,0.3862493473827595,0.5225562453189433,6.607995171288867,20.378567282409627,757
AVA,ED,utilities_top50,0.38626873202003253,0.3980328903319967,6.130141013503362,41.54547793703196,757
AVA,NRG,utilities_top50,0.38632155252891615,0.22449347819964752,24.587660411626263,32.967829883746134,757
NRG,WEC,utilities_top50,0.3864382833244698,-0.04247148995227906,34.55010722202283,41.42047622499401,757
AEE,EXC,utilities_top50,0.38913718642996387,0.985375005341926,39.923341078751456,37.979875685598586,757
POR,XEL,utilities_top50,0.3911968972465544,-0.037335483468157196,40.10070925137189,44.97080159358882,757
SR,VST,utilities_top50,0.39161145519981366,1.2356089037430866,32.93251977554397,41.53504778991729,757
LNT,ORA,utilities_top50,0.3916845088552263,0.11693121899264833,35.15307651108622,61.35544928947334,757
AEE,DTE,utilities_top50,0.3923548673517234,0.4970689938088247,21.94535755568953,26.590610550506383,757
AVA,SR,utilities_top50,0.3953899468435659,0.36996653330497603,10.993971873234486,38.30339941931367,757
NJR,NWE,utilities_top50,0.3969425671637309,0.6942903380913148,-1.3698356702603736,46.473907354030665,757
AWK,DUK,utilities_top50,0.39757220799151116,2.564123301972014,-63.881691606181214,56.837144396332405,757
CNP,NFG,utilities_top50,0.39914452544965234,0.39702636694113097,5.060560336657838,74.00990162449085,757
ES,NFG,utilities_top50,0.3995308994928079,-0.1571742134136439,72.182839248824,31.218280793196524,757
AEE,NRG,utilities_top50,0.400728323406656,0.460620436486206,50.66624347007973,35.37110566188799,757
NI,PCG,utilities_top50,0.4010550155353223,0.17265013271530333,18.87326281315145,23.5558686922291,757
ES,PPL,utilities_top50,0.40182094739146823,0.9420725538926671,44.21213380727425,43.04808847855659,757
AEE,SWX,utilities_top50,0.40200938404954,-0.19142029184300466,76.52997919160427,25.85942807979874,757
CNP,NJR,utilities_top50,0.40264940205839633,0.6205410396538524,1.1030129653682164,38.45323141685221,757
ES,IDA,utilities_top50,0.4035152691526479,0.2745375432566087,43.27814979022176,45.50388876536859,757
NRG,XEL,utilities_top50,0.4040208999357521,-0.0029774333839822317,31.590388528748257,43.91942150243765,757
VST,WTRG,utilities_top50,0.4045623369967254,-0.1811935299907024,25.180444903949315,38.513465498491676,757
IDA,PEG,utilities_top50,0.4049610367050477,1.1681382390137718,27.58837231755767,30.21534804739673,757
DTE,OTTR,utilities_top50,0.4051922634883591,0.9012365069106811,49.59705460695962,52.86848653814652,757
EVRG,SRE,utilities_top50,0.4065543310183036,0.6877209066903841,10.398242087260877,39.315920053945476,757
SO,VST,utilities_top50,0.40729302763373704,-0.6283813359846987,58.37442613506341,40.251869189452755,757
AVA,VST,utilities_top50,0.40837841345110854,0.15705645492817194,28.735518483245865,33.314503895250354,757
ED,NEE,utilities_top50,0.409002627773023,-0.05608616127397264,67.27605334575557,25.16475099627255,757
ETR,XEL,utilities_top50,0.4094221413607553,0.5179851287555133,14.538430919284455,62.569576477264576,757
NRG,PCG,utilities_top50,0.41290549978606805,0.019894412566965416,31.192425884852923,44.41311432049048,757
EIX,LNT,utilities_top50,0.41469040808543706,0.38330936989906733,29.955631594058712,50.97499568734343,757
BKH,SWX,utilities_top50,0.4156917923534231,0.6367635204264771,15.345468961558495,39.82998931148386,757
AWK,PNW,utilities_top50,0.4159870621859892,-1.5084710840527398,218.5932012440706,45.72066146589286,757
CMS,XEL,utilities_top50,0.41694911125855083,0.6659015085745532,14.77712566375255,25.381871932480028,757
SO,SWX,utilities_top50,0.4172035440387468,-0.17791140401425265,57.31775551329255,38.7973965679336,757
DUK,MDU,utilities_top50,0.4187553322462883,5.156271745373358,28.068826964081453,23.945454610727417,757
FE,NEE,utilities_top50,0.4195050832784858,-0.09404163332278324,35.597974758351796,52.99657591916249,757
AEE,PNW,utilities_top50,0.4222351555471004,-0.10531543010878297,71.88399922337527,29.435139553783465,757
CMS,ED,utilities_top50,0.42259961479001135,0.33131189389819465,28.605160300787716,42.30467113440468,757
ETR,PNW,utilities_top50,0.42338978435849184,0.2161075217515909,27.986692918882834,60.47585644154063,757
LNT,NJR,utilities_top50,0.42671984990912565,-0.12461774963941752,47.11785986899423,50.96896410542474,757
AES,OGS,utilities_top50,0.42715994655452555,-0.2828283321001835,34.106480085000484,43.17236374966603,757
CWEN,LNT,utilities_top50,0.4293802141138018,0.8591068600411427,-19.47019474746626,56.89992059415659,757
NRG,WTRG,utilities_top50,0.42943215064544027,0.27840985820597114,21.200536068517007,43.05805967688693,757
CNP,PEG,utilities_top50,0.4298756091675326,0.44517308846110626,-0.013589169985234326,83.17973297947599,757
AVA,SWX,utilities_top50,0.4346296850918866,0.18039815565410425,20.915067181526158,41.71182958943487,757
CMS,TXNM,utilities_top50,0.43548180919556684,0.6102383406378524,26.097872641612675,32.20514534612255,757
FE,SR,utilities_top50,0.4374245473053344,0.5312578637764555,0.6205425876040531,37.199831225878235,757
DTE,UGI,utilities_top50,0.43829734415592236,0.8559380922948371,59.266712394199125,53.82900988017362,757
OGS,UGI,utilities_top50,0.4401865500693257,0.3205907405477894,54.66845875460559,28.955581958345203,757
WTRG,XEL,utilities_top50,0.441618187616091,0.6412412336543436,2.988635899720318,54.00185642146223,757
AVA,EXC,utilities_top50,0.4428442212781041,0.43432425500874716,20.52724583868273,36.931097432795866,757
AES,MDU,utilities_top50,0.44308142024144687,2.5715375115156394,-6.452736431926765,50.280504284954255,757
ES,LNT,utilities_top50,0.44393747810072537,1.1586955504239087,15.924505598373369,34.34954342478866,757
NJR,POR,utilities_top50,0.4450648002822865,0.7074181930718746,4.917289804010174,43.19516611950741,757
CPK,EXC,utilities_top50,0.4467522190418141,3.7540634900576877,-6.329761464120698,75.21990651415739,757
TXNM,WEC,utilities_top50,0.4471328008711011,0.23252892418114582,21.847664310527264,46.89974123744589,757
OGS,OTTR,utilities_top50,0.4476653673092772,0.07226926336650911,62.029886452370164,29.24183380861767,757
EVRG,SWX,utilities_top50,0.4492194019008468,0.1515389961240487,38.534320209474615,49.25120308801388,757
ED,OGS,utilities_top50,0.4495697320644689,0.56070497657304,27.642520593745402,27.27136919808709,757
EIX,SWX,utilities_top50,0.450043581506116,0.36328600539862504,24.886302624478713,50.908722286355676,757
AEE,MDU,utilities_top50,0.4506016458067153,3.212523743003201,37.450092737012156,24.127498670601184,757
AVA,OTTR,utilities_top50,0.4510895585193524,0.23576660461858787,21.883324277212797,38.065619491994575,757
BKH,XEL,utilities_top50,0.4523184631559815,-0.07807231233139113,57.328327189680245,34.16142385999715,757
LNT,UGI,utilities_top50,0.4523719870384682,0.007421334156383775,42.90357313601822,58.02757210344696,757
ED,ORA,utilities_top50,0.4539257871818,-0.01662503398782745,65.23665246894687,26.70005384341901,757
BKH,NFG,utilities_top50,0.4563348124075486,0.2876752595698573,41.74404810947167,40.36686661796162,757
AVA,NJR,utilities_top50,0.45681804411009325,0.35835041983234256,20.21490693972639,29.791097090376997,757
NI,WTRG,utilities_top50,0.457826732378018,0.06587630533043641,18.544953004434653,33.70259300324866,757
CWEN,DUK,utilities_top50,0.4583781037345977,0.5312225601585204,-20.930304278339943,58.14399924972514,757
IDA,PPL,utilities_top50,0.45982365697927297,2.625552177694575,21.968163138187652,39.00355322239167,757
OGE,WEC,utilities_top50,0.46019410693155854,-0.09962437350416875,35.31092686541042,55.01963735235356,757
NI,PPL,utilities_top50,0.46051519229180593,0.48067318531272807,9.89313161706569,37.54093326456335,757
CPK,DTE,utilities_top50,0.4605483841024587,1.4080241920328467,-32.6101686967897,53.52192443612846,757
PNW,TXNM,utilities_top50,0.4607702974560052,0.6904697631501682,37.120371098546265,55.25789176110908,757
BKH,NEE,utilities_top50,0.46079342409344254,-0.06396651033308527,56.83874822766227,34.546942017380985,757
AVA,WTRG,utilities_top50,0.4610747323154717,0.348100806111201,18.849714883014343,39.80549897829537,757
AES,DTE,utilities_top50,0.46194827913459774,0.33918046232943044,-13.761443982981158,51.28872917083327,757
AVA,AWR,utilities_top50,0.46198850701543015,0.1998914774064125,17.406614183031447,39.656785569665004,757
AEE,SR,utilities_top50,0.46274590697392154,-0.1779411873529364,75.07730033290136,26.355136015832294,757
EIX,ES,utilities_top50,0.4633892169535299,0.1990051579663407,33.37553764817311,53.63588064562,757
NI,SO,utilities_top50,0.4657738251767005,0.05890369861087175,18.213314666705315,33.97152579394489,757
AVA,CNP,utilities_top50,0.4660565014115663,0.3427616098064215,24.482352563427064,32.50850456968946,757
ED,NRG,utilities_top50,0.4665899162609884,-0.0022479962519109417,64.17128987257325,27.199476515086342,757
AWK,WTRG,utilities_top50,0.46683249132987964,4.597137028733174,-46.89863027272663,58.47206594627006,757
NWE,SRE,utilities_top50,0.46715089516459907,0.7134277330115272,9.373694035101304,34.91925559286699,757
AVA,XEL,utilities_top50,0.4673734097246169,0.10217007206914831,26.2641823083479,37.62455071682854,757
MDU,WTRG,utilities_top50,0.46773311835450093,0.20688756964033295,1.0167469966731348,51.292170992543426,757
AVA,NFG,utilities_top50,0.46872831316502506,0.07677043606582501,28.582527563375578,33.52637541592639,757
EVRG,OGS,utilities_top50,0.46875964127783176,0.10305960561471247,40.84601317524804,47.78183444148877,757
DUK,NRG,utilities_top50,0.46878258242972864,1.165156469456943,35.89588969340236,48.385756068895105,757
AES,PEG,utilities_top50,0.4688797267416057,0.6687581280225113,-15.693085956057589,56.042799986744534,757
ED,SWX,utilities_top50,0.4697808539293328,0.48869666467831224,35.03525371101405,24.667209949764455,757
MDU,NRG,utilities_top50,0.46987960269650075,0.21939920504675267,1.7244750077373607,53.306407685135945,757
NRG,POR,utilities_top50,0.46996776052105754,0.2959014938866918,20.149492476534068,44.77663003766553,757
FE,OGS,utilities_top50,0.4702664730811564,0.4973643737618389,-2.065953414298543,43.99565166112564,757
LNT,OGE,utilities_top50,0.4703926355500683,0.04568962960501787,41.863906795992484,59.92219463920281,757
DUK,NFG,utilities_top50,0.4721379958895872,0.66796114588062,45.8812155892812,54.147820755099914,757
BKH,CWEN,utilities_top50,0.4724054458642201,-0.24352583806957553,57.50186721636535,33.452451235481,757
AEE,PEG,utilities_top50,0.4730352186910668,0.971080942974519,19.536493991153023,27.00310178957935,757
AVA,PEG,utilities_top50,0.4730569094846606,0.28798056497533653,18.118730558229867,34.58831775236372,757
AWR,IDA,utilities_top50,0.47435796323609625,0.7791722186984632,6.982561476056721,34.43494188520844,757
POR,PPL,utilities_top50,0.47486606991533203,1.4716065554065332,4.2336997917685,54.61169188341082,757
IDA,NJR,utilities_top50,0.4750308028884008,0.8394685141795072,55.6778686241334,38.05154567032329,757
ATO,SRE,utilities_top50,0.47766694848641866,0.8571667134377147,40.025964472069695,16.205537756621904,757
TXNM,XEL,utilities_top50,0.47795208738314043,0.30896725607274206,22.640616932386855,52.890728289135026,757
NRG,ORA,utilities_top50,0.479623674297798,0.0813243449116416,25.87652979981681,43.95298919797369,757
AVA,SO,utilities_top50,0.47991045200509186,0.3098779050529589,17.16171379078568,36.6943595660164,757
ETR,TXNM,utilities_top50,0.4802035842403787,0.8157503554251126,10.073587458575712,49.37362065967117,757
CWEN,ES,utilities_top50,0.4809355476410485,0.644179873955295,-24.866261547726303,31.701810508321127,757
ED,NWE,utilities_top50,0.4821146093231087,0.659611640811107,32.49783317353333,27.546865533003047,757
ES,EVRG,utilities_top50,0.4836129939185334,0.781857364844366,28.739305268607158,47.45971442694746,757
IDA,VST,utilities_top50,0.4845906230131747,0.7537235495779305,68.49284526867524,42.06168652805443,757
FE,IDA,utilities_top50,0.48521739982330114,0.40054914755938115,-2.7525563560112265,59.41167068647161,757
MDU,NFG,utilities_top50,0.48555754896554215,0.11307769204369114,4.111198743698419,68.74732887011874,757
NJR,PCG,utilities_top50,0.48559099033078496,0.6989498102947093,23.42124002401998,32.20347828891469,757
MDU,SO,utilities_top50,0.48672290999422674,0.1843608890215505,0.0046135157870051575,32.21333521777569,757
CNP,NRG,utilities_top50,0.4890765242402033,0.5529159720516004,3.5146920490385187,62.36018232393345,757
AVA,NI,utilities_top50,0.49222434487224664,1.261652169626013,5.19216787416283,33.76031782104013,757
AVA,PCG,utilities_top50,0.49315494386314035,-0.010823026279804278,31.775504150155,32.09665120634244,757
DTE,OGS,utilities_top50,0.4948344484694703,-0.13105540064756138,95.43062490425851,50.15671131505072,757
OGE,UGI,utilities_top50,0.49582091164659214,0.44147493644812014,13.743221177351835,58.5763843823115,757
AWK,SWX,utilities_top50,0.4962594837228684,-1.7136102736954009,223.9884359789195,42.29461034958269,757
NWE,WEC,utilities_top50,0.49715388584503084,-0.01098148020017056,48.717020904358144,33.39120986393009,757
ETR,NWE,utilities_top50,0.4971784463182378,0.4329533598067704,21.071399100214688,72.25671409524332,757
OGS,PCG,utilities_top50,0.49719181547918695,0.5876803913829162,57.89758484147435,22.80136342321667,757
SR,WTRG,utilities_top50,0.49727846840373924,-0.10386158219965723,59.63421736892328,40.68057863404466,757
EVRG,WEC,utilities_top50,0.49822871778582084,0.3504971330509579,21.828096732798357,57.46340024831503,757
AVA,CWEN,utilities_top50,0.500749450132862,-0.014432030926614865,31.898222778565454,32.076320157296315,757
EVRG,PNW,utilities_top50,0.5014821449524118,0.10002940760693946,41.14658435889613,47.96198952451812,757
CWEN,SO,utilities_top50,0.5019288784450854,0.7337917286471115,-16.700338858147266,53.11141815908841,757
AVA,DTE,utilities_top50,0.5026695621915601,0.16246848173837358,17.524300834998645,33.14245516680287,757
FE,ORA,utilities_top50,0.5030666350629771,-0.01132946925341694,31.047794086016605,65.04203415823346,757
SR,SWX,utilities_top50,0.5040164413297401,0.7557109022115257,10.870621968105311,48.80367094199959,757
AVA,MDU,utilities_top50,0.5042237544920845,1.6911131590932524,17.065242516783528,22.07611481218244,757
SWX,TXNM,utilities_top50,0.5070374035043393,0.37402571621564823,44.92181346467016,45.54926199159295,757
CNP,CPK,utilities_top50,0.5076646505333506,0.06801636893364361,14.789681686587796,116.57584049555703,757
NJR,VST,utilities_top50,0.5081698296920762,1.076694579557243,11.953422521223954,45.97512999611456,757
BKH,ES,utilities_top50,0.5087474012073211,-0.017480679151544016,54.36938930923059,37.02034550606952,757
NI,PEG,utilities_top50,0.5094139671246225,0.14170180510142194,14.310961503636875,34.41879969356985,757
DTE,ORA,utilities_top50,0.5095568987272779,0.23131056433312566,71.10319219276808,65.80370428649704,757
AEE,ORA,utilities_top50,0.509649555773235,0.12386918228621467,56.68094848790651,37.23892248804559,757
AVA,AWK,utilities_top50,0.5097227167395593,0.013397534270338296,30.008848865770144,33.69579144385372,757
NEE,SO,utilities_top50,0.510082025581162,1.8099658007223924,-27.974402223651897,65.89170497227879,757
AEE,CMS,utilities_top50,0.5102855265493551,1.3185434650465384,-0.5742478683432473,44.88282180140494,757
AWR,CMS,utilities_top50,0.5103787971047771,1.4636286952557502,-1.7237828780661708,34.69124305141225,757
MDU,NEE,utilities_top50,0.5105457992824859,0.06245478024867726,5.084984468901835,63.62199134210072,757
EXC,IDA,utilities_top50,0.5108465387956045,0.35885960418176266,-3.992579702774854,41.6921494074994,757
EIX,SR,utilities_top50,0.5109191765362098,0.39550542368449143,24.417016659923203,53.25191607107261,757
BKH,NRG,utilities_top50,0.5109926645040879,0.5701247354476852,35.296087232832676,42.05993694039181,757
AVA,NEE,utilities_top50,0.5115839838868794,0.02193575050897798,30.40236416902795,33.11530176114824,757
ES,PEG,utilities_top50,0.5118707177657352,0.6602428785163007,34.90479760737471,39.07796228281288,757
PEG,SO,utilities_top50,0.5122600847936672,0.6213071153966935,17.929275817788657,48.42862951087572,757
CNP,OTTR,utilities_top50,0.5129723653560028,0.33733651095286865,6.928761391794941,97.05414507596035,757
ED,MDU,utilities_top50,0.5151790667769135,0.8027284637394995,57.18031946058877,28.221841551371774,757
NRG,TXNM,utilities_top50,0.5168846697621605,0.46324715236217395,13.408492348605757,42.79549931860966,757
ED,EVRG,utilities_top50,0.5170056089784875,0.5265390041440509,39.06520075287251,35.21796618883564,757
NEE,SR,utilities_top50,0.5180060573457945,-0.9714478503794995,110.83998232561684,44.65353130346108,757
PNW,PPL,utilities_top50,0.5182855266903031,1.2833473986362887,34.422683214970995,67.94141187463373,757
NRG,VST,utilities_top50,0.5219250352783709,0.5296557130327469,21.624057607601795,52.832291574696875,757
ED,ES,utilities_top50,0.5246713038988934,0.09194738392418236,58.03997144362097,32.339419380348936,757
EVRG,XEL,utilities_top50,0.5281360790869125,0.4073513124834049,26.096660453387265,56.60513187668731,757
AVA,CPK,utilities_top50,0.5292698612534056,0.07435923875253199,24.96981211524176,35.74011310600973,757
AVA,D,utilities_top50,0.5292960759539903,0.21481056099039147,18.990430747062696,46.118157021165324,757
AWR,CPK,utilities_top50,0.5298863123389183,0.29346798277402647,44.8853802621167,38.549284281572476,757
BKH,PCG,utilities_top50,0.53131539997185,0.4921072903467654,47.251451114410834,31.634242794743162,757
AVA,LNT,utilities_top50,0.5316891432965363,0.28448458993670256,19.370710752173384,39.27451934887689,757
DUK,EVRG,utilities_top50,0.5317661731459095,1.267664440976811,12.247128592283076,65.70168948914244,757
AVA,DUK,utilities_top50,0.5329332511305896,0.18384820542338023,18.311451726040946,38.833500040676725,757
AVA,IDA,utilities_top50,0.5337992543237828,0.33613597265004025,3.9291280204830112,36.23295166810723,757
POR,WEC,utilities_top50,0.5367054203317548,0.05923707218837276,33.78793742934791,57.47392085192622,757
FE,SWX,utilities_top50,0.5368239866782268,0.4408532408724984,4.053754217308678,50.169709564681526,757
EVRG,SR,utilities_top50,0.5369277024871227,0.23257438313163548,34.565600555093816,56.6110798785174,757
FE,XEL,utilities_top50,0.540037539484295,-0.15505237436780972,38.43844268435692,47.0270806042742,757
AVA,CMS,utilities_top50,0.5408057892466621,0.3396913168346801,14.713247904462069,45.14336924124341,757
DTE,PCG,utilities_top50,0.5408385811942304,-0.19323244573514006,89.25166787474333,59.320274323628304,757
LNT,PEG,utilities_top50,0.5426982928781574,0.7563539388766527,7.619607855613943,53.21961045606582,757
EXC,NRG,utilities_top50,0.5430937085424307,0.5721486849161266,7.611512247162833,49.32771769381287,757
ED,PCG,utilities_top50,0.5443969113845694,0.22206939332171063,61.408528196264086,25.92843713804779,757
PEG,UGI,utilities_top50,0.5448082204129578,0.4239215175632865,33.27644291772896,50.12086221945894,757
ED,SRE,utilities_top50,0.545287866031941,0.6295912769844695,30.09173623012452,27.193734170526,757
CNP,D,utilities_top50,0.5467784160902809,-0.18903160743759176,32.030137083199925,60.49362081844858,757
NJR,OGE,utilities_top50,0.5470211160132311,1.0581308820988231,2.2661436713163026,40.74039091229409,757
EVRG,POR,utilities_top50,0.5476318322867977,0.7378411541742007,19.409808247394686,44.754620934322766,757
BKH,ORA,utilities_top50,0.5478964640777485,0.03028820024378072,51.147501510245064,39.54567978362036,757
EVRG,OGE,utilities_top50,0.5500351836953756,0.5229213050423833,32.90502820522363,43.679594582671776,757
DUK,NEE,utilities_top50,0.5502406307814945,0.506607419999498,43.838398622101856,40.906465129632835,757
ED,XEL,utilities_top50,0.5507335996088156,0.07176749765549646,60.321462761467004,29.97861423249618,757
IDA,PCG,utilities_top50,0.5510092999189388,0.01396758940488338,82.28293489352615,40.35265105819332,757
IDA,MDU,utilities_top50,0.5530740400122549,4.058589107060082,47.463236518384676,26.509721579752174,757
AWR,ETR,utilities_top50,0.553887959509852,1.3332696452243527,15.476775793791838,29.736856110489814,757
NRG,OGE,utilities_top50,0.5557857109406866,0.4081711306768283,20.004559712213364,48.6542413400221,757
CNP,POR,utilities_top50,0.5562418199707112,0.473012345604428,2.856657522085551,81.53904519403564,757
NWE,WTRG,utilities_top50,0.5571490297472628,0.19645143037999646,40.690562660165675,41.917817559921595,757
AES,LNT,utilities_top50,0.5573312484182117,0.5686024307059573,-8.814910980411938,79.04376837500095,757
FE,SRE,utilities_top50,0.5573754246668495,0.5046428771067631,3.014124577411567,64.8620888101776,757
NJR,SWX,utilities_top50,0.560801724297749,0.5103912148631259,1.5387937717812916,54.825307914810125,757
AES,SO,utilities_top50,0.5621264282005471,0.5308190187932276,-9.092140063600512,54.93798360730169,757
LNT,NI,utilities_top50,0.5632602404504982,0.542961846471936,31.759363609047593,82.82467945439491,757
BKH,WEC,utilities_top50,0.5640551405236641,0.02961195749922952,51.04427197194841,40.102353894297806,757
OGE,PCG,utilities_top50,0.5650920893796941,0.3753974161194111,23.44975147838485,57.28202802315471,757
PEG,WTRG,utilities_top50,0.5655620324478094,0.720630656935236,20.479881175121573,58.45636448686581,757
AWR,LNT,utilities_top50,0.5668115463757154,1.2464990753309315,17.449058290719822,30.849184734907375,757
AWR,EXC,utilities_top50,0.5669068803469484,1.2293752951899763,39.75972923812288,40.970296555461246,757
OGS,TXNM,utilities_top50,0.5690162696287109,0.34975434632630825,51.41284238600616,33.8711953223083,757
DUK,EXC,utilities_top50,0.5715560062897623,1.7340558450063122,28.135703207343703,73.39401590055121,757
AEE,PPL,utilities_top50,0.5728462096777789,1.3023966601365597,35.142261765667385,49.764086028071425,757
DTE,SO,utilities_top50,0.574679979885609,1.308341981779708,25.761927267882555,46.881678796162774,757
BKH,CPK,utilities_top50,0.5765158899746535,0.08544221377015764,45.5478660823201,43.88868325793305,757
CNP,VST,utilities_top50,0.5766491326287992,0.8643311826395734,4.886896500442116,56.1221913319017,757
NRG,SR,utilities_top50,0.5782832462024138,0.10219289309578124,25.72952703319186,49.254384045927445,757
AWK,SR,utilities_top50,0.5801892121928218,-1.7155574107735327,217.82780399448293,42.057011483929095,757
CWEN,XEL,utilities_top50,0.5804225832442425,0.7621764483526257,-22.54056051960289,51.5662229117237,757
AES,TXNM,utilities_top50,0.5812748963836497,0.6940462622473953,-11.289140830796812,81.72513993378514,757
ED,WTRG,utilities_top50,0.5816437467623259,0.26670470665905693,54.29778930916068,33.07223222082381,757
IDA,NI,utilities_top50,0.582655763512574,3.2212449024011063,14.914793457658828,40.44751695975858,757
ED,SO,utilities_top50,0.5829890261764966,0.24427841987797463,52.683927447110044,33.9999965381229,757
AES,CPK,utilities_top50,0.5830192528594518,0.20959179852620446,-3.096521580010787,58.46837795514361,757
DTE,VST,utilities_top50,0.584131996927862,-0.06394075001016057,88.09337420897194,60.03356286781641,757
OGE,OGS,utilities_top50,0.584640063451842,0.4242981201292804,0.41194010820542165,42.90048519329673,757
AVA,EVRG,utilities_top50,0.5847983453146673,0.4690793252045544,9.340916149911335,34.54789567685894,757
NJR,WEC,utilities_top50,0.5848773639701039,-0.2928619012874004,53.3843029632707,28.30690748512654,757
ED,ETR,utilities_top50,0.5856883103249829,0.7153146265986718,34.18994649402137,30.26953607140095,757
SO,SR,utilities_top50,0.5860480347295628,-0.015549705724201796,47.60435794172196,54.03848746336274,757
ES,ETR,utilities_top50,0.5874079516411937,1.0136962793251194,23.526964951205414,44.281925892121215,757
NRG,SWX,utilities_top50,0.5879284184511562,0.07838395224368337,26.771693610144805,49.02056428138227,757
NRG,PNW,utilities_top50,0.5909264577264679,0.04365313141585809,28.640377700800244,48.00661253658302,757
AWR,PPL,utilities_top50,0.5927474790227412,1.7595523729538658,30.692765647246773,51.85122198999357,757
CNP,DTE,utilities_top50,0.5929584544414686,0.20992182067739856,2.6507047896078904,106.79208465518812,757
ED,LNT,utilities_top50,0.5944798445544519,0.29394320047794575,51.418963908233906,34.13211680242512,757
NRG,SRE,utilities_top50,0.5946752139112096,0.22448849203064933,19.30731430152187,51.29374738574241,757
DUK,OGS,utilities_top50,0.596028791901464,-0.3557033064189139,95.64946106996705,33.65996513536388,757
AEE,CNP,utilities_top50,0.596535806636563,0.2021291213048214,60.921748615733904,36.88063471683291,757
IDA,NEE,utilities_top50,0.5992918413267805,0.18096658803031482,72.20648886687157,41.84348423773654,757
SO,UGI,utilities_top50,0.5993860718771545,-0.001033461401846146,46.76979954555861,55.71666734739188,757
CNP,ES,utilities_top50,0.5996829849423424,-0.1535669911800228,31.01710708758339,63.692479092516294,757
FE,NJR,utilities_top50,0.6003849513237004,0.47416017217858547,15.150545317343845,61.53643068709392,757
BKH,OGS,utilities_top50,0.600424129470788,0.6832518040520451,8.79082594923768,55.189844428445326,757
AEE,OGE,utilities_top50,0.6007967227591117,-0.056468566169319445,66.72635718854943,34.53936388518945,757
FE,PPL,utilities_top50,0.6009371964714031,1.1006834216140253,4.917495951201805,77.10708891173621,757
OGE,ORA,utilities_top50,0.6026380134366485,-0.022874321400152817,29.56366567616255,77.81008986688926,757
NWE,PEG,utilities_top50,0.603008903265778,0.3808909243777055,30.021928926925785,47.60786330044008,757
CNP,PCG,utilities_top50,0.603749902021449,0.38280160560900506,16.25421161184887,79.13015071579416,757
CNP,MDU,utilities_top50,0.6038172341600477,1.2266193643355066,10.320168694049146,122.96001726424632,757
AVA,ES,utilities_top50,0.6056487719355051,0.10687367384907524,24.59978583154163,40.25060479576399,757
IDA,ORA,utilities_top50,0.6056887141752527,0.09356837421915568,76.05852770859994,42.571462163285474,757
DUK,OTTR,utilities_top50,0.6057082284892812,0.7385106768955392,41.945868715845236,60.33319732263381,757
CNP,WEC,utilities_top50,0.6059052898339256,-0.12948044868469635,30.395948453921868,70.01793948545814,757
UGI,VST,utilities_top50,0.6059218576765821,1.282279718692349,8.546310903892264,79.85254047917745,757
AEE,UGI,utilities_top50,0.6074960035818602,0.03695065875573995,63.95188466560388,35.72546052579903,757
MDU,TXNM,utilities_top50,0.6080464586192933,0.2696619654385013,-1.8716594636210346,48.98539874896277,757
OGE,OTTR,utilities_top50,0.6084442973687725,0.2780351860630484,16.489676399285074,95.23385827026388,757
PEG,PPL,utilities_top50,0.6085876486735858,1.5488627643812556,11.28623818480052,67.7709799797342,757
NWE,PPL,utilities_top50,0.6086455799058852,1.6318126502391932,10.319610080489657,49.802014122635406,757
MDU,PCG,utilities_top50,0.6088769610136173,-0.05722899683451291,9.314756903095562,67.0203615994118,757
ED,PEG,utilities_top50,0.6099693240786863,0.3406610307814755,48.100818131009106,30.84743286715714,757
CNP,XEL,utilities_top50,0.6102110322622047,-0.16302593552086847,29.479523891711626,72.44055520583228,757
CNP,ORA,utilities_top50,0.6117392393082011,-0.030017177855043868,22.94597231660041,108.20922077595176,757
CNP,PPL,utilities_top50,0.6117590883518166,1.0842995470284085,-4.083867482599405,72.569828760493,757
MDU,UGI,utilities_top50,0.6124383839846771,0.10572417962821634,5.206629721762321,77.20837181298899,757
AEE,NJR,utilities_top50,0.6124614454242876,-0.1421232900756083,69.67814787381676,32.28682119423462,757
OGS,PPL,utilities_top50,0.6140033049523211,1.1088735208544267,39.477103163782914,37.263811635597484,757
AWK,OTTR,utilities_top50,0.6143138482660799,1.3280131530209496,67.08989524095911,130.52776716715002,757
AWK,NFG,utilities_top50,0.6145770872246025,1.0493039419033297,80.22246056456092,130.00220105940613,757
SR,UGI,utilities_top50,0.6160857572893506,0.6230286689991746,35.696090979690176,41.715953583057036,757
AES,ES,utilities_top50,0.6163105890056494,0.32570234607742143,-5.752029102286184,88.0059653076447,757
IDA,SO,utilities_top50,0.6171587905437177,0.8387671533956751,43.25128362462369,49.277358755560975,757
AES,NRG,utilities_top50,0.6177690007162212,0.5955328749409544,-3.003300419851038,90.41783808208342,757
AVA,WEC,utilities_top50,0.6190561991944742,0.1290494604866488,22.17480827588516,43.492595886086974,757
CNP,SO,utilities_top50,0.6192068006557542,0.06021008210750841,18.08082846755843,128.39590454897044,757
CNP,WTRG,utilities_top50,0.6202126650338653,0.014234090122596688,20.371652730588075,121.04662733545595,757
AEE,FE,utilities_top50,0.6218639316439487,0.01690006380066681,64.63357650841482,35.898625892216984,757
AES,WTRG,utilities_top50,0.6221116503716977,0.6178793986081285,-6.9939612450135815,72.28000168368068,757
NWE,SO,utilities_top50,0.6225877526619475,0.2238361139141335,37.44991386698683,44.23371800701054,757
CNP,LNT,utilities_top50,0.6229351848071982,0.08050661534278852,17.421515810661738,129.49742145789824,757
MDU,ORA,utilities_top50,0.6247454922581352,0.03949764614068793,5.922020979711359,76.06385055830002,757
LNT,NWE,utilities_top50,0.6252129064054437,0.127881206825283,37.01630063774088,79.10712654989302,757
DTE,FE,utilities_top50,0.6264164711549592,0.29709309935079364,77.91506735386476,69.44058653141983,757
CWEN,SWX,utilities_top50,0.626638565415844,-0.5067953627467896,47.73626127812337,45.325909786915915,757
AES,AWK,utilities_top50,0.6271723607101314,0.13170582349447318,-0.36101576343573427,74.02840168635522,757
OGS,POR,utilities_top50,0.6289571557284617,0.878690149151179,31.51333820945827,32.55551353031822,757
NRG,NWE,utilities_top50,0.6290086837290902,0.22278733581213708,20.75958994281045,52.63234154988514,757
AES,SWX,utilities_top50,0.6298802728589318,-0.24823638901127032,30.48037272069279,59.98332438107495,757
ES,TXNM,utilities_top50,0.629903146355876,0.7786727928232724,35.61595945935832,43.490367426808554,757
BKH,TXNM,utilities_top50,0.633465045114785,1.0156015007714232,13.699750373220022,52.02740699667583,757
LNT,VST,utilities_top50,0.634627920021843,-0.6389309948584295,54.9766326141953,36.79191256308203,757
CNP,EXC,utilities_top50,0.6348480000900404,0.8927457691513142,-1.9560722407977642,71.41722849934962,757
ED,WEC,utilities_top50,0.6352568764734071,0.1785815993681108,50.99652915340918,38.5479104762496,757
EVRG,TXNM,utilities_top50,0.6357141970692524,0.700768909224657,20.27998118171539,51.822722596300785,757
NI,SRE,utilities_top50,0.6366512459370187,0.2086914879658776,9.69328893896744,38.60751797587922,757
OGE,WTRG,utilities_top50,0.6369287005235418,0.02339228874131326,27.140819969319995,87.20739702491477,757
CNP,DUK,utilities_top50,0.6376913374697326,0.14597797051604927,10.308370727824926,138.1694851290039,757
AEE,VST,utilities_top50,0.6377561247009993,-0.9109123642946807,82.01585025874364,22.421896715350385,757
CNP,TXNM,utilities_top50,0.6379950487085319,0.49597396742387634,1.5963113594775116,94.32301014645752,757
AWR,D,utilities_top50,0.638102813393239,1.1968728143484801,0.722760402014855,65.68384078029653,757
CNP,NEE,utilities_top50,0.6386369535052587,-0.03926076182496984,23.117656075739493,114.12249268589356,757
NFG,NRG,utilities_top50,0.6395234188134563,1.0552703769529608,6.711218937339096,56.62028341850154,757
FE,UGI,utilities_top50,0.640394354385319,0.2734115834259194,21.443825016236673,63.548601967375745,757
NJR,PPL,utilities_top50,0.6413554103981545,1.1236982218781888,6.008140946484085,72.77034008769631,757
PNW,POR,utilities_top50,0.6416043953801236,0.7228407168245308,36.42149167008652,61.85106039870765,757
OGE,SO,utilities_top50,0.6449089787764891,0.03638340728006666,26.300182529296585,90.4943618274092,757
EVRG,NI,utilities_top50,0.6463188541820977,1.5411682411373795,15.23460671612507,60.99790029408911,757
CPK,WTRG,utilities_top50,0.6466511331573827,2.6724825776217074,-8.468142768801073,89.67564587007581,757
BKH,EXC,utilities_top50,0.64692326211629,1.1548741513602578,23.656764278387783,51.17142335016014,757
NFG,PEG,utilities_top50,0.6472520011054397,0.8478233655519398,0.06249104073525376,80.41638106535731,757
BKH,PEG,utilities_top50,0.6479910898426474,0.5932786617848272,25.35267257539138,52.42789071050576,757
AVA,PNW,utilities_top50,0.6493206612116791,0.25568301191078335,15.283963310732354,38.90192575883022,757
UGI,WEC,utilities_top50,0.6494575199713197,-0.31889350560516105,55.69491948108873,58.77513464409307,757
NJR,TXNM,utilities_top50,0.6506247388324795,0.5315996304669203,11.209728796405281,70.04276712461893,757
CNP,EVRG,utilities_top50,0.6523027283416452,0.2604389211614094,8.51170518541202,139.19040288651075,757
BKH,IDA,utilities_top50,0.65231453961014,0.6531522866650232,-0.6367217895263088,36.37537143638471,757
BKH,SRE,utilities_top50,0.6529247233499521,0.8740039704148166,6.005728952679126,40.09944331166123,757
NJR,NRG,utilities_top50,0.6531181609752058,0.5755823720521716,13.80182994489225,60.72353626204884,757
AEE,IDA,utilities_top50,0.6539415710273659,0.48549213544941766,25.11527848695709,55.3941982349482,757
IDA,POR,utilities_top50,0.654405753877534,1.3818684906725374,29.755146978911064,35.36378241870089,757
BKH,D,utilities_top50,0.6558242010753655,0.17529630088242945,42.89096344199158,48.014225872241234,757
ES,SRE,utilities_top50,0.6558535143392117,0.7134041504908982,27.378145453936114,46.87057871518903,757
OGE,PEG,utilities_top50,0.656029124520549,0.2566824466422052,15.9450216004663,117.5967148824913,757
CNP,EIX,utilities_top50,0.6562115563619239,0.34675908137858646,4.773017409163829,100.67187607705621,757
CNP,CWEN,utilities_top50,0.6563923869498257,-0.08978101157710418,22.47448103619016,116.522987533655,757
DTE,SWX,utilities_top50,0.6577707327611608,0.15315986971129705,77.79992593048026,72.66104049005705,757
NJR,PNW,utilities_top50,0.6579595093070978,0.47813393951490946,1.300200052761783,77.62997922353819,757
EXC,PEG,utilities_top50,0.6583826672078814,0.5505401723501923,-0.26098595260066193,65.64225730241505,757
AWK,EXC,utilities_top50,0.6604299257715895,2.986381069917388,45.63095097121223,153.9763429406476,757
OGE,PPL,utilities_top50,0.6607897166536236,1.215743286034984,-0.00611898107655024,76.41436920945938,757
AVA,OGS,utilities_top50,0.661155101225096,0.28049803542775154,13.405781868730157,44.14689343176344,757
EIX,NWE,utilities_top50,0.6622321908908815,0.6376080864080783,15.94426434065846,48.76197298880467,757
POR,SWX,utilities_top50,0.6642113292925282,0.4541437947855539,11.124349173796979,64.49037870822002,757
FE,VST,utilities_top50,0.666229819869036,0.7701824927836048,16.009381225735307,55.98977455602563,757
DTE,WTRG,utilities_top50,0.6669643478488149,1.542310403176247,30.22091841176394,55.82494845588852,757
MDU,OTTR,utilities_top50,0.6671154171115257,0.11712686722121803,3.771812031943295,81.1250530710193,757
CNP,OGE,utilities_top50,0.6679200154531613,0.8352175942211665,-2.4917721308993444,61.08005462093171,757
FE,WEC,utilities_top50,0.6680061101605341,-0.006007779484568543,30.714469950034207,65.54828409240913,757
CPK,OTTR,utilities_top50,0.6685102292431466,1.6680648174259867,20.700459105672174,90.74222152489597,757
DTE,SR,utilities_top50,0.6719779889831237,0.19582006974115726,75.97911427666186,75.5204859458006,757
CNP,NWE,utilities_top50,0.6722077240574333,0.4172464399441752,0.9040491719985064,96.43388884782411,757
AES,CWEN,utilities_top50,0.6726722885091904,0.573517022714918,5.6257189176530575,95.92701118487547,757
BKH,DUK,utilities_top50,0.6745150419528367,0.23154283169130457,36.4254539724275,50.627330602677084,757
PNW,SRE,utilities_top50,0.6745578160271055,0.614635209403156,30.78578879588739,58.83458701220642,757
CNP,FE,utilities_top50,0.6769520573957257,0.32864710924289575,10.945492565047836,126.36553159065106,757
BKH,MDU,utilities_top50,0.6776507312488078,2.326594097601722,33.15963469850065,47.8433125470397,757
NFG,OTTR,utilities_top50,0.678478365205709,0.6578944109378903,12.644676846049714,62.4541221054846,757
AWR,DUK,utilities_top50,0.679102952940893,0.660634154070473,23.317253560273816,38.51500697842654,757
AES,NFG,utilities_top50,0.6796959171391439,0.31262622497563086,3.2482312083141136,129.34782327740604,757
DTE,NI,utilities_top50,0.6805866505061025,2.197289978282924,40.840193520376175,103.12225795601948,757
EIX,PNW,utilities_top50,0.6811936784716578,0.3383522952319858,24.84276357280458,69.7188323133544,757
CNP,ETR,utilities_top50,0.6816465258072704,0.17886350304544146,13.415705112086092,157.3598273883773,757
BKH,OTTR,utilities_top50,0.6857568450367539,0.5270678454401235,31.3960218196754,46.69860396115837,757
CWEN,WEC,utilities_top50,0.686384767456993,0.4930596312782572,-18.585646760278355,56.560116021444536,757
NWE,TXNM,utilities_top50,0.6866620879255209,0.8177178254870409,16.093525991282277,48.66877316599641,757
NJR,PEG,utilities_top50,0.6866694429084855,0.38553637402083085,13.786989813478844,70.9531074188036,757
AWK,SO,utilities_top50,0.6882080124676807,3.5139785884576287,-42.15981715353553,72.08784482573238,757
BKH,EVRG,utilities_top50,0.6894327265310213,0.7681237545507468,16.695069274493143,50.55845640812858,757
DTE,LNT,utilities_top50,0.6907903229534226,1.59182897093556,18.232486494487723,50.67763691610571,757
DTE,NJR,utilities_top50,0.692235947604086,0.7792496149528053,62.05540963400308,78.48713418809886,757
NJR,WTRG,utilities_top50,0.6925236821310125,-0.13671533943568043,36.919483745119216,52.932939001128915,757
DTE,IDA,utilities_top50,0.6946222346373604,0.9941464656728796,4.939529065173505,42.242543755743704,757
CWEN,DTE,utilities_top50,0.6947879972910034,0.3390203240732216,-11.869506667872345,144.2824889900043,757
UGI,XEL,utilities_top50,0.6954051294608269,-0.3712967634985815,51.84681475281263,67.78066061455502,757
CWEN,PEG,utilities_top50,0.6959782439800272,0.7139124725504773,-15.935827899703602,111.21213485471638,757
AEE,NWE,utilities_top50,0.6981240982417225,0.09168580638012509,60.752424492669604,40.54555251547429,757
DTE,EVRG,utilities_top50,0.7002612578440255,1.387766219642756,20.924830877897485,56.9638975207547,757
FE,NRG,utilities_top50,0.703326293709025,0.23235029163969947,22.970019998296845,72.02674816818859,757
NJR,ORA,utilities_top50,0.7035377134022762,-0.03458368747661136,34.257636465462966,57.14850345262403,757
CPK,PEG,utilities_top50,0.7036850809826336,2.8550535915749755,-44.33313423058259,40.35769731164433,757
NI,TXNM,utilities_top50,0.7042635825319787,0.22618371728943742,12.165375127047328,38.44280524488292,757
POR,SO,utilities_top50,0.7057332443127534,0.3206620898575566,23.14808152872733,72.39398909125016,757
AEE,NI,utilities_top50,0.7058148545722188,0.5955146811975943,52.65948536031077,46.54457254603139,757
CNP,SWX,utilities_top50,0.7073181700297468,0.3490629493879069,0.13421390172508454,76.3884250552407,757
DUK,IDA,utilities_top50,0.7084517745797232,0.7419823069383998,11.342835084303996,84.15760368297467,757
SR,TXNM,utilities_top50,0.7091299906647728,0.5445142235329494,34.62950403458948,58.133126120972975,757
POR,SRE,utilities_top50,0.7092047031234887,0.6445069244540953,3.320085233380195,49.85831622498967,757
AWR,NRG,utilities_top50,0.7104633720503605,0.6335737368858533,51.31156819041562,42.872923239014405,757
MDU,OGS,utilities_top50,0.7110145838852187,-0.012456496215551328,9.4309273297587,67.14398670319216,757
NJR,SO,utilities_top50,0.7116398071436587,-0.03103170032863741,33.3447675802011,59.177479121747375,757
CWEN,PCG,utilities_top50,0.7122070595326698,-0.6152957892420989,25.053559815126068,110.50699219630542,757
CPK,NFG,utilities_top50,0.7149525837750323,1.7149081131761992,21.36576848719225,82.30459780702954,757
NWE,OTTR,utilities_top50,0.7151443826344909,0.31600113252618905,34.82844852808847,51.00271998840357,757
BKH,LNT,utilities_top50,0.7153417488497312,0.32531391446928765,39.182063262121005,50.359736925131166,757
AES,XEL,utilities_top50,0.7170155471148243,0.4245362822599712,-6.638975816466813,99.02186981200764,757
AWK,NRG,utilities_top50,0.7189111254363372,2.0511460124592795,57.5960696694819,120.5135312924219,757
OGS,SRE,utilities_top50,0.7189963498851923,0.5719627801982795,34.12595787296757,33.49077565925082,757
NJR,OGS,utilities_top50,0.7191512543875187,0.4299813497931842,3.9362496766366966,93.83373716009176,757
AES,ATO,utilities_top50,0.7198806317401937,-0.14756349646239666,28.455288177232273,85.04604968265868,757
AES,CMS,utilities_top50,0.7214165284250602,0.48786312319203207,-8.59985578571853,100.00303239528078,757
BKH,WTRG,utilities_top50,0.7218858421551986,0.37336828415403234,39.49386068041481,50.47874349363141,757
FE,PCG,utilities_top50,0.7235754686653109,0.15592165976462963,28.38342204070992,64.56859333860433,757
LNT,PPL,utilities_top50,0.7239157945769455,1.242928161749965,14.510262327212173,89.92621556792449,757
AWK,DTE,utilities_top50,0.7243603155121665,1.7256257163312614,-27.901693077370854,94.17823681626406,757
AES,ORA,utilities_top50,0.7245443082972101,0.187005601640066,2.9379377395911273,113.42319790964866,757
IDA,XEL,utilities_top50,0.725035684844332,0.34303737886463825,64.38844760365428,58.171778869835286,757
FE,NFG,utilities_top50,0.7272844995472427,0.07772662883425342,27.17372005289328,68.0600888075206,757
AWK,MDU,utilities_top50,0.7273371933929187,10.97132615018674,27.487368706545812,98.56394923762468,757
NJR,SR,utilities_top50,0.7279208200693653,0.5837694268666385,-0.6896514633028877,38.631708333602916,757
NJR,SRE,utilities_top50,0.7284624567600156,0.2963665898964377,15.885500863737324,71.24662631179875,757
BKH,SO,utilities_top50,0.7298745770662753,0.34656324463257865,37.02003424342415,51.42640021179981,757
FE,PEG,utilities_top50,0.732111235565586,0.14923032934299676,23.26473327322111,78.5584127536851,757
AEE,EIX,utilities_top50,0.7353724000653471,0.32827036588008174,49.88298066012322,42.40978328580614,757
MDU,SRE,utilities_top50,0.7354450118835936,0.18201278371193183,-1.2108772229020364,59.432498811421105,757
LNT,POR,utilities_top50,0.7358619102859538,0.3333562664765938,30.430809571334965,89.10298893908593,757
AWK,PEG,utilities_top50,0.7368566988680355,3.4798349587387807,-41.36625354153468,92.92395297822108,757
FE,OTTR,utilities_top50,0.7377156007158794,0.3446356866919175,16.005362258123935,73.9138667630204,757
AWR,SO,utilities_top50,0.7379100382499031,1.0672716637010493,21.346611571137203,34.819023402325385,757
AEE,POR,utilities_top50,0.7382170136998191,0.3323385344141544,52.471578759090676,47.98098699940432,757
AWR,WTRG,utilities_top50,0.7397632653230091,1.4715409670287316,17.139996986235687,34.63261362786842,757
POR,WTRG,utilities_top50,0.7400285837958149,0.37235608014004906,24.448584576438243,71.81295963039821,757
MDU,VST,utilities_top50,0.7400392560935327,-0.0362867267728004,9.293034306398775,70.20957276070766,757
DTE,POR,utilities_top50,0.7400641739148073,0.9354889095317003,51.234581801666884,87.8689372829362,757
BKH,CMS,utilities_top50,0.7404268052621907,0.37070928644440626,34.740098016941566,56.67831190394379,757
IDA,LNT,utilities_top50,0.7431450645799541,0.970121468683489,40.59807330096949,56.271080505868674,757
CPK,LNT,utilities_top50,0.7435315957916039,2.615477038430082,-23.08014410400962,89.65445458295245,757
PEG,POR,utilities_top50,0.7439718770584361,0.4551004613679589,29.6118377189599,83.31521182015368,757
MDU,NJR,utilities_top50,0.7456137432195871,0.11244044953120841,5.034755126609796,102.33414013644847,757
MDU,XEL,utilities_top50,0.7469298540513029,0.11598610587910523,2.5133347601509746,83.91766575233618,757
MDU,SWX,utilities_top50,0.7506722871628005,-0.002512957466542946,8.770441057499738,75.4185883814995,757
AES,WEC,utilities_top50,0.7512169390085668,0.24044662677788883,-1.927235046772086,110.8100270561853,757
ED,TXNM,utilities_top50,0.7513630111648697,0.594099730653765,40.983998354423946,30.749744647852452,757
NEE,WEC,utilities_top50,0.7534742570790351,1.2746042227175087,-36.91196318432541,67.32453929975766,757
CPK,NRG,utilities_top50,0.7553885252616706,2.4652832210493205,12.267290628071793,76.3951372106685,757
MDU,WEC,utilities_top50,0.7557605105044879,0.076717130273986,2.9915735402400117,70.84085009630137,757
CPK,EVRG,utilities_top50,0.7560138260751025,2.319515483344078,-20.52631849997353,91.51197054804233,757
IDA,OGE,utilities_top50,0.7567235625365661,1.4039637203747954,43.140416318387516,36.89183535510677,757
AEE,ED,utilities_top50,0.7568746401140325,0.2687674374726411,47.917041399938476,50.81158576144909,757
NEE,OTTR,utilities_top50,0.7570152428432873,0.6274257676186339,30.640868741485026,184.9512375281311,757
AWK,CMS,utilities_top50,0.757382106314578,4.543664282590745,-104.39643149875889,70.9263902029463,757
NEE,VST,utilities_top50,0.7578314871922767,-2.3243449166555905,99.66519953889232,75.10426378955249,757
OGE,TXNM,utilities_top50,0.7593187675256446,0.45377105014420976,10.344222157806906,101.77075075973406,757
CNP,SRE,utilities_top50,0.7593873309399587,0.264458074565742,6.609491781980453,142.5247625727409,757
IDA,WTRG,utilities_top50,0.7596981260009257,1.0125722832636193,45.234762521908415,50.86501410527658,757
FE,TXNM,utilities_top50,0.7605082950212035,0.3405705880726348,17.021905444454426,91.9740376899064,757
DTE,ES,utilities_top50,0.7613032771737998,0.7041192841201821,40.49755910697427,85.49353618320937,757
AES,NEE,utilities_top50,0.7618013288663367,0.2633612714944953,0.8057368192103792,84.18426462748205,757
AWR,EIX,utilities_top50,0.7622530096370577,0.9115589226209693,28.846108131649935,36.87219238831579,757
MDU,PPL,utilities_top50,0.7635337766155537,0.4454953462706046,-1.6417672281296578,60.673941146079905,757
CPK,SO,utilities_top50,0.7647354349258197,2.2733467450928604,-16.488076333764646,69.38431194778308,757
DTE,WEC,utilities_top50,0.7659859107456346,0.6393448452607376,39.99481454246494,77.79856529154098,757
SR,SRE,utilities_top50,0.7663924400243538,0.6028909562308847,23.250134646857564,61.908736259188366,757
OGE,SRE,utilities_top50,0.7668342844714902,0.3950921956426198,6.658755204962436,91.20367588738789,757
AEE,BKH,utilities_top50,0.7669436040993731,0.20671907637259498,54.14420036047955,46.25419520633446,757
NEE,NWE,utilities_top50,0.7674778075614759,-0.6136329747316911,86.01682727452744,87.79384967394367,757
AES,IDA,utilities_top50,0.7700900377343938,0.22064548959341693,-2.4762768156437223,147.04724684547438,757
DTE,ED,utilities_top50,0.7702192178378805,0.5327864996056259,52.75720405649322,80.54091635349265,757
AES,EVRG,utilities_top50,0.7714680452615601,0.3524400668421885,-1.0410763749427348,132.7638874891368,757
FE,LNT,utilities_top50,0.7737672808545615,0.11028937551363359,25.51538499571023,76.06114038101846,757
AEE,ES,utilities_top50,0.7737832161261637,0.7339570449744749,16.766871126711845,47.79997649947267,757
DTE,PPL,utilities_top50,0.7739249283143763,3.2094428224869938,12.974132560423078,70.20750529834007,757
CWEN,SR,utilities_top50,0.7754513059904302,-0.5004222865485319,45.52640489434753,47.848376112207156,757
NEE,NFG,utilities_top50,0.7771252621297232,0.46607351280424336,38.02890498343419,188.34712026333602,757
AES,OTTR,utilities_top50,0.7782342160884537,0.23031049158181982,6.18135656505067,159.96312064242224,757
NWE,POR,utilities_top50,0.7806148570486384,1.0097848420708464,9.403390641476506,25.162273534854148,757
POR,SR,utilities_top50,0.7808708954076726,0.5647179100406786,6.613966210996478,57.585793709562154,757
AWK,EVRG,utilities_top50,0.7822343935961096,2.76453275701675,-9.374664395212475,145.65661717718993,757
BKH,ETR,utilities_top50,0.782982670314543,0.7774423595978066,20.70862647536898,68.50526574581767,757
EVRG,NWE,utilities_top50,0.7845697314109565,0.4435946111693206,26.293989157228896,69.83604085213159,757
AWR,NFG,utilities_top50,0.7849289602792083,0.22237928435073254,62.35810471480866,43.10987433592313,757
MDU,NI,utilities_top50,0.7864437324811142,0.27177041671461244,2.9229721898759573,104.0193753070933,757
AES,UGI,utilities_top50,0.7870968546184243,0.15285153133658744,10.780116788805142,172.64208125234924,757
FE,WTRG,utilities_top50,0.7875235304556993,0.1893041551033189,23.315676702083607,81.6450536421566,757
AWR,NEE,utilities_top50,0.7883961329618159,0.3840646192292136,49.48251411334102,35.576819967657336,757
DTE,OGE,utilities_top50,0.7886469730233022,0.909877794920396,61.432016971231825,82.134360180377,757
AES,VST,utilities_top50,0.788922396220604,-0.4317004737339498,23.711796357574844,98.41636591054886,757
DTE,EIX,utilities_top50,0.7894760957129376,0.8701491554801057,46.453446166852856,81.93203860931494,757
AES,EXC,utilities_top50,0.7904613090879946,0.674692835742764,-1.5531341579031028,154.20906157108564,757
FE,SO,utilities_top50,0.7918977637656532,0.16447889749252745,22.58647098788978,83.0644250231407,757
BKH,DTE,utilities_top50,0.7928094026815949,0.298159645819565,27.304358750300114,56.821245420685344,757
NJR,OTTR,utilities_top50,0.7946122849879603,0.3483453979792336,17.47260687267523,77.86604939316038,757
AWK,ES,utilities_top50,0.7967162781429603,3.030548115933214,-77.68575719100619,46.98137301965922,757
DTE,TXNM,utilities_top50,0.7976772790768387,2.0730012843061014,6.247945797929387,45.801175052591994,757
AES,PNW,utilities_top50,0.7991657922733266,-0.09238897683634968,21.628116891553415,115.21251433725773,757
AWK,NWE,utilities_top50,0.7996679431969798,-0.9661099265132045,168.35847495818516,80.59778138697332,757
PEG,SR,utilities_top50,0.8008521132639224,0.07266164458035107,42.911212226246896,73.82500158633981,757
AWR,CWEN,utilities_top50,0.8018690897612497,0.755217440604421,57.93942763459944,33.39987783591512,757
DTE,PNW,utilities_top50,0.8019400971668488,0.292204964290474,68.21189467117333,96.55330881182374,757
LNT,WEC,utilities_top50,0.8057475305730827,0.5613968618905472,1.9486332371178825,60.602837530813275,757
FE,MDU,utilities_top50,0.8061416802373862,0.9207548554948406,22.335815265753084,76.21126723302538,757
AES,PPL,utilities_top50,0.8064416714561573,0.9103300804618886,-5.254572149501693,141.6817444858439,757
CWEN,NWE,utilities_top50,0.8071260486074249,-0.3838727000725533,35.986269353943364,91.98175224845262,757
CPK,NEE,utilities_top50,0.8096963163546578,1.0353610848289987,31.141058228465585,75.05361769320356,757
AES,PCG,utilities_top50,0.8115305126034966,-0.2207571008146464,18.39263309003624,138.45391826339767,757
AEE,ATO,utilities_top50,0.8118553220577205,0.2147875524905987,46.603046206481324,55.977185794273716,757
AWR,PNW,utilities_top50,0.8121586041348996,-0.19466950579940587,83.68334970638861,34.98378361262966,757
AES,SR,utilities_top50,0.8123380054151308,-0.10823476558545506,21.757754813553248,115.03780567528332,757
PEG,XEL,utilities_top50,0.8125902618662876,0.4502104198013562,23.259570075656885,102.47179372313485,757
AES,OGE,utilities_top50,0.8150190756470976,-0.11173475847348524,18.845084386513722,148.97575993828548,757
AES,CNP,utilities_top50,0.8152717276122687,0.23289610948286985,10.850117496446844,182.57320031006958,757
AES,FE,utilities_top50,0.8156835318762717,-0.1773319850721901,21.084924948645757,121.13402842941721,757
AEE,AVA,utilities_top50,0.8162582077927687,0.6186342368310469,45.568955995469274,50.153457336416515,757
MDU,OGE,utilities_top50,0.8163171216591983,0.11002147465396758,5.540313475167679,99.86491061171438,757
DTE,XEL,utilities_top50,0.820341307408115,1.0041435167883261,34.0325214156112,95.99472110673797,757
SO,WEC,utilities_top50,0.8209582015397217,0.6330467977128285,0.2842286574144017,61.54645325492478,757
AWR,NI,utilities_top50,0.821177535966189,1.623044201526351,37.197901147538424,65.35630050901308,757
CPK,IDA,utilities_top50,0.8224821354986028,1.4427753030060928,-29.200064714814754,117.7660155506434,757
BKH,PNW,utilities_top50,0.823001652163704,0.6598461699950183,10.995721513600094,75.4345091595191,757
AWR,PCG,utilities_top50,0.8235146342477543,-0.8649697586904702,81.7129132297726,30.842680019802405,757
AES,AVA,utilities_top50,0.8236549427564177,0.36911615003835774,4.036020869733666,144.88550595419832,757
DUK,PCG,utilities_top50,0.8275151169690818,-0.5243272201305708,78.87725896612677,55.24067133158892,757
CPK,CWEN,utilities_top50,0.8278925888208323,2.2764350580493837,49.70736978617579,61.471954784888794,757
DUK,SWX,utilities_top50,0.8293187125180738,-0.161424009129794,82.12169286779609,53.985114041910705,757
UGI,WTRG,utilities_top50,0.8295164631131601,-0.1313330662804072,37.12210555969208,111.62941445020003,757
MDU,POR,utilities_top50,0.8337615737159664,0.15263258735312515,2.800387178122646,83.83675937038582,757
AWR,DTE,utilities_top50,0.8338313785384903,0.43531170825895327,33.39450077510737,46.2616738640052,757
DUK,UGI,utilities_top50,0.8356741658896656,0.37775717630729916,60.32132126636597,72.61876083549689,757
CPK,MDU,utilities_top50,0.8364744964230318,10.01195620434585,3.4471248807397132,69.12960171798056,757
AES,AWR,utilities_top50,0.8366666644362741,0.18109354670471622,2.817679475230884,144.64878358293493,757
AES,D,utilities_top50,0.8369659694100061,0.28208195462877084,-0.900188562716492,158.61289721917097,757
SO,TXNM,utilities_top50,0.8370606297271725,1.0794960929636261,4.732852396861682,63.76328404981135,757
MDU,SR,utilities_top50,0.8400860112949673,0.05259439048373552,5.6853345942266005,106.54866124218587,757
NEE,OGE,utilities_top50,0.8411391589569182,-1.2444924201148773,91.4634773622115,124.63156251667212,757
AES,NJR,utilities_top50,0.8411765665046629,0.10625451102785535,12.327512749539993,195.3676042772667,757
DUK,EIX,utilities_top50,0.8421821622433376,0.5388671754151819,47.467487736224555,97.15033997751209,757
CPK,OGS,utilities_top50,0.843791518646775,-1.0030449497080705,154.97991617190527,42.86079043679142,757
AWR,MDU,utilities_top50,0.8443448549338222,3.07282211497393,44.73632783340274,40.15625462842007,757
AEE,D,utilities_top50,0.845075239685529,1.081004952362078,1.466330829609773,51.40318505849398,757
CNP,SR,utilities_top50,0.8476520034461398,0.2933621832356945,4.520310671815612,141.91171560164284,757
FE,PNW,utilities_top50,0.8480039369502597,0.31185641843847683,10.318934774192313,104.95463667463714,757
AEE,XEL,utilities_top50,0.8485064868078442,0.9598771566811793,14.599568751457547,46.333370348162184,757
AWR,PEG,utilities_top50,0.849051578761471,0.9614464506045236,26.070866547588892,38.48744673060332,757
IDA,WEC,utilities_top50,0.8495480787267018,0.33156347308824446,58.12254112650831,64.77259501897517,757
AES,POR,utilities_top50,0.8513663182093103,0.0770237507967947,12.779166509262495,192.54775672546816,757
AES,EIX,utilities_top50,0.8536002794570572,0.1384951186171587,9.277411080587674,203.0108394520045,757
PEG,TXNM,utilities_top50,0.853931272914476,0.9986404269606644,8.109499315843587,44.69459411237428,757
NEE,NRG,utilities_top50,0.8549664175610558,1.0376434357953348,24.00005658444948,180.93937725593685,757
AWK,WEC,utilities_top50,0.8570345052982977,2.513510131965188,-62.36730568222399,95.4374656265173,757
DUK,POR,utilities_top50,0.8573235177653566,0.6200272676710012,48.87641185882468,123.63222370305054,757
AES,ED,utilities_top50,0.8574709166451517,-0.1247860188283136,23.715304748841437,124.93834685245969,757
PEG,VST,utilities_top50,0.8586915174215856,0.15475844931989577,44.10072858561457,67.21411865794668,757
AEE,TXNM,utilities_top50,0.8598226823594546,0.9468711755561109,28.302113172259354,51.06770951531115,757
AEE,ETR,utilities_top50,0.8611185215399009,0.9143168934957802,26.913297915156953,57.71925146362548,757
CWEN,EXC,utilities_top50,0.8612030909551098,0.6097903514584473,1.9861430362953671,303.5434783917799,757
AES,NWE,utilities_top50,0.8616129374535617,0.044486668537350976,13.585032399880461,201.49160862076712,757
CNP,OGS,utilities_top50,0.8620597615917891,0.21495337884709015,6.918153854964875,168.93144956757143,757
AWK,XEL,utilities_top50,0.8625691570526335,3.726870492164833,-74.18021131049994,83.60567726718809,757
AES,NI,utilities_top50,0.8626159548109342,-0.18514908190970888,19.5983269965093,142.16880284535318,757
CWEN,OTTR,utilities_top50,0.8630643682696924,0.2761281798701191,6.162478000202709,277.4384308750562,757
DUK,PNW,utilities_top50,0.8630944760124695,-0.052834092453793655,75.90163794698226,64.09153817082357,757
DUK,VST,utilities_top50,0.8632324312010544,-0.6815943807968762,85.14449375496154,53.61249820653696,757
SO,XEL,utilities_top50,0.8637295578246083,0.8354496151446057,2.7429503014558834,86.5368257783311,757
MDU,PNW,utilities_top50,0.8645115219033731,0.03775330075787741,6.20526960128752,113.45591643439182,757
AWK,IDA,utilities_top50,0.8654892026731866,1.2013412467697568,23.017674139419874,276.5643867962981,757
LNT,SRE,utilities_top50,0.8669353712976492,0.6677467058088833,7.073295907080866,71.97349475492288,757
DUK,ORA,utilities_top50,0.8680625490266713,0.23084048585892114,56.74711469231025,71.77038210880988,757
ED,PNW,utilities_top50,0.8685282238851824,0.44075163047573096,35.89834445507177,37.57283555139881,757
AEE,SRE,utilities_top50,0.8722543991923661,0.7131233048026392,26.624127791497887,53.89950690601037,757
OGE,PNW,utilities_top50,0.8729627749890129,0.398700554783779,2.4890435034303824,128.47568429539186,757
AES,BKH,utilities_top50,0.8732209460590372,0.07708752530309683,11.614063425052429,222.45906129398102,757
AWR,SRE,utilities_top50,0.8743061624399691,0.9904086709789441,17.727759939474986,60.195574844243026,757
DTE,SRE,utilities_top50,0.8744141166772792,1.3495466586958305,14.010135804696244,93.11103330156794,757
AEE,WEC,utilities_top50,0.8753558951251559,0.6784171682383286,15.363785396204811,49.05208093075291,757
NEE,NI,utilities_top50,0.8765229460382682,-1.7011319148453241,92.28330583118246,108.21880294674598,757
DUK,PPL,utilities_top50,0.8777984757589541,2.0783592419964925,24.64238389440568,118.96652621625476,757
AWK,OGE,utilities_top50,0.8780152795704179,-2.1035861052506397,180.97267629635968,101.53060136903075,757
NEE,XEL,utilities_top50,0.8784214536162274,1.8981655058764126,-43.33750814516008,64.82505828582688,757
AWK,AWR,utilities_top50,0.8806746295193916,1.9257922994021999,-15.097571769522563,91.58346403736758,757
AWK,ORA,utilities_top50,0.8819310694509481,0.9038591155874994,60.308290587150175,154.9855410312731,757
DUK,SR,utilities_top50,0.8825409142277028,-0.036837116406601006,74.57708175135897,67.10838100738651,757
CWEN,D,utilities_top50,0.8833521638930459,0.6838819158622615,-22.69104110810131,83.10813136342477,757
AWK,D,utilities_top50,0.8842218845963503,3.643223360026882,-92.54076376733715,79.8931624871279,757
DTE,ETR,utilities_top50,0.8844576439789418,1.291313570112662,32.913237621026326,111.67620324188803,757
AES,SRE,utilities_top50,0.8858132390449878,0.3341849698631753,-2.335364332088492,199.06761987063632,757
AWK,NI,utilities_top50,0.886235964582704,-2.2077154387584583,168.35851840471628,103.56388029362168,757
NEE,PEG,utilities_top50,0.8862739278104443,1.7010805887658116,-23.277637702979682,132.93746955149211,757
SO,SRE,utilities_top50,0.8863537688331155,0.8783556525741139,-0.7100746359952441,71.02383341771414,757
AWK,FE,utilities_top50,0.8865513743787028,-1.2461231635634122,159.79564330945144,106.25031829978926,757
DTE,NWE,utilities_top50,0.8866546946074141,0.714177903521409,52.692022936269375,148.29744537468272,757
AWR,WEC,utilities_top50,0.8875229392453788,0.7058692743110875,19.431253468021406,58.10160784268161,757
AWK,VST,utilities_top50,0.8903624270685668,-4.495288957705062,205.32644450193885,63.439730824759906,757
CWEN,EVRG,utilities_top50,0.8908661902445729,0.4651504307217352,-4.522112580754297,210.46149645013696,757
DUK,ES,utilities_top50,0.8909210209076941,0.7825961549614544,20.936604963372766,126.5731127966756,757
DUK,NJR,utilities_top50,0.8910411907719913,0.21259999965156676,65.74019235435445,81.34472826220325,757
AWR,CNP,utilities_top50,0.8939424584045286,0.3188638745362909,64.56446536085673,47.17814610001151,757
AWK,BKH,utilities_top50,0.8946028369900938,-0.3429507729622484,140.3218426023931,135.57008950802876,757
AWK,ED,utilities_top50,0.8946262886904446,-0.42052185521787916,149.02669079969138,127.46671647339505,757
MDU,NWE,utilities_top50,0.895585467526451,0.12281334504504825,2.736845813114914,175.91354038370116,757
AES,ETR,utilities_top50,0.8960590373026858,0.3006297355976668,3.145694478185877,238.19962358903393,757
IDA,SR,utilities_top50,0.8976844766194412,0.5881716795299219,49.622433201535124,79.76659678791829,757
DUK,SRE,utilities_top50,0.9020973522232902,0.906292254662429,23.56539230447053,124.68559258855186,757
POR,TXNM,utilities_top50,0.9024130448213368,0.6940320703817497,11.12964963337373,70.07536781377522,757
DUK,XEL,utilities_top50,0.902765475995108,0.9839937103796662,20.705379795297503,144.76162859922658,757
AWK,PPL,utilities_top50,0.9039172870243591,2.926240845779664,54.65999907968208,270.5293862703378,757
PEG,WEC,utilities_top50,0.9047321583934367,0.2881196360860941,25.825084101251857,86.65376290978836,757
IDA,OGS,utilities_top50,0.9049254301102478,0.3961589906359673,56.69324802976525,72.40642870996085,757
EXC,NEE,utilities_top50,0.905630214961405,0.08936287067355096,20.53675491069823,139.1269531971666,757
AWK,EIX,utilities_top50,0.906196513678873,0.4953341684785659,99.04148315580352,206.39588166942656,757
IDA,SWX,utilities_top50,0.9072518404504968,0.5314691355023244,50.84298250121929,63.480743380563595,757
DUK,OGE,utilities_top50,0.907276718676901,0.18695920127547877,67.28598165604697,78.74821701210567,757
DUK,FE,utilities_top50,0.9074275938192267,0.2091765136408276,66.18842223247488,82.70051466976149,757
EXC,UGI,utilities_top50,0.9077956057646484,0.40144393949018586,12.631611619070418,77.1910438109194,757
CWEN,MDU,utilities_top50,0.9082853376818596,2.182402435195189,-1.2199900324819541,255.12395858046224,757
PEG,SWX,utilities_top50,0.9085117610685931,0.10218179869583842,40.88965697415853,77.9810124734796,757
AWR,BKH,utilities_top50,0.9090907043844052,0.5250791078264379,43.28385316243616,62.43044078898054,757
LNT,XEL,utilities_top50,0.911111620458353,0.7663185771207286,2.790103362654755,97.58181128337084,757
AWR,FE,utilities_top50,0.9113810916273726,0.8147137635802716,46.562732408189675,49.10230414780261,757
DUK,NI,utilities_top50,0.911557159117441,1.0847103661386568,49.77863116768609,121.90852878544378,757
AWK,POR,utilities_top50,0.9127140030010636,-0.1235584235436185,126.78283716334433,166.53608719913544,757
DUK,TXNM,utilities_top50,0.9138545870957242,1.421039624525049,17.2278036563435,91.93701806849296,757
AWR,ED,utilities_top50,0.9140650875357921,0.7742758290319447,21.595506267247167,62.41134210576648,757
IDA,TXNM,utilities_top50,0.916269238738153,1.3990127467080764,28.01618427142435,43.505633840707404,757
AWR,OGE,utilities_top50,0.9173159234643102,0.4910263773975991,57.478033069162144,50.312764318992734,757
CWEN,ORA,utilities_top50,0.9174649389260268,0.24931962318803616,0.557903138903028,238.5162738678826,757
AWR,POR,utilities_top50,0.917572879929299,0.9282563932473461,35.82831120460632,63.523937484177594,757
IDA,PNW,utilities_top50,0.9177129060292231,0.3857623189643324,57.76856777426452,72.2521928997314,757
NEE,ORA,utilities_top50,0.9195315439073302,0.5546295524056796,18.717867128773214,170.77712423515175,757
AWR,UGI,utilities_top50,0.9199059580540111,0.0019368940141369,71.16452076524298,46.447594352908716,757
AWR,VST,utilities_top50,0.9208119298152058,-0.06342002890103464,72.40164984147766,45.88396709609765,757
DUK,ETR,utilities_top50,0.921103041013356,1.0632168539720672,28.062838920598665,149.80375722476114,757
LNT,TXNM,utilities_top50,0.9220240259031154,0.7888092506905124,12.450399808579157,91.21419725851437,757
AWR,ES,utilities_top50,0.9241381567393022,0.786813259080927,19.36475581461945,54.158603714097815,757
AWR,OGS,utilities_top50,0.9257586351949854,0.028963417655624553,69.34381593605228,48.372403838907324,757
AWK,CNP,utilities_top50,0.9258930894434068,-0.5377404828477766,133.30697336693373,170.42314687771636,757
CWEN,NFG,utilities_top50,0.926176166667639,0.24171840776749193,7.954208484308071,323.60766968367517,757
CNP,PNW,utilities_top50,0.9262713300741334,0.3014259924611808,1.6075501824016036,213.20833092844217,757
AWR,NJR,utilities_top50,0.9267822645649145,-0.08990859955034712,74.09465852706074,44.37664349993948,757
AWR,SR,utilities_top50,0.9280792019756278,0.06108169281675208,67.81769139785537,50.44578275341123,757
CWEN,NRG,utilities_top50,0.9315048287206132,0.4330694205526606,3.981530903589817,314.46128236634394,757
EXC,MDU,utilities_top50,0.932280798978673,1.6352873539192165,11.49842286271817,123.08262752714015,757
NEE,POR,utilities_top50,0.9348631138216241,-0.1978156685988952,64.1605642796614,220.67640843553139,757
AWR,SWX,utilities_top50,0.9350659189958179,0.09226363446894499,65.73966659566435,52.016833543412034,757
PEG,SRE,utilities_top50,0.9354422258198996,0.6173778352175442,13.617796085717554,87.90657054259162,757
DUK,ED,utilities_top50,0.9355316749596898,0.2931054264790899,53.73271218617519,112.17744896728641,757
PEG,PNW,utilities_top50,0.9361360865224466,0.10626261583157197,40.16754472962556,89.15071256172912,757
CWEN,FE,utilities_top50,0.9367017533983277,-0.4340941078369258,30.73606538266733,203.32999854938035,757
EXC,WTRG,utilities_top50,0.9371602774510457,0.3074613653033212,14.295340824105999,201.30926315707214,757
AWK,NJR,utilities_top50,0.938045951056619,-1.5581553983090852,171.76749626362516,103.20553848511955,757
AWR,ORA,utilities_top50,0.9384846836271534,0.25752080158521246,53.630108614817665,47.58760724989403,757
CWEN,IDA,utilities_top50,0.939131433874274,0.17716179922836078,2.987071604254008,446.7611916951911,757
AWK,UGI,utilities_top50,0.9398099701074165,-0.5538393608307838,139.95716636314918,175.2400742939925,757
DUK,WEC,utilities_top50,0.941007653605297,0.6816106934649474,22.505199590864823,117.961621098217,757
AWR,XEL,utilities_top50,0.9416702499975893,0.7912012627232573,29.563648096473518,64.40804561577173,757
CWEN,OGE,utilities_top50,0.9417287288310879,-0.6491046655596201,35.76979096243425,203.7617219111547,757
OTTR,PEG,utilities_top50,0.942017874877942,1.024264184992554,-6.705557067862182,87.86556932720423,757
CWEN,ED,utilities_top50,0.9421327789243673,-0.2643509967435252,34.539527210836944,218.76657022448418,757
EXC,NI,utilities_top50,0.9422680925658667,1.1291474969132544,1.922202751298083,210.855929199393,757
CPK,PNW,utilities_top50,0.9454010588863718,-0.5844369064145162,127.15626368872411,86.58898282247378,757
CWEN,VST,utilities_top50,0.9460371204095972,-1.0329495085666998,36.72531170535042,110.10777992310048,757
EXC,ORA,utilities_top50,0.9465311452816185,0.036494832970119656,23.10243365176306,183.68212002851087,757
AWR,TXNM,utilities_top50,0.9470853476385657,1.0307649639377374,31.119646289149546,59.68216565951521,757
AWK,ETR,utilities_top50,0.9475792534242647,2.6021196185929023,13.264073077358447,412.52286448333905,757
EXC,LNT,utilities_top50,0.9488974140757562,0.32423537617614623,11.607639938765132,213.50310004934585,757
EXC,WEC,utilities_top50,0.9489538758131449,0.0349407418551982,23.032297365915912,195.89897468602427,757
AWK,SRE,utilities_top50,0.9496113249737622,1.7858396032650456,25.604543558472134,426.75573933200195,757
NI,PNW,utilities_top50,0.9502433087961152,0.18881546291025147,8.88456719339038,50.0317143409514,757
EXC,SO,utilities_top50,0.9503586243989244,0.2796042996902478,12.528500920711679,205.95936537289384,757
EXC,XEL,utilities_top50,0.9513251372915117,0.05774638465109615,22.555371474829926,216.5297033657952,757
NEE,PPL,utilities_top50,0.9514004364159234,1.5526079002615751,20.84994083093984,455.6430897620226,757
EXC,OGS,utilities_top50,0.9516408642376356,0.027234913013448478,23.825340052723615,205.07887109479697,757
CWEN,ETR,utilities_top50,0.9531781663836371,0.42418437939654896,-0.14268851116303904,573.6527613672403,757
CWEN,NI,utilities_top50,0.9540668403841579,-1.034430810875864,39.282610837549484,135.0420918376107,757
EXC,VST,utilities_top50,0.9545646314925657,0.3907330010045204,18.359594692082094,176.93953590247986,757
AWK,TXNM,utilities_top50,0.958318241032471,3.012075373047642,4.870066857932004,398.2882157377961,757
AEE,AEP,utilities_top50,0.9584530778982866,0.8150099448111073,8.857691494134752,79.69964171724082,757
DUK,NWE,utilities_top50,0.9588220417934252,0.3208854544165974,57.14694239322871,129.05057096990208,757
CWEN,POR,utilities_top50,0.9605588790172459,-0.20139166922211188,25.274469550673164,383.50814806427854,757
AWR,NWE,utilities_top50,0.9611725547096641,0.34554221365299476,54.67172584066999,64.9362956331423,757
NEE,UGI,utilities_top50,0.962242398491822,-0.4294307089567816,70.48535137928552,264.2549250640626,757
EXC,NJR,utilities_top50,0.9623600086037215,0.41454676184696704,12.374462206242686,223.6821699062835,757
CWEN,PPL,utilities_top50,0.9646668305978382,0.47324709570975715,6.692403932227719,919.569290557638,757
NEE,NJR,utilities_top50,0.9665328230886182,-0.9060753300009117,85.51570741517575,123.27305195954355,757
NFG,NI,utilities_top50,0.9668442226742151,1.2686107205176458,13.284141588690677,301.57301163240555,757
IDA,NWE,utilities_top50,0.9692731218193361,0.9725986234940486,35.85388075065148,85.61938087389487,757
EXC,PPL,utilities_top50,0.9712603960264591,1.0172112497378472,2.1630001472713607,171.72849924342086,757
CPK,ES,utilities_top50,0.9719732928195672,1.3007730301646412,4.020359015024024,360.1466239379576,757
CPK,PPL,utilities_top50,0.9721021486523029,3.3141499501422857,13.412892464011195,533.3768998502806,757
CWEN,EIX,utilities_top50,0.9737491631749688,0.07848860789412239,13.945304103369967,891.7739118254242,757
NFG,OGS,utilities_top50,0.974022291430968,-0.18156037417897128,51.68756917971133,139.88583945052548,757
NEE,SRE,utilities_top50,0.9754224669966914,0.8688096758359471,9.686077186324697,1463.1893452340764,757
CWEN,NJR,utilities_top50,0.975752063977639,-0.4184497760619171,30.940690841696867,182.62949072934748,757
EXC,FE,utilities_top50,0.9759146350959579,0.273107616832797,17.328248043887,327.140806514909,757
CWEN,TXNM,utilities_top50,0.9760572824662307,0.5722339711212862,-4.671362022601041,762.892972667185,757
CPK,ORA,utilities_top50,0.9769304717636886,0.469994038046243,57.64429254836615,330.0348089731496,757
CWEN,UGI,utilities_top50,0.9777700682594901,-0.19112117349777066,23.76670289220701,635.1841433565103,757
CPK,PCG,utilities_top50,0.9780755938336212,-0.8328794411556487,99.85683775771501,208.5616777048716,757
EXC,PCG,utilities_top50,0.9784498865063836,0.20129637150909999,23.155933802084995,137.0649669958389,757
NFG,PPL,utilities_top50,0.978586292243812,1.0995407090578584,14.552361287218748,478.4039983669469,757
NEE,TXNM,utilities_top50,0.9792711212062318,1.4840327472801078,-1.1273078438677093,1044.2179753177086,757
CPK,SWX,utilities_top50,0.9794498118228954,-0.43445269825227845,115.59921922421024,120.99875830246388,757
CWEN,SRE,utilities_top50,0.9828425226004627,0.24431995514510615,4.396930973509443,2566.883449530073,757
NFG,POR,utilities_top50,0.9828722153663345,0.4181133977107731,23.937546462121315,439.80120022246984,757
EXC,PNW,utilities_top50,0.9834247004824981,0.08928173631269305,19.883354155251176,1281.6200395674518,757
NFG,SO,utilities_top50,0.9837096199269016,0.22295386554774005,29.462101079381924,369.41703062005564,757
EXC,SWX,utilities_top50,0.983858058204454,0.16821702841874756,15.591450272272349,1391.385514671662,757
NFG,PCG,utilities_top50,0.9841638453095859,0.43519766212205824,34.606360669740276,291.5527603794495,757
EXC,SR,utilities_top50,0.9848588044878929,0.14742202789810632,17.367588513490492,inf,757
CPK,ETR,utilities_top50,0.9848776402804383,1.4985551009853648,27.09835923824954,1062.2183471912294,757
NFG,UGI,utilities_top50,0.9850805239682835,0.7942816989156648,14.230914440214654,177.328364176225,757
NFG,WTRG,utilities_top50,0.985279631086183,0.16699334983040612,33.74426024724227,438.23702184846013,757
EXC,POR,utilities_top50,0.9854142729793851,0.44115816282220316,8.77278024921148,292.6497297161979,757
NFG,PNW,utilities_top50,0.9856553992983564,-0.05180677610307309,43.19711686798736,320.9782408542991,757
CPK,SR,utilities_top50,0.9866972887894548,-0.1779112924203623,99.69045002623399,185.32319064557421,757
CPK,WEC,utilities_top50,0.9879112101497737,1.0433627945867914,13.199342560281721,550.5682968247826,757
NFG,XEL,utilities_top50,0.988101516265828,-0.07593273320549487,43.88066677383196,404.24768269072496,757
NFG,SRE,utilities_top50,0.9883106059413017,0.06378026284885968,36.436922775855564,654.2852623365054,757
NFG,TXNM,utilities_top50,0.9883648421834167,0.4781895215045408,21.275645467175867,838.0592862671548,757
NFG,WEC,utilities_top50,0.9884912481325445,-0.1548961394753017,51.24825566114767,257.1535731397402,757
NFG,OGE,utilities_top50,0.9889965456086897,0.5789573143875445,23.671007840015996,723.6222093463607,757
CPK,EIX,utilities_top50,0.9891925232150337,0.8659696520643271,49.498631341206135,347.62765439685285,757
NFG,VST,utilities_top50,0.989355935786077,0.5163057091625481,30.3198736907842,522.7111238473834,757
CPK,XEL,utilities_top50,0.9898061478233321,1.5986715765728583,5.576469241738557,1670.1170524974477,757
CPK,D,utilities_top50,0.9898932806921896,1.3019613698550982,13.065246343819515,1813.4629735724643,757
OTTR,WTRG,utilities_top50,0.9902428471970605,0.7528467089408388,13.729824986567888,356.6452913535997,757
OTTR,PPL,utilities_top50,0.990291880130732,1.9633898808904993,-3.829047287248191,384.1087457964416,757
CPK,OGE,utilities_top50,0.9907012495999776,0.04955990500316125,88.37231334423936,292.36604745675066,757
NFG,NJR,utilities_top50,0.9908199585680395,0.7688635919502586,15.359680796509428,485.9433493133457,757
NFG,ORA,utilities_top50,0.9909459555730467,-0.06847370545494295,44.56112668671778,347.63653353570606,757
CPK,FE,utilities_top50,0.990992802219656,0.15936694592044223,84.93540566429297,322.5726851842968,757
OTTR,SO,utilities_top50,0.9912398855733504,0.6382568529614316,11.5711633576979,295.7721963105508,757
CPK,ED,utilities_top50,0.9915382243597414,0.16537502714040422,79.15937808666821,373.79957880679814,757
EXC,SRE,utilities_top50,0.9916102534839428,0.2894335433274722,9.961755241578283,1255.6680191481278,757
CPK,VST,utilities_top50,0.9916363163959947,-1.5762206428679997,118.95258001343434,146.14528784716046,757
CPK,SRE,utilities_top50,0.9917541407816433,1.2930388976893696,19.913406963175834,2063.751833787317,757
EXC,OGE,utilities_top50,0.9918537721087798,0.5287025084663705,10.792211757473165,323.9805033291382,757
CPK,UGI,utilities_top50,0.9921164528059672,0.857470981884825,62.06807605332345,288.48867752018737,757
NFG,SR,utilities_top50,0.9926559726274033,0.1300772061420034,32.621681428250994,inf,757
NFG,SWX,utilities_top50,0.9928101030706956,0.2067543768493055,27.58539192918261,inf,757
OTTR,UGI,utilities_top50,0.9928616594841595,0.6850208439486911,19.27832230161255,543.0085845201228,757
NFG,NWE,utilities_top50,0.99302463804779,0.20859578783945534,29.888090169055562,inf,757
CPK,TXNM,utilities_top50,0.9933883012141533,2.51629806235743,-8.150019137240132,1265.297422326271,757
OTTR,POR,utilities_top50,0.9935822808391895,1.0719760272866508,0.5215425049271479,inf,757
EXC,TXNM,utilities_top50,0.9939027224674646,0.5409679737506897,4.546952422350655,1706.7140407847196,757
CPK,NJR,utilities_top50,0.993911728034583,0.6263593893205764,69.78262852697635,545.7506461766585,757
EXC,NWE,utilities_top50,0.993919554771038,0.284791179093649,11.95151507053569,inf,757
OTTR,SR,utilities_top50,1.0,0.3204466360244824,23.514718587062756,inf,757
OTTR,VST,utilities_top50,1.0,0.669585725509993,28.999873936634145,882.5871556743339,757
OTTR,SWX,utilities_top50,1.0,0.383515396433331,18.591318653703805,inf,757
OTTR,SRE,utilities_top50,1.0,0.6192053344145302,7.9531369712897435,inf,757
OTTR,PNW,utilities_top50,1.0,-0.0034573731247168945,41.62223247689822,565.786877190896,757
OTTR,WEC,utilities_top50,1.0,0.14233896757568576,30.956347903345492,12139.158382909656,757
OTTR,XEL,utilities_top50,1.0,0.12654157436094587,34.73752432039435,3884.8746686411355,757
OTTR,PCG,utilities_top50,1.0,0.18029000708559118,39.21538963648349,797.7880023226072,757
OTTR,TXNM,utilities_top50,1.0,0.9744335668293546,3.485454395621652,inf,757
CPK,NWE,utilities_top50,1.0,0.35317471258545835,72.83899203820006,1242.8766825674384,757
CPK,POR,utilities_top50,1.0,1.1014941938330483,47.7548914380701,1428.2541971074816,757
CPK,NI,utilities_top50,1.0,1.4627814760194389,59.090960066291004,692.9328730296955,757
