ticker_a,ticker_b,direction,signal_date,entry_date,exit_date,holding_days,exit_reason,entry_price_a,entry_price_b,exit_price_a,exit_price_b,qty_a,qty_b,gross_pnl,slippage_cost,commission_cost,net_pnl
AJG,AMP,1,2022-01-04,2022-01-05,2022-01-31,17,signal,160.0946737523276,301.437657578467,146.22598755467254,276.9334648961729,0.0033282742269103963,0.001549884642575075,-0.007222156879999053,0.000957962035776027,0.0009579620357760747,-0.009138080951551155
AXP,COF,-1,2022-01-04,2022-01-05,2022-01-13,6,signal,164.73408895791331,140.00426719964335,165.51146615278915,147.15940076023318,0.0036393463283981254,0.0028597397913887306,0.018644225635208095,0.0010115503192402449,0.0010115503192403767,0.016621124996727472
MS,TROW,-1,2022-01-04,2022-01-05,2022-02-18,31,signal,89.00271636887757,157.81491457450423,82.41104042358232,114.65904023249689,0.005498279137667385,0.0032357436949997436,-0.10248643131157872,0.0009120426604919068,0.0009120426604919583,-0.10431051663256259
AEP,EIX,-1,2022-01-05,2022-01-06,2022-02-11,25,signal,75.43171540159847,52.58246402195376,74.51484345473946,48.973059006828535,0.008989077920582629,0.006119150895432899,-0.01286000633619306,0.000984654220578582,0.0009846542205787063,-0.014829314777350347
AEP,ETR,-1,2022-01-05,2022-01-06,2022-01-31,16,signal,75.43171540159847,46.888406554285446,75.37219024841059,46.794936225591684,0.008069290782970072,0.00834343919909135,0.0006997228607034606,0.0009992610951051267,0.0009992610951052377,-0.0012987993295069038
AMP,MS,-1,2022-01-05,2022-01-06,2022-01-21,10,signal,296.30787811465245,89.4526144180996,287.45514026448933,84.23074943523447,0.0018327327718153422,0.00510777152108126,-0.009468884558180676,0.0009785059099452545,0.0009785059099453352,-0.011425896378071265
FITB,NTRS,-1,2022-01-06,2022-01-07,2022-01-10,1,signal,40.5556405175965,109.2856824017071,41.319647281881196,112.70499027038221,0.010408470395105692,0.0052884830864053135,0.011143908042418878,0.0010130979994357192,0.0010130979994358628,0.009117712043547296
AEE,AWK,-1,2022-01-07,2022-01-10,2022-02-16,26,signal,76.65151332085117,155.6575433227389,73.3479959971947,132.9461234872303,0.008968006587064018,0.0020069760951353663,-0.014993106701756104,0.0009622048756615655,0.0009622048756616377,-0.016917516453079307
AEP,AWK,-1,2022-01-07,2022-01-10,2022-02-02,16,signal,76.62007529493674,155.6575433227389,74.61290641398712,142.6335210310995,0.011015961889363756,0.0009997055151108939,0.010072801494910707,0.0009820925107319129,0.0009820925107319647,0.00810861647344683
AEP,NEE,-1,2022-01-07,2022-01-10,2022-02-02,16,signal,76.62007529493674,75.38153887038047,74.61290641398712,67.95111330682771,0.011304389288988139,0.0017708615009476222,0.010513275848234199,0.0009817120153896163,0.0009817120153896783,0.008549851817454905
AEP,NI,-1,2022-01-07,2022-01-10,2022-01-27,12,signal,76.62007529493674,23.91364002802316,75.15285482266718,23.718299274370995,0.008659927159596495,0.014063600204311261,0.010950940427146241,0.000992112273195983,0.0009921122731960425,0.008966715880754216
AEP,NRG,-1,2022-01-07,2022-01-10,2022-01-26,11,signal,76.62007529493674,35.78127005725395,74.88287658298476,35.52463186397939,0.011812647532840155,0.002641284608882234,0.02083206185285345,0.0009890002840082924,0.000989000284008338,0.01885406128483682
D,ES,-1,2022-01-07,2022-01-10,2022-02-11,23,signal,64.86266970792181,73.64683893677868,63.34770045126092,70.57582913997808,0.010165762990700794,0.004622897185255147,0.002188897804261883,0.000985041948369562,0.0009850419483695989,0.00021881390752272233
KMI,SLB,-1,2022-01-10,2022-01-11,2022-01-19,5,signal,13.56503970169477,31.84842945316814,13.84227457061291,34.00061427448857,0.050631752296261386,0.00982752085412433,0.008131162634196738,0.0010174086316900987,0.0010174086316901401,0.006096345370816499
KMI,XOM,-1,2022-01-10,2022-01-11,2022-03-01,33,signal,13.56503970169477,58.62063466626061,13.760136585309162,67.70315771461537,0.0446440745503775,0.006726222889414198,0.05341596255436366,0.0010348079495150428,0.0010348079495151716,0.05134634665533344
MA,PGR,1,2022-01-10,2022-01-11,2022-02-07,18,signal,354.02175585966285,100.35778246872547,371.83153601887796,99.51159868245321,0.0013528866498231827,0.0051916990579593736,0.029497582207208585,0.001009836827470466,0.0010098368274706444,0.027477908552267474
AXP,NTRS,1,2022-01-11,2022-01-12,2022-01-21,6,signal,166.75097316853947,114.34354489985547,151.19539492638543,103.24558790417134,0.0026450664524609187,0.004887669368898011,0.014049856326334577,0.0009522500181345116,0.0009522500181345815,0.012145356290065485
BAC,NTRS,1,2022-01-11,2022-01-12,2022-02-10,20,signal,43.735960599451495,114.34354489985547,44.14543053930248,108.84310750659898,0.010092993893853637,0.0048845295411931965,0.031988408607092775,0.0009885820676151292,0.0009885820676152277,0.030011244471862417
CVX,FANG,-1,2022-01-11,2022-01-12,2022-02-22,27,signal,105.8994626059001,102.13456455235531,114.6590709622753,109.61931511122381,0.006362952016323223,0.0031917953733760413,-0.030807543940970402,0.0010396315077586908,0.0010396315077587917,-0.032886806956487886
EOG,FANG,-1,2022-01-11,2022-01-12,2022-02-22,27,signal,83.80372115296386,102.13456455235531,95.6144067548979,109.61931511122381,0.00658336390908924,0.0043886966404791256,-0.04385050347937159,0.0010552382214704587,0.0010552382214706027,-0.045960979922312656
ES,WEC,1,2022-01-11,2022-01-12,2022-02-01,13,signal,71.65212249838723,80.43276009204955,74.02991674082794,82.3915456460571,0.007149388552059689,0.006063986216299882,0.006136178794540646,0.001014452458670663,0.0010144524586707146,0.004107273877199268
NTRS,PNC,-1,2022-01-11,2022-01-12,2022-02-07,17,signal,114.34354489985547,188.53537543165285,105.78833180535618,177.74262510783365,0.005087563836038722,0.002218087157548644,0.02055212275140481,0.000966190890117629,0.0009661908901176877,0.018619740971169495
BAC,PNC,1,2022-01-12,2022-01-13,2022-01-20,4,signal,43.513586317843846,188.93285161457905,41.48852580510633,175.25786806995413,0.011758461588933806,0.0025848260884553387,0.012506292969521302,0.0009704349984680504,0.0009704349984681728,0.01056542297258508
CB,SCHW,1,2022-01-12,2022-01-13,2022-01-25,7,signal,186.9191430552811,87.51069587457846,182.54199836453301,81.84904083583658,0.003324918201599035,0.004326674762610693,0.010923090934462717,0.0009805990170314177,0.0009805990170315534,0.008961892900399745
FITB,NTRS,1,2022-01-12,2022-01-13,2022-02-10,19,signal,41.70659724803365,115.314550444529,41.44641473347269,108.84310750659898,0.009969521706098638,0.0050654558182771205,0.031169149083688827,0.0009822360275656312,0.0009822360275657817,0.029204677028557415
NTRS,ZION,-1,2022-01-12,2022-01-13,2022-03-15,41,signal,115.314550444529,59.6480959685498,96.1973104286409,55.499363624431545,0.005050637601204736,0.006999473921562512,0.06845244521750382,0.0009371378122021599,0.0009371378122023358,0.06657816959309933
AXP,FITB,1,2022-01-13,2022-01-14,2022-03-02,31,signal,159.63546610574497,40.9758144081674,169.94946984317954,38.09785312429395,0.003277461427955372,0.011636714530403339,0.0682939601860853,0.0010001968788674602,0.0010001968788675552,0.06629356642835028
AXP,PNC,1,2022-01-13,2022-01-14,2022-03-03,32,signal,159.63546610574497,186.33683012742065,172.14250258357075,163.04038983475044,0.0031367830494462975,0.002679334338069503,0.10263924505857291,0.00098843260518523,0.0009884326051854031,0.10066237984820228
BAC,FITB,1,2022-01-13,2022-01-14,2022-01-26,7,signal,42.26830872029804,40.9758144081674,40.67990840761464,38.207207187198065,0.012513955243992535,0.011496658763783018,0.012926740507588741,0.0009741784596224551,0.0009741784596225531,0.010978383588343733
BKR,HAL,1,2022-01-13,2022-01-14,2022-01-24,5,signal,23.512415301640775,25.41457029764972,23.94666762786803,24.21254758520069,0.02511577381095487,0.0161150760419665,0.03127313662125511,0.000995866003563382,0.0009958660035634865,0.02928140461412824
BKR,MPC,1,2022-01-13,2022-01-14,2022-01-21,4,signal,23.512415301640775,65.85026108260438,23.785102816770248,64.51658552595794,0.02293210644993804,0.006998449232877546,0.01658546268617843,0.0009985028853404573,0.0009985028853404876,0.014588456915497483
CB,KEY,1,2022-01-13,2022-01-14,2022-01-25,6,signal,184.8218975910287,20.73467922481741,182.54199836453301,19.608498819769256,0.003089644331142795,0.020691751038867993,0.01724346854366613,0.0009849016982774294,0.0009849016982776085,0.015273665147111093
NTRS,SCHW,-1,2022-01-13,2022-01-14,2022-02-04,14,signal,114.35221123273317,87.22310351055177,103.86176137652558,83.34127155698417,0.005334048229088958,0.004470484414624987,0.039566140738062736,0.0009632445088293411,0.0009632445088294611,0.037639651720403934
ALL,JPM,-1,2022-01-14,2022-01-18,2022-02-02,11,signal,110.5681430013981,139.1880831865191,106.24768528309887,134.33602317803812,0.00545079761617738,0.0028537819800794717,0.010684420567249903,0.0009812013540165887,0.000981201354016729,0.008722017859216587
AXP,COF,1,2022-01-14,2022-01-18,2022-03-02,30,signal,158.87852545450858,147.5728679940699,169.94946984317954,131.0490846687761,0.00363877819119503,0.002859293358315301,0.0885276740639377,0.0009966191502550944,0.0009966191502551785,0.08653443576342744
AXP,MET,1,2022-01-14,2022-01-18,2022-03-02,30,signal,158.87852545450858,59.56872383241926,169.94946984317954,56.80627267258458,0.0031056195140176405,0.00850407542856595,0.05887968687656057,0.0010054529135363392,0.0010054529135364453,0.05686878104948778
CB,FITB,1,2022-01-14,2022-01-18,2022-01-24,4,signal,184.285838348407,42.42123125618916,179.48856518965934,37.24824462601511,0.003257288108382481,0.009425183815942574,0.03409816632543806,0.0009679172712854761,0.0009679172712856075,0.03216233178286697
CFG,MET,-1,2022-01-14,2022-01-18,2022-01-21,3,signal,46.27302511475505,59.62832235551321,42.564808543998964,57.41156798366103,0.010788902854110976,0.008398112215370472,0.022361730410525273,0.0009706940353610373,0.0009706940353611062,0.020420342339803128
HBAN,TRV,-1,2022-01-14,2022-01-18,2022-01-21,3,signal,14.477530116732039,149.629050792381,12.978164961608586,151.13408988364074,0.032318115404370754,0.0035564309707893952,0.05478771728511665,0.0009784935321398088,0.0009784935321398803,0.052830730220836966
C,USB,1,2022-01-18,2022-01-19,2022-02-04,12,signal,55.78558431164094,47.53076345791529,55.63838976187087,48.428217158766905,0.008999719122262755,0.01047631423494488,-0.009722678563987426,0.001004038021706856,0.0010040380217069796,-0.01173075460740126
MET,PNC,-1,2022-01-18,2022-01-19,2022-03-09,34,signal,59.28284341899096,184.52633230509204,56.49188948800542,158.75291682021657,0.008680546064533506,0.002630397927038568,-0.04261337069185071,0.0009539638103586243,0.0009539638103587336,-0.04452129831256807
AFL,USB,-1,2022-01-19,2022-01-20,2022-02-23,23,signal,56.531346121250806,46.238088723922516,57.014910874680076,47.571581701475935,0.01007168044649775,0.009311905142719592,0.008555626767052682,0.001008576323321625,0.0010085763233217034,0.006538474120409353
FITB,RF,-1,2022-01-19,2022-01-20,2022-01-25,3,signal,40.49681013987577,18.305815283877717,37.93802665091015,18.664246022842196,0.01290715808772303,0.026072496737462297,0.04335995443700402,0.0009881471604117236,0.0009881471604119415,0.04138366011618036
MET,RF,-1,2022-01-20,2022-01-21,2022-01-26,3,signal,57.41156798366103,18.346810432799025,57.92862074167011,19.237525167905577,0.009524781264643956,0.02469749542433514,0.018087027706699746,0.001013419034335142,0.0010134190343352317,0.016060189638029375
HBAN,TFC,1,2022-01-21,2022-01-24,2022-02-18,19,signal,12.348080248189337,48.32451589614727,12.91614519345171,49.9033143864759,0.03821500228780088,0.010927988027697693,0.005474966044287589,0.0010194538619249884,0.0010194538619250394,0.0034360583204375615
AJG,BLK,-1,2022-01-24,2022-01-25,2022-01-28,3,signal,147.22553228922342,689.1065500560553,142.77015520595458,697.9700720356008,0.003939992143260935,0.0006092703687689244,0.023948280703164848,0.0009938486947516614,0.0009938486947517217,0.021960583313661464
HBAN,TRV,1,2022-01-24,2022-01-25,2022-04-20,59,signal,12.683581169157362,154.11414319528575,11.717715615394397,162.722462307562,0.03373234093709414,0.003712058717683893,-0.06353589357524007,0.0009995985890174667,0.000999598589017575,-0.06553509075327511
AXP,NTRS,-1,2022-01-25,2022-01-26,2022-03-08,28,signal,167.2649084601873,100.93718521946981,151.88597370530687,91.4297517558987,0.002826683224126438,0.00522326877545425,-0.005235043447227299,0.0009534600211969105,0.0009534600211969252,-0.007141963489621134
BKR,HAL,1,2022-01-25,2022-01-26,2022-02-14,13,signal,25.25540469066037,28.112256768423624,26.1085326294408,30.458897438827506,0.02310027865362236,0.01482187050638942,-0.014046786876476099,0.0010273241522587356,0.001027324152258867,-0.016101435180993703
BKR,MPC,-1,2022-01-25,2022-01-26,2022-02-02,5,signal,25.230161907361364,65.36535954156993,24.428834849391354,68.81805824643303,0.022133149972048613,0.00675462268506371,0.04206031365256184,0.0010027447052927618,0.001002744705292868,0.04005482424197621
CVX,EOG,-1,2022-01-25,2022-01-26,2022-02-02,5,signal,109.96199636634073,88.08765519912781,111.27295702867485,91.9799189100539,0.005783823759775984,0.004130690877793073,0.009507068887363739,0.0010116961096161103,0.0010116961096162962,0.007483676668131331
KMI,SLB,1,2022-01-25,2022-01-26,2022-03-01,23,signal,13.725954396410968,35.106100259620696,13.746383325353833,35.77408271057665,0.048693725757533717,0.009451353817404985,-0.004314756819609593,0.0010038210047285,0.001003821004728646,-0.006322398829066739
AJG,ICE,-1,2022-01-26,2022-01-27,2022-01-28,1,signal,146.9399583840834,116.28254230499415,142.77015520595458,115.26276475786216,0.0030332064158242506,0.0047673093683215486,0.008777580236384391,0.0009913015378059963,0.000991301537806119,0.006794977160772276
AWK,NEE,-1,2022-01-26,2022-01-27,2022-02-01,3,signal,141.27370751369398,64.39937949297224,145.12892601150884,68.49529689581396,0.003812043207513246,0.007164971396036424,0.015672858346406103,0.0010219868025919286,0.0010219868025919993,0.013628884741222175
FITB,RF,1,2022-01-26,2022-01-27,2022-02-03,5,signal,38.21562354128405,19.458639715709488,39.345528709721535,19.609276258647633,0.01289944802012573,0.026056922378574772,0.011659274048972684,0.0010092457677580622,0.001009245767758217,0.009640782513456405
D,NEE,-1,2022-01-28,2022-01-31,2022-02-11,9,signal,63.33268623198654,64.05673716246332,63.34770045126092,66.61700492789521,0.01351408390662363,0.002244267491692389,0.006545642036506813,0.0010026197395864907,0.001002619739586569,0.004540402557333754
D,EVRG,-1,2022-01-31,2022-02-01,2022-02-11,8,signal,64.79823839644943,53.664400530424025,63.34770045126092,52.412623067685345,0.011283642140056685,0.005005335717479634,0.011090239427397565,0.0009884547878991528,0.000988454787899206,0.009113329851599206
D,EXC,-1,2022-01-31,2022-02-01,2022-02-14,9,signal,64.79823839644943,34.6862165995691,63.9844645098649,35.61461686953805,0.014766142639975213,0.0012316901215198716,0.014153912567206797,0.0009941098398754083,0.000994109839875492,0.012165692887455896
D,FE,-1,2022-01-31,2022-02-01,2022-02-14,9,signal,64.79823839644943,34.49666151359601,63.9844645098649,34.58939293420522,0.014474869997386425,0.0017861295894666916,0.01293865954874205,0.0009937579989396268,0.000993757998939719,0.010951143550862704
D,NI,-1,2022-01-31,2022-02-01,2022-02-14,9,signal,64.79823839644943,25.02051488440568,63.9844645098649,24.929389629730775,0.014517618717361442,0.002351777929573261,0.012593300423736313,0.000993547778927891,0.0009935477789279781,0.010606204865880445
D,PNW,-1,2022-01-31,2022-02-01,2022-02-14,9,signal,64.79823839644943,57.03797759120049,63.9844645098649,56.9809710658014,0.015390558054258945,3.894195235723884e-05,0.013515456570952355,0.0009932422718292781,0.000993242271829361,0.011528972027293716
D,WEC,-1,2022-01-31,2022-02-01,2022-02-25,17,signal,64.79823839644943,82.3915456460571,63.04140289236965,76.42706472571835,0.009940552619552626,0.004317496974376837,-0.007309466607028751,0.0009782459480588183,0.0009782459480589046,-0.009265958503146474
D,XEL,-1,2022-01-31,2022-02-01,2022-02-11,8,signal,64.79823839644943,59.585391929130765,63.34770045126092,57.623341456712055,0.010228539346146405,0.005656513034425782,0.0047253908081981485,0.0009868704341967631,0.0009868704341968184,0.0027516499398045667
AEP,NI,1,2022-02-01,2022-02-02,2022-02-28,17,signal,74.61290641398712,24.76406417541111,75.44356454281692,24.789980618239277,0.008709873528203462,0.014144712406157804,0.007872298883106487,0.0010039522662198593,0.0010039522662198936,0.005864394350666734
AEP,SRE,1,2022-02-01,2022-02-02,2022-02-04,2,signal,74.61290641398712,59.20760250925244,75.2378541011297,59.16678920409635,0.007780331407631219,0.0070863717843450014,0.006153886674917285,0.001002368302431386,0.0010023683024315013,0.004149150070054397
DTE,PEG,1,2022-02-01,2022-02-02,2022-02-15,9,signal,101.79427295197645,56.45718703572416,101.9422191041818,55.51608586786436,0.004727367843955305,0.00918859109121347,0.01034279925472053,0.0009960095652209022,0.0009960095652210466,0.00835078012427858
BKR,MPC,1,2022-02-02,2022-02-03,2022-02-14,7,signal,24.177263746458497,70.88377615130611,26.1085326294408,73.01344056154045,0.021830055858354576,0.0066621240403316,0.02899982780298543,0.001028208675240555,0.001028208675240544,0.026943410452504334
CB,FITB,-1,2022-02-02,2022-02-03,2022-02-14,7,signal,194.0982499051267,39.384893921036905,192.32688132023597,41.01783062787813,0.0032456862439528755,0.009391613035213884,0.022089884837408598,0.0010046685268091942,0.0010046685268092824,0.02008054778379012
CB,PNC,-1,2022-02-02,2022-02-03,2022-04-25,55,signal,194.0982499051267,178.4260287151067,194.24847373256554,145.8342662765288,0.0031419860825577547,0.0021859806210934372,-0.0707524766002538,0.0009644856728398792,0.0009644856728399942,-0.07268144794593367
CB,SCHW,-1,2022-02-02,2022-02-03,2022-03-17,29,signal,194.0982499051267,84.72834250392805,197.33550660205847,82.3631177611993,0.003285192268263261,0.0042749798989288185,-0.019746179947137985,0.0010001189556202205,0.001000118955620379,-0.021746417858378584
AON,NDAQ,-1,2022-02-04,2022-02-07,2022-03-09,21,signal,279.6632889615252,56.396550518120506,272.3690526734739,52.51993085904864,0.002200562385047885,0.00681722122938358,-0.009397709506657831,0.0009786423282755934,0.000978642328275664,-0.011354994163209087
BAC,PNC,-1,2022-02-04,2022-02-07,2022-02-23,11,signal,43.15020341906645,177.92045664871188,40.8718188203137,171.29486256084903,0.01215599379554938,0.00267221435867159,0.010968298817717215,0.0009772774277202103,0.0009772774277203486,0.009013743962276655
KEY,TFC,-1,2022-02-04,2022-02-07,2022-02-24,12,signal,20.679360083020963,51.011369231160344,18.86497574510028,46.687764427826025,0.02336741474869426,0.010130944514434189,-0.0004478124399142705,0.0009569165872792469,0.00095691658727931,-0.0023616456144728275
KMI,PSX,1,2022-02-07,2022-02-08,2022-02-28,13,signal,13.7601345230799,75.44379713729533,13.313612687664984,71.25753574950015,0.04473504068012601,0.005097239130177468,0.002342661947473068,0.0009794590643032433,0.0009794590643034294,0.00038374381886639546
KMI,VLO,1,2022-02-07,2022-02-08,2022-02-28,13,signal,13.7601345230799,78.60737281425298,13.313612687664984,73.57663794589295,0.0414254783278731,0.005470855537031638,0.010002105427653053,0.0009770623336502072,0.0009770623336502837,0.008047980760352562
ALL,COF,-1,2022-02-08,2022-02-09,2022-02-10,1,signal,113.54609143042747,144.33602312341367,111.05472762569013,145.4964232644043,0.0058976187938707654,0.0022875678815880685,0.01834142337835598,0.0009938152888472446,0.000993815288847342,0.016353792800661397
AJG,BLK,-1,2022-02-09,2022-02-10,2022-05-03,56,signal,150.4147175198496,715.5663490143904,159.5780768574738,564.5208244244579,0.0038301258805838036,0.0005922809292110176,-0.12358549298324066,0.0009727104261738762,0.0009727104261740272,-0.12553091383558856
ATO,FE,-1,2022-02-09,2022-02-10,2022-02-11,1,signal,96.1211998839759,34.906924531921895,94.46313377240605,34.905290989177814,0.007865946388056171,0.00698025780810138,0.01402407680470445,0.0009932202127374721,0.0009932202127374624,0.012037636379229517
AEP,FE,1,2022-02-10,2022-02-11,2022-04-25,49,signal,74.51484345473946,34.905290989177814,85.4329997193889,38.43506067324936,0.010592449962041246,0.006044761226666938,0.0953822150509787,0.0010688060652724353,0.0010688060652725294,0.09324460292043374
AEP,SRE,1,2022-02-10,2022-02-11,2022-03-04,14,signal,74.51484345473946,59.29019222643949,79.6348704667419,64.85723561998654,0.007781708978768182,0.007087626484270294,0.001425165737168027,0.0010397297615190894,0.0010397297615192857,-0.000654293785870348
AEP,AES,1,2022-02-14,2022-02-15,2022-04-27,49,signal,73.52767271139064,18.001071773957687,84.54881253992873,17.704265158868584,0.012471813994924258,0.004632674581047002,0.13989710525298574,0.0010684908381972977,0.0010684908381974464,0.137760123576591
AEP,CNP,1,2022-02-14,2022-02-15,2022-04-25,47,signal,73.52767271139064,24.098260716912893,85.4329997193889,28.46472673090783,0.012131126546331465,0.004498997943998345,0.12586276475847685,0.0010824578684940057,0.0010824578684941327,0.12369784902148871
AEP,EXC,1,2022-02-14,2022-02-15,2022-02-28,8,signal,73.52767271139064,35.66516580551289,75.44356454281692,35.844762458696636,0.010316391343196467,0.006777422996954796,0.019558641613785035,0.0010107541970217609,0.001010754197021911,0.017537133219741364
AEP,NRG,1,2022-02-14,2022-02-15,2022-04-25,47,signal,73.52767271139064,34.68922954867128,85.4329997193889,33.715773447504255,0.012307502888796012,0.002751933287061738,0.1502760978302658,0.0010723650389710838,0.0010723650389712121,0.1481313677523235
D,ES,-1,2022-02-14,2022-02-15,2022-04-20,44,signal,63.80780202251355,68.56861421265148,71.21986046100868,78.15365273010501,0.010525670155626774,0.004786565551437937,-0.031075698697023674,0.0010617684239572957,0.001061768423957293,-0.03319923554493826
AEP,NEE,1,2022-02-15,2022-02-16,2022-04-27,48,signal,72.87238405285775,65.94118303224661,84.54881253992873,65.22426808424709,0.012023423274285574,0.0018835000141733235,0.14281088295342742,0.0010699316067289692,0.0010699316067290185,0.14067101973996943
AEP,AWK,1,2022-02-16,2022-02-17,2022-04-25,45,signal,72.39581465073279,133.72359254783046,85.4329997193889,149.13260716317515,0.011834150585873029,0.0010739566572732018,0.1388212048228917,0.001085807332689344,0.0010858073326894327,0.13664959015751293
ATO,ED,-1,2022-02-16,2022-02-17,2022-02-22,2,signal,94.74468055451443,69.74904240703414,94.99183201462793,72.63729365235476,0.006344698959838,0.005717241167537715,0.015953670336529224,0.001008943026494684,0.001008943026494747,0.013935784283539794
AEP,ETR,1,2022-02-17,2022-02-18,2022-03-28,25,signal,72.59155395617505,44.6872090767542,82.27888071734888,49.1790056345942,0.008418655295245181,0.008704673122231084,0.043515092606551856,0.001060448639385318,0.0010604486393854674,0.04139419532778107
AEP,PPL,-1,2022-02-18,2022-02-22,2022-04-19,39,signal,72.86757299254697,21.97610383379217,86.65031321905573,25.215278944712953,0.009048651509501945,0.015493512640205884,-0.07344173996749102,0.001087272663289244,0.001087272663289379,-0.07561628529406965
DTE,PEG,-1,2022-02-18,2022-02-22,2022-03-18,18,signal,103.07875102812967,55.2432402490964,110.40186222818119,56.90955322113342,0.004751654458675206,0.009235797016163094,-0.018382066933929138,0.001025098676036613,0.001025098676036652,-0.020432264286002404
CVX,EOG,-1,2022-02-23,2022-02-24,2022-04-01,26,signal,115.32203903032527,92.44827602494956,136.23508989180388,98.33130275710049,0.005513547323322119,0.0039376648699284,-0.09107063158537193,0.001069076322392428,0.001069076322392613,-0.09320878423015698
FITB,NTRS,-1,2022-02-23,2022-02-24,2022-03-17,15,signal,38.02616975135651,94.81030322453364,39.300768971893895,98.78883057812364,0.011601778683287605,0.0058947960660612675,0.00968417046796437,0.0010191811418705128,0.0010191811418706503,0.007645808184223207
AEE,AWK,1,2022-02-24,2022-02-25,2022-02-28,1,signal,73.07861753071464,135.15198914491424,74.0646442374625,137.88430827754996,0.00968023464195232,0.002166367668565684,0.00463370236732042,0.0010079403119150425,0.0010079403119151306,0.0026178217434902466
AJG,AMP,-1,2022-02-24,2022-02-25,2022-03-24,19,signal,147.43502856130212,272.736259965109,157.23582085594097,285.04326378320314,0.0036436377329293985,0.0016967406470639872,-0.013800487749187861,0.001028255246429971,0.0010282552464300986,-0.01585699824204793
D,EXC,1,2022-02-24,2022-02-25,2022-02-28,1,signal,63.04140289236965,35.12078349659097,63.719212198253516,35.844762458696636,0.015165095311895293,0.001264968011144724,0.010369288069120143,0.0010060555699072126,0.0010060555699073336,0.008357176929305597
D,NI,1,2022-02-24,2022-02-25,2022-02-28,1,signal,63.04140289236965,24.78248749390543,63.719212198253516,24.789980618239277,0.0149194634714884,0.0024168746677001823,0.011099949416803805,0.0010055081794190222,0.0010055081794191397,0.009088933057965643
ATO,FE,-1,2022-02-25,2022-02-28,2022-04-18,34,signal,96.73233567271723,34.22459641325143,107.50326538605955,39.35260917824226,0.007865560030346866,0.006979914953435959,-0.047866318220749667,0.0010599830424212055,0.0010599830424213857,-0.04998628430559226
CVX,FANG,-1,2022-02-25,2022-02-28,2022-04-01,24,signal,116.44242290161176,107.53361844791937,136.23508989180388,111.92210505889503,0.005868030729121712,0.0029435320719048627,-0.10216200537862229,0.0010643216445660746,0.0010643216445662563,-0.10429064866775462
EOG,FANG,1,2022-02-25,2022-02-28,2022-03-02,2,signal,89.20849707693601,107.42613856941071,96.44243061240695,113.98969558183754,0.006218375826794649,0.004145383040820803,0.018811014548003185,0.0010361550451661752,0.001036155045166231,0.016738704457670776
ALL,JPM,-1,2022-02-28,2022-03-01,2022-04-25,38,signal,110.08167811778301,125.12453900291169,118.66602307331928,113.31002982614012,0.005694327964968399,0.002981283048715674,-0.08309778956825159,0.0010066819105988205,0.0010066819105989137,-0.08511115338944931
C,USB,1,2022-02-28,2022-03-01,2022-04-13,31,signal,49.99963573475577,45.53874781889311,42.15651443252274,41.37526059769344,0.009707652711539415,0.011300399368934039,-0.0281508449937974,0.0009383844157479675,0.0009383844157481202,-0.030027613825293488
OKE,VLO,-1,2022-02-28,2022-03-01,2022-03-09,6,signal,51.66548388553373,74.27016531117891,52.039766015350246,76.73931196315601,0.008796918670048835,0.007345455789717034,0.015855242122678494,0.001010764007901421,0.001010764007901567,0.013833714106875505
CB,KEY,-1,2022-03-01,2022-03-02,2022-04-20,34,signal,188.83687956143078,18.65279747698754,200.2809516804686,17.288352355830394,0.0031868535026801405,0.0213427735387301,-0.06458806801885306,0.0010035565255089131,0.0010035565255089689,-0.06659518106987095
KMI,PSX,-1,2022-03-01,2022-03-02,2022-04-06,25,signal,13.958830506677222,70.85650035915435,14.965227189424999,73.77769546735627,0.04538158018935055,0.00517090770039717,-0.029536394104810938,0.0010302473762398702,0.0010302473762400341,-0.031596888857290846
ALL,COF,-1,2022-03-02,2022-03-03,2022-04-19,32,signal,111.54064968529939,131.20605415419456,126.0854498069395,127.35814037466618,0.006155239784374117,0.0023874938897103367,-0.09767364439168817,0.0010399586095567331,0.0010399586095568023,-0.0997535616108017
KMI,SLB,-1,2022-03-02,2022-03-03,2022-03-09,4,signal,14.273573812471932,34.86258303953251,14.579286255963973,39.119218115835274,0.04751928103771432,0.00922339646944463,0.02576011918044685,0.0010267217649864125,0.0010267217649865077,0.023706675650473928
AEP,EIX,-1,2022-03-03,2022-03-04,2022-04-22,34,signal,79.6348704667419,52.477504351075694,86.80351829776146,59.15668251620757,0.00866701639299024,0.005899913382713272,-0.02167364290498778,0.0010505727200448294,0.0010505727200449898,-0.023774788345077597
AEP,EXC,-1,2022-03-03,2022-03-04,2022-04-25,35,signal,79.6348704667419,36.465561118374595,85.51847545697709,41.3310774864039,0.009650736709764372,0.006340116687939345,-0.02488964175457643,0.0010435393900544935,0.001043539390054657,-0.026976720534685583
ATO,ED,-1,2022-03-03,2022-03-04,2022-04-05,22,signal,101.46867146926871,75.52500110493804,107.05515268338779,81.87987832522374,0.00589826469870104,0.0053149569374224565,0.0018586187312595384,0.0010332648980291882,0.0010332648980293031,-0.00020791106479895296
BKR,HAL,-1,2022-03-03,2022-03-04,2022-04-01,20,signal,27.879833534772267,30.102927675323343,33.19979360756412,34.621598309937376,0.021186835826230876,0.013594144978302384,-0.05019869018663231,0.0010869667615710926,0.0010869667615712587,-0.05237262370977466
BKR,MPC,-1,2022-03-03,2022-03-04,2022-03-31,19,signal,27.879833534772267,69.45904378441104,33.51641088884017,76.86833596314679,0.020374571957330268,0.006217937623666126,-0.06769196285369763,0.001080371436920882,0.0010803714369210613,-0.06985270572753959
D,EVRG,-1,2022-03-03,2022-03-04,2022-03-16,8,signal,65.29404886088953,51.51535475871323,65.77392328391863,53.865683795490824,0.011342099016419731,0.005031266732267274,0.007390743934582188,0.001008394863404654,0.0010083948634046335,0.0053739542077729
AEP,NI,-1,2022-03-04,2022-03-07,2022-05-13,48,signal,81.62424809380978,26.38152438154966,84.70069098256137,25.94412721985519,0.008032974061858692,0.013045437170033525,-0.029409683010894284,0.001009340108473037,0.0010093401084732012,-0.031428363227840525
AJG,ICE,1,2022-03-04,2022-03-07,2022-03-09,2,signal,151.87259227216117,127.93169103294488,146.2769474397548,118.99600943369394,0.0028331155013268756,0.004452825234890046,0.02490803561773712,0.0009721152162600202,0.0009721152162601653,0.022963805185216936
CB,FITB,-1,2022-03-04,2022-03-07,2022-04-27,36,signal,190.80991128052565,37.223012869582874,197.75088022071907,31.931095740926313,0.0033494234417164527,0.009691783644917192,-0.07355053770071679,0.000985822253563637,0.000985822253563739,-0.07552218220784417
D,EXC,-1,2022-03-04,2022-03-07,2022-04-25,34,signal,67.19417557351584,37.56257760567033,69.26907503948203,41.3310774864039,0.01421273480074988,0.0011855286435113778,-0.024005813958312965,0.001016517338003294,0.0010165173380033946,-0.026038848634319652
D,FE,-1,2022-03-04,2022-03-07,2022-04-25,34,signal,67.19417557351584,35.77231748071642,69.26907503948203,38.396644820502495,0.013958737626856208,0.0017224413284148091,-0.02342643003631338,0.0010162973418763959,0.0010162973418765015,-0.025459024720066278
D,NEE,-1,2022-03-04,2022-03-07,2022-03-16,7,signal,67.19417557351584,71.52318808985143,65.77392328391863,72.23717637018335,0.012642285369204255,0.0020994889680163364,0.020445672345610406,0.0009914270864070484,0.0009914270864071362,0.01846281817279622
D,NI,-1,2022-03-04,2022-03-07,2022-04-25,34,signal,67.19417557351584,26.38152438154966,69.26907503948203,26.623030393710607,0.013986146611052498,0.002265682241696678,-0.027458335861477026,0.0010143363897047058,0.0010143363897048016,-0.029487008640886533
D,PNW,-1,2022-03-04,2022-03-07,2022-04-25,34,signal,67.19417557351584,61.455945491158666,69.26907503948203,64.02948970033596,0.014840492024258883,3.755014804071698e-05,-0.029680952540507146,0.0010149394692592869,0.00101493946925938,-0.031710831479025814
D,WEC,-1,2022-03-04,2022-03-07,2022-03-16,7,signal,67.19417557351584,81.08686919218181,65.77392328391863,80.95447797991548,0.00976288056836805,0.0042403283729137865,0.014297004936116037,0.0009926336695246507,0.000992633669524787,0.012311737597066599
D,XEL,-1,2022-03-04,2022-03-07,2022-03-16,7,signal,67.19417557351584,61.02656012399262,65.77392328391863,60.35575191709083,0.009904972519235935,0.005477576442211723,0.01138412264253293,0.0009909659750582632,0.0009909659750583439,0.009402190692416323
MA,PGR,1,2022-03-04,2022-03-07,2022-03-30,17,signal,320.9597404707856,96.52969050232552,354.1348482673714,105.94666562954795,0.0014463050080614982,0.005550191768731087,-0.003234606452038484,0.0010500868362347355,0.0010500868362348882,-0.005334780124508108
AEE,AWK,-1,2022-03-07,2022-03-08,2022-03-21,9,signal,78.18217072502352,142.44518160719844,77.03579066134208,142.92658497500724,0.009084007820035336,0.0020329363460918595,0.01238746286936866,0.0009950750026042207,0.0009950750026042655,0.010397312864160175
BAC,PNC,1,2022-03-07,2022-03-08,2022-03-15,5,signal,34.9220810270691,153.47514985605795,36.84270898294958,156.19016853182592,0.014564632910450227,0.0032016980138913384,0.02029891763641525,0.001018346403351794,0.0010183464033519012,0.018262224829711557
CFG,MET,1,2022-03-07,2022-03-08,2022-05-02,38,signal,38.40109168610402,54.53359598815423,33.03328147818838,57.76685487612201,0.012368241151455664,0.009627473571801536,-0.09653616614719172,0.000982319454256476,0.0009823194542565921,-0.09850080505570478
EOG,FANG,-1,2022-03-07,2022-03-08,2022-03-25,13,signal,99.7116304926979,111.07853642296972,99.12285574451067,115.78933013454163,0.0057546248015169,0.0038362306690606384,0.022467142363865718,0.001007273283490442,0.001007273283490487,0.020452595796884788
KMI,VLO,-1,2022-03-07,2022-03-08,2022-03-14,4,signal,14.97387682557439,75.99963380062314,14.098821663988236,79.738723012852,0.03997882284071082,0.005279802989141232,0.05571762366182153,0.0009922939815274253,0.0009922939815275931,0.05373303569876651
AXP,FITB,1,2022-03-08,2022-03-09,2022-05-03,38,signal,158.98262311226594,36.52193005914729,163.99531924102178,32.13238303823592,0.003464521717703097,0.01230087709634596,0.07234362728267335,0.0009817542674902583,0.0009817542674903155,0.07038011874769279
AXP,MET,1,2022-03-08,2022-03-09,2022-03-18,7,signal,158.98262311226594,56.435425830346254,178.36235372047463,59.364951181963626,0.003189621402283568,0.008734096650010193,0.03727096249798761,0.0010437165392364392,0.001043716539236473,0.03518352941951469
HBAN,TFC,-1,2022-03-11,2022-03-14,2022-03-29,11,signal,12.245813489674797,46.335374102973994,12.704824799652414,48.40217923993159,0.03922274207072957,0.011216161980951515,0.006198552627065045,0.001020613646685728,0.0010206136466858638,0.004157325333693454
AON,NDAQ,-1,2022-03-15,2022-03-16,2022-04-27,29,signal,298.3185310646151,53.48354771988026,301.1255164482173,50.4735736620905,0.0021548285197076807,0.006675540230100196,-0.02514894682278859,0.0009928282505334367,0.0009928282505335005,-0.027134603323855526
BAC,NTRS,1,2022-03-16,2022-03-17,2022-04-19,22,signal,37.907485339151556,98.78883057812364,35.01218368993209,96.80003312652438,0.011665676875872952,0.005645633388613849,-0.021570197436506504,0.000977434765530992,0.000977434765531088,-0.023525066967568585
AXP,COF,-1,2022-03-17,2022-03-18,2022-04-12,17,signal,178.36235372047463,123.73732689659369,167.54698039519855,120.73612754202553,0.0036280022248851296,0.002850825777363573,0.03165826544840882,0.0009759634443537264,0.0009759634443538274,0.029706338559701267
D,XEL,-1,2022-03-17,2022-03-18,2022-04-21,23,signal,67.13731293538078,60.208816372901204,70.68339268796241,64.91220254217684,0.009955151660477269,0.005505326148878768,-0.008377659943704038,0.0010304269274059171,0.001030426927405968,-0.010438513798515923
AEP,SRE,1,2022-03-18,2022-03-21,2022-04-05,11,signal,79.9953815594743,68.22586875604362,85.56051514441178,73.16140482869154,0.007035960114487169,0.006408394015475336,0.008562655266872995,0.0010354571625794376,0.0010354571625795623,0.006491740941713994
MET,RF,-1,2022-03-18,2022-03-21,2022-04-25,24,signal,60.22162369468534,19.056760929805755,59.95003212808804,17.46155659575255,0.009120699684743794,0.02364972301955694,-0.03426919527241205,0.0009798402716999213,0.0009798402716999794,-0.036228875815811946
MET,PNC,-1,2022-03-21,2022-03-22,2022-04-27,25,signal,60.74507045543756,165.37436598733743,58.3606877087376,143.27128628219572,0.009020181493958961,0.002733314992724064,-0.03794813283197219,0.0009589811851685924,0.0009589811851687206,-0.0398660952023095
AFL,USB,-1,2022-03-24,2022-03-25,2022-04-26,21,signal,58.060038156343644,46.00108444234189,55.776059671881626,41.21044789078902,0.009940482564731044,0.009190604408802627,-0.020358445978639915,0.0009665511300173965,0.0009665511300174036,-0.022291548238674713
AMP,MS,-1,2022-03-24,2022-03-25,2022-04-19,16,signal,292.36263382633797,80.00601913512503,274.2072277883059,75.19860697682296,0.0019403465911792875,0.005407688022971217,0.01020011766615651,0.0009693225987214214,0.0009693225987215174,0.008261472468713572
AEE,AWK,-1,2022-03-28,2022-03-29,2022-05-02,23,signal,80.41045950021937,147.99241818624088,81.71549391232968,139.97945862920204,0.008806399618857487,0.001970809604974035,-0.026287036942879274,0.0009976352658054304,0.0009976352658054909,-0.028282307474490197
AJG,ICE,-1,2022-03-29,2022-03-30,2022-06-01,43,signal,165.01521701037746,125.34440262469444,155.20905652269678,96.58818994624663,0.0027624012611848587,0.004341683224328537,-0.0968377658165484,0.000924050266141833,0.000924050266141928,-0.09868586634883215
KEY,TFC,1,2022-03-29,2022-03-30,2022-04-14,11,signal,18.82816529481412,48.290537596610726,16.404426149356684,41.53820906630832,0.0251473662474058,0.01090264262762997,0.013600261093032494,0.00093269220178795,0.0009326922017880202,0.011734876689456523
KMI,XOM,-1,2022-03-29,2022-03-30,2022-04-13,10,signal,14.950272053780836,71.461862598649,15.162140788648575,74.44168569114238,0.038881686200626125,0.005858042536116592,0.010230884608266138,0.001012767847188541,0.0010127678471886438,0.008205348913888954
D,NEE,-1,2022-03-30,2022-03-31,2022-04-27,18,signal,69.17546994104475,75.14529999754112,67.91977995300934,65.15907641199897,0.012242430419211997,0.0020330855423856815,-0.003948335546833975,0.0009818139413379713,0.0009818139413381695,-0.005911963429510115
FITB,NTRS,1,2022-03-30,2022-03-31,2022-04-20,13,signal,37.39041547572266,104.97568140440956,34.60399938479777,98.49459656536224,0.011020990873400964,0.0055997011680808525,0.006549484944599896,0.0009664129085364139,0.0009664129085365889,0.004616659127526893
NTRS,PNC,-1,2022-03-30,2022-03-31,2022-04-18,11,signal,104.97568140440956,160.2261352484975,96.54673053286663,147.62491761124048,0.0057192197875780264,0.0024934778945009295,0.017746254807867626,0.0009600898171119398,0.000960089817112059,0.015826075173643626
NTRS,ZION,-1,2022-03-30,2022-03-31,2022-04-18,11,signal,104.97568140440956,57.21439582739064,96.54673053286663,53.62048220256701,0.005426534225826594,0.007520413816481219,0.01967582383869729,0.0009635511258224297,0.0009635511258225893,0.017748721587052273
AJG,AMP,-1,2022-03-31,2022-04-01,2022-05-03,21,signal,167.35508163525483,284.36338954491833,159.5780768574738,253.22931034241108,0.0033356378431150255,0.0015533136736257905,-0.021456934508776903,0.000962784989373195,0.0009627849893733044,-0.023382504487523402
CB,SCHW,-1,2022-03-31,2022-04-01,2022-04-18,10,signal,203.72115739095992,80.23684387271321,197.8641879703542,71.64052203476064,0.0032448348134149815,0.00422246324414577,-0.016320571446483148,0.0009721832720308208,0.0009721832720309668,-0.018264937990544933
FITB,RF,1,2022-03-31,2022-04-01,2022-04-08,5,signal,36.99244782494356,18.765397110913543,34.32487759440763,17.02470320287971,0.013351298851137977,0.0269696623665193,0.012289115624356362,0.0009587159955111041,0.0009587159955111447,0.010371683633334112
MS,TROW,1,2022-03-31,2022-04-01,2022-04-18,10,signal,76.25141319316593,123.2726091985783,72.93425150134195,112.18990584744638,0.0067206255734189825,0.003955096000249675,0.022506708547854828,0.0009669545490773715,0.000966954549077477,0.020572799449699978
NTRS,SCHW,-1,2022-04-05,2022-04-06,2022-04-14,6,signal,100.24609103047494,76.3175735522978,100.06686785331217,78.87030934147677,0.006089158733047746,0.005103345160213698,0.015124671357573463,0.0010058611481774493,0.00100586114817764,0.013112949061218373
D,EVRG,-1,2022-04-06,2022-04-07,2022-04-21,9,signal,71.26235050978227,58.94507124399174,70.68339268796241,60.47901431180515,0.010263515083853652,0.004552815305417475,0.013926194335968062,0.0010002925220249865,0.0010002925220249778,0.011925609291918098
BAC,PNC,1,2022-04-08,2022-04-11,2022-04-19,5,signal,35.28854875681006,155.36066567755378,35.01218368993209,150.2022591456175,0.014400828202264803,0.003165689333680317,0.013339883053861091,0.0009898563661405865,0.000989856366140659,0.011360170321579847
EOG,FANG,-1,2022-04-08,2022-04-11,2022-04-21,7,signal,103.47540247753065,113.4714593651812,102.13083509689179,117.17633697111064,0.005582433808145933,0.003721442234976874,0.02229651480650873,0.0010030684053742907,0.0010030684053743823,0.020290377995760056
AWK,NEE,-1,2022-04-11,2022-04-12,2022-05-06,17,signal,152.78050493047633,74.60639154146536,132.87102757864966,62.89093835766284,0.003412803999289152,0.006414576568017696,-0.0062740991934389645,0.0009284283530181342,0.0009284283530182853,-0.008130955899475384
AXP,MET,1,2022-04-11,2022-04-12,2022-04-20,5,signal,167.54698039519855,61.75704541137669,178.5274126216226,63.00647224418483,0.0029703883363527486,0.008133773744806786,0.023474985295848197,0.0010213926511182894,0.0010213926511183575,0.02143219999361155
FITB,RF,1,2022-04-11,2022-04-12,2022-05-16,23,signal,34.33381270902317,17.420299372792908,30.391634814657728,16.396910393769318,0.014383664384981997,0.029055043736305023,-0.026011583924982918,0.0009567683086816773,0.0009567683086818472,-0.027925120542346443
AXP,NTRS,-1,2022-04-18,2022-04-19,2022-05-03,10,signal,175.38020698762205,96.80003312652438,164.15939659894173,91.65955794176816,0.0028228661568853453,0.005216215431816719,0.005831781712927642,0.0009707617994908033,0.0009707617994909645,0.003890258113945874
CB,SCHW,-1,2022-04-18,2022-04-19,2022-05-27,28,signal,199.06223747856382,70.52796379410626,196.61803888108645,65.18369620177675,0.0034376887750019154,0.0044734217092491785,-0.014521111650140802,0.0009836569349994558,0.0009836569349996134,-0.01648842552013987
OKE,VLO,1,2022-04-18,2022-04-19,2022-06-17,42,signal,56.713427085247396,96.01622765959723,44.30635907531159,103.34055872258385,0.007304652328515418,0.006099408525970347,-0.13432650269367588,0.00097690286776087,0.000976902867761017,-0.13628030842919775
HBAN,TFC,-1,2022-04-19,2022-04-20,2022-06-01,29,signal,11.717715615394397,41.665918770933864,11.464928570096413,40.202143442548405,0.04231472116167176,0.012100346423313674,-0.00602977721259724,0.0009857980116994827,0.00098579801169961,-0.008001373235996333
BKR,HAL,1,2022-04-20,2022-04-21,2022-05-12,15,signal,32.15946757991381,36.97345191704489,29.03659726844455,31.37128742680355,0.017895938246581818,0.011482600849041418,0.009380695010889561,0.0009399705249122771,0.0009399705249123657,0.007500753961064919
BKR,MPC,1,2022-04-20,2022-04-21,2022-05-17,18,signal,32.15946757991381,83.60195742395388,32.14539824845019,89.52696776039822,0.017340065155004664,0.005291863002075718,-0.030582701197777857,0.0010156049128346436,0.001015604912834637,-0.032613911023447135
DTE,PEG,1,2022-04-20,2022-04-21,2022-04-27,4,signal,120.66008121968693,64.10590924080333,117.14948410936975,61.436476382273824,0.0040772250245733315,0.007924907638734055,0.007823773879037443,0.000982259416769317,0.0009822594167693483,0.005859255045498777
AEP,ETR,1,2022-04-22,2022-04-25,2022-05-04,7,signal,85.51847545697709,52.96104099904301,84.14073349865481,50.60257718773526,0.007129439224143309,0.007371656851900231,0.00854976573095574,0.000986507374781074,0.0009865073747812084,0.006576750981393457
AMP,MS,1,2022-04-26,2022-04-27,2022-05-26,21,signal,247.355180789252,71.19711760667992,252.4481486800045,72.72675604150284,0.0022433844766540575,0.006252245562968471,0.0028723599228007383,0.0010105499336566137,0.0010105499336566953,0.0008512600554874293
D,WEC,1,2022-04-26,2022-04-27,2022-05-09,8,signal,67.91977995300934,87.81836543057922,67.84376854753859,85.81585955394392,0.00942976189215358,0.004095644376791133,0.00848046558515692,0.0009956831067014955,0.0009956831067015762,0.006489099371753849
ES,WEC,1,2022-04-26,2022-04-27,2022-05-11,10,signal,75.2409697761398,87.81836543057922,74.60502538532583,86.37272221647234,0.006678838628434367,0.00566487400828835,0.0049358018327422025,0.0009937851267942466,0.0009937851267943815,0.0029482315791535744
KMI,VLO,1,2022-04-26,2022-04-27,2022-06-23,39,signal,14.532025027242616,92.8413968806786,13.129972707321368,101.72971290880422,0.03732458179697364,0.0049292706622525466,-0.0951481726396899,0.0009957592931160528,0.0009957592931161652,-0.09713969122592213
NTRS,ZION,-1,2022-04-26,2022-04-27,2022-05-02,3,signal,94.60028546123395,47.044651700714965,90.81663187767144,48.544937613038684,0.006257340535682304,0.00867179460418959,0.03768036467957372,0.0009945844589379263,0.0009945844589380178,0.03569119576169777
ATO,ED,1,2022-04-27,2022-04-28,2022-06-02,24,signal,104.61738176310003,81.49403401262893,105.07380598015105,85.6345396328361,0.005616824753453639,0.005061349941827652,-0.017381049959629514,0.001011843079935206,0.00101184307993531,-0.01940473611950003
MA,PGR,-1,2022-04-27,2022-04-28,2022-05-04,4,signal,359.6144364148345,98.10476196469975,350.45626725991525,102.46609677812128,0.001358542516465992,0.0052134034317332266,0.03618432812121377,0.0010051680680391582,0.0010051680680393184,0.034173991985135294
AEP,SRE,-1,2022-04-28,2022-04-29,2022-05-09,6,signal,86.65723748987618,72.20175506758844,84.8293515687931,71.68307796422086,0.006560409543729332,0.005975259747783068,0.009884838048189149,0.0009923882245162453,0.000992388224516283,0.007900061599156622
D,XEL,1,2022-04-28,2022-04-29,2022-05-25,18,signal,68.0173341360128,64.59289125989213,68.95621701375423,65.97917552011327,0.009641164862203153,0.005331687434985148,0.002669067924436509,0.0010083776853705112,0.0010083776853706396,0.0006523125536953582
AON,NDAQ,1,2022-04-29,2022-05-02,2022-06-27,38,signal,281.31992349708196,49.197115886330835,263.949984511175,50.243922648968294,0.0023059245367327667,0.007143627379974978,-0.04654791710445726,0.000983848855816613,0.0009838488558168079,-0.04851561481609069
CVX,EOG,1,2022-04-29,2022-05-02,2022-05-05,3,signal,130.82016808571854,95.31918233361927,141.51676759949413,104.69615059659576,0.005028564946700078,0.003591300187633748,0.021156932306410907,0.0010438948248130229,0.0010438948248132174,0.019069142656784666
D,ES,1,2022-04-29,2022-05-02,2022-05-17,11,signal,66.63550118319073,73.74295847350874,68.01431033411177,74.82209140844621,0.009984653025026756,0.004540537135025563,0.009876588651033386,0.0010095008560677549,0.001009500856067892,0.007857586938897739
D,EVRG,1,2022-04-29,2022-05-02,2022-05-09,5,signal,66.63550118319073,56.70950882020766,67.84376854753859,56.54919074076102,0.01089672643482285,0.004833702925955194,0.014947513996440311,0.001006425097312498,0.0010064250973126215,0.012934663801815191
EOG,FANG,-1,2022-04-29,2022-05-02,2022-05-31,20,signal,95.31918233361927,101.27004833948472,116.21096656706244,131.18246108910236,0.0061408757820280175,0.004093718847438647,-0.0047155573821540675,0.001125286614878089,0.001125286614878251,-0.006966130611910408
ATO,FE,1,2022-05-02,2022-05-03,2022-05-24,15,signal,100.5933017685551,35.90281592958214,102.84873532213753,35.91849564769545,0.007551774700339623,0.006701461174094603,0.017936281590001435,0.0010088325639176134,0.0010088325639177598,0.01591861646216606
KMI,PSX,1,2022-05-02,2022-05-03,2022-05-18,11,signal,14.5501576935284,76.19860063412754,15.837428700254218,83.79223325133579,0.043048677810186925,0.004905090097167856,0.019214324909829057,0.0010464622390933065,0.0010464622390934182,0.017121400431642335
KMI,XOM,1,2022-05-02,2022-05-03,2022-05-10,5,signal,14.5501576935284,74.14086081890741,14.990851639722429,73.68160210890275,0.038882093499358276,0.005858103901081207,0.020832781486249424,0.0010072930250481804,0.0010072930250482272,0.018818195436153016
C,USB,-1,2022-05-04,2022-05-05,2022-05-11,4,signal,44.45758040635912,41.103378516059,42.34789145290707,40.66722517359763,0.010833864148567048,0.012611389717522148,0.018341428144430162,0.0009858444053783492,0.0009858444053784682,0.016369739333673347
AXP,COF,1,2022-05-05,2022-05-06,2022-05-31,16,signal,160.5251109959124,119.75849493029766,159.19870381899534,115.97340218770758,0.003927787427671565,0.0030863921664670956,0.007464121153047894,0.0009916859964345685,0.0009916859964346008,0.0054807491601787245
AXP,MET,1,2022-05-06,2022-05-09,2022-06-03,18,signal,156.59669046135951,58.526238762369815,158.21283736914762,58.62880219618987,0.003155965932773677,0.008641938338277519,0.0052171464093523105,0.001002988696850482,0.001002988696850551,0.003211169015651277
AXP,PNC,1,2022-05-09,2022-05-10,2022-06-08,20,signal,155.0689613187678,139.78331522534464,158.0706713653954,145.86972169010235,0.0036436590335817724,0.003112290716635971,-0.006990455484778252,0.0010150029255724998,0.0010150029255726026,-0.009020461335923354
AEP,SRE,-1,2022-05-10,2022-05-11,2022-05-20,7,signal,84.7702794602811,69.71278828752789,84.95801167859555,71.24968404399795,0.0067441900775088125,0.006142648143065228,0.009179791758468642,0.0010052836578880449,0.0010052836578881743,0.007169224442692422
AXP,FITB,1,2022-05-12,2022-05-13,2022-07-14,41,signal,147.99016329292996,30.526976388538248,129.1182243435743,27.59459111295703,0.0039008060513536467,0.013849916301346124,-0.03205952857891968,0.0009429544454038317,0.0009429544454038936,-0.033945437469727405
AXP,NTRS,1,2022-05-12,2022-05-13,2022-06-13,20,signal,147.99016329292996,90.42044863956771,142.05976476568785,87.11184696464632,0.0031737704941886516,0.005864631799297818,0.001562863844987425,0.0009808571155742823,0.0009808571155743592,-0.0003988503861612166
AEP,EIX,-1,2022-05-13,2022-05-16,2022-06-09,17,signal,85.56715824289141,53.7681038840001,86.1759716988313,56.655485967207866,0.008183752887180843,0.005570940562538637,0.01211339141307316,0.00101033632398636,0.0010103363239864895,0.010092718765100312
CB,PNC,-1,2022-05-13,2022-05-16,2022-05-26,8,signal,194.78992005006123,133.44136334455212,197.84529913663252,143.33921782525485,0.003476079595198043,0.0024184202070989176,0.014333535480116757,0.00101710509548601,0.0010171050954861803,0.012299325289144566
CB,FITB,-1,2022-05-16,2022-05-17,2022-05-20,3,signal,198.42090919251478,30.972401030015178,192.8512407698214,30.42547636818224,0.0034710637306529005,0.010043758061825529,0.014826896776325014,0.0009874017040470144,0.0009874017040471784,0.012852093368230821
CVX,FANG,-1,2022-05-16,2022-05-17,2022-06-01,10,signal,146.18215586426564,111.9524505135154,149.12701759875176,128.66761555895482,0.004941077474542822,0.0024785521220779907,0.027906392229144383,0.001027774416799149,0.001027774416799278,0.025850843395545955
ES,WEC,1,2022-05-16,2022-05-17,2022-05-27,8,signal,74.82209140844621,88.9166919889241,77.46373733137963,90.67099905392499,0.0066560166704429016,0.00564551682302957,0.008692612598261238,0.0010137433460310034,0.001013743346031117,0.0066651259061991175
AEE,AWK,-1,2022-05-24,2022-05-25,2022-06-02,5,signal,83.63490845251607,134.38479393047223,82.87886943343416,138.69063276789004,0.008792284864974954,0.001967650823437029,0.016120378617591122,0.001000680858754437,0.0010006808587546003,0.014119016900082083
AEP,AES,-1,2022-05-24,2022-05-25,2022-06-09,10,signal,87.70077648550705,17.67923786822478,86.1759716988313,18.42874067535024,0.010603515275506745,0.00393869213464661,0.020113318170589777,0.0009929665115871148,0.0009929665115873622,0.0181273851474153
AEP,AWK,-1,2022-05-24,2022-05-25,2022-06-09,10,signal,87.70077648550705,134.38479393047223,86.1759716988313,139.0266148054415,0.010006598428440292,0.0009081051420548751,0.02046747625460046,0.0009941056675154528,0.0009941056675156932,0.018479264919569315
AEP,CNP,-1,2022-05-24,2022-05-25,2022-06-09,10,signal,87.70077648550705,28.116931634042345,86.1759716988313,28.079853086855422,0.010186723147387427,0.0037778887493376038,0.016384459433666263,0.0009917738442485656,0.000991773844248799,0.0144009117451689
AEP,ETR,-1,2022-05-24,2022-05-25,2022-06-07,8,signal,87.70077648550705,51.340834091040755,87.69415327511555,52.2642372020308,0.007102110208839409,0.007343399352735577,0.007831202302848048,0.0010032457251530065,0.0010032457251532027,0.005824710852541838
AEP,FE,-1,2022-05-24,2022-05-25,2022-06-28,22,signal,87.70077648550705,36.304722332159194,81.56140594419813,32.19200602644343,0.009220651997641827,0.005261921451568838,0.03592878411734564,0.0009605750246248739,0.0009605750246250748,0.034007634068095684
AEP,NEE,-1,2022-05-24,2022-05-25,2022-06-07,8,signal,87.70077648550705,66.36390844172286,87.69415327511555,70.79359155621819,0.0101899893558038,0.0015962879005624049,0.008141649700317655,0.0010031096979325757,0.0010031096979328255,0.006135430304452254
DTE,PEG,-1,2022-05-24,2022-05-25,2022-06-14,13,signal,116.45588829526743,59.192890068309524,106.02776957146733,54.60637835402155,0.004319468854914061,0.008395757290134972,0.0074949178891831544,0.000958223007905163,0.0009582230079052368,0.005578471873372755
KMI,XOM,1,2022-05-24,2022-05-25,2022-07-01,25,signal,15.421569915786424,82.124613460311,13.457424050849697,75.39245499336508,0.035980002356663064,0.005420865318632023,-0.033229384261372175,0.0009464642348792189,0.0009464642348793071,-0.0351223127311307
AEP,EXC,-1,2022-05-27,2022-05-31,2022-06-09,7,signal,88.06920162597423,42.37049219851615,86.1759716988313,41.00191030666691,0.008625528238072167,0.005666599055506572,0.009562603052725011,0.000987699710726729,0.0009876997107267998,0.007587203631271482
BAC,NTRS,1,2022-05-27,2022-05-31,2022-06-13,9,signal,32.9109565827041,97.9074989415364,29.088919544305025,87.11184696464632,0.012453177529166838,0.006026746291799631,0.018409734420003994,0.0009435846629570835,0.0009435846629572437,0.01652256509408967
FITB,NTRS,1,2022-05-27,2022-05-31,2022-06-02,2,signal,32.67427384369979,97.9074989415364,32.954590830641216,95.56839349013967,0.012131643943305258,0.006164017513527243,0.018813384952589527,0.0009943921073594488,0.000994392107359555,0.016824600737870524
NTRS,SCHW,-1,2022-05-27,2022-05-31,2022-06-02,2,signal,97.9074989415364,66.10683374339905,95.56839349013967,65.92771980417142,0.006521746645717077,0.0054658985977692675,0.015267782436098491,0.0009917479337385685,0.0009917479337386882,0.013284286568621234
AEP,SRE,-1,2022-06-03,2022-06-06,2022-06-14,6,signal,87.70077816540964,70.44896937184348,79.87166666045985,64.98534867804284,0.006584235500677028,0.005996960570049273,0.019741366327230392,0.0009577702880086694,0.0009577702880087884,0.017825825751212936
BAC,FITB,1,2022-06-06,2022-06-07,2022-06-17,8,signal,32.273450966529516,33.10684264727285,28.765607392685833,28.474627023595502,0.015952009457985354,0.014655223369376972,0.012867096924642746,0.0009380961316209537,0.0009380961316211374,0.010990904661400656
KMI,PSX,1,2022-06-06,2022-06-07,2022-06-27,13,signal,15.805307051270692,90.88151904888798,13.28171680669064,73.662412363176,0.03822938301099946,0.00435596579423205,-0.02055510007515618,0.000914358217522609,0.0009143582175227303,-0.022383816510201517
NTRS,SCHW,-1,2022-06-07,2022-06-08,2022-06-13,3,signal,96.72943889414978,62.694006897707034,87.11184696464632,56.70726543460664,0.00669811948945751,0.005613717292921816,0.031762751749218755,0.000950845884221097,0.0009508458842211912,0.029861059980776466
D,ES,1,2022-06-08,2022-06-09,2022-06-24,10,signal,66.38495069876625,76.50283597107564,63.347269467036234,69.49182817555239,0.009885431118002677,0.004495415812099103,0.0024579901664869147,0.000969383438458161,0.0009693834384582657,0.0005192232895704879
D,EVRG,1,2022-06-08,2022-06-09,2022-06-28,12,signal,66.38495069876625,58.03098215711521,64.54234683411626,54.93156367791875,0.010856968333404915,0.0048160665420096315,-0.004095332865608807,0.0009827533065611847,0.0009827533065613462,-0.006060839478731338
D,NEE,1,2022-06-08,2022-06-09,2022-06-30,14,signal,66.38495069876625,69.44446315049436,64.32133624536029,67.0440115841164,0.012838601821326224,0.0021320910026511645,-0.02039140227960575,0.0009845408134328154,0.0009845408134328778,-0.022360483906471447
KMI,SLB,1,2022-06-08,2022-06-09,2022-06-28,12,signal,15.781323918910774,44.14796773828144,13.728967215912313,33.34110833346188,0.04107323504450726,0.007972231961958986,0.0027727833977566063,0.0009149226996828502,0.000914922699682975,0.0009429379983907812
AEE,AWK,1,2022-06-09,2022-06-10,2022-06-29,12,signal,78.37190884943291,134.46838818641152,78.96193869310729,132.34877525034125,0.009221615812536532,0.0020637320361672705,0.01081610007292827,0.0010007584161894362,0.001000758416189621,0.008814583240549213
AEP,NEE,1,2022-06-09,2022-06-10,2022-06-30,13,signal,83.57705574501747,67.94444241994977,81.06857901583577,67.0440115841164,0.01061748271328349,0.0016632558286227969,-0.024149746253320763,0.0009863152194684048,0.000986315219468432,-0.026122376692257598
AEP,NI,1,2022-06-09,2022-06-10,2022-07-01,14,signal,83.57705574501747,26.031218991499372,82.25962893801784,25.804450230014783,0.007947181742446683,0.012906111647015236,-0.006549663347731968,0.0009934639660898821,0.0009934639660899227,-0.008536591279911774
AEP,PPL,1,2022-06-09,2022-06-10,2022-06-13,1,signal,83.57705574501747,24.61389233790047,83.2021964195846,24.08812968936006,0.007955361066552272,0.01362153102178798,0.005174644874492583,0.0009950939302847419,0.0009950939302847735,0.0031844570139230675
CFG,MET,1,2022-06-09,2022-06-10,2022-06-21,6,signal,31.603208916574427,56.64538633577654,30.56100379397747,54.836920712537626,0.013209620802685163,0.01028240585011584,0.005811980490789358,0.000983737454785945,0.0009837374547860466,0.0038445055812173666
D,EXC,1,2022-06-09,2022-06-10,2022-06-28,11,signal,64.4512560246238,39.46177460922457,64.54234683411626,37.65981186231967,0.014768360525325019,0.001231875122270753,0.004565070233687898,0.0010000152393887876,0.001000015239388967,0.002565039754910144
D,FE,1,2022-06-09,2022-06-10,2022-06-28,11,signal,64.4512560246238,33.74372631170358,64.54234683411626,32.224214136524914,0.014580459617018392,0.0017991588425100172,0.005061727311349849,0.000999737675789239,0.000999737675789414,0.003062251959771196
D,NI,1,2022-06-09,2022-06-10,2022-06-28,11,signal,64.4512560246238,26.031218991499372,64.54234683411626,25.586500159263608,0.014569172803498629,0.0023601294205661855,0.003377289882560479,0.0010005781384148406,0.0010005781384150193,0.0013761336057306192
D,PNW,1,2022-06-09,2022-06-10,2022-06-28,11,signal,64.4512560246238,60.295548255577124,64.54234683411626,60.88113200086124,0.015486664017647863,3.918512442639601e-05,0.0023889616426207576,0.0010012150528365478,0.0010012150528367278,0.000386531536947482
D,WEC,1,2022-06-09,2022-06-10,2022-06-30,13,signal,64.4512560246238,85.02041212831347,64.32133624536029,85.46785366723817,0.009865379189042353,0.004284846771596035,-0.0021984735961550076,0.001000452723975761,0.0010004527239758077,-0.0041993790441065765
KEY,TFC,1,2022-06-09,2022-06-10,2022-07-14,22,signal,14.65115436656172,37.59987597168869,13.34978454120601,36.39554559895467,0.03230661150818491,0.014006533977280959,-0.02420384372085678,0.0009705113698140958,0.0009705113698141277,-0.026144866460485004
AEP,AES,1,2022-06-13,2022-06-14,2022-06-30,11,signal,79.87166666045985,16.16058580701659,81.06857901583577,16.761054137321153,0.011649902494587082,0.004327374284150988,0.012354165326065618,0.0010087043023766919,0.0010087043023768011,0.010336756721312124
AEP,AWK,1,2022-06-13,2022-06-14,2022-06-30,11,signal,79.87166666045985,127.76720421556465,81.06857901583577,132.23968113731718,0.010937029352336135,0.0009925423374074203,0.009660683296505875,0.001009140431502718,0.0010091404315028273,0.007642402433500331
AEP,CNP,1,2022-06-13,2022-06-14,2022-06-29,10,signal,79.87166666045985,25.792194912982055,81.60841861294553,26.16822895780126,0.011185440590315794,0.0041482770809743545,0.018877333162089838,0.0010108907872359487,0.0010108907872361343,0.016855551587617753
AEP,EIX,1,2022-06-13,2022-06-14,2022-06-28,9,signal,79.87166666045985,51.14799463727559,81.47988529857676,51.91683763682929,0.00872088713861856,0.005936584910567578,0.01047028500624759,0.0010094935187532196,0.0010094935187534195,0.008451297968740952
AEP,ETR,1,2022-06-13,2022-06-14,2022-06-24,7,signal,79.87166666045985,47.429435295518374,79.26914762248236,45.91835732953139,0.007758126437994737,0.008021703266770515,0.008438723713704589,0.0009917235355301423,0.0009917235355302698,0.006455276642644177
AEP,EXC,1,2022-06-13,2022-06-14,2022-06-28,9,signal,79.87166666045985,37.48527170644866,81.47988529857676,37.65981186231967,0.00957210099507139,0.006288456423859341,0.015304956855318142,0.001008513793515407,0.0010085137935156516,0.013287929268287084
AEP,NRG,1,2022-06-13,2022-06-14,2022-06-28,9,signal,79.87166666045985,36.48580241966089,81.47988529857676,34.84704033125693,0.011364413132771228,0.0025410602841673693,0.0234481235063301,0.001007469236904345,0.0010074692369045808,0.021433185032521177
AEP,PPL,1,2022-06-13,2022-06-14,2022-06-28,9,signal,79.87166666045985,23.23929380473722,81.47988529857676,23.88411263670958,0.008358196726979655,0.014311284560224437,0.005225125515763422,0.0010115035525350106,0.0010115035525352619,0.00320211841069315
AMP,MS,1,2022-06-13,2022-06-14,2022-09-01,55,signal,227.80435539653962,65.74168054745684,251.91035606194555,74.57901372222527,0.002433076603520574,0.006780911857521832,-0.00021408869350847404,0.0010593423966992845,0.00105934239669945,-0.002332773486907209
AXP,COF,1,2022-06-13,2022-06-14,2022-07-20,24,signal,138.49171076820755,100.23491471683688,139.7464034701329,104.45588916477124,0.004603524152099229,0.003617375212589843,-0.008482182645134156,0.0010106575390227434,0.0010106575390229201,-0.010503497723179819
AXP,PNC,1,2022-06-13,2022-06-14,2022-07-18,22,signal,138.49171076820755,132.50177930241037,137.3391113412108,133.80205954866813,0.003973651980952167,0.0033941595680269943,-0.007993422925977347,0.0009999647093048565,0.0009999647093049996,-0.009993352344587203
D,XEL,1,2022-06-13,2022-06-14,2022-06-27,8,signal,63.00917095617288,59.233704359911776,63.62558526993809,59.649687545773816,0.010443748105730297,0.005775526230006588,0.005039733102335504,0.001004579081792945,0.0010045790817930279,0.003030574938749531
HBAN,TFC,1,2022-06-13,2022-06-14,2022-07-12,18,signal,10.183697644301107,37.67238852739422,10.200510512217916,37.73427784253352,0.04771716484958324,0.013645232892171845,0.000958577583598472,0.0010008093122306709,0.0010008093122307981,-0.001043041040862997
MA,PGR,1,2022-06-13,2022-06-14,2022-07-18,22,signal,312.16038518761275,103.76750287748351,327.35231806219053,105.94774151280382,0.001407635637171211,0.005401798156857376,0.010624019872056144,0.0010165228020700549,0.0010165228020702025,0.008590974267915887
NTRS,PNC,1,2022-06-13,2022-06-14,2022-06-30,11,signal,87.22614825373098,132.50177930241037,84.60960855058806,130.85032637340507,0.00689750929602122,0.0030071911196871345,-0.012092780944603254,0.0009885913985475826,0.0009885913985476901,-0.014069963741698527
ATO,FE,1,2022-06-14,2022-06-15,2022-06-27,7,signal,95.73770941694124,32.39331727296601,98.12833724453684,31.325830227207145,0.008035346246648865,0.007130583608367243,0.0278274026886366,0.0010060747163994901,0.0010060747163995877,0.02581525325583752
AWK,NEE,1,2022-06-14,2022-06-15,2022-06-30,10,signal,122.42332505902961,64.31423579870567,132.10750754297703,67.0440115841164,0.004110064122293941,0.00772512017022024,0.019745218082007392,0.0010304530810429505,0.0010304530810429863,0.017684311919921456
AXP,MET,1,2022-06-14,2022-06-15,2022-07-14,19,signal,139.19388094646376,55.01941874900611,129.1182243435743,51.34418201163094,0.003449957923620192,0.009446972584832306,0.0009245093460936021,0.0009652399781565143,0.000965239978156521,-0.0010059706102194333
BAC,PNC,1,2022-06-14,2022-06-15,2022-07-25,26,signal,28.749440345258762,132.9685271150726,30.337256293018644,140.05353736140125,0.01724740000450833,0.003791442371307714,0.0015504087807861056,0.0010271200453137192,0.0010271200453139044,-0.000503831309841518
FITB,NTRS,-1,2022-06-14,2022-06-15,2022-06-28,8,signal,29.528866689609462,83.54265041640718,30.057960189927904,86.69983979586021,0.013894686321137216,0.0070598090603970305,0.01595247982470844,0.001014913859733933,0.0010149138597340549,0.013922652105240452
NTRS,SCHW,1,2022-06-14,2022-06-15,2022-07-13,18,signal,83.54265041640718,58.28010681750584,83.81920849753608,57.86704057733857,0.0075545764181044785,0.006331516830322663,0.005704484221293674,0.0009998692117039224,0.00099986921170397,0.0037047457978857815
NTRS,ZION,1,2022-06-14,2022-06-15,2022-06-30,10,signal,83.54265041640718,44.72264927959071,84.60960855058806,43.46482483783825,0.00687232266781613,0.00952407341252675,0.020309848251176488,0.0009977553567135048,0.0009977553567135956,0.018314337537749387
CVX,FANG,1,2022-06-15,2022-06-16,2022-07-20,22,signal,134.95942342408807,118.36584071597156,121.80911085652605,96.22926132068851,0.005146771393419372,0.0025817326736392032,-0.009593146561379239,0.0009377756684616494,0.0009377756684616947,-0.011468697898302582
EOG,FANG,1,2022-06-15,2022-06-16,2022-08-01,30,signal,104.35127551675693,118.36584071597156,92.3406500641882,105.22828190500952,0.0054571647991855515,0.003637933608327579,-0.016806999494995353,0.0009433962111858721,0.0009433962111859975,-0.018693791917367225
BAC,NTRS,-1,2022-06-16,2022-06-17,2022-06-27,5,signal,28.765607392685833,80.70307966736682,29.144991902593564,85.83915109351423,0.01474557931828621,0.00713615984906499,0.03207878898773036,0.0010212066775008295,0.0010212066775010208,0.03003637563272851
CB,FITB,1,2022-06-16,2022-06-17,2022-07-01,9,signal,180.12035545226504,28.44616662677032,186.38029591141998,28.610921780486834,0.00381123085434819,0.011028054679836608,0.023054178784609552,0.0010130294042662862,0.0010130294042664406,0.021028119976076825
CB,KEY,1,2022-06-16,2022-06-17,2022-07-07,12,signal,180.12035545226504,13.767970868497368,185.24384822827204,14.087645263210309,0.003672658007001854,0.024596269663077687,0.011967543149826156,0.0010135039989485198,0.0010135039989487074,0.009940535151928928
CB,PNC,1,2022-06-16,2022-06-17,2022-07-01,9,signal,180.12035545226504,127.29944534265782,186.38029591141998,133.60278579594868,0.003722440568603031,0.0025898214480676927,0.007997715564774667,0.0010199855429822544,0.0010199855429824383,0.005957744478809975
CB,SCHW,1,2022-06-16,2022-06-17,2022-07-01,9,signal,180.12035545226504,57.90338053032445,186.38029591141998,59.573448387544346,0.003915166431093253,0.005094757453186386,0.017016835836086038,0.0010167177526582496,0.0010167177526584218,0.014983400330769368
CVX,EOG,1,2022-06-16,2022-06-17,2022-07-19,20,signal,130.6896944688909,99.88339000076387,117.754394620077,84.16493779641489,0.0049506229698728236,0.0035356355916762168,-0.007522734958396109,0.0009403385355767731,0.0009403385355768459,-0.009403412029549727
AJG,AMP,-1,2022-06-21,2022-06-22,2022-07-28,25,signal,147.12643642913176,224.49110263413618,166.5699384764433,242.15165810536095,0.0039731881441926655,0.0018502030983372335,-0.04352220894560581,0.0010548684191415735,0.0010548684191417166,-0.0456319457838891
MET,RF,-1,2022-06-23,2022-06-24,2022-07-12,11,signal,54.21082012204293,15.427905165659826,54.11550422412354,15.487342889553965,0.01061322355613084,0.02751979630104247,0.0036475603123138096,0.0010002373250776679,0.0010002373250778214,0.00164708566215832
MS,TROW,1,2022-06-23,2022-06-24,2022-06-30,4,signal,65.96450223893501,94.93388354588262,66.74412268803835,92.80992681554622,0.008208281117634303,0.004830583025735309,0.01765740843643477,0.000998115296179007,0.0009981152961791467,0.015661177844076616
OKE,VLO,-1,2022-06-23,2022-06-24,2022-07-28,23,signal,43.1823667233119,94.09160035661051,48.579885888829764,101.68109363059477,0.008214800726539837,0.006859385407708761,0.008768061734973263,0.0010483466819106813,0.0010483466819108445,0.006671368371151738
AJG,ICE,-1,2022-06-24,2022-06-27,2022-07-19,15,signal,158.4991280038386,93.28068276996926,156.62452035596962,90.4770266072344,0.0032774530046276577,0.00515119324938826,-0.007308550848110903,0.000989685382968598,0.00098968538296878,-0.009287921614048282
ES,WEC,1,2022-06-27,2022-06-28,2022-07-21,16,signal,71.26369650947395,85.63241408657802,69.911259711762,82.83608941875241,0.006949447506939109,0.005894399721894777,0.008071023153844259,0.000987056341637437,0.0009870563416376661,0.006096910470569155
AXP,NTRS,1,2022-06-28,2022-06-29,2022-07-12,8,signal,134.4114324852815,86.45393961492267,130.8594384902232,83.61296062731604,0.0033993077290666966,0.006281389356913723,0.006755973093534928,0.0009849985585672649,0.0009849985585673703,0.0047859759764002936
DTE,PEG,-1,2022-06-28,2022-06-29,2022-08-10,29,signal,109.68388499019338,54.36645226132765,116.20268030918885,57.55785813752193,0.004643429010421296,0.009025439070157262,-0.0004361969853632526,0.0010295270281255346,0.0010295270281256343,-0.0024952510416144215
AJG,BLK,-1,2022-06-30,2022-07-01,2022-08-02,21,signal,156.2667352857103,548.1355702495138,165.0258895083535,598.563756013078,0.0041482615408625165,0.0006414766189506761,-0.0029525679042085445,0.0010341925846379207,0.0010341925846379892,-0.0050209530734844545
HBAN,TRV,1,2022-06-30,2022-07-01,2022-08-12,29,signal,9.9345259781429,155.9591061305113,11.964698329108995,156.58676781432857,0.036899566817969374,0.004060594517909022,0.0734024160511225,0.0010386153270651307,0.0010386153270653335,0.07132518539699202
ALL,COF,-1,2022-07-01,2022-07-05,2022-08-10,26,signal,116.87127649024262,96.2237930198853,109.51255900406683,101.70515003410942,0.006483639329532538,0.0025148734776574712,0.062478983799042306,0.0009827943141101523,0.000982794314110248,0.06051339517082191
ALL,JPM,-1,2022-07-01,2022-07-05,2022-07-15,8,signal,116.87127649024262,100.58761497677803,111.1274309122079,99.02653940322648,0.005897395444678814,0.0030875996568791855,0.0300342234166359,0.0009804710750556138,0.0009804710750557543,0.028073281266524534
MET,PNC,1,2022-07-13,2022-07-14,2022-08-04,15,signal,51.34418201163094,128.99081713032822,56.42566630285425,141.38271753579994,0.011058869783604458,0.0033510827473209066,0.015718121761535545,0.0010489323327605574,0.001048932332760705,0.013620257096014282
CB,FITB,1,2022-07-14,2022-07-15,2022-07-27,8,signal,175.90178402829625,27.96801583742833,180.09187627778599,28.4828102549399,0.0038943583697515997,0.011268589777368648,0.011527960639414365,0.0010112469282000304,0.0010112469282001473,0.009505466783014187
CFG,MET,-1,2022-07-14,2022-07-15,2022-07-27,8,signal,29.642256530685675,51.59931514682366,30.725354099269083,54.12293236188789,0.014326223916538419,0.01115157284299488,0.01364751094822284,0.0010219080375824638,0.001021908037582571,0.011603694873057806
C,USB,-1,2022-07-15,2022-07-18,2022-08-19,24,signal,43.78344763688368,39.12264014304865,46.434831588555106,40.38022889016551,0.01119518304179456,0.013031990651067972,-0.01227080152761421,0.001023042330108758,0.0010230423301088418,-0.01431688618783181
CB,KEY,1,2022-07-15,2022-07-18,2022-08-10,17,signal,175.82591431963073,14.306785252814768,180.92525096733632,14.820207187123229,0.0036818799303814445,0.024658030086679397,0.007131038146630462,0.0010158663885237867,0.0010158663885239125,0.005099305369582763
MET,RF,1,2022-07-15,2022-07-18,2022-08-05,14,signal,52.45271089375439,16.22761223327579,55.94227054818109,17.4844041298698,0.010579178438837253,0.027431518249797296,0.003476716100036109,0.001035751690504822,0.001035751690504916,0.0014052127190263709
CB,PNC,1,2022-07-18,2022-07-19,2022-08-10,16,signal,173.74036066476046,134.37078126317988,180.92525096733632,144.27265348364978,0.0037427059139454127,0.002603920699634762,0.0021337291647534583,0.0010264877782737117,0.001026487778273848,8.075360820589865e-05
FITB,RF,1,2022-07-18,2022-07-19,2022-09-13,39,signal,29.31978498096639,16.493768414874623,30.382589952766814,18.470822002030474,0.01596442883380927,0.03224819250341803,-0.04574901218969839,0.0010403181419500996,0.0010403181419502041,-0.0478296484735987
ATO,ED,-1,2022-07-19,2022-07-20,2022-08-05,12,signal,102.29920364959877,79.73228927039226,104.10583981451867,84.1656209747991,0.005741792082678037,0.005173958650887224,0.013581117019011869,0.0010165713227604425,0.0010165713227605205,0.011547974373490906
AEP,SRE,1,2022-07-20,2022-07-21,2022-08-05,11,signal,79.30557347331944,67.28677558199844,85.63571160638885,71.10361723527996,0.007113296775322917,0.006478832702791967,0.021334420235263368,0.001034947590610926,0.0010349475906110172,0.019264525054041425
BKR,HAL,1,2022-07-20,2022-07-21,2022-08-15,17,signal,22.889546935224583,25.84519672488123,22.682192887644298,25.94426781271,0.02533601865205062,0.016256392108468132,-0.005865807787496706,0.0009982566799325364,0.0009982566799326992,-0.007862321147361942
BKR,MPC,1,2022-07-20,2022-07-21,2022-09-13,37,signal,22.889546935224583,78.85088859288766,23.066477861802824,90.46823906227678,0.021297458346758932,0.006499585258532553,-0.07070017317504144,0.001039607639952793,0.0010396076399529113,-0.07277938845494715
D,WEC,1,2022-07-20,2022-07-21,2022-07-26,3,signal,62.05869786794291,82.75329472667971,64.15762575802154,85.0450572245824,0.010205326871326371,0.004432496821435388,0.012277940530025344,0.0010159253198680231,0.0010159253198682057,0.010246089890289115
ALL,JPM,1,2022-07-21,2022-07-22,2022-08-10,13,signal,105.34836604136828,104.542117785656,109.40310117397782,107.11669139465644,0.006247795769243423,0.0032710528324453973,0.017928630420812074,0.0010170397099515966,0.0010170397099516742,0.015894551000908804
BAC,FITB,-1,2022-07-21,2022-07-22,2022-08-09,12,signal,30.175602174255115,29.3283256631553,30.25074461546221,29.520838575966515,0.017506582482507155,0.016083420549072743,0.0027829568294848762,0.0010021780365441074,0.0010021780365442158,0.000778600756396553
HBAN,TFC,-1,2022-07-21,2022-07-22,2022-07-28,4,signal,11.195480185818408,39.08105766040368,10.955598096864652,39.81542434398448,0.04470044587178906,0.012782569882917311,0.02110926649802049,0.0009993367125735982,0.0009993367125737526,0.01911059307287314
KMI,SLB,-1,2022-07-21,2022-07-22,2022-08-24,23,signal,14.160244141165272,32.0730404428091,15.346267003635196,35.416088235416,0.049044781584938996,0.00951949304443786,-0.025299317017737355,0.001044795017899537,0.001044795017899667,-0.027388907053536558
MA,PGR,-1,2022-07-21,2022-07-22,2022-08-09,12,signal,340.40738089865596,101.7353713787341,342.2325560392679,108.64728818762246,0.0013683788098774478,0.005251150182538064,0.03481742141314213,0.0010194391871885286,0.0010194391871886778,0.03277854303876493
AXP,COF,-1,2022-07-22,2022-07-25,2022-08-24,22,signal,146.76846963155813,101.81083607237952,149.5631428522223,102.42308473202712,0.0044091083440398905,0.003464606398574002,-0.009193744523783205,0.0010070718685786164,0.0010070718685787866,-0.011207888260940609
AXP,FITB,-1,2022-07-22,2022-07-25,2022-08-23,21,signal,146.76846963155813,28.8415150681322,150.4869978663106,30.484964610330763,0.004012949206777558,0.014248083576504816,0.00951282374582192,0.0010190822448380215,0.001019082244838146,0.007474659256145754
AXP,MET,-1,2022-07-22,2022-07-25,2022-08-12,14,signal,146.76846963155813,53.87796300591791,156.64933092735552,59.18711944896925,0.003397876567137833,0.009304358918879697,0.016865841430425674,0.001041491387922483,0.001041491387922673,0.014782858654580516
KMI,XOM,-1,2022-07-22,2022-07-25,2022-07-29,4,signal,14.25608461396396,76.62667689470241,14.55865502145048,82.01174073534011,0.03875627473219246,0.005839147632412817,0.02073921867505746,0.001021537737984976,0.0010215377379851165,0.01869614319908737
ATO,FE,-1,2022-07-28,2022-07-29,2022-08-08,6,signal,108.27177124502448,33.72711557887176,103.15002194119322,32.80187674521799,0.007233770544932451,0.006419263599984498,0.032088437247964834,0.000978229961547709,0.0009782299615477817,0.03013197732486934
CB,SCHW,1,2022-07-28,2022-07-29,2022-08-18,14,signal,176.27148299054016,63.76152705679867,190.32007909138812,71.26165272545488,0.003858069622152247,0.005020458084813399,0.01759250669036337,0.0010461113901169268,0.001046111390117,0.015500283910129444
AEE,AWK,-1,2022-07-29,2022-08-01,2022-08-05,4,signal,81.87277812900248,140.64731309097544,80.5022120908773,143.77555588305748,0.008820374311815076,0.0019739370418721293,0.01926068512837704,0.0009968253297912288,0.0009968253297913015,0.01726703446879451
CVX,EOG,-1,2022-07-29,2022-08-01,2022-08-17,12,signal,135.86979751188335,92.43303690767411,132.16635998195838,95.2718293763592,0.004952490847258883,0.0035369695922266987,0.02937764696568244,0.0009956838549526744,0.0009956838549528895,0.027386279255776875
CVX,FANG,-1,2022-07-29,2022-08-01,2022-08-16,11,signal,135.86979751188335,105.22828190500952,132.82456505016646,110.16177144904604,0.005299524172320317,0.002658356795857258,0.030251534001495564,0.0009982755036121805,0.0009982755036122971,0.028254982994271087
AEP,ETR,-1,2022-08-01,2022-08-02,2022-09-14,30,signal,84.91592109712765,49.94634548746399,88.34841964661773,51.290925546650755,0.007321939833371893,0.0075706975324364165,-0.013935608487054826,0.001017530434199338,0.0010175304341994377,-0.015970669355453604
AEP,EXC,-1,2022-08-01,2022-08-02,2022-09-01,22,signal,84.91592109712765,39.63829117674627,86.66270538464951,37.68698563289777,0.009010143013236379,0.005919274330750528,-0.026287266888440138,0.0010018221725596678,0.00100182217255977,-0.028290911233559576
D,WEC,-1,2022-08-01,2022-08-02,2022-08-09,5,signal,67.76741648764023,89.9893159233933,66.98308078892832,90.10627999497359,0.009357425972799984,0.004064226595013727,0.008811167488510439,0.0009964357596116734,0.0009964357596117463,0.00681829596928702
AFL,USB,-1,2022-08-02,2022-08-03,2022-09-01,21,signal,53.426636268042785,39.43049979056389,54.51368334872575,37.861660260543786,0.011124567723963433,0.010285365977365712,-0.027231140627479958,0.000997876966729643,0.0009978769667297273,-0.029226894560939326
AEP,AWK,-1,2022-08-03,2022-08-04,2022-08-31,19,signal,85.23296527253554,143.4831089633991,87.69142535391289,138.11872302436075,0.01017394612324607,0.0009232920512979038,-0.028955480467196013,0.0010096548444966861,0.0010096548444968184,-0.030974790156189518
AEP,CNP,-1,2022-08-03,2022-08-04,2022-08-31,19,signal,85.23296527253554,28.4581762474884,87.69142535391289,28.54135965182433,0.01043575090171026,0.0038702441748966394,-0.02432134401171246,0.0010125929132607315,0.0010125929132608889,-0.02634652983823408
AEP,FE,-1,2022-08-03,2022-08-04,2022-08-31,19,signal,85.23296527253554,33.089087342392965,87.69142535391289,33.61514839613258,0.009601627027921212,0.005479331314217583,-0.019709833831681636,0.0010129201277907568,0.001012920127790926,-0.021735674087263318
AEP,NI,-1,2022-08-03,2022-08-04,2022-09-16,30,signal,85.23296527253554,26.689701940071945,86.76645075129082,25.293440778456265,0.007776192257557885,0.012628427122619164,-0.028560284442345395,0.0009969757882360652,0.0009969757882361896,-0.030554236018817647
AEP,NRG,-1,2022-08-03,2022-08-04,2022-08-31,19,signal,85.23296527253554,34.99343446839492,87.69142535391289,37.219989801951264,0.010741582128450755,0.002401796504301519,-0.020044561321052316,0.0010154567358107293,0.0010154567358108975,-0.02207547479267394
D,EVRG,-1,2022-08-03,2022-08-04,2022-08-09,3,signal,68.26673544460392,56.64923942506426,66.98308078892832,58.05620202900029,0.01070463372277824,0.004748492095912015,0.02141824788712021,0.0009962441675398148,0.0009962441675398482,0.019425759552040546
D,EXC,-1,2022-08-03,2022-08-04,2022-08-29,17,signal,68.26673544460392,38.105185408525095,67.7942640804803,38.255915940634054,0.013990363699668032,0.001166979974763419,0.007782275052303766,0.0009963293179794364,0.0009963293179795813,0.0057896164163447495
D,FE,-1,2022-08-03,2022-08-04,2022-08-29,17,signal,68.26673544460392,33.089087342392965,67.7942640804803,33.88623940158813,0.013815612378494454,0.0017047803586689768,0.008883424746323768,0.000996974346264869,0.0009969743462650154,0.006889476053793884
D,NI,-1,2022-08-03,2022-08-04,2022-08-29,17,signal,68.26673544460392,26.689701940071945,67.7942640804803,26.36452149187231,0.013769871944236971,0.002230646882382943,0.0067764530115064295,0.0009959455831936195,0.0009959455831937587,0.004784561845119051
D,PNW,-1,2022-08-03,2022-08-04,2022-08-29,17,signal,68.26673544460392,63.54004764367722,67.7942640804803,63.81360776164588,0.014606733197481646,3.6958679878006386e-05,0.007907432327702763,0.000996058747671441,0.0009960587476715828,0.005915314832359739
AEP,PPL,-1,2022-08-04,2022-08-05,2022-09-01,19,signal,85.63571160638885,24.786380973213564,86.66270538464951,25.186295756614385,0.007806540799630515,0.013366714192534495,-0.0016652100815551327,0.0010065121383153004,0.0010065121383153908,-0.0036782343581858237
AJG,ICE,1,2022-08-04,2022-08-05,2022-08-08,1,signal,168.17160091540262,100.77853863077317,171.76887870750156,100.19633258634285,0.0030622145616213247,0.004812901651291334,0.014821862063425631,0.00100412519363277,0.0010041251936328734,0.012813611676159988
AWK,NEE,1,2022-08-04,2022-08-05,2022-09-19,30,signal,143.91940336268036,78.00075022665015,134.95464041244236,75.63628359650897,0.0034420082883444255,0.006469467838743642,-0.014583032894421113,0.0009769146638601734,0.0009769146638602742,-0.01653686222214156
ES,WEC,-1,2022-08-04,2022-08-05,2022-08-22,11,signal,76.42695454372183,89.4974869617766,78.81532356771731,93.13009088657364,0.006564373907801666,0.005567787036008833,0.005565369037556335,0.001017951301434242,0.0010179513014343389,0.0035294664346877547
AEP,AES,-1,2022-08-09,2022-08-10,2022-08-29,13,signal,87.31879763366678,20.344347855734267,87.70007534178508,21.306620476686,0.01053567127251669,0.003913491374896953,0.0007523002029364836,0.0010034711968154133,0.0010034711968154252,-0.0012546421906943549
AEP,EIX,-1,2022-08-09,2022-08-10,2022-08-31,15,signal,87.31879763366678,56.53877515376096,87.69142535391289,56.63055681487269,0.007947168184193507,0.005409889839659059,-0.0014632722051844112,0.001001534281788683,0.001001534281788758,-0.003466340768761852
AEP,NEE,-1,2022-08-09,2022-08-10,2022-08-31,15,signal,87.31879763366678,79.66029451655787,87.69142535391289,76.43472703126422,0.010016504051553066,0.001569110983842359,-0.007794741878324716,0.0009989585615405225,0.0009989585615405778,-0.009792659001405815
AJG,BLK,-1,2022-08-09,2022-08-10,2022-09-22,30,signal,176.94260424222023,641.8849918996196,168.24135713049088,549.8163876067122,0.003620027725259096,0.0005597918845840376,-0.019082166354109892,0.0009583353652479384,0.0009583353652480245,-0.020998837084605853
KMI,PSX,-1,2022-08-10,2022-08-11,2022-08-30,13,signal,14.92534790805269,75.02446072229918,15.216349582845048,80.04684300378574,0.042594798597088306,0.004853373794908892,0.012998593341356708,0.0010182525175710128,0.00101825251757118,0.010962088306214516
MET,PNC,-1,2022-08-12,2022-08-15,2022-09-16,23,signal,59.30228662760299,148.3287912654094,57.96048712318083,139.87073375194953,0.009591737022090728,0.002906508990568027,-0.010732030806411977,0.0009812014164115855,0.0009812014164117138,-0.012694433639235276
AEE,AWK,-1,2022-08-15,2022-08-16,2022-08-31,11,signal,84.24717433820685,144.35421718378493,82.11314072490573,138.11872302436075,0.008577902079260305,0.0019196734806506777,0.0073200595745656575,0.0009846409824174377,0.000984640982417531,0.005350777609730689
D,EVRG,-1,2022-08-16,2022-08-17,2022-08-29,8,signal,69.8219712152196,59.8151276290718,67.7942640804803,58.61250287026558,0.010375901910033618,0.004602669225656205,0.016490498372096644,0.0009864920071359484,0.0009864920071360793,0.014517514357824616
D,NEE,-1,2022-08-16,2022-08-17,2022-08-29,8,signal,69.8219712152196,79.93570402349944,67.7942640804803,77.5763305974302,0.012030062047648934,0.0019978177849959977,0.02066495571630881,0.0009851112629826351,0.000985111262982791,0.01869473319034338
D,WEC,-1,2022-08-16,2022-08-17,2022-08-29,8,signal,69.8219712152196,92.70193428822115,67.7942640804803,90.74301738091302,0.009082638489534372,0.0039448776842436846,0.011676039399372975,0.0009867961248138562,0.0009867961248139854,0.009702447149745134
D,XEL,-1,2022-08-16,2022-08-17,2022-08-29,8,signal,69.8219712152196,66.73178307773843,67.7942640804803,64.92675918621553,0.009368384776541594,0.005180836560010735,0.010630481157575974,0.000985674274094182,0.0009856742740942954,0.008659132609387497
KMI,XOM,-1,2022-08-16,2022-08-17,2022-08-23,4,signal,15.071359059169213,80.10059941792252,15.248831873932549,83.77299962709847,0.036844508399190685,0.005551114638163208,0.01486042649126449,0.0010134105470899987,0.0010134105470901416,0.01283360539708435
NTRS,SCHW,1,2022-08-16,2022-08-17,2022-09-09,16,signal,90.15360386219892,71.66281452145529,87.89224238779927,69.79576367289982,0.0066578140068239925,0.00557993712742679,-0.003650335611945917,0.0009873621381558933,0.0009873621381559755,-0.005625059888257786
OKE,VLO,1,2022-08-17,2022-08-18,2022-09-02,11,signal,51.41093349792604,106.29004477207364,49.35147326221436,101.24485125278493,0.007133574655109113,0.005956558110529745,0.01633817402997024,0.0009774989941367745,0.0009774989941368833,0.014383176041696581
EOG,FANG,-1,2022-08-18,2022-08-19,2022-09-08,13,signal,100.57506338773106,110.11792460315326,100.5654354527265,112.59880141966924,0.005747222774679509,0.0038312962235761434,0.010564957010438141,0.0010046491448314969,0.0010046491448316313,0.008555658720775013
AJG,ICE,-1,2022-08-25,2022-08-26,2022-09-23,19,signal,183.9176403067291,101.50546647650994,165.00984244693055,88.91047873842327,0.0029114904947864445,0.004576007699035141,-0.0016412655825425448,0.0009436215300482704,0.000943621530048419,-0.003528508642639234
BAC,NTRS,-1,2022-08-26,2022-08-29,2022-09-09,8,signal,30.40910038845926,83.2701144316006,31.653585127527432,87.89224238779927,0.014143680902728007,0.006844869611251431,0.015060961331589122,0.001024693182584101,0.0010246931825842126,0.01301157496642081
FITB,NTRS,-1,2022-08-26,2022-08-29,2022-09-08,7,signal,29.61469409596949,83.2701144316006,28.841515449487762,84.17474961558547,0.013904836142509865,0.007064966125424043,0.018140052007754325,0.0009979126888185108,0.000997912688818706,0.01614422663011711
NTRS,ZION,1,2022-08-26,2022-08-29,2022-10-03,24,signal,83.2701144316006,48.25126978375146,76.7485988070933,44.640620469015936,0.006660830422524997,0.00923097488271442,-0.009147228715361617,0.0009616678227150629,0.0009616678227151993,-0.011070564360791879
AXP,MET,1,2022-08-29,2022-08-30,2022-09-16,12,signal,148.23917458817834,58.03544091859478,146.60670638785103,57.96048712318083,0.0032556084538920937,0.008914788090688843,-0.0036494900530720086,0.000996990017915411,0.000996990017915509,-0.005643470088902929
BAC,PNC,-1,2022-08-30,2022-08-31,2022-09-15,10,signal,30.660567417406476,137.29225844303247,30.57673699369744,139.75077528751322,0.016436189276672373,0.003613116436687269,0.011264511480486808,0.0010037511485955337,0.0010037511485956941,0.00925700918329558
DTE,PEG,-1,2022-09-06,2022-09-07,2022-09-23,12,signal,115.28293209388528,55.579399363846186,110.34023775462448,55.18815304407879,0.004477952142319766,0.00870380146415124,0.019715037614053056,0.0009872191995636496,0.0009872191995637322,0.017740599214925677
KMI,XOM,1,2022-09-06,2022-09-07,2022-09-16,7,signal,14.250104762790599,81.70390004119888,14.787450997487687,83.43556565127106,0.03765213465471275,0.005672794262182617,0.011423916990645308,0.0010150669424641213,0.001015066942464185,0.009393783105717002
MET,RF,-1,2022-09-06,2022-09-07,2022-09-15,6,signal,57.36216332316638,17.596857971973314,58.77633584688233,18.67062784770216,0.009709093799313607,0.02517541274917163,0.014322593972097876,0.0010203278341676964,0.0010203278341677769,0.012281938303762403
AEP,EIX,-1,2022-09-07,2022-09-08,2022-09-14,4,signal,89.84913988988367,55.994506400373346,88.34841964661773,56.98480676764132,0.007812971395913634,0.005318537822864684,0.017988607383251386,0.0009965730900345147,0.000996573090034677,0.015995461203182192
AEP,PPL,-1,2022-09-07,2022-09-08,2022-09-14,4,signal,89.84913988988367,25.579511480517677,88.34841964661773,25.719879923701818,0.00748107652887136,0.012809439466278636,0.014020160583781985,0.0009951165195399838,0.0009951165195401265,0.012029927544701873
CFG,MET,1,2022-09-07,2022-09-08,2022-09-16,6,signal,30.527952849980398,58.531550394604054,31.426470554677024,57.96048712318083,0.013141189637694282,0.01022913883952236,0.018651965728936883,0.0010028886891527632,0.001002888689152871,0.01664618835063125
AXP,FITB,1,2022-09-08,2022-09-09,2022-09-12,1,signal,147.10579525152878,30.37404340927848,151.76386282047804,30.746062453132335,0.003922644167492992,0.0139274531172573,0.014102470679741859,0.001011806890616205,0.001011806890616326,0.012078856898509328
HBAN,TFC,-1,2022-09-08,2022-09-09,2022-11-11,45,signal,11.864365499574472,39.4192585031315,12.912113385964588,38.14073427850789,0.043220767993211964,0.012359440191071094,-0.06007159874921374,0.0010147132509027302,0.0010147132509029009,-0.06210102525101937
AMP,MS,-1,2022-09-09,2022-09-12,2022-09-16,4,signal,271.8810713283346,79.27378499037883,258.7723329720911,76.90670523272973,0.0020290546817207343,0.005654914823040001,0.01419267214430775,0.0009799596199674655,0.0009799596199676036,0.01223275290437268
AXP,PNC,-1,2022-09-12,2022-09-13,2022-09-15,2,signal,150.46977985113136,139.62477496644024,148.99163074415392,139.75077528751322,0.0037071606071520215,0.003166531620104972,0.00687612338997764,0.000997403248272966,0.0009974032482730415,0.004881316893431633
MS,TROW,-1,2022-09-13,2022-09-14,2022-09-26,8,signal,77.02989834484971,95.55732603524923,71.275958287001,88.42822213260874,0.007503230508095589,0.004415659918459516,0.012656038709705442,0.000962598483324657,0.0009625984833246603,0.010730841743056125
FITB,RF,1,2022-09-14,2022-09-15,2022-10-19,24,signal,29.926165302143627,18.67062784770216,29.81467566812849,18.017031410457708,0.014783102575149412,0.02986191003787017,0.018858839309192642,0.0009893639948379699,0.0009893639948380403,0.01688011131951663
KMI,VLO,-1,2022-09-14,2022-09-15,2022-09-23,6,signal,14.868569076538087,95.91477163253757,13.8035206657408,92.17093427325568,0.036315224246500286,0.004795969863643871,0.02169378951838601,0.000971648796403747,0.000971648796403883,0.01975049192557838
AEP,SRE,1,2022-09-15,2022-09-16,2022-10-19,23,signal,86.76645075129082,75.07391545338947,73.81205306537426,63.64546245152511,0.006445996126087634,0.005871051331451166,-0.015482208455805085,0.0009247546303888365,0.000924754630388835,-0.01733171771658276
KMI,PSX,-1,2022-09-15,2022-09-16,2022-09-21,3,signal,14.787450997487687,71.41178893035504,14.712927230775607,73.87399266449285,0.04361546653071096,0.004969671633271875,0.01649108472180895,0.0010043518161550052,0.0010043518161550707,0.014482381089498873
MET,RF,1,2022-09-15,2022-09-16,2022-09-29,9,signal,57.96048712318083,18.611861595458862,54.22606199161155,16.924579527390332,0.009414803331126665,0.024412325672468652,0.006993473661954637,0.0009618724834908664,0.0009618724834909429,0.005069728694972828
OKE,VLO,-1,2022-09-15,2022-09-16,2022-09-23,5,signal,50.25834161765198,92.90600435473502,45.16187103884626,92.17093427325568,0.007823408087409906,0.006532571277104366,0.03604765023282443,0.0009777787902797695,0.0009777787902799787,0.03409209265226468
ALL,COF,-1,2022-09-16,2022-09-19,2022-11-07,35,signal,117.18456369657608,93.41632486809013,118.48934125212513,96.72617625675495,0.006516381811123229,0.002527573628662178,0.0008716347316945422,0.0010081703774561111,0.001008170377456247,-0.001144706023217816
AON,NDAQ,1,2022-09-16,2022-09-19,2022-09-26,5,signal,268.1229062158803,57.20002512592104,265.63095059498755,53.84131383216994,0.0022457774887823787,0.006957295133746379,0.018756792474103133,0.0009856245708751996,0.0009856245708753327,0.0167855433323526
ATO,FE,1,2022-09-16,2022-09-19,2022-10-26,27,signal,102.90398863245393,34.76727556823554,93.8674355106,32.08845323579901,0.00747828203596553,0.00663624362505125,-0.048842995907463486,0.0009575793444681147,0.0009575793444681651,-0.05075815459639976
AXP,PNC,1,2022-09-16,2022-09-19,2022-10-13,18,signal,144.05798662968994,138.55142059034443,125.4562970610066,123.36578779961613,0.0038111041614589053,0.003255316700196688,-0.02051905239308329,0.0009398801055802055,0.0009398801055803838,-0.02239881260424388
BAC,NTRS,-1,2022-09-16,2022-09-19,2022-10-04,11,signal,30.482910595341597,81.79588403157746,28.703594071690862,78.4657322061353,0.014272726354777476,0.006907321479281998,0.0033691350943135245,0.0009758664868594144,0.0009758664868595317,0.0014174021205945785
CVX,EOG,1,2022-09-16,2022-09-19,2022-10-07,14,signal,130.21681499282556,100.53978488513717,138.2356878969967,109.94637101797774,0.004950711805320385,0.0035356990361703968,0.00747689643461872,0.0010366252061131689,0.0010366252061132601,0.00540364602239229
FITB,NTRS,-1,2022-09-16,2022-09-19,2022-11-08,36,signal,29.444056668730884,81.79588403157746,30.189629637065714,75.34126117865321,0.01408489825859601,0.0071564546361538904,-0.05571130934374055,0.0009822257000495274,0.0009822257000496229,-0.057675760743839705
NTRS,PNC,1,2022-09-16,2022-09-19,2022-11-07,35,signal,81.79588403157746,138.55142059034443,75.32355562155496,137.05830901856203,0.007032785281981897,0.0030661690385603325,-0.039965346849801686,0.0009750166598424582,0.0009750166598425908,-0.04191538016948674
AJG,AMP,1,2022-09-19,2022-09-20,2022-10-03,9,signal,172.89625861256064,259.94024927953535,166.21884625396214,241.86446452709993,0.0034023170774794076,0.0015843643366043499,0.0068943656429618395,0.0009744110260981998,0.0009744110260982988,0.004945543590765341
ALL,JPM,-1,2022-09-19,2022-09-20,2022-11-16,41,signal,119.95879981764338,106.61723274971204,120.05143156798586,121.73288971197431,0.005687936080112116,0.0029779365575952794,0.045509182878501246,0.0010225988934477554,0.001022598893447916,0.04346398509160558
AEP,FE,1,2022-09-20,2022-09-21,2022-10-26,25,signal,86.82696916850689,35.25015697896237,75.99697250608651,32.08845323579901,0.009353684670476524,0.0053378388026550155,-0.08348250648358843,0.0009412023562480374,0.0009412023562480905,-0.08536491119608455
BKR,MPC,1,2022-09-20,2022-09-21,2022-10-18,19,signal,21.477592172832452,91.0676696234105,21.85871352611505,98.4415299624886,0.020295128390232647,0.0061936929354415565,-0.03690989028002641,0.0010266296119247915,0.0010266296119248687,-0.03896314950387607
CB,FITB,1,2022-09-20,2022-09-21,2022-09-30,7,signal,179.43105508357013,30.126622247051053,175.24741327295018,27.609836367625107,0.0037515229017423993,0.01085528567388502,0.012604069861385793,0.0009786682254449763,0.0009786682254450416,0.010646733410495776
CB,SCHW,1,2022-09-20,2022-09-21,2022-10-05,10,signal,179.43105508357013,70.25507863139386,181.78174838078792,71.36568689906537,0.0036926370128975267,0.004805182684946118,0.004350753254372019,0.0010071717966686265,0.0010071717966686862,0.0023364096610347064
D,FE,1,2022-09-20,2022-09-21,2022-10-28,27,signal,66.41934156533286,35.25015697896237,55.84706101137919,31.71532472681909,0.014136668387779935,0.0017443971316116306,-0.14236808165327156,0.0009225913991787616,0.0009225913991787549,-0.14421326445162908
AEP,AES,1,2022-09-21,2022-09-22,2022-10-26,24,signal,84.97700156460883,21.306621647960917,75.99697250608651,21.269092039320768,0.010769726226115772,0.004000431449095292,-0.09561036031162665,0.0009519595245466178,0.0009519595245466854,-0.09751427936071995
AEP,AWK,1,2022-09-21,2022-09-22,2022-10-27,25,signal,84.97700156460883,130.7874037971591,74.41657404948401,128.353352484439,0.010329563539347062,0.0009374144303226241,-0.1058582244842712,0.0009446677111900402,0.0009446677111901692,-0.1077475599066514
AEP,CNP,1,2022-09-21,2022-09-22,2022-10-26,24,signal,84.97700156460883,28.70373204596793,75.99697250608651,25.129606625905364,0.01046188817546331,0.0038799375484203247,-0.07913421533218246,0.0009464610704247979,0.0009464610704248541,-0.08102713747303211
AEP,NEE,1,2022-09-21,2022-09-22,2022-10-26,24,signal,84.97700156460883,74.74012144656129,75.99697250608651,67.72624291889433,0.010346758944416314,0.00162084625766567,-0.08059755987870407,0.0009482173403895522,0.000948217340389625,-0.08249399455948324
AEP,NRG,1,2022-09-21,2022-09-22,2022-10-27,25,signal,84.97700156460883,38.22813899105283,74.41657404948401,39.63012494398639,0.010696726290692031,0.0023917668277568444,-0.11536965084771088,0.0009455752894797949,0.0009455752894799076,-0.11726080142667057
AXP,FITB,1,2022-09-21,2022-09-22,2022-10-20,20,signal,141.74352168870502,29.307546790899274,137.53863740876145,28.369107562299533,0.004068646705745362,0.014445839037489786,-0.0025669031217444935,0.0009847434090704352,0.0009847434090705213,-0.00453638993988545
CB,PNC,1,2022-09-21,2022-09-22,2022-09-30,6,signal,173.8994329028521,136.63245499392582,175.24741327295018,129.2742215576684,0.0037185826199073436,0.0025871373492638303,0.02504247742854073,0.0009931405047742667,0.0009931405047743807,0.02305619641899208
D,ES,1,2022-09-21,2022-09-22,2022-10-26,24,signal,64.95711720955315,73.87292669245792,55.6324986624797,63.42949415719039,0.010148647929754359,0.004615114083568916,-0.045505905569847106,0.0009287325693439266,0.0009287325693440564,-0.047363370708535094
D,EVRG,1,2022-09-21,2022-09-22,2022-10-31,27,signal,64.95711720955315,55.83110832398552,58.33117757625568,52.48316173990476,0.011147863294201452,0.004945105279611995,-0.05635412172496644,0.0009549991738682806,0.0009549991738684036,-0.058264120072703124
D,EXC,1,2022-09-21,2022-09-22,2022-10-28,26,signal,64.95711720955315,36.25605139762576,55.84706101137919,32.573355210506634,0.014716617183851926,0.0012275590483914246,-0.1286173542162853,0.0009311283486436268,0.0009311283486437004,-0.13047961091357263
D,NEE,1,2022-09-21,2022-09-22,2022-10-28,26,signal,64.95711720955315,74.74012144656129,55.84706101137919,68.52082726745937,0.012929440851767398,0.0021471765300464817,-0.10349926763870937,0.0009347426370354313,0.0009347426370355152,-0.1053687529127803
D,NI,1,2022-09-21,2022-09-22,2022-10-28,26,signal,64.95711720955315,24.951045817127618,55.84706101137919,22.459715367540564,0.01449934869495742,0.0023488182819685747,-0.12530675968502442,0.0009314392565428415,0.0009314392565429155,-0.12716963819811017
D,PNW,1,2022-09-21,2022-09-22,2022-10-28,26,signal,64.95711720955315,61.09183966308561,55.84706101137919,56.35351858851397,0.01536586670853034,3.887947709119522e-05,-0.13886930696277297,0.0009303788399191867,0.0009303788399192595,-0.14073006464261142
D,WEC,1,2022-09-21,2022-09-22,2022-10-31,27,signal,64.95711720955315,86.6286195941033,58.33117757625568,79.62512833651952,0.009749531471814874,0.004234530437307507,-0.03399031375207752,0.0009529963354460772,0.0009529963354462145,-0.035896306422969815
D,XEL,1,2022-09-21,2022-09-22,2022-10-31,27,signal,64.95711720955315,63.53180611924142,58.33117757625568,57.05368690236143,0.009992392623198563,0.005525920877404393,-0.029462277981846093,0.0009491381048026953,0.000949138104802816,-0.0313605541914516
HBAN,TRV,-1,2022-09-21,2022-09-22,2022-10-06,10,signal,11.622813595463157,146.78447548731538,11.549824446971837,148.82111044313697,0.0360057000441977,0.0039622293923989105,0.011700445293574299,0.0010028050229710249,0.001002805022971133,0.009694835247632141
NTRS,SCHW,1,2022-09-21,2022-09-22,2022-10-18,18,signal,81.29972030377562,69.51814884253028,78.54538878945274,65.86145206632744,0.007165806153540574,0.006005687116387096,0.0032032050996279003,0.000979234096477859,0.000979234096478062,0.0012447369066719794
AXP,MET,1,2022-09-22,2022-09-23,2022-11-15,37,signal,134.0857974677794,55.47518072921884,149.91716717578555,66.63949034547085,0.0034964826155091896,0.009574370512147292,-0.050456049161362065,0.0010810786532212903,0.001081078653221395,-0.05261820646780475
KMI,SLB,1,2022-09-22,2022-09-23,2022-11-14,36,signal,13.8035206657408,32.952533405406136,15.373819175244456,49.70118926701218,0.04951514242588376,0.009610789133625147,-0.08209472211323038,0.0011195232950936,0.0011195232950937427,-0.08433376870341772
AEP,EXC,1,2022-09-23,2022-09-26,2022-10-26,22,signal,84.15575976255967,35.91987029336114,75.99697250608651,32.625133252381936,0.009283041965749337,0.006098557141481235,-0.05469287097637959,0.0009523514045151695,0.0009523514045152603,-0.05659757378541002
CVX,FANG,1,2022-09-23,2022-09-26,2022-10-05,7,signal,122.24696772656803,97.61753815313791,132.56195084892747,115.31354135775705,0.005841890812987952,0.002930419720411069,0.00945856239749484,0.0010562740221308426,0.0010562740221309625,0.007346014353233035
AEE,AWK,1,2022-09-26,2022-09-27,2022-10-31,24,signal,77.10083412531453,126.4378686291331,72.86417921176363,133.19102611431742,0.009490155282776237,0.0021238292597965235,-0.05356178050918005,0.0009872859630033616,0.0009872859630034993,-0.05553635243518691
AEP,EIX,1,2022-09-26,2022-09-27,2022-10-25,20,signal,82.88498538731471,52.30541208518649,74.3129541833213,46.39739426641365,0.008441145680634891,0.005746156013606863,-0.03746233520315816,0.0009470368508603334,0.000947036850860449,-0.039356408904878945
AEP,ETR,1,2022-09-26,2022-09-27,2022-10-31,24,signal,82.88498538731471,47.51978530252532,77.16284197851387,46.91858925833507,0.007575621029248605,0.00783299736654539,-0.037663533712094716,0.0009760891970735097,0.000976089197073656,-0.03961571210624188
AEP,NI,1,2022-09-26,2022-09-27,2022-10-25,20,signal,82.88498538731471,24.18723456190326,74.3129541833213,21.662864467614472,0.008187128757021458,0.013295782232114582,-0.035668550694700964,0.0009482974346725464,0.0009482974346726421,-0.03756514556404615
AEP,PPL,1,2022-09-26,2022-09-27,2022-10-27,22,signal,82.88498538731471,24.130400239672927,74.41657404948401,22.624666806964882,0.00805273567508418,0.013788260255037814,-0.04647675580968376,0.0009556778368628897,0.0009556778368629815,-0.04838811148340963
AXP,COF,1,2022-09-26,2022-09-27,2022-10-19,16,signal,132.80955782012802,86.70300376813992,138.9044572041029,90.22435129000063,0.004977425048554541,0.0039111805213304955,0.01758649890711328,0.0010222198812340857,0.0010222198812341547,0.015542059144645038
CB,KEY,1,2022-09-26,2022-09-27,2022-09-29,2,signal,167.21575378540064,13.208062587065358,170.6439144066075,12.936508646056083,0.003911864815331962,0.026198268855955026,0.02152805138027809,0.0010033073094172337,0.0010033073094173604,0.019521436761443495
KMI,PSX,1,2022-09-26,2022-09-27,2022-11-04,28,signal,13.267619761531778,65.76829820119963,15.085458507016886,91.63090006819229,0.04817288204524948,0.005488956657718134,-0.053273279122369,0.0011148901178354147,0.0011148901178356177,-0.05550305935804003
AWK,NEE,1,2022-09-27,2022-09-28,2022-10-12,10,signal,124.309849847491,73.39338439269285,116.48040630266917,67.68160541557602,0.0038129496905422674,0.00716667518705357,0.012045773220157194,0.0009645828922662848,0.0009645828922663561,0.010116607435624552
BAC,FITB,1,2022-09-28,2022-09-29,2022-10-18,13,signal,27.771539008777133,27.358130496145133,31.621944444193215,30.638289200620658,0.01890204072548965,0.017365437859017945,0.016884028053275102,0.0010648998536801442,0.0010648998536802391,0.014754228345914718
BAC,PNC,1,2022-09-29,2022-09-30,2022-10-14,10,signal,27.834885427924814,129.14501194091912,28.756261160352047,129.90492491951932,0.017785769942048616,0.003909790562460872,0.014425953877762607,0.001009677662647885,0.0010096776626479038,0.012406598552466818
C,USB,1,2022-09-29,2022-09-30,2022-10-20,14,signal,37.03428919214001,34.294201048646684,37.870057929936415,34.85885186719587,0.012994329467428007,0.015126325269021572,0.003328844893318736,0.0010096825006099895,0.0010096825006100977,0.0013094798920986485
ATO,ED,1,2022-09-30,2022-10-03,2022-10-06,3,signal,93.9069258248947,76.041137114182,93.91273418992085,74.94832485354824,0.00615705400267808,0.005548153322590863,0.007095918403200237,0.0009970660112636844,0.0009970660112637638,0.005101786380672789
CFG,MET,-1,2022-09-30,2022-10-03,2022-10-10,5,signal,29.416385849165852,54.679368973425625,29.775525434955746,56.41424450555449,0.013894214080895879,0.010815295176310044,0.01478520003515103,0.0010119713509084212,0.0010119713509085329,0.012761257333334075
AJG,BLK,-1,2022-10-03,2022-10-04,2022-10-17,9,signal,171.11896137843496,530.6871652377894,166.44286661044225,514.2037481832592,0.003949015583103298,0.0006106657305667199,0.009385673531446606,0.0009855603424161843,0.0009855603424162342,0.007414552846614188
KMI,XOM,1,2022-10-03,2022-10-04,2022-11-11,28,signal,14.063350886643299,81.74773636329982,15.167851780459294,98.8027325141756,0.03790913467365945,0.005711514729062685,-0.05446952907591251,0.001069659513074115,0.0010696595130742811,-0.056608848102060905
AFL,USB,-1,2022-10-04,2022-10-05,2022-10-17,8,signal,54.321838269263566,35.363924379058425,55.0361724489353,36.901169111872164,0.0114904417341568,0.010623639624470133,0.009135266150108231,0.0010121473643149017,0.0010121473643150613,0.007110971421478267
AMP,MS,-1,2022-10-04,2022-10-05,2022-10-21,12,signal,257.79577479196513,72.2536473943787,244.2663706559395,67.41217567137905,0.0021777342031721798,0.006069280210682123,0.0010497123401620213,0.0009705147235787734,0.0009705147235788559,-0.000891317106995608
CB,KEY,-1,2022-10-04,2022-10-05,2022-11-11,27,signal,181.78174838078792,13.660628837300713,203.67131224997345,15.874059695391622,0.003658795685737162,0.02450343188963607,-0.02478579815797822,0.001066991415616574,0.0010669914156166888,-0.02691978098921148
AJG,ICE,-1,2022-10-05,2022-10-06,2022-10-17,7,signal,174.3280241436088,88.66614713057406,166.44286661044225,86.54168834772616,0.0031877313419629958,0.005010177154759436,0.015473906984981524,0.0009820580402435056,0.0009820580402435293,0.013509790904494489
BKR,HAL,1,2022-10-05,2022-10-06,2022-10-20,10,signal,21.47759345552283,26.545591174668978,23.972305403935625,29.87069817107607,0.025968715752670308,0.01666235060947879,0.010440521243903142,0.0010601543589468462,0.0010601543589470598,0.008320212526009235
KMI,VLO,1,2022-10-06,2022-10-07,2022-11-01,17,signal,14.103948834506783,106.8341054767886,15.036025524153581,113.38709857802758,0.035444648262313305,0.004680997251721331,0.0033944440654280032,0.0010318563448443827,0.0010318563448444675,0.0013307313757391533
OKE,VLO,1,2022-10-06,2022-10-07,2022-11-10,24,signal,45.007868384393596,106.8341054767886,51.411441504266264,116.70836106142578,0.007449520482270857,0.006220373906993087,-0.01266361816442143,0.0010543945090259375,0.0010543945090260472,-0.014772407182473414
AJG,AMP,1,2022-10-07,2022-10-10,2022-10-12,2,signal,168.80876148761757,259.36393506705673,169.59127537542878,251.6517847834722,0.003453475340700688,0.0016081873154521833,0.016100211291915616,0.0009952366156822092,0.0009952366156823337,0.014109738060551073
AON,NDAQ,-1,2022-10-10,2022-10-11,2022-10-13,2,signal,271.5453533613084,54.49422471694632,260.6569758187226,53.35265915480078,0.0022705757119994134,0.007034118665273972,0.017676489112745292,0.000983511149791946,0.000983511149792071,0.015709466813161276
ATO,ED,-1,2022-10-11,2022-10-12,2022-10-26,10,signal,92.16403266351733,70.84850572787379,93.96134990330695,75.27428329531175,0.0064094269241185865,0.005775567872148666,0.015060058546873773,0.001018453326992902,0.0010184533269930085,0.013023151892887863
MA,PGR,1,2022-10-11,2022-10-12,2022-10-18,4,signal,280.3125397119525,112.7381131884832,296.28471772110333,110.9437431101007,0.0014024830425226143,0.005382025088073926,0.03306432647434239,0.0010062728852119813,0.0010062728852120349,0.031051780703918373
MET,RF,-1,2022-10-11,2022-10-12,2022-11-14,23,signal,56.11303382389375,16.664069316142385,66.25557473294882,19.59408448399165,0.010067554995352423,0.02610489275537745,-0.024533628843190908,0.0010892278229983662,0.0010892278229984124,-0.026712084489187687
AWK,NEE,-1,2022-10-13,2022-10-14,2022-11-03,14,signal,118.98800172466345,65.87821830629568,124.54713607912744,68.44341803466813,0.004118483187572081,0.007740944325041033,-0.002016747760964114,0.0010213853354087117,0.0010213853354089457,-0.004059518431781772
CB,PNC,-1,2022-10-13,2022-10-14,2022-11-14,21,signal,185.08223505851427,129.90492491951932,196.92100171533605,143.2284408138242,0.0036296496603144034,0.0025252638332333597,-0.008287048762473617,0.0010381337926030996,0.0010381337926032696,-0.010363316347679986
BAC,NTRS,-1,2022-10-14,2022-10-17,2022-11-11,19,signal,30.15746468995605,76.40897263160156,34.5583220000753,80.34217297863029,0.014895940595735277,0.007208927563905159,-0.03615375662002403,0.0010469960457629042,0.001046996045762992,-0.03824774871154992
KEY,TFC,-1,2022-10-14,2022-10-17,2022-11-21,25,signal,13.711999270153905,35.850496156883565,15.084457160409714,37.65480233319817,0.034183270106115986,0.014820159461000246,-0.019138139660411155,0.001036853862023203,0.0010368538620232793,-0.02121184738445764
MET,PNC,-1,2022-10-14,2022-10-17,2022-12-12,39,signal,58.96564534457424,132.79747897372087,64.5146032808843,133.7461580253049,0.010079058800426715,0.0030541782945503007,-0.05200153311507435,0.001029305238246692,0.001029305238246834,-0.054060143591567876
CB,SCHW,-1,2022-10-17,2022-10-18,2022-11-14,19,signal,187.45051719771087,65.86145206632744,196.92100171533605,73.07404766365507,0.0036602397390936583,0.004763024514896348,0.0007238485968363365,0.0010343227306143273,0.001034322730614452,-0.001344796864392443
AON,NDAQ,-1,2022-10-18,2022-10-19,2022-10-21,2,signal,270.04001583339846,53.90755099670421,265.97448456870234,53.749680348514744,0.002287835976879393,0.007087590016490412,0.009177020344867455,0.0009946740823722202,0.0009946740823722525,0.007187672180122982
AXP,NTRS,-1,2022-10-18,2022-10-19,2022-11-03,11,signal,138.9044572041029,69.23231940542658,134.89404934367846,73.33204633498724,0.0037475568387437684,0.006924899278765025,0.044426098237230184,0.0010066707760966562,0.0010066707760967362,0.042412756685036794
BAC,PNC,-1,2022-10-18,2022-10-19,2022-11-23,25,signal,31.260345147281026,134.05320192621775,33.9248962617294,142.5362870489012,0.016466392723478794,0.003619755966584614,-0.01213157400839119,0.0010372730860203185,0.0010372730860204048,-0.014206120180431912
CFG,MET,1,2022-10-18,2022-10-19,2022-12-01,30,signal,31.576270305182334,59.56805319281231,36.27519213669368,68.7643773101375,0.012828468911858192,0.009985716150194605,-0.030475956444779136,0.001075953181224143,0.0010759531812242653,-0.03262786280722754
CB,FITB,-1,2022-10-19,2022-10-20,2022-11-14,17,signal,184.5400320380039,28.369107562299533,196.92100171533605,31.685097029451118,0.003749822922561912,0.010850366668956309,-0.009405733927913301,0.0010410083826990425,0.0010410083826992438,-0.011487750693311587
HBAN,TRV,1,2022-10-19,2022-10-20,2022-11-16,19,signal,11.53290540530962,161.19654486094828,12.755507025662487,166.8542324978494,0.03415906094136891,0.003759016908781043,0.021526994036400206,0.0010314142714630587,0.0010314142714630912,0.01946416549347406
NTRS,ZION,1,2022-10-19,2022-10-20,2022-10-31,7,signal,69.52473772367307,42.397665202896505,74.26143340856723,44.09695280982251,0.007795654587892701,0.010803681692871514,0.019594769759128293,0.0010276887216015295,0.0010276887216016904,0.01753939231592507
BAC,FITB,-1,2022-10-20,2022-10-21,2022-11-23,23,signal,30.338260655262985,26.859191197372446,33.9248962617294,31.11621051930183,0.01817625503136149,0.016698653433283916,0.006962975903823457,0.0010680890758268365,0.0010680890758268825,0.004826797752169738
ES,WEC,1,2022-10-20,2022-10-21,2023-01-12,56,signal,61.09220818312838,74.60649421017935,73.62661426085205,86.3685287135423,0.008040313779562413,0.006819653398184117,0.02165805248273113,0.0010904931477966294,0.001090493147796762,0.019477066187137737
AFL,USB,-1,2022-10-21,2022-10-24,2022-12-09,33,signal,56.02510958681,34.252752412705306,64.58791673262748,36.463873713366745,0.011401709760642377,0.010541601306745314,-0.07326157033702002,0.0010603122835204154,0.0010603122835204993,-0.07538219490406092
CVX,FANG,-1,2022-10-21,2022-10-24,2022-12-06,30,signal,146.3761985268966,129.5051686334417,150.59920992181725,121.6672110261391,0.004730826105979015,0.0023730854544516465,-0.03757798887000677,0.0010004868734292153,0.0010004868734293398,-0.03957896261686532
FITB,RF,-1,2022-10-21,2022-10-24,2022-10-28,4,signal,28.642432947163286,16.546423732115592,30.793592837431255,18.22568779869533,0.016112430827416927,0.032547156959361584,0.021039557593375703,0.0010447013728456223,0.0010447013728456874,0.018950154847684395
AJG,AMP,1,2022-10-25,2022-10-26,2022-11-22,19,signal,169.65513928402495,271.418189997351,188.2692642452676,311.4223252253382,0.003378087634604414,0.0015730813596469605,0.0010133639538676964,0.0010629780292555134,0.0010629780292556418,-0.0011125921046434587
CVX,EOG,-1,2022-10-25,2022-10-26,2022-11-10,11,signal,149.13225078957365,114.99335594935272,155.16516062858452,123.67806443355256,0.00432354357628111,0.003087788071014275,0.0017592960584172472,0.0010263053814070493,0.0010263053814071727,-0.0002933147043969748
AMP,MS,-1,2022-10-26,2022-10-27,2022-11-17,15,signal,279.0040705525083,72.22723264991207,300.6360992033055,78.79867353229056,0.0020818665445333892,0.005802099908066084,-0.005865341228478933,0.0010414989704934582,0.001041498970493512,-0.007948339169465904
MA,PGR,-1,2022-10-26,2022-10-27,2022-10-31,2,signal,308.99925815266306,113.0334126756909,321.7324188651845,117.6243196230832,0.0013464341506518943,0.0051669376088953,0.0075970856264293216,0.0010205182900872283,0.001020518290087312,0.005556049046254782
NTRS,SCHW,1,2022-10-27,2022-10-28,2022-11-11,10,signal,73.29910107978542,74.29880917289148,80.34217297863029,75.81205638208834,0.007376605357383521,0.006182358663947551,0.043629230942066846,0.0010307060350831184,0.0010307060350832529,0.041567818871900475
AJG,ICE,-1,2022-11-01,2022-11-02,2022-11-11,7,signal,179.48753533030083,89.31368541570691,186.34177646636962,98.03363785164638,0.003126152320423537,0.00491339302403045,0.022449231840248683,0.0010320802038903303,0.0010320802038903093,0.020385071432468045
MS,TROW,-1,2022-11-01,2022-11-02,2022-11-15,9,signal,74.14306371827301,87.87137068607758,80.99418096290125,106.17336677975388,0.007944912215662679,0.004675590119286542,0.03221102778756977,0.0010699207765401495,0.001069920776540199,0.03007118623448942
AON,NDAQ,1,2022-11-03,2022-11-04,2022-11-08,2,signal,271.9450892939417,58.57070264798672,279.7884034782598,59.48093451380551,0.002205807243513035,0.006833469512420988,0.012092660558916671,0.0010118630223060181,0.0010118630223062198,0.010068934514304434
FITB,RF,1,2022-11-03,2022-11-04,2022-11-22,12,signal,29.68920004211104,18.70421147223166,31.09035322369577,19.084268877755445,0.014820122622266107,0.029936690640316562,0.010403614829006272,0.0010160138400691758,0.0010160138400692356,0.00837158714886786
BKR,MPC,-1,2022-11-07,2022-11-08,2022-11-18,8,signal,28.21512766973088,109.95952513955659,26.989334982662843,109.85253827584707,0.016189073155424647,0.004940601808774798,0.020305729549645934,0.000989861557675353,0.0009898615576754742,0.01832600643429511
D,ES,1,2022-11-07,2022-11-08,2022-12-21,30,signal,52.28457176534824,63.99440405837794,49.9475743154853,71.12285458290344,0.012288853004746848,0.005588375807858782,-0.06754979456257813,0.001005684030032378,0.0010056840300325118,-0.06956116262264302
D,EVRG,1,2022-11-07,2022-11-08,2022-12-05,18,signal,52.28457176534824,52.09998455844006,50.06437959165942,49.66787875042809,0.013265915768617013,0.005884656850824362,-0.014162467041006785,0.0009783072202444575,0.0009783072202445555,-0.0161190814814958
D,WEC,1,2022-11-07,2022-11-08,2022-12-19,28,signal,52.28457176534824,78.46051478995143,48.971321192753315,83.22387110673245,0.01158032293855351,0.0050297011809149915,-0.06133388578881721,0.0009928847098116904,0.0009928847098117969,-0.0633196552084407
D,XEL,1,2022-11-07,2022-11-08,2022-12-20,29,signal,52.28457176534824,57.15414636528561,49.29673504556062,60.854352247238154,0.011921618560285419,0.00659280748654624,-0.05902009903615454,0.0009944956978670439,0.0009944956978670946,-0.06100909043188868
EOG,FANG,-1,2022-11-07,2022-11-08,2022-12-06,19,signal,125.09289369717611,139.39996147251767,114.8810815247437,121.6672110261391,0.004586359966851962,0.0030574251790580027,-0.00643211259024911,0.0009493985818052385,0.0009493985818053574,-0.008330909753859706
D,EXC,1,2022-11-09,2022-11-10,2022-12-13,22,signal,50.96279197657944,33.60969182447694,50.65681865079229,37.679297894893864,0.018607346118858083,0.0015520969125852285,-0.011009018001520536,0.001000756591871301,0.001000756591871425,-0.013010531185263262
D,FE,1,2022-11-09,2022-11-10,2022-12-13,22,signal,50.96279197657944,32.6437051607799,50.65681865079229,36.745929314471006,0.018192596422420607,0.0022448792137807444,-0.013773202451846312,0.001002244513115591,0.0010022445131157034,-0.015777691478077605
D,NEE,1,2022-11-09,2022-11-10,2022-12-13,22,signal,50.96279197657944,72.51933184274054,50.65681865079229,78.96359261852808,0.015876406559980825,0.0026365755439769806,-0.020842167274323833,0.0010063700028339784,0.0010063700028340788,-0.02285490727999189
D,NI,1,2022-11-09,2022-11-10,2022-12-13,22,signal,50.96279197657944,22.632216430798525,50.65681865079229,25.245001592257097,0.018313187837456175,0.002966640178030971,-0.012353036765202819,0.001001503659734568,0.0010015036597346896,-0.014356044084672077
D,PNW,1,2022-11-09,2022-11-10,2022-12-13,22,signal,50.96279197657944,61.06472041485205,50.65681865079229,67.92610236869236,0.019572570453022235,4.9523487283774915e-05,-0.005330812838465598,0.0009976711991890534,0.0009976711991891729,-0.007326155236843825
AEP,AES,-1,2022-11-10,2022-11-11,2022-12-19,25,signal,79.5608232585621,23.94248950408681,82.10983779964315,23.96925442892055,0.011300756159460587,0.004197683338434149,-0.027679388492504238,0.0010140526041430098,0.0010140526041431202,-0.029707493700790368
AEP,AWK,-1,2022-11-10,2022-11-11,2022-12-16,24,signal,79.5608232585621,134.96783471052177,82.82535524800706,141.8416509242553,0.010888155694186078,0.000988107021990849,-0.027731871738694715,0.0010207947623683945,0.0010207947623684733,-0.029773461263431583
AEP,CNP,-1,2022-11-10,2022-11-11,2022-12-19,25,signal,79.5608232585621,26.52920281765146,82.10983779964315,27.184850776842623,0.01118137580039508,0.004146769596782657,-0.024767454562218204,0.0010152139189141033,0.0010152139189142063,-0.026797882400046512
AEP,EIX,-1,2022-11-10,2022-11-11,2022-12-16,24,signal,79.5608232585621,50.36811984572435,82.82535524800706,55.051217171130716,0.008781892823047551,0.005978113417918192,0.00035545038293400763,0.0010281334732212659,0.0010281334732213255,-0.0017008165635085837
AEP,EXC,-1,2022-11-10,2022-11-11,2022-12-16,24,signal,79.5608232585621,33.7900074071047,82.82535524800706,36.38952717467663,0.009824330796868529,0.006454160496373482,-0.014269985178238537,0.001024139189623375,0.0010241391896234492,-0.016318263557485363
AEP,FE,-1,2022-11-10,2022-11-11,2022-12-16,24,signal,79.5608232585621,33.42173513894842,82.82535524800706,35.365440247034364,0.010135432485715908,0.005783956452445639,-0.020823284992842323,0.0010218528820716804,0.001021852882071756,-0.02286699075698576
AEP,NEE,-1,2022-11-10,2022-11-11,2022-12-19,25,signal,79.5608232585621,74.34174440139876,82.10983779964315,75.28107065669556,0.010960029778604267,0.001716916702707349,-0.02531013408196464,0.0010143962573683249,0.0010143962573684303,-0.027338926596701396
AEP,NI,-1,2022-11-10,2022-11-11,2022-12-19,25,signal,79.5608232585621,23.08063697863822,82.10983779964315,24.11208072862323,0.008542297707687933,0.013872571624808596,-0.006447803747502095,0.001017860025009564,0.0010178600250096916,-0.00848352379752135
AEP,NRG,-1,2022-11-10,2022-11-11,2022-12-20,26,signal,79.5608232585621,41.13431730925724,82.04876310261007,28.89981778512887,0.011262075601861066,0.002518177814801162,-0.057829817458431326,0.0009981944349747945,0.0009981944349748786,-0.059826206328380996
AEP,PPL,-1,2022-11-10,2022-11-11,2022-11-15,2,signal,79.5608232585621,24.250701096534435,78.2879331833099,23.87712509337579,0.008257432003073044,0.014138750617250223,0.006220853206414472,0.0009919479078821505,0.000991947907882252,0.004236957390650069
AJG,BLK,1,2022-11-10,2022-11-11,2022-11-21,6,signal,186.34177646636962,679.5483234399264,186.89531970619944,651.6552723920532,0.0034318874701538644,0.000530698353825529,0.017696186442617636,0.0009936920593795427,0.0009936920593795653,0.015708802323858528
ATO,ED,-1,2022-11-10,2022-11-11,2022-12-05,15,signal,101.62326274938397,79.22261537441705,105.48505242523296,84.86986673531466,0.005779467084542824,0.005207907790635522,0.008117057171588685,0.001025779132489531,0.0010257791324896986,0.006065498906609455
ATO,FE,-1,2022-11-10,2022-11-11,2022-12-16,24,signal,101.62326274938397,33.42173513894842,105.32988238638566,35.365440247034364,0.007615113992124139,0.00675766859837985,-0.014071013242386826,0.0010204028454039776,0.0010204028454039895,-0.016111818933194792
BKR,HAL,-1,2022-11-10,2022-11-11,2022-11-28,10,signal,28.859943132841583,35.82462567020413,25.753742337626033,32.0162650202675,0.01928673504575552,0.012374980130138142,0.013726512474422962,0.0009464281095513424,0.000946428109551417,0.011833656255320202
AJG,ICE,1,2022-11-11,2022-11-14,2022-11-21,5,signal,179.7632899718378,98.87080551179982,186.89531970619944,98.98877236678288,0.0029837648936791015,0.004689601820797917,0.021738040660753577,0.0010109582966121846,0.0010109582966122774,0.019716124067529116
C,USB,-1,2022-11-11,2022-11-14,2022-11-28,9,signal,44.09119124771194,37.84722567459255,42.34125792513971,36.99367228277272,0.011344544330577555,0.013205857832317688,0.009564731304847938,0.0009844398960376,0.00098443989603771,0.007595851512772628
MA,PGR,-1,2022-11-11,2022-11-14,2022-11-22,6,signal,329.092271750475,115.62494878555174,332.44438429195696,118.90968263109534,0.0012940869526169205,0.004966055370342274,0.012984647256903334,0.0010104022067318813,0.0010104022067319266,0.010963842843439525
AXP,COF,-1,2022-11-15,2022-11-16,2022-12-16,21,signal,147.2905256093559,97.60542478611877,142.06467465409074,86.05566774730353,0.004463834330675944,0.0035076091983858616,-0.016216782674431923,0.0009679184529299226,0.000967918452930039,-0.018152619580291886
DTE,PEG,-1,2022-11-15,2022-11-16,2022-11-22,4,signal,100.67914523240493,50.02909248953574,100.07562111468984,50.79055865738564,0.0050524819922523265,0.009820515888537898,0.011529493632869077,0.001002208296269608,0.0010022082962697627,0.009525077040329705
NTRS,ZION,-1,2022-11-17,2022-11-18,2022-12-05,10,signal,81.67870659078554,45.0392876258534,81.02504710200492,44.92473742939233,0.0069393124402033326,0.009616911822616555,0.004431443530499779,0.000997115246976967,0.0009971152469769448,0.002437213036545867
AEE,AWK,-1,2022-11-18,2022-11-21,2022-12-08,12,signal,76.4662131846737,135.10541367599396,77.16196136697249,140.72395050399734,0.009369877087977225,0.0020969118552000713,0.006271436587334583,0.0010089350561392754,0.0010089350561394254,0.004253566475055882
AEP,ETR,-1,2022-11-21,2022-11-22,2022-12-16,17,signal,81.60064197512985,49.7096804674983,82.82535524800706,50.648533518420926,0.007517988226764308,0.007773406530580501,-0.000901154800997824,0.0010081387283576706,0.0010081387283578317,-0.0029174322577133266
AEP,PPL,-1,2022-11-21,2022-11-22,2022-12-16,17,signal,81.60064197512985,24.8014597405962,82.82535524800706,25.595465692519877,0.008058899106054777,0.013798813561853722,0.002096755071910034,0.0010102556742766066,0.001010255674276726,7.624372335670129e-05
KMI,XOM,-1,2022-11-29,2022-11-30,2022-12-12,8,signal,15.645706380512337,98.67804890696844,14.432531155435322,91.76530527381588,0.0327726348403747,0.004937632795165145,0.006589401851881643,0.0009630428706663839,0.0009630428706664411,0.004663316110548819
KMI,PSX,-1,2022-11-30,2022-12-01,2022-12-08,5,signal,15.843439946114971,95.90189812886416,14.95210217444845,91.89756914039964,0.037350724130132504,0.004255848875558436,0.01722503747451546,0.0009747452811549838,0.0009747452811550736,0.015275546912205402
AXP,FITB,-1,2022-12-01,2022-12-02,2022-12-20,12,signal,148.2552153021654,30.379448043900542,138.62279830436205,27.332276226381907,0.003904137512464303,0.01386174474319541,-0.0036728401020159757,0.0009599972842633367,0.0009599972842633841,-0.0055928346705426965
DTE,PEG,1,2022-12-02,2022-12-05,2022-12-09,4,signal,100.53338010237984,52.745042461395066,103.15920406141952,52.6607638723552,0.0049247732796929835,0.00957228829609582,0.014744387589266082,0.001006060967132026,0.0010060609671321942,0.012732265655001861
KMI,VLO,-1,2022-12-02,2022-12-05,2022-12-21,12,signal,15.744575683701669,114.98251477506406,14.704690004744153,111.20303871487407,0.032331040662004436,0.0042697986834037225,0.018458100491780247,0.0009751162273238262,0.0009751162273239223,0.0165078680371325
OKE,VLO,-1,2022-12-02,2022-12-05,2022-12-28,16,signal,55.491454958731296,114.98251477506406,54.361269298701316,113.47541759741516,0.0066014440412781195,0.005512227311887856,0.00014564453625272138,0.0009922493696152114,0.0009922493696153368,-0.0018388542029778268
AXP,PNC,-1,2022-12-05,2022-12-06,2022-12-19,9,signal,148.76144658961374,132.494343093622,139.6266848015022,130.00868003695993,0.003817500449665773,0.003260780193960426,0.027745206545955664,0.0009784501762729431,0.0009784501762730336,0.025788306193409688
CB,FITB,-1,2022-12-05,2022-12-06,2023-01-13,26,signal,205.14172280472434,28.377731396165178,214.54665517357446,29.892053176123845,0.0034804859911492935,0.01007102201090994,-0.016459193593123825,0.001023773786801521,0.0010237737868016728,-0.01850674116672702
BAC,NTRS,1,2022-12-06,2022-12-07,2022-12-29,15,signal,29.663273840733737,77.93466166945784,29.90640597874568,78.35474639438668,0.01484032014257794,0.007182009907023685,0.0015943591056027419,0.0010032529967843062,0.0010032529967844454,-0.0004121468879660097
CB,KEY,-1,2022-12-06,2022-12-07,2023-01-10,22,signal,206.2070068244921,14.056135094863683,214.00188946607716,14.945905109782466,0.0033289071353804606,0.02229412524364127,-0.00508909181173511,0.0010227044826547384,0.0010227044826548095,-0.007134500777044658
CB,PNC,-1,2022-12-06,2022-12-07,2023-01-10,22,signal,206.2070068244921,130.85757340678296,214.00188946607716,141.4462035109789,0.0033635324733241392,0.002340117560011469,-0.0004143971918884777,0.0010253044555384775,0.0010253044555385647,-0.00246500610296552
HBAN,TRV,1,2022-12-06,2022-12-07,2023-01-05,19,signal,12.353659557256906,175.28152750835204,12.19999492204373,174.8241400850613,0.03159966637591755,0.0034773696040062644,-0.0022685796023848353,0.0009966664811225647,0.0009966664811226545,-0.004261912564630054
MET,RF,-1,2022-12-06,2022-12-07,2022-12-09,2,signal,66.73341001101802,18.04121951985077,65.25561120757793,18.607861079571638,0.008808725562816856,0.022840782715866977,0.02695994195587611,0.000999881115948884,0.0009998811159490518,0.024960179723978175
AEP,SRE,-1,2022-12-07,2022-12-08,2023-01-12,23,signal,84.14601919567923,72.22816056932099,85.14643284181867,72.68766945865035,0.006669286723332281,0.006074425725821054,-0.002876123374116122,0.0010046694553363506,0.0010046694553364926,-0.004885462284788965
BAC,FITB,1,2022-12-07,2022-12-08,2022-12-22,10,signal,30.009143885144816,28.547617667510224,29.569976116499394,27.316484374853868,0.01778278411117974,0.016337168929415894,0.01328968223110505,0.0009860752727602236,0.0009860752727603274,0.0113175316855845
BAC,PNC,1,2022-12-07,2022-12-08,2023-01-06,19,signal,30.009143885144816,134.83630746217815,30.99755117519764,140.73028535449015,0.01676456580555373,0.00368530242906979,-0.004131724525674514,0.0010191474609669337,0.0010191474609669757,-0.006170019447608423
AON,NDAQ,-1,2022-12-08,2022-12-09,2023-01-04,16,signal,298.2373336667409,60.5947316682945,293.87982013100356,58.998284736566305,0.002057562957304238,0.006374216867758775,-0.00021992550636383904,0.0009903150172548285,0.0009903150172549588,-0.002200555540873626
CB,SCHW,-1,2022-12-08,2022-12-09,2022-12-19,6,signal,208.52778645885365,75.79308824203429,202.37998755830296,74.13514989602929,0.003255087355918161,0.004235804750375838,0.013975226561364629,0.000986307215292706,0.000986307215292847,0.012002612130779076
CVX,EOG,-1,2022-12-08,2022-12-09,2022-12-12,1,signal,147.6970577446812,108.04157273627392,144.95312522518392,105.9062320256203,0.004446549038638942,0.0031756361041465806,0.006410318935308131,0.0009903534840531023,0.0009903534840532036,0.0044296119672018255
FITB,RF,1,2022-12-08,2022-12-09,2022-12-15,4,signal,28.498526374723454,18.607861079571638,27.401229729699956,17.727388567816913,0.015130648405407393,0.030563953622053032,0.011286088324318485,0.0009781770418381976,0.0009781770418383605,0.009329734240641926
AXP,MET,-1,2022-12-09,2022-12-12,2022-12-19,5,signal,147.33830256709925,64.5146032808843,139.6266848015022,63.95956049442532,0.003086580002285997,0.008451939794062707,0.020097140134914964,0.000985803168629804,0.0009858031686298576,0.018125533797655302
ALL,COF,-1,2022-12-20,2022-12-21,2023-01-12,14,signal,124.00173522061587,83.86969996186421,127.43560065566567,96.25105006345302,0.0063865572998514355,0.0024772173081524717,0.009766727446916087,0.001026011037889732,0.0010260110378898536,0.007714705371136501
ALL,JPM,-1,2022-12-20,2022-12-21,2023-01-12,14,signal,124.00173522061587,121.10343868686554,127.43560065566567,129.08644011666644,0.005335149804034007,0.002793234209721814,0.004998354827495239,0.001020148640402298,0.001020148640402385,0.0029580575466905557
BKR,HAL,1,2022-12-22,2022-12-23,2023-01-10,10,signal,26.62971857638815,35.24475665062675,28.040111333258835,37.38189658073175,0.020307918662253465,0.013030203885398146,0.0018230581023335087,0.001028285734865908,0.0010282857348660524,-0.0002335133673984518
CVX,EOG,-1,2022-12-27,2022-12-28,2023-01-05,5,signal,153.32033200183636,114.9208782910198,147.15837754663252,108.38084783378379,0.004247543445157903,0.0030335103022957714,0.00731076354383586,0.0009768440576268225,0.0009768440576269485,0.005357075428582088
D,EXC,-1,2022-12-27,2022-12-28,2023-02-03,25,signal,51.70816824682061,37.6444846610676,51.59285385182294,36.10258466069227,0.01822406149610357,0.0015201259439248584,0.0007549491274027736,0.000997334695087449,0.000997334695087515,-0.0012397202627721904
D,FE,-1,2022-12-27,2022-12-28,2023-02-03,25,signal,51.70816824682061,36.31754715209569,51.59285385182294,35.11723674099043,0.017789413809041033,0.0021951284114698566,0.0004137766845470109,0.0009972366797943845,0.0009972366797944636,-0.0015806966750418372
D,NEE,-1,2022-12-27,2022-12-28,2023-02-06,26,signal,51.70816824682061,75.55378933678988,50.25646952430438,66.8726788569403,0.015558175008804506,0.0025837272169967253,0.0011333490584825162,0.0009771876940598773,0.0009771876940599545,-0.0008210263296373156
D,NI,-1,2022-12-27,2022-12-28,2023-02-03,25,signal,51.70816824682061,24.641818712079786,51.59285385182294,24.475407382666326,0.017945625862323532,0.002907097069915482,0.0025839107659276256,0.000998295664897765,0.000998295664897834,0.0005873194361320265
D,PNW,-1,2022-12-27,2022-12-28,2023-02-03,25,signal,51.70816824682061,66.49940809956394,51.59285385182294,66.89040442179939,0.01926700183818473,4.87503224382301e-05,0.003239226556492735,0.0009984026993222277,0.0009984026993222982,0.0012424211578482094
D,WEC,-1,2022-12-27,2022-12-28,2023-02-03,25,signal,51.70816824682061,84.21368423009895,51.59285385182294,82.44937573216193,0.011325999618379403,0.004919240504593498,-0.006378087120408214,0.0009949199115047837,0.0009949199115048637,-0.00836792694341786
ATO,ED,1,2022-12-30,2023-01-03,2023-01-12,7,signal,102.52802265647124,83.92910306429143,106.73810478892872,86.94377654177907,0.005613449930769825,0.005058308871588831,0.009403454375445984,0.0010195187165865454,0.001019518716586677,0.007364416942272761
ATO,FE,1,2022-12-30,2023-01-03,2023-01-12,7,signal,102.52802265647124,35.921776224683576,106.73810478892872,36.77162333339465,0.00744214887163997,0.006604178977013746,0.026738257214803295,0.0010187416322488072,0.0010187416322489887,0.0247007739503055
AEP,ETR,-1,2023-01-03,2023-01-04,2023-01-19,10,signal,83.0476626090482,48.10004360898941,80.5391801982251,47.24795905720257,0.007530202082467822,0.007786035343346031,0.013242134800140234,0.0009871157620576602,0.000987115762057744,0.01126790327602483
AJG,ICE,1,2023-01-03,2023-01-04,2023-01-17,8,signal,181.82553848502732,99.71218009429712,189.88940019580738,102.68855011380295,0.0029539364123271827,0.004642720211340038,0.011020540367244166,0.001018858881786201,0.0010188588817862977,0.008982822603671668
D,ES,-1,2023-01-03,2023-01-04,2023-01-09,3,signal,52.567609235405754,72.68131220184593,51.4007446136711,72.95937595031525,0.011678241157681972,0.005310699081413179,0.016097454057819732,0.000993814713264765,0.0009938147132649135,0.014109824631290053
D,XEL,-1,2023-01-03,2023-01-04,2023-01-10,4,signal,52.567609235405754,62.08333763780124,51.317218812502745,63.25449757745512,0.011506205069464441,0.006363078514892974,0.022835864292040577,0.0009964330197092467,0.0009964330197094133,0.020842998252621918
AFL,USB,1,2023-01-04,2023-01-05,2023-01-09,2,signal,66.20147860945558,38.99807518038335,67.7011846794597,39.50526418044939,0.009780657329712974,0.009042835877443131,0.011091461491842565,0.0010097772122833438,0.0010097772122833978,0.009071907067275824
AWK,NEE,-1,2023-01-04,2023-01-05,2023-01-18,8,signal,142.8036312901522,75.0243724038046,145.05580827030698,77.02908936500853,0.003523390242362965,0.00662243026360471,0.006351403759449098,0.0010106038815624152,0.0010106038815624616,0.00433019599632422
AEE,AWK,1,2023-01-05,2023-01-06,2023-01-10,2,signal,77.41170446046438,142.1714388016529,79.64213094005179,145.01913335299125,0.009157015140642794,0.00204927486522725,0.015601682461043369,0.0010133422852731456,0.0010133422852732616,0.013574997890496961
AEP,EIX,1,2023-01-05,2023-01-06,2023-01-10,2,signal,82.68574716435637,55.35449549774946,85.0874760656746,56.87803364384604,0.008309454821173427,0.0056565098621647,0.012353626551126205,0.0010144773016953564,0.0010144773016954921,0.010324671947735356
AXP,NTRS,1,2023-01-06,2023-01-09,2023-01-20,8,signal,145.2050634772371,84.98991053101547,141.81081512710352,81.20547580840679,0.0033084194907883153,0.006113442098797374,0.012889125776676615,0.0009828006214881676,0.00098280062148827,0.010923524533700178
CB,SCHW,-1,2023-01-06,2023-01-09,2023-01-10,1,signal,216.35641725010117,80.61078141592738,214.00188946607716,80.9375901473465,0.0031122588440252803,0.004049943781678632,0.009648283455526986,0.0009968265465858527,0.0009968265465859442,0.00765463036235519
CFG,MET,-1,2023-01-06,2023-01-09,2023-02-14,25,signal,35.54986157680474,64.5503015900298,37.3745367415525,64.96010688023667,0.011656550844966966,0.009073491842861776,-0.01653847871436829,0.0010125751612088808,0.0010125751612089285,-0.0185636290367861
NTRS,PNC,-1,2023-01-06,2023-01-09,2023-01-26,12,signal,84.98991053101547,142.8520699717338,84.88727632221651,140.55811034886673,0.006789684049670284,0.002960181234032953,-0.0050975046895342145,0.0009961776872733877,0.00099617768727342,-0.007089860064081022
AFL,USB,1,2023-01-09,2023-01-10,2023-01-25,10,signal,66.14613928101402,39.75490000396717,66.73400816761165,39.930882109322624,0.009719364279796349,0.008986166578832683,0.005136098763327986,0.0010037914193450747,0.001003791419345107,0.003128515924637805
KEY,TFC,1,2023-01-09,2023-01-10,2023-01-30,13,signal,14.960858491583146,37.76186890833575,15.463549673663927,39.901932291940234,0.031914995831944265,0.013836748969840275,-0.012545331283434501,0.0010228015541844813,0.0010228015541846943,-0.014590934391803678
KMI,PSX,-1,2023-01-09,2023-01-10,2023-01-19,6,signal,15.447970784811634,90.06410158583283,15.265498909727393,90.18486787122563,0.038891237650327704,0.00443137941440055,0.008628338657367668,0.0009966203679222427,0.000996620367922353,0.006635097921523072
MET,PNC,1,2023-01-09,2023-01-10,2023-01-20,7,signal,63.66641940021315,141.4462035109789,62.30058095275989,129.70634148847,0.009388139343321191,0.0028448143796295116,0.02155203922488344,0.0009769925935404324,0.0009769925935405417,0.019598054037802466
MET,RF,1,2023-01-09,2023-01-10,2023-02-16,26,signal,63.66641940021315,18.565494303963728,64.59177527435264,20.05145446434588,0.008944663891287468,0.02319326705667354,-0.025165840028592214,0.001021433532722232,0.001021433532722289,-0.027208707094036735
AMP,MS,-1,2023-01-11,2023-01-12,2023-01-24,7,signal,314.079898352536,80.060346641275,317.7553134341848,85.54216832706118,0.001861326327892386,0.005187460908242761,0.022613148540501147,0.0010175596969335845,0.0010175596969336429,0.020578029146633918
AXP,MET,-1,2023-01-11,2023-01-12,2023-02-27,30,signal,148.32816958053317,64.01460468346839,168.4033325430035,64.64568154955182,0.0030901862928743792,0.008461814850244736,-0.05566222229879672,0.0010337155179778095,0.0010337155179779125,-0.05772965333475245
FITB,NTRS,1,2023-01-11,2023-01-12,2023-01-23,6,signal,30.03527047539529,86.30226518818681,30.25775441146905,83.31447406279545,0.013533287911161708,0.00687618463662887,0.02454668817372948,0.0009911455773626648,0.0009911455773627747,0.02256439701900404
MA,PGR,-1,2023-01-11,2023-01-12,2023-01-26,9,signal,369.8777902172033,120.55314261267476,375.6859784515287,123.95416071101442,0.001201267574035332,0.004609861242471037,0.009712418915179748,0.0010113855884897882,0.0010113855884898847,0.007689647738200076
NTRS,SCHW,-1,2023-01-11,2023-01-12,2023-02-15,23,signal,86.30226518818681,79.32100636539316,86.02219996340094,76.37104591679878,0.006544869830803216,0.005485278219794494,-0.013357438988702364,0.0009909243688694172,0.0009909243688695228,-0.015339287726441303
NTRS,ZION,-1,2023-01-11,2023-01-12,2023-01-23,6,signal,86.30226518818681,44.87398257260168,83.31447406279545,44.8465180685476,0.006733852903354883,0.009332173778896294,0.020852778370732957,0.0009897359509823149,0.000989735950982391,0.01887330646876825
BAC,NTRS,1,2023-01-12,2023-01-13,2023-01-20,4,signal,31.128688058680467,86.0969201712209,30.279219600618056,81.20547580840679,0.013736113856389658,0.006647626523740118,0.02182594021291516,0.0009778403846300234,0.0009778403846301693,0.019870259443654968
KMI,VLO,1,2023-01-12,2023-01-13,2023-02-02,13,signal,15.57064030347222,121.54104278079286,15.363786319703308,121.59970612973524,0.031623347609390486,0.0041763372048235995,-0.0057895708663091875,0.0009968424935499316,0.000996842493550071,-0.00778325585340919
AEP,EIX,1,2023-01-13,2023-01-17,2023-02-02,12,signal,82.70319381490714,57.94225641087492,82.50721207793299,57.401167407065934,0.008188349804419029,0.0055740698301323536,0.0024091679230122086,0.000997867049086137,0.0009978670490861704,0.0004134338248399012
AEP,PPL,1,2023-01-13,2023-01-17,2023-02-01,11,signal,82.70319381490714,26.977338800837593,81.26066714328178,25.95587487584413,0.007759348658486315,0.0132859096622055,0.003365770207602899,0.0009877601712448636,0.0009877601712449389,0.0013902498651130965
CB,SCHW,-1,2023-01-13,2023-01-17,2023-01-19,2,signal,217.473479751983,78.47697424743454,211.01037664518998,73.86989039141632,0.0031283987333591834,0.004070946419222841,0.0024443047955700695,0.000980332749425695,0.0009803327494257645,0.00048363929671860987
HBAN,TFC,1,2023-01-13,2023-01-17,2023-02-03,13,signal,12.44326523102587,39.145512684487294,13.166074432341336,41.04787473296952,0.04230704736048586,0.012098152017910922,0.008591683673834977,0.0010268258168290036,0.0010268258168291498,0.006538032040176823
AJG,AMP,1,2023-01-17,2023-01-18,2023-03-06,32,signal,188.25697526564574,318.99334470138024,183.55891975642217,328.414127062027,0.002969266399371295,0.0013827046926874682,-0.02597634794229469,0.0009995904024776097,0.0009995904024777064,-0.027975528747250004
DTE,PEG,1,2023-01-17,2023-01-18,2023-02-10,17,signal,104.53010308232098,55.33758968641211,99.56740258854194,52.66956924829087,0.004714947994743785,0.00916445061397832,0.0020281350071771446,0.0009760682065877206,0.0009760682065878699,7.599859400155419e-05
MS,TROW,-1,2023-01-17,2023-01-18,2023-02-03,12,signal,86.00419337997113,99.87741805214716,88.07563114780739,104.16111171407064,0.006906276720233117,0.004064351917006961,0.004120281057958714,0.0010157649446686568,0.0010157649446688004,0.002088751168621257
OKE,VLO,1,2023-01-17,2023-01-18,2023-02-02,11,signal,58.354784896687676,124.84633262850198,57.15654783923153,121.59970612973524,0.006149121102292261,0.005134536182116725,0.010289658662911073,0.0009878422107264628,0.0009878422107265925,0.008313974241458019
AEP,AWK,1,2023-01-18,2023-01-19,2023-02-01,9,signal,80.5391801982251,139.97264020742253,81.26066714328178,143.03821799998408,0.01072870537155651,0.0009736368042722401,0.005761589277561811,0.0010057277798218684,0.001005727779821945,0.003750133717917998
AEP,CNP,1,2023-01-18,2023-01-19,2023-02-01,9,signal,80.5391801982251,27.547922486186504,81.26066714328178,27.193877337293742,0.01102285795957462,0.004087981038505357,0.010403820658859902,0.0010036426883642561,0.00100364268836433,0.008396535282131315
AEP,EXC,1,2023-01-18,2023-01-19,2023-02-01,9,signal,80.5391801982251,36.67647089510082,81.26066714328178,36.47816793443159,0.009559695752080386,0.006280306715658761,0.009145696827310243,0.0010030977278444335,0.0010030977278444877,0.007139501371621322
AEP,FE,1,2023-01-18,2023-01-19,2023-02-01,9,signal,80.5391801982251,36.007366649604386,81.26066714328178,34.903921108753934,0.009895363999668165,0.0056469572991424515,0.014371240085532843,0.0010007542920767395,0.0010007542920768236,0.01236973150137928
AEP,NEE,1,2023-01-18,2023-01-19,2023-01-27,6,signal,80.5391801982251,75.35276450116838,80.79866200083728,68.25863893589246,0.010833175273049592,0.0016970446198936982,0.01584582147385995,0.0009957620025934518,0.000995762002593522,0.013854297468672977
AEP,NI,1,2023-01-18,2023-01-19,2023-02-02,10,signal,80.5391801982251,23.908273038563188,82.50721207793299,24.854706835297087,0.008379065310676653,0.01360748450229,0.00462654451993783,0.0010148600878716676,0.0010148600878717134,0.002596824344194449
AEP,NRG,1,2023-01-18,2023-01-19,2023-02-02,10,signal,80.5391801982251,28.8815040950003,82.50721207793299,32.27967363811984,0.011499538904230045,0.0025712741392261342,0.01490994766892553,0.0010161139703887775,0.0010161139703888263,0.012877719728147927
AJG,ICE,1,2023-01-18,2023-01-19,2023-01-27,6,signal,184.29395715357927,102.21357781554896,192.46131289914985,102.59297926877353,0.0028991226791367855,0.004556569126340355,0.02296214055423342,0.0010127432319233963,0.0010127432319234678,0.020936654090386555
BAC,PNC,-1,2023-01-18,2023-01-19,2023-02-01,9,signal,30.261030628602946,131.50638362197068,32.038887402922235,143.02844726224853,0.016900353070849135,0.0037151521218345214,0.013796230069998621,0.0010364180843049232,0.0010364180843048798,0.011723393901388818
KMI,SLB,1,2023-01-18,2023-01-19,2023-01-24,3,signal,15.265498909727393,51.344484914844955,15.44797152535536,49.36887048051658,0.03963737161775727,0.007693533770999834,0.023428318522885246,0.0009961272781952276,0.00099612727819528,0.02143606396649474
AEP,AES,1,2023-01-19,2023-01-20,2023-02-01,8,signal,79.61425164174852,22.5836450842152,81.26066714328178,23.157531358374936,0.011367848831421319,0.004222605015111937,0.017303886141018937,0.0010109786652509848,0.001010978665251039,0.015281928810516912
AEP,SRE,1,2023-01-19,2023-01-20,2023-02-02,9,signal,79.61425164174852,70.02934267718942,82.50721207793299,72.02571718665449,0.006974010825081193,0.006351970236910306,0.008511111238019689,0.00101648530538615,0.001016485305386167,0.006478140627247372
ALL,COF,1,2023-01-19,2023-01-20,2023-02-08,13,signal,114.9779614402974,92.90262128353676,124.90183212518048,111.82622668544614,0.006623675100196966,0.002569190540601299,0.018171588320909357,0.001057441160531982,0.0010574411605321584,0.016056705999845215
ALL,JPM,1,2023-01-19,2023-01-20,2023-02-07,12,signal,114.9779614402974,124.62374865700134,123.72623046432788,130.48927369501692,0.005549380611337294,0.0029053954126337556,0.03253874541088726,0.001032940444308788,0.0010329404443089282,0.030472864522269546
AON,NDAQ,-1,2023-01-19,2023-01-20,2023-02-06,11,signal,310.40021946237476,57.890035867004876,303.814838475715,56.91254229576527,0.0020416245644929282,0.006324840603502968,0.008252438901938799,0.0009900543420689693,0.000990054342069007,0.006272330217800822
BKR,MPC,1,2023-01-19,2023-01-20,2023-02-13,16,signal,27.98517911185513,114.08227970138199,30.30536773398787,116.84610428509203,0.015922455240260577,0.004859235016416461,0.024538164379432383,0.0010251380909583499,0.001025138090958489,0.022487888197515543
CB,KEY,-1,2023-01-19,2023-01-20,2023-01-23,1,signal,209.92107668612238,13.644895550707266,210.97215067995754,14.37896298531046,0.0033182676590644325,0.02222287128314616,0.013835048222766676,0.001009706951457487,0.0010097069514576232,0.011815634319851566
CB,PNC,-1,2023-01-19,2023-01-20,2023-01-23,1,signal,209.92107668612238,129.70634148847,210.97215067995754,135.49514334251438,0.0033308700541120856,0.0023173932660268642,0.01092220066580474,0.0010082611215999938,0.0010082611216001233,0.008905678422604622
CB,SCHW,-1,2023-01-19,2023-01-20,2023-03-08,32,signal,209.92107668612238,72.73936244648336,197.64901660042224,71.18208845288196,0.0032826318269857263,0.004271648028493231,0.034608879458600014,0.0009763508231907716,0.0009763508231909207,0.03265617781221832
D,ES,-1,2023-01-19,2023-01-20,2023-02-03,10,signal,51.69982958514052,68.32282746722524,51.59285385182294,70.94056366135577,0.01208020069086391,0.005493490830171543,0.01667922152957811,0.0010064234237851552,0.0010064234237853052,0.014666374682007651
C,USB,-1,2023-01-20,2023-01-23,2023-01-26,3,signal,45.07119046813671,39.735091593466734,46.02656975970586,42.24649300038236,0.010949892298980891,0.012746454750921685,0.022571412300949074,0.0010212482536568102,0.0010212482536568837,0.02052891579363538
ES,WEC,1,2023-01-20,2023-01-23,2023-01-31,6,signal,68.22006377693114,81.28551653209622,69.85418142719267,81.46321071541546,0.007290467621342127,0.006183647013206865,0.011821189915621116,0.0010065062028719602,0.0010065062028720851,0.009808177509877072
BAC,FITB,1,2023-01-23,2023-01-24,2023-03-08,30,signal,31.146897227299196,30.91079739108633,29.88988276224378,29.930673415185748,0.0167944430492821,0.015429173039281409,-0.0050064505197510555,0.0009819049016273683,0.0009819049016275205,-0.006970260323005945
D,XEL,-1,2023-01-23,2023-01-24,2023-02-03,8,signal,52.65939090494836,59.96715691806665,51.59285385182294,60.81451594507205,0.0116506982845931,0.006442985110263239,0.01888183071430519,0.0009964077049588915,0.0009964077049589705,0.016889015304387328
HBAN,TRV,-1,2023-01-23,2023-01-24,2023-02-22,20,signal,12.618914717706218,173.86144275609144,12.845488301451523,172.53923362854522,0.03149788634982605,0.003466169271546575,-0.010718213192499382,0.0010013764466421204,0.0010013764466421894,-0.012720966085783693
CB,KEY,-1,2023-01-24,2023-01-25,2023-02-27,22,signal,217.20616730000324,14.590743575546602,202.45642172992027,15.19813580282405,0.003174783545329178,0.02126193946017987,0.06072445509584788,0.000982868797199606,0.000982868797199754,0.058758717501448524
CB,PNC,-1,2023-01-24,2023-01-25,2023-01-31,4,signal,217.20616730000324,137.3783224661283,216.74490334723257,142.28646745112815,0.003196465270741991,0.00222388354188763,0.013394086132571339,0.0010045290735552432,0.0010045290735553542,0.011385027985460743
AWK,NEE,-1,2023-01-25,2023-01-26,2023-02-15,14,signal,142.09819753749724,67.38824251108029,136.8792891380906,67.81391073889878,0.0037207037272421854,0.0069932931836328704,0.023386590932160643,0.0009917562822606561,0.000991756282260774,0.021403078367639213
AXP,COF,1,2023-01-25,2023-01-26,2023-03-13,31,signal,151.24927411692167,109.26960609770174,154.77851299578975,89.3326712551228,0.004218004378794188,0.0033144399773568567,0.08194068033511187,0.0009745614220331435,0.0009745614220332979,0.07999155749104543
CVX,EOG,-1,2023-01-26,2023-01-27,2023-02-27,20,signal,157.923534894667,119.60091094311008,141.1099002525415,100.58396235475477,0.004108861490432426,0.0029344664328606438,0.014217708204563854,0.0009374095972990809,0.0009374095972992239,0.01234288900996555
CVX,FANG,-1,2023-01-26,2023-01-27,2023-03-15,32,signal,157.923534894667,130.1534624996778,134.68675543624622,112.60001906441146,0.004479128400704551,0.0022468284012594365,0.06556899219443237,0.0009280486315691474,0.0009280486315692498,0.06371289493129396
KMI,XOM,1,2023-01-26,2023-01-27,2023-02-06,6,signal,15.339721820226039,103.36079475152627,15.221606850043274,99.40349440375778,0.032349349355387615,0.004873859213865701,0.01645482828959984,0.0009884459621378634,0.0009884459621379604,0.014477936365324014
AXP,FITB,-1,2023-01-27,2023-01-30,2023-03-01,21,signal,167.52576184892143,31.19448800763537,166.46533831107772,31.520312083285482,0.00359310164010774,0.01275740355264591,0.008966952006634102,0.001000073233362691,0.0010000732333628381,0.006966805539908572
AXP,NTRS,-1,2023-01-27,2023-01-30,2023-03-16,32,signal,167.52576184892143,85.95966001596726,151.64263620728212,75.91685345877664,0.0030640052105929067,0.005661802711998261,-0.007247188228037792,0.000947221447053305,0.0009472214470534063,-0.009141631122144504
AXP,PNC,-1,2023-01-27,2023-01-30,2023-03-14,30,signal,167.52576184892143,141.72107291456712,154.94299182873755,120.02694828986826,0.0034649742518439814,0.0029596641996427002,-0.019662338684979866,0.000946011172516934,0.0009460111725170255,-0.021554361030013826
ATO,FE,-1,2023-01-31,2023-02-01,2023-02-10,7,signal,106.67428558304171,34.903921108753934,104.54498571066091,34.127392747068164,0.007262903327454684,0.006445116094095228,0.011449576539350092,0.0009894928525091113,0.000989492852509277,0.009470590834331704
ATO,ED,-1,2023-02-01,2023-02-02,2023-03-01,18,signal,108.81689169963703,83.88106032818847,102.72189012648114,78.95616965358546,0.0054224285393853384,0.00488617850423542,0.009957170867510454,0.0009713553395861384,0.0009713553395861844,0.00801446018833813
BKR,HAL,-1,2023-02-01,2023-02-02,2023-02-27,16,signal,29.403430517090708,37.38189320921594,28.331866559752314,33.937016148748405,0.01872955212905017,0.012017473921507016,-0.02035959763348183,0.00096920960490374,0.0009692096049038858,-0.022298016843289456
CB,FITB,1,2023-02-01,2023-02-02,2023-03-08,23,signal,202.5042390557562,32.26913707375953,197.4514663589426,29.930673415185748,0.0033804034039288168,0.009781426264405181,0.006773308762051556,0.0009802089373081285,0.0009802089373082872,0.00481289088743514
CB,PNC,1,2023-02-01,2023-02-02,2023-03-03,20,signal,202.5042390557562,144.46880060260142,199.10328365862762,132.4763204163927,0.0033007123644430494,0.0022964115928235896,0.01729488477099676,0.0009807897749014374,0.0009807897749015224,0.0153333052211938
KMI,PSX,-1,2023-02-01,2023-02-02,2023-02-08,4,signal,15.363786319703308,86.16048108587755,15.295441710838872,89.37681827631347,0.039707847583607514,0.004524426297620546,0.018271711209859032,0.0010058133314854683,0.0010058133314855143,0.01626008454688805
AFL,USB,1,2023-02-02,2023-02-03,2023-03-03,19,signal,63.26020512630949,41.51517403015977,62.34990305269853,39.59889638872422,0.00983949864456204,0.009097238392024294,0.009462848138079485,0.0009869296280713407,0.0009869296280713715,0.007488988881936772
KMI,SLB,-1,2023-02-02,2023-02-03,2023-02-09,4,signal,15.447419285980219,48.22755047574826,15.295439404833134,49.9102950284999,0.040304153033535114,0.007822954697029748,0.02029285626423763,0.001003401473617352,0.0010034014736174282,0.01828605331700285
MET,PNC,1,2023-02-02,2023-02-03,2023-02-08,3,signal,62.1129290660123,143.77043523413457,63.65748800927295,140.73368830821866,0.009463485530241091,0.002867645944880242,0.024328274109101523,0.0010030478912195612,0.00100304789121967,0.022322178326662293
AEE,AWK,1,2023-02-03,2023-02-06,2023-02-16,8,signal,75.95783637562008,142.64897054330052,75.97102496893247,135.24918430529726,0.009271305823560805,0.002074852307246975,0.01646833143047892,0.000992592399441682,0.0009925923994418588,0.014483146631595379
D,NI,1,2023-02-03,2023-02-06,2023-02-07,1,signal,50.25646952430438,24.147039895689648,51.165806447045675,24.278626124706285,0.018468924591789247,0.0029918687137016242,0.017409812486317483,0.0010090261534276487,0.001009026153427666,0.015391760179462168
D,PNW,1,2023-02-03,2023-02-06,2023-02-07,1,signal,50.25646952430438,65.39648110224573,51.165806447045675,65.00376505474992,0.019842487934059377,5.0206445864605944e-05,0.019072737172704794,0.0010095133782371747,0.0010095133782371765,0.017053710416230442
AJG,BLK,-1,2023-02-07,2023-02-08,2023-02-16,6,signal,189.12839014620997,673.352822507229,181.48806789433831,650.213453511585,0.003409518646147741,0.0005272392957473426,0.014830570212425885,0.0009807336453932082,0.00098073364539334,0.012869102921639336
BAC,PNC,-1,2023-02-07,2023-02-08,2023-02-23,10,signal,33.10710105986687,140.73368830821866,31.310723479186375,137.80834981066874,0.015613960035230908,0.0034323683364452327,0.018988671372681933,0.0009809428521264938,0.0009809428521265853,0.017026785668428853
AEP,NRG,1,2023-02-08,2023-02-09,2023-02-21,7,signal,79.0311619988731,32.219635701617314,80.48302119231442,31.519714941944596,0.011600993095621728,0.0025939590956243056,0.019666509319427202,0.0010079350197301708,0.00100793501973021,0.017650639279966823
D,EXC,1,2023-02-08,2023-02-09,2023-03-16,24,signal,49.9474281063371,35.01568616400598,47.16886627450285,36.50502925798576,0.01892337507262084,0.0015784578756311944,-0.053955316280926306,0.0009753167615510093,0.0009753167615510869,-0.0559059498040284
D,FE,1,2023-02-08,2023-02-09,2023-03-16,24,signal,49.9474281063371,34.18789728330508,47.16886627450285,34.32593258983292,0.018469540060214437,0.0022790527314819338,-0.05065844150949764,0.0009749072957311235,0.0009749072957312053,-0.05260825610095997
D,NI,1,2023-02-08,2023-02-09,2023-03-16,24,signal,49.9474281063371,23.968171101318624,47.16886627450285,24.842623823972176,0.01858489863189489,0.003010655898654878,-0.05329605506154083,0.000975911173102668,0.0009759111731027516,-0.05524787740774625
D,PNW,1,2023-02-08,2023-02-09,2023-03-16,24,signal,49.9474281063371,63.19443377956912,47.16886627450285,67.28580027064795,0.01996707646794997,5.052168594452515e-05,-0.05471361269971475,0.0009728466003931554,0.0009728466003932374,-0.056659305900501146
AEP,AES,1,2023-02-09,2023-02-10,2023-02-21,6,signal,78.32662695360949,21.765539006325437,80.48302119231442,22.178800160570283,0.011577240294683091,0.004300383797712113,0.024201696240969805,0.0010137835413509206,0.0010137835413510194,0.022174129158267865
AEP,AWK,1,2023-02-09,2023-02-10,2023-02-21,6,signal,78.32662695360949,137.14725462676904,80.48302119231442,136.7963602829681,0.011020509105293197,0.0010001181778351044,0.0251275740170646,0.001012075863080237,0.00101207586308033,0.023103422290904032
AEP,CNP,1,2023-02-09,2023-02-10,2023-02-21,6,signal,78.32662695360949,26.059332980879123,80.48302119231442,26.630730618664447,0.0113692194305073,0.00421643403416532,0.023121117569235773,0.0010138587377173528,0.0010138587377174508,0.021093400093800972
AEP,EXC,1,2023-02-09,2023-02-10,2023-02-21,6,signal,78.32662695360949,34.928726419718714,80.48302119231442,37.14835827695411,0.009876969982299621,0.0064887421649059505,0.007914148194733425,0.0010181258516527895,0.0010181258516528755,0.005877896491427759
AEP,FE,1,2023-02-09,2023-02-10,2023-02-21,6,signal,78.32662695360949,34.127392747068164,80.48302119231442,35.34698449280935,0.010227814203877776,0.005836675646777346,0.015951729660705925,0.0010148914782976354,0.0010148914782977792,0.013921946704110512
AEP,NEE,1,2023-02-09,2023-02-10,2023-02-21,6,signal,78.32662695360949,65.81491447772545,80.48302119231442,67.69333602176894,0.011286335794674307,0.001768033374879009,0.02203089603904508,0.0010142185372807862,0.001014218537280903,0.02000245896448339
D,EVRG,1,2023-02-09,2023-02-10,2023-03-30,33,signal,48.50246827008723,51.72600727777322,47.227998318616386,52.39653887557983,0.013998747709364146,0.006209735388622895,-0.021011472304025083,0.0009933348018703438,0.0009933348018704106,-0.022998141907765834
D,NEE,1,2023-02-09,2023-02-10,2023-03-30,33,signal,48.50246827008723,65.81491447772545,47.227998318616386,68.96143849476212,0.01683119166108855,0.0027951355454372395,-0.029251828454133447,0.0009939806899616752,0.0009939806899617366,-0.03123978983405686
D,WEC,1,2023-02-09,2023-02-10,2023-04-05,37,signal,48.50246827008723,79.71039336480275,47.85309143307295,84.23488978438914,0.01203133474107464,0.005225589897299138,-0.03044804208764315,0.001007990792132657,0.0010079907921327713,-0.03246402367190858
D,XEL,1,2023-02-09,2023-02-10,2023-03-30,33,signal,48.50246827008723,59.55487684105683,47.227998318616386,59.28416766317562,0.012280589911263524,0.006791323233230842,-0.012821422021330287,0.0009913472777175725,0.0009913472777176603,-0.01480411657676552
KMI,XOM,1,2023-02-10,2023-02-13,2023-03-09,17,signal,15.328927449118938,104.84190443736357,14.569250227112242,98.84006856526099,0.03212851992131236,0.004840588326091843,0.0056183756901203065,0.000973263793510681,0.0009732637935107167,0.003671848103098909
AJG,ICE,1,2023-02-14,2023-02-15,2023-02-27,7,signal,180.85166178326082,103.17784969180612,178.82141902362366,98.37842463348305,0.0029153866879805122,0.004582131370084354,0.017058729387594597,0.0009860759842985412,0.0009860759842986295,0.015086577418997426
DTE,PEG,1,2023-02-16,2023-02-17,2023-03-13,15,signal,100.87391019478305,54.48353406550891,92.7232928711585,50.006008029968015,0.004836146717162743,0.009400024730028812,0.0036305095374560697,0.0009592352865203887,0.0009592352865204403,0.0017120389644152407
EOG,FANG,1,2023-02-16,2023-02-17,2023-03-27,25,signal,107.4649211248552,120.73106699787795,94.6863009829843,112.03951346483511,0.005320989886497193,0.003547154731436416,-0.036213973416408834,0.0009506498836097018,0.0009506498836098337,-0.038115273183628375
MA,PGR,1,2023-02-21,2023-02-22,2023-03-16,16,signal,348.20106132374013,130.45881689416353,339.297646960423,126.63518455640829,0.0011779771977584548,0.004520484483086216,0.007782677118385151,0.0009860255687186232,0.000986025568718775,0.0058106259809477525
AEP,AES,1,2023-02-28,2023-03-01,2023-03-14,9,signal,77.16414676364381,20.983335799961782,79.04015329609648,19.931983948615994,0.011775265445039313,0.004373940545819215,0.027698186447754552,0.0010091610609732388,0.001009161060973349,0.025679864325807964
AEP,AWK,1,2023-02-28,2023-03-01,2023-03-07,4,signal,77.16414676364381,125.8586445261158,78.8026212127794,129.02366185783987,0.011292665889156539,0.0010248165782594672,0.016270430464414495,0.0010112481744358874,0.001011248174435933,0.014247934115542676
AEP,CNP,1,2023-02-28,2023-03-01,2023-03-14,9,signal,77.16414676364381,25.37075692450345,79.04015329609648,26.03630161849739,0.011555431456763444,0.004285493368438566,0.019838538830855824,0.0010126613051691068,0.001012661305169209,0.01781321622051751
AEP,EIX,1,2023-02-28,2023-03-01,2023-03-15,10,signal,77.16414676364381,55.632669470194685,79.3304997105032,57.15646604173174,0.008694483764495291,0.00591861129504925,0.01083066123984394,0.0010141003148649718,0.0010141003148651248,0.008802460610113843
AEP,EXC,1,2023-02-28,2023-03-01,2023-03-15,10,signal,77.16414676364381,35.144168563634956,79.3304997105032,36.022150942558675,0.009977517376721087,0.006554797455032699,0.016873786159185528,0.0010139586507177693,0.0010139586507179733,0.014845868857749784
AEP,FE,1,2023-02-28,2023-03-01,2023-03-14,9,signal,77.16414676364381,33.93721524688582,79.04015329609648,33.901949277808185,0.010362466678405971,0.005913517365172958,0.020658521232107308,0.0010099201305544029,0.001009920130554503,0.018638680970998404
AEP,NEE,1,2023-02-28,2023-03-01,2023-03-14,9,signal,77.16414676364381,63.930397223451614,79.04015329609648,66.8210828613849,0.011475067855576341,0.0017975987350326516,0.017344760566324162,0.0010137511550512867,0.0010137511550513797,0.015317258256221494
AEP,NI,1,2023-02-28,2023-03-01,2023-03-15,10,signal,77.16414676364381,24.334848656078027,79.3304997105032,24.78890480947365,0.008571565248399445,0.013920101700286654,0.013261136976153012,0.001012609173993359,0.001012609173993566,0.011235918628166088
AEP,NRG,1,2023-02-28,2023-03-01,2023-03-14,9,signal,77.16414676364381,30.117953640373905,79.04015329609648,29.16569780682437,0.01192417166848617,0.002666221184885352,0.02591909020911689,0.0010103415881094241,0.0010103415881095258,0.02389840703289794
AEE,AWK,1,2023-03-01,2023-03-02,2023-03-08,4,signal,72.4168331586414,126.8890358603418,73.52062409638481,125.30303823629077,0.009921450666382248,0.0022203500993427496,0.015476614175746965,0.0010039368588068325,0.0010039368588070055,0.013468740458133129
AEP,ETR,1,2023-03-01,2023-03-02,2023-03-08,4,signal,75.82552678439544,45.0418719861885,78.24833613302052,45.84666875513965,0.008171064954998822,0.008448671076241178,0.01401089034337092,0.0010134209662669962,0.0010134209662669943,0.01198404841083693
KMI,PSX,1,2023-03-01,2023-03-02,2023-03-09,5,signal,14.42476305995833,94.48556637115531,14.569250227112242,89.09180421062914,0.03970003133650941,0.0045235356919576504,0.03112576950431198,0.0009907487935074243,0.0009907487935075312,0.029144271917297022
C,USB,-1,2023-03-02,2023-03-03,2023-05-22,55,signal,45.899099360816024,39.59889638872422,41.47723350549003,26.319158055606454,0.010870160651233862,0.012653641432536944,-0.11907873562915214,0.0008919193304367003,0.0008919193304368132,-0.12086257429002564
NTRS,ZION,-1,2023-03-03,2023-03-06,2023-04-18,30,signal,84.86493835241734,43.331723863165365,77.76763199502744,27.250159191798392,0.006899927413961753,0.009562329711238729,-0.10390781085255528,0.0008985141070246306,0.0008985141070248144,-0.10570483906660472
AEP,SRE,-1,2023-03-07,2023-03-08,2023-03-23,11,signal,78.24833613302052,66.42152867300159,76.45080281508038,63.82233703790303,0.0072069803795214386,0.006564160282642486,-0.0031217962898665054,0.0009849268542933866,0.0009849268542935104,-0.005091649998453403
BAC,NTRS,1,2023-03-08,2023-03-09,2023-03-14,3,signal,29.571674302650816,82.62202506406261,27.44634756163447,76.7135442489127,0.01437565799222949,0.006957135501676673,0.011517229532602327,0.0009640982431379944,0.0009640982431381798,0.009589033046326153
FITB,NTRS,1,2023-03-08,2023-03-09,2023-04-18,27,signal,29.076507975136728,82.62202506406261,24.214487638159046,77.76763199502744,0.014072070839204118,0.007149937099193979,-0.032761752383326716,0.0009483371219096334,0.0009483371219098048,-0.034658426627146154
AJG,AMP,-1,2023-03-09,2023-03-10,2023-05-19,49,signal,178.25505815507927,296.47420089436434,208.44144497839594,292.2365395795183,0.003161205525149238,0.0014720853996458218,-0.10061906751119276,0.0010445046491968169,0.0010445046491969795,-0.10270807680958656
AMP,MS,1,2023-03-09,2023-03-10,2023-03-28,12,signal,296.47420089436434,82.19280479646191,283.35556721971614,75.81102203963417,0.001902915088258523,0.005303367541802228,0.009851955628102153,0.0009706620535331684,0.0009706620535333151,0.007910631521035669
ATO,ED,1,2023-03-09,2023-03-10,2023-04-10,20,signal,101.78503058056259,81.2888451043155,105.26178348288578,87.67381568168769,0.005713612911617385,0.005148566253568634,-0.011982176365225163,0.0010264474062449504,0.0010264474062449801,-0.014035071177715094
AXP,FITB,-1,2023-03-09,2023-03-10,2023-04-10,20,signal,163.7303466903815,26.78420372577602,152.18515822336516,22.918701002108897,0.0038630508327848513,0.013715865387193295,-0.007468008954010605,0.00095105613547115,0.0009510561354711907,-0.009370121224952946
AXP,MET,-1,2023-03-09,2023-03-10,2023-04-06,19,signal,163.7303466903815,57.255532350141294,154.67923035061798,53.002987834654604,0.0031199696152904833,0.008543370114563702,-0.007124151765073205,0.0009677019948661524,0.000967701994866167,-0.009059555754805524
AJG,ICE,-1,2023-03-10,2023-03-13,2023-03-16,3,signal,173.37623392990875,90.21685022121015,170.6098193659638,92.5109378773365,0.0031727248445497565,0.004986591349543345,0.021218036135457044,0.001001286256970795,0.0010012862569709507,0.019215463621515296
ALL,JPM,1,2023-03-10,2023-03-13,2023-04-04,16,signal,107.32830378409965,120.98166348497544,105.83394589323929,120.44738647349976,0.00586006136393567,0.003068053283234454,-0.0061229096051475095,0.0009949289957610116,0.0009949289957611276,-0.00811276759666965
ATO,FE,1,2023-03-10,2023-03-13,2023-03-16,3,signal,100.14098277254185,32.74432077466323,104.09647109877714,34.32593258983292,0.007742163999628978,0.00687041304935292,0.02077873816440215,0.001021025298023124,0.0010210252980231665,0.018736687568355857
HBAN,TFC,-1,2023-03-10,2023-03-13,2023-03-16,3,signal,10.225083120252359,27.72108498237712,9.199801387011314,26.536360223969204,0.055086169571023635,0.015752478490784694,0.03877886769600649,0.0009623755549381015,0.000962375554938212,0.03685411658613017
HBAN,TRV,1,2023-03-10,2023-03-13,2023-04-17,24,signal,10.23531331847172,162.61504897027322,9.961995526979386,158.31482387401397,0.03554412772028814,0.003911435895084114,0.008091810507200266,0.0009865981977808668,0.0009865981977809995,0.0061186141116383996
KEY,TFC,-1,2023-03-10,2023-03-13,2023-03-17,4,signal,10.17086957428331,27.72108498237712,9.906555908117456,26.7194836450474,0.04506853365667566,0.019539466335196723,-0.006674228029055233,0.0009842982234717116,0.0009842982234717452,-0.008642824475998689
NTRS,SCHW,-1,2023-03-10,2023-03-13,2023-04-18,25,signal,74.7198338395882,49.23992515807666,77.76763199502744,49.893973448276526,0.008620337291421348,0.007224734733358747,-0.020532373075289108,0.001015349621268077,0.0010153496212682613,-0.022563072317825447
AFL,USB,-1,2023-03-13,2023-03-14,2023-05-23,49,signal,58.773285717376645,33.299854078195544,62.26071447664791,26.715585537513395,0.011163814160239378,0.010321651788232406,-0.10590823042233685,0.000985303300376046,0.0009853033003761461,-0.10787883702308905
ALL,COF,1,2023-03-13,2023-03-14,2023-04-04,15,signal,108.40205476897151,91.35475295771901,105.83394589323929,91.94621965058566,0.0069540893355864745,0.0026973515864257675,-0.01846213505482903,0.0009921171128472333,0.0009921171128473233,-0.020446369280523586
BAC,FITB,-1,2023-03-13,2023-03-14,2023-04-06,17,signal,27.44634756163447,25.40707741304191,25.39426433726754,23.350628840928717,0.01968888666653624,0.01808831876337654,0.004166696659641256,0.0009611599176544583,0.0009611599176545683,0.0022443768243322294
CB,KEY,-1,2023-03-13,2023-03-14,2023-05-18,46,signal,186.7673318633499,11.303954903746387,191.49149188611418,8.475724964914138,0.0038091321670390547,0.025510254911885882,-0.08917112762250368,0.0009726889714857594,0.0009726889714858282,-0.09111650556547526
CB,SCHW,-1,2023-03-13,2023-03-14,2023-03-16,2,signal,186.7673318633499,56.40330491947146,177.6866742134989,55.51061997232386,0.003842887357505774,0.005000701592381922,0.031412003214135543,0.0009801097703813454,0.0009801097703813868,0.02945178367337281
ES,WEC,1,2023-03-13,2023-03-14,2023-03-31,13,signal,64.90534101351587,80.92974880551492,67.65434671057798,83.59005250718769,0.007487807628078196,0.006351027352386682,0.004707091029416674,0.0010187267763038634,0.0010187267763039224,0.0026696374768088883
FITB,RF,1,2023-03-13,2023-03-14,2023-03-16,2,signal,25.40707741304191,17.001636570133314,21.96843582190092,14.87846961294543,0.01673502488471788,0.033804798759161224,0.015162748396580078,0.0009352692741133887,0.0009352692741134581,0.01329220984835323
MET,PNC,1,2023-03-13,2023-03-14,2023-04-04,15,signal,54.800569892713334,120.02694828986826,52.73348155838292,109.99351625747248,0.01096945829821124,0.003323989084769805,0.011648270091604011,0.0009720908152971245,0.0009720908152972943,0.009704088461009591
MS,TROW,1,2023-03-13,2023-03-14,2023-04-18,24,signal,82.84882264963997,92.12286870187626,79.82830978119122,96.50153845573946,0.007296662685290923,0.004294094513449252,-0.039843609667905684,0.0009984756360155258,0.0009984756360157387,-0.04184056093993695
BAC,NTRS,1,2023-03-14,2023-03-15,2023-04-17,22,signal,25.54083515053234,75.32283659274034,27.245009075329325,76.12794435063458,0.016129297350194038,0.007805813638081094,0.0222194099820473,0.0010168031292452525,0.0010168031292453826,0.020185803723556665
BKR,MPC,1,2023-03-14,2023-03-15,2023-04-05,15,signal,25.43744857794598,114.86301147077778,27.145085996552123,116.9535863730949,0.01652993352877075,0.005044626008364576,0.01870027609117919,0.0010193115950411199,0.0010193115950412903,0.016661652901096783
CB,FITB,-1,2023-03-14,2023-03-15,2023-05-18,45,signal,180.8571392300773,21.772518791400497,191.49149188611418,22.275216001630156,0.00409976555105644,0.011862949372373631,-0.03661035120568026,0.0010245299167373427,0.001024529916737522,-0.03865941103915512
CVX,EOG,-1,2023-03-14,2023-03-15,2023-03-17,2,signal,134.55213599053283,92.45566864780548,132.98141677467888,92.43420151995916,0.00498463658584955,0.0035599274337293815,0.008748921267371633,0.0009958782152725853,0.000995878215272654,0.006757164836826394
AEE,AWK,-1,2023-03-15,2023-03-16,2023-03-23,5,signal,76.16383577809526,129.5577821958028,73.61570936894951,125.28818878910893,0.00950737017636821,0.002127681830552797,0.01612476910515776,0.0009831243924997611,0.000983124392499872,0.01415852032015813
AEP,AES,-1,2023-03-15,2023-03-16,2023-03-22,4,signal,81.11645977368687,19.480918462708836,78.1681028882654,19.384925632902466,0.011313543175221843,0.00420243309519838,0.03393566990137701,0.0009827104270785827,0.000982710427078747,0.03197024904721968
AEP,AWK,-1,2023-03-15,2023-03-16,2023-03-27,7,signal,81.11645977368687,129.5577821958028,78.76696485723122,131.4247719404322,0.010763264728138516,0.0009767730877598467,0.028099762305945533,0.0009879012050399891,0.000987901205040104,0.02612395989586544
AEP,ETR,-1,2023-03-15,2023-03-16,2023-03-22,4,signal,81.11645977368687,46.63751525321526,78.1681028882654,45.512349551607976,0.007730667800206616,0.007993311741289916,0.014782950437800226,0.0009839830137091917,0.0009839830137093192,0.012814984410381716
AEP,PPL,-1,2023-03-15,2023-03-16,2023-03-22,4,signal,81.11645977368687,24.081835684382597,78.1681028882654,23.711420725141704,0.008171907790988087,0.013992312171743676,0.01989594229478605,0.0009852034349792154,0.0009852034349793694,0.017925535424827464
NTRS,PNC,-1,2023-03-15,2023-03-16,2023-03-20,2,signal,75.91685345877664,108.78766726417653,75.12793654930142,110.08435502754864,0.008106315166274023,0.0035342089347333277,0.011976955645704756,0.0009989810586266859,0.0009989810586267741,0.009978993528451295
MET,RF,1,2023-03-17,2023-03-20,2023-04-03,10,signal,49.64784647328445,15.676057117985902,52.347183389183165,15.948554978876116,0.011075306715875892,0.02871796520449312,0.023089316332562303,0.0010189161468415445,0.0010189161468415957,0.021051484038879163
AEP,NEE,1,2023-03-22,2023-03-23,2023-03-30,5,signal,76.45080281508038,66.55581190777492,79.52404532257593,68.96143849476212,0.011514906858659727,0.0018038396167815863,0.03206898832115745,0.001020251634062904,0.0010202516340631377,0.030028485053031406
ATO,FE,1,2023-03-22,2023-03-23,2023-03-30,5,signal,98.27649085350022,33.08143783045106,102.42650917708872,34.17884032442274,0.007837076451264474,0.006954638563859437,0.025912327489297164,0.0010203543178366413,0.001020354317836702,0.02387161885362382
AEP,AES,1,2023-03-23,2023-03-24,2023-03-27,1,signal,75.42924055347898,18.509209403772136,78.68823725617452,19.149007788818363,0.01215506086090863,0.004515016139939848,0.037746280059009533,0.0010216768270358556,0.0010216768270360048,0.03570292640493768
AEP,CNP,1,2023-03-23,2023-03-24,2023-03-27,1,signal,75.42924055347898,24.987038252906416,78.68823725617452,26.109455453458274,0.011811538898571674,0.00438047439511711,0.03459915089956608,0.0010221043830173169,0.0010221043830174609,0.0325549421335313
AEP,EIX,1,2023-03-23,2023-03-24,2023-04-05,8,signal,75.42924055347898,55.71695968052686,80.78214836275835,60.19766826923074,0.008823102049646264,0.006006165847552184,0.021354614056640943,0.0010372410913275865,0.0010372410913277617,0.019280131873985595
AEP,EXC,1,2023-03-23,2023-03-24,2023-03-27,1,signal,75.42924055347898,34.319717930415365,78.68823725617452,35.53050701002103,0.010209353588052156,0.006707103820498206,0.026172334429366714,0.0010209728108925313,0.0010209728108927047,0.024130388807581477
AEP,FE,1,2023-03-23,2023-03-24,2023-03-27,1,signal,75.42924055347898,32.64058454409012,78.68823725617452,34.178839344283524,0.010635156420192318,0.006069132391344135,0.02634637396539857,0.0010223062933348973,0.0010223062933350244,0.024301761378728647
AEP,NRG,1,2023-03-23,2023-03-24,2023-03-27,1,signal,75.42924055347898,28.37735073313823,78.68823725617452,29.406661988212704,0.012233936593526142,0.00273548400904099,0.03807646940695056,0.0010217748662446806,0.0010217748662448268,0.036032919674461046
AON,NDAQ,-1,2023-03-23,2023-03-24,2023-05-02,26,signal,293.44194609484276,49.58739196664596,315.39413495249937,52.05039865798454,0.0022364811205322567,0.006928495496243932,-0.030997809228125978,0.0010329159382235875,0.0010329159382237748,-0.033063641104573334
AXP,PNC,-1,2023-03-23,2023-03-24,2023-03-29,3,signal,153.84884478542162,104.85559917232591,155.13483055168757,112.58091893998542,0.004107701196540498,0.0035086598891061003,0.022839141739476633,0.0010160674109959402,0.0010160674109960764,0.020807006917484615
D,ES,1,2023-03-23,2023-03-24,2023-04-04,7,signal,44.23123563008905,63.493930133520294,47.101289225441064,67.02216650320024,0.013680350408130959,0.006221161505821508,0.018344326504105505,0.001030715916066184,0.0010307159160663402,0.016282894671972983
D,EXC,1,2023-03-23,2023-03-24,2023-03-29,3,signal,44.23123563008905,34.319717930415365,46.45930631520435,35.934356684706565,0.021243474859694036,0.0017719846522818643,0.04549639556228589,0.0010255470690012942,0.001025547069001455,0.04344530142428315
D,FE,1,2023-03-23,2023-03-24,2023-03-29,3,signal,44.23123563008905,32.64058454409012,46.45930631520435,33.61639854817948,0.020730184415797843,0.0025580054112294857,0.04471694856058426,0.001024769869525179,0.0010247698695253142,0.04266740882153377
D,NI,1,2023-03-23,2023-03-24,2023-03-29,3,signal,44.23123563008905,23.25270410591197,46.45930631520435,24.565102899658818,0.020842959625251668,0.003376449911515681,0.04303420616679193,0.0010258676257467784,0.0010258676257469302,0.04098247091529822
D,PNW,1,2023-03-23,2023-03-24,2023-03-29,3,signal,44.23123563008905,64.01480507673591,46.45930631520435,67.47599008154795,0.022537148562139286,5.702460966527313e-05,0.0510427022883229,0.0010257149748106567,0.0010257149748108118,0.04899127233870143
KEY,TFC,1,2023-03-23,2023-03-24,2023-03-28,2,signal,9.182903625929466,26.669544768472175,10.345367956022018,27.53777479174397,0.04820047875119022,0.02089732137889831,0.03892469505438314,0.0010370396398595668,0.0010370396398596644,0.03685061577466391
CFG,MET,-1,2023-03-24,2023-03-27,2023-03-31,4,signal,27.91886581404992,49.989559539418465,26.834102423952384,51.68241045202415,0.01496437001952524,0.011648307557835937,0.03695348309744515,0.0010018342647967649,0.001001834264796859,0.034949814567851525
KMI,SLB,-1,2023-03-24,2023-03-27,2023-04-04,6,signal,14.117621634550007,41.850634097448705,14.751267066270895,47.985722886695655,0.04495645249796505,0.008725956626309067,0.02608894993307697,0.001040882011265732,0.0010408820112658614,0.024007185910545376
DTE,PEG,1,2023-03-27,2023-03-28,2023-04-26,20,signal,94.5730717246558,52.4987333467043,102.02680571197776,56.52931567673276,0.005085985908633872,0.009885637494841048,-0.0008964320178076954,0.0010388577637406064,0.0010388577637406565,-0.002974147545288958
OKE,VLO,1,2023-03-28,2023-03-29,2023-04-06,6,signal,51.58670192322259,123.91213862797872,55.163194924229224,122.72292439701083,0.006448296362030363,0.005384348500066817,0.030473600337963647,0.001008169669975445,0.0010081696699755982,0.0284572609980126
BKR,HAL,-1,2023-03-30,2023-03-31,2023-04-10,5,signal,26.80218016310428,28.858929895704872,26.4950232502623,30.439463190461293,0.022063785738424376,0.014156823820147584,0.030160090738942137,0.00100771503017678,0.001007715030176911,0.028144660678588444
CB,PNC,-1,2023-03-30,2023-03-31,2023-04-27,18,signal,187.05156310001698,112.23916966774988,189.7347179744132,113.7100979149884,0.0037708171851742007,0.0026234786138093556,-0.005251956397206732,0.0010067813145721361,0.0010067813145721704,-0.007265519026351039
NTRS,PNC,-1,2023-03-31,2023-04-03,2023-04-18,10,signal,79.10291775765964,110.89353024893136,77.76763199502744,110.55491870326016,0.00784523362255819,0.003420382034894374,0.010311512694861913,0.0009940647817581359,0.0009940647817583076,0.00832338313134547
AJG,BLK,-1,2023-04-03,2023-04-04,2023-05-23,34,signal,187.51994402056155,614.1492914341034,206.18818392443987,614.1158067202743,0.0035393622713497815,0.0005473179838595645,-0.06505914340357274,0.0010328473707836398,0.0010328473707837565,-0.06712483814514014
CB,SCHW,-1,2023-04-03,2023-04-04,2023-05-16,29,signal,189.23815543238572,49.13528106068959,192.13470825362225,48.409335799554675,0.00394882326200034,0.005138554669251766,-0.014164681921484918,0.0010036026498526098,0.0010036026498528076,-0.016171887221190336
CVX,FANG,-1,2023-04-03,2023-04-04,2023-05-01,18,signal,147.99961256793836,129.04606370697027,145.17848687732112,123.83789336150723,0.004699830812271012,0.002357537539773075,0.001967392278563877,0.0009870359354736849,0.0009870359354736615,-6.679592383469421e-06
KMI,XOM,1,2023-04-03,2023-04-04,2023-05-03,20,signal,14.751267066270895,103.54162740214908,14.046039915752054,97.24428087810311,0.032947169865957145,0.004963928815317884,0.00899708175811531,0.0009727406095908159,0.0009727406095909101,0.007051600538933585
KMI,VLO,-1,2023-04-04,2023-04-05,2023-05-18,30,signal,14.677976632504505,115.56839436802558,13.932429779729379,100.85052172892708,0.03339987577475636,0.004410954385903801,-0.039063603373964154,0.0009550892276911594,0.0009550892276913086,-0.04097378182934662
AEE,AWK,-1,2023-04-05,2023-04-06,2023-05-09,22,signal,80.67097031750046,139.06188377827417,79.93385094161717,136.38096131210452,0.008943197242741358,0.0020014239403161023,0.0022203413686368396,0.0009937998045893353,0.0009937998045894286,0.0002327417594580757
AEP,AES,-1,2023-04-05,2023-04-06,2023-04-27,14,signal,83.87019539873744,20.62986063932578,81.33851109720287,19.818542236805904,0.010920450301194522,0.00405641813969646,0.025340206795104035,0.0009841208869326003,0.0009841208869327187,0.023371965021238714
AEP,AWK,-1,2023-04-05,2023-04-06,2023-04-27,14,signal,83.87019539873744,139.06188377827417,81.33851109720287,136.30082826031278,0.010359924643174192,0.0009401697197150233,0.02461742266286717,0.0009852248711013246,0.0009852248711014213,0.022646972920664428
AEP,CNP,-1,2023-04-05,2023-04-06,2023-04-27,14,signal,83.87019539873744,27.892766523716766,81.33851109720287,27.79180298656574,0.010609921477322962,0.003934837768788668,0.02744968394309143,0.0009859874376907806,0.0009859874376908957,0.025477709067709756
AEP,EXC,-1,2023-04-05,2023-04-06,2023-04-19,8,signal,83.87019539873744,37.86584451090628,81.85810314849707,37.494717058950904,0.009193209287206485,0.006039540956346315,0.017245509092620046,0.0009893633771029982,0.0009893633771031612,0.015266782338413887
AEP,FE,-1,2023-04-05,2023-04-06,2023-04-27,14,signal,83.87019539873744,36.143043736650675,81.33851109720287,35.27707404371284,0.00956686179325938,0.005459491943413577,0.020477747584402607,0.000985228329291449,0.0009852283292915748,0.018507290925819583
AEP,NEE,-1,2023-04-05,2023-04-06,2023-04-27,14,signal,83.87019539873744,71.16504294467263,81.33851109720287,67.04298124466038,0.010520251008902885,0.0016480242333939538,0.02082360557733214,0.0009829088230547726,0.0009829088230548818,0.018857787931222485
AEP,NI,-1,2023-04-05,2023-04-06,2023-04-27,14,signal,83.87019539873744,25.773660468375393,81.33851109720287,25.30975489502744,0.007952457227835635,0.01291467896126934,0.015128693897246798,0.0009867743230426264,0.0009867743230427433,0.013155145251161428
AEP,NRG,-1,2023-04-05,2023-04-06,2023-04-27,14,signal,83.87019539873744,32.085050937355696,81.33851109720287,30.978993794779218,0.01097903091991916,0.002454889584117843,0.02606452196510422,0.0009843298978323897,0.00098432989783251,0.02409586216943932
AEP,PPL,-1,2023-04-05,2023-04-06,2023-04-17,6,signal,83.87019539873744,25.34415531890807,81.94617772112052,25.460914174634222,0.00785633096270519,0.013451967174168866,0.01767942858451948,0.0009930726365438242,0.000993072636543904,0.015693283311431747
CFG,MET,1,2023-04-05,2023-04-06,2023-05-05,20,signal,24.763968771188832,53.002987834654604,22.958334084424582,49.47698534082885,0.015144652698149977,0.011788640100083382,0.015186486569520586,0.0009654224085896446,0.0009654224085897272,0.013255641752341214
D,EXC,-1,2023-04-05,2023-04-06,2023-04-27,14,signal,48.83295536753735,37.86584451090628,47.41054279945018,37.64381037054193,0.019225477023888528,0.001603657143858561,0.027976209885021343,0.0009857163741468639,0.0009857163741469738,0.026004777136727504
D,NI,-1,2023-04-05,2023-04-06,2023-04-27,14,signal,48.83295536753735,25.773660468375393,47.41054279945018,25.30975489502744,0.018857074581346243,0.003054746971946041,0.02639089119978452,0.000985465463373972,0.0009854654633740805,0.024419960273036466
D,PNW,-1,2023-04-05,2023-04-06,2023-04-27,14,signal,48.83295536753735,70.01735834075066,47.41054279945018,68.27208473523201,0.020393822283065577,5.160145934470308e-05,0.029903332304897567,0.0009849618431293581,0.0009849618431294655,0.027933408618638744
D,FE,-1,2023-04-06,2023-04-10,2023-04-27,13,signal,48.579535640204774,35.987293066347505,47.41054279945018,35.27707404371284,0.018852885673671733,0.002326355743067666,0.02137440974371361,0.0009877434657684977,0.00098774346576852,0.01939892281217659
D,NEE,-1,2023-04-06,2023-04-10,2023-04-27,13,signal,48.579535640204774,70.75864139925085,47.41054279945018,67.04298124466038,0.016570346917607982,0.0027518173758730147,0.010130698171941458,0.0009848994326787687,0.0009848994326787913,0.008160899306583898
MA,PGR,1,2023-04-10,2023-04-11,2023-05-18,27,signal,356.6574061807328,135.25094096114788,379.5268409964507,125.19686343725775,0.0011418602023972042,0.0043818856057761075,0.07116046882811004,0.000990953779433477,0.0009909537794335756,0.06917856126924299
AXP,NTRS,1,2023-04-11,2023-04-12,2023-04-20,6,signal,157.17325003532125,81.39799143912006,152.95656927432344,77.57844021755163,0.003251179167608302,0.006007670928469128,0.010219107589066028,0.0009816854020613989,0.0009816854020614921,0.008255736784943138
BAC,PNC,-1,2023-04-11,2023-04-12,2023-04-26,10,signal,26.24745604860491,107.52067811047819,26.34700623096198,109.10548299258083,0.020046222185645227,0.00440669875804105,0.005992617385543406,0.001004464753995623,0.0010044647539957392,0.003983687877552044
CVX,EOG,-1,2023-04-13,2023-04-14,2023-04-27,9,signal,149.17569591644673,108.56915688361977,144.07044573361577,103.2384738265996,0.004410153347665347,0.0031496430319265813,0.006705378555604623,0.0009801911170762097,0.0009801911170762843,0.004744996321452128
D,EVRG,-1,2023-04-13,2023-04-14,2023-04-21,5,signal,49.094816498709136,53.2546530128926,48.7718897827044,54.79469533212779,0.013749310572893062,0.006099087018801563,0.014835176595725212,0.00100230476743924,0.0010023047674393194,0.012830567060846653
AJG,ICE,-1,2023-04-17,2023-04-18,2023-05-23,25,signal,197.24854860420083,103.60303604455498,206.18818392443987,104.01726088251164,0.0027770111564850083,0.004364645687539493,-0.022004259197218736,0.0010132631693332453,0.0010132631693333426,-0.024030785535885325
D,ES,-1,2023-04-17,2023-04-18,2023-04-26,6,signal,49.53407280249537,68.2058951487486,48.112349547607906,68.04278247329532,0.012413093928021443,0.005644874568947843,0.017717838592355005,0.000990604883323748,0.0009906048833239146,0.015736628825707345
OKE,VLO,-1,2023-04-18,2023-04-19,2023-05-16,19,signal,55.45510564953136,114.07410586995196,48.75995351116495,102.11714260129843,0.006636250724530696,0.005541291005961665,-0.020881522069215383,0.0009447827209111266,0.0009447827209112544,-0.022771087511037767
BKR,HAL,-1,2023-04-19,2023-04-20,2023-04-26,4,signal,27.979176848519682,31.016176779688102,26.986704140972567,30.411716030273766,0.020883719913112407,0.013399656206974796,0.013612461570442297,0.0009855057573824643,0.0009855057573825996,0.011641450055677235
BKR,MPC,-1,2023-04-19,2023-04-20,2023-06-16,40,signal,27.979176848519682,116.54352407771611,28.38532375693814,106.911161060342,0.015737548340110277,0.004802804894903828,-0.05167400561800093,0.0009801112357558906,0.0009801112357560088,-0.053634228089512834
FITB,RF,-1,2023-04-21,2023-04-24,2023-05-01,5,signal,24.17923019944112,15.477720617205307,23.073987422290607,15.599079906664,0.01803727674337579,0.03643535128710367,0.02534965127448677,0.0009923130910249852,0.0009923130910250997,0.023365025092436688
HBAN,TFC,-1,2023-04-21,2023-04-24,2023-05-01,5,signal,9.927313731542716,26.246287350511096,9.728953541326966,26.99417744854234,0.05735939635919465,0.01640253196816744,0.024645493201133697,0.0010003811870298706,0.0010003811870299831,0.022644730827073842
HBAN,TRV,1,2023-04-24,2023-04-25,2023-05-23,20,signal,9.546697809277507,166.97019165802482,9.16434117884189,170.02167310832507,0.035809859166133114,0.003940678180164509,-0.024718041555325136,0.0009990019001865306,0.000999001900186754,-0.02671604535569842
AWK,NEE,-1,2023-04-25,2023-04-26,2023-05-02,4,signal,138.62848701470676,69.34075769918977,134.67821749104792,69.16319834063106,0.003717984154467821,0.006988181578103491,0.014438246461279529,0.0009920240049386408,0.0009920240049386886,0.0124541984514022
AXP,COF,1,2023-04-25,2023-04-26,2023-05-02,4,signal,149.99924835429545,89.73351280707902,152.33124989040917,86.52097185694412,0.004535749894897045,0.003564119291700827,0.02302700442217203,0.0009997495240897372,0.000999749524089817,0.021027505373992474
AXP,NTRS,-1,2023-04-25,2023-04-26,2023-07-10,50,signal,149.8493240680843,69.56921762290361,164.12814741550983,66.28562071262625,0.003591785245040739,0.006637057721371119,-0.07206519923279764,0.0010146900102552974,0.001014690010255405,-0.07409457925330834
BAC,NTRS,-1,2023-04-25,2023-04-26,2023-05-31,24,signal,26.320672391650675,69.56921762290361,25.74237834990722,65.08057461313057,0.016670776062037623,0.008067863609748855,-0.025596021717361066,0.000977127410424674,0.0009771274104247497,-0.027550276538210492
FITB,NTRS,-1,2023-04-25,2023-04-26,2023-06-01,25,signal,22.645441633910576,69.56921762290361,21.582782822760922,64.70257313483681,0.01724529856813218,0.008762235596160399,-0.023347197929448466,0.0009696191634160668,0.0009696191634161874,-0.02528643625628072
NTRS,PNC,1,2023-04-25,2023-04-26,2023-05-31,24,signal,69.56921762290361,109.10548299258083,65.08057461313057,104.39309221924283,0.008537792668898984,0.0037223254357124616,-0.01980989470299544,0.0009721566405367515,0.0009721566405367869,-0.021754207984068977
AXP,PNC,1,2023-04-26,2023-04-27,2023-05-02,3,signal,150.74073034444908,113.7100979149884,152.33124989040917,109.03771618159912,0.004034839743519329,0.0034464240921370628,0.02351577148142682,0.0009952710309288058,0.000995271030928899,0.021525229419569115
ATO,ED,1,2023-05-02,2023-05-03,2023-06-02,21,signal,103.75976451510576,88.15383367789137,102.72337097576974,82.01815612096797,0.005459006192305547,0.004919138817153506,0.025506723445511026,0.0009821525546123348,0.0009821525546124484,0.02354241833628624
ES,WEC,1,2023-05-02,2023-05-03,2023-05-04,1,signal,66.75434330874133,84.34483709949362,66.07478361847426,83.50171698556349,0.007230836541430965,0.0061330689750975515,0.00125206918466995,0.0009949404121110128,0.0009949404121111858,-0.0007378116395522485
FITB,RF,-1,2023-05-02,2023-05-03,2023-05-19,12,signal,21.702249529112926,14.364831638421558,22.244562395545774,14.589930218617804,0.019717796387749092,0.03983000583827402,-0.0007176357831684844,0.0010099011322073225,0.0010099011322074723,-0.0027374380475832794
MET,RF,-1,2023-05-02,2023-05-03,2023-05-08,3,signal,53.61387402398896,14.364831638421558,49.325754457855155,14.45309712267751,0.011004769264883455,0.028535063537281437,0.050686014422363826,0.0009775868154366016,0.0009775868154367714,0.048730840791490454
CVX,EOG,1,2023-05-03,2023-05-04,2023-06-05,21,signal,136.00254732135582,99.5249085341529,138.36725101592955,102.01928181314213,0.004829778562741359,0.0034493309408253773,0.003827246229904227,0.0010101699478023167,0.0010101699478023648,0.0018069063342995456
ATO,FE,-1,2023-05-04,2023-05-05,2023-05-30,16,signal,107.73916731635006,33.86917778688132,105.10006542704897,32.05405503670244,0.007255123701099508,0.006438212436870677,0.0084451682830501,0.0009843034810139038,0.0009843034810140643,0.006476561321022132
EOG,FANG,-1,2023-05-04,2023-05-05,2023-05-11,4,signal,102.92603348569648,115.42311283524496,98.40922836979395,113.66378983819865,0.005559135550132494,0.0037059108154648174,0.019573755484610354,0.0009841177144261914,0.0009841177144263424,0.01760552005575782
KMI,PSX,-1,2023-05-04,2023-05-05,2023-05-17,8,signal,14.411644891951259,83.66566219706009,13.957959858104502,82.70371680167611,0.04175854206450466,0.004758088321688219,0.0153563450234384,0.0009881406053906553,0.0009881406053907473,0.013380063812656998
BKR,HAL,-1,2023-05-05,2023-05-08,2023-05-24,12,signal,26.533418002414034,28.3219295938007,26.411533032323476,28.478613247715195,0.022366432571938953,0.014351011615142795,0.00597436985958963,0.0009996689572964203,0.0009996689572965034,0.003975031944996706
KMI,SLB,-1,2023-05-05,2023-05-08,2023-05-22,10,signal,14.547685843681577,42.81387387737822,14.026049984894057,41.48804353862156,0.04374281589430034,0.008490392212854542,0.012543830891479155,0.000982829140417221,0.0009828291404173572,0.010578172610644577
ALL,COF,-1,2023-05-09,2023-05-10,2023-05-19,7,signal,109.63453971367544,85.3415624752553,110.91979768583025,94.4442536212989,0.0070040214480157304,0.0027167192499939386,0.016744083494553492,0.0010166016345529555,0.0010166016345530809,0.014710880225447457
AON,NDAQ,-1,2023-05-09,2023-05-10,2023-05-22,8,signal,327.1785860863951,52.53118741618008,318.0922255744513,52.649995611507876,0.002040817752144497,0.006322341143225347,0.02028569257221956,0.000990940795586549,0.0009909407955867484,0.018303810981046265
AXP,COF,1,2023-05-10,2023-05-11,2023-06-02,15,signal,142.48824951619937,81.16548550377227,158.71889665140284,102.92761330194739,0.00484901432907591,0.0038102774439650803,-0.003136103162443643,0.0010810009908519523,0.0010810009908521264,-0.0052981051441477215
AXP,FITB,1,2023-05-10,2023-05-11,2023-05-23,8,signal,142.48824951619937,20.97061248576854,148.59876697423977,22.67692421498424,0.004610185554211748,0.016368587214775885,0.0012689141106022664,0.0010282071520479853,0.001028207152048139,-0.0007875001934938579
CVX,FANG,1,2023-05-10,2023-05-11,2023-06-05,16,signal,134.50497348845957,113.66378983819865,138.36725101592955,119.79394391691156,0.005222409069849713,0.002619674180201558,0.005129704900224942,0.0010183180711504376,0.0010183180711504354,0.003093068757924069
CB,PNC,-1,2023-05-11,2023-05-12,2023-05-18,4,signal,194.445744474232,100.58894253953781,191.49149188611418,104.9692842588323,0.003780846989867435,0.0026304566710370673,0.023691822848658665,0.0009999467466251881,0.0009999467466252595,0.02169192935540822
D,EVRG,1,2023-05-11,2023-05-12,2023-06-07,17,signal,47.19915263712428,54.36173504439759,44.44809839665576,51.41328277610039,0.014024838245402073,0.006221308947080162,-0.019268164599079082,0.0009716936510231771,0.0009716936510232256,-0.021211551901125482
D,ES,1,2023-05-12,2023-05-15,2023-06-07,16,signal,46.85246787918871,66.8343488097343,44.44809839665576,61.08671800510482,0.012947114714421653,0.00588772138650355,0.0036784234765082253,0.0009676221725733922,0.0009676221725734157,0.0017431791313614175
D,NEE,1,2023-05-12,2023-05-15,2023-06-08,17,signal,46.85246787918871,70.7961831724979,45.338435719007286,67.69529731668963,0.017067184877792033,0.002834326652149841,-0.016068362734434478,0.0009829806279128418,0.0009829806279129702,-0.01803432399026029
D,XEL,1,2023-05-12,2023-05-15,2023-06-07,16,signal,46.85246787918871,61.373708696416536,44.44809839665576,56.822149578285334,0.012378309204057702,0.006845363251526649,0.0023646673322721863,0.000969620703458882,0.0009696207034589641,0.00042542592535434035
HBAN,TFC,1,2023-05-12,2023-05-15,2023-06-05,14,signal,8.062621688757327,23.13017837044319,9.502476958332474,27.48342249152791,0.06813742323427292,0.019484623858834635,0.0143782209964788,0.0010915173623577972,0.001091517362357853,0.01219518627176315
MET,PNC,1,2023-05-12,2023-05-15,2023-06-08,17,signal,45.40365438331576,98.89756901624298,49.729951342979824,112.33760216623573,0.013268915104510342,0.004020775481804947,0.004421736883558097,0.0010558255730109755,0.0010558255730109991,0.002310085737536123
AEE,AWK,1,2023-05-15,2023-05-16,2023-06-13,19,signal,76.61747235549024,136.03891068207787,74.36335894311856,134.38907976225434,0.009342393292257447,0.0020907611771784087,-0.016621454418403455,0.000987957169249697,0.0009879571692498752,-0.01859736875690303
AXP,MET,-1,2023-05-15,2023-05-16,2023-05-26,8,signal,144.48143776935603,45.884839655689525,147.14890499704342,47.798066703228436,0.0037018287712203193,0.010136667081077074,0.010533840348314378,0.0010146016466408719,0.0010146016466408725,0.008504637055032634
CFG,MET,-1,2023-05-15,2023-05-16,2023-06-08,16,signal,22.560469648542504,45.884839655689525,25.20897899874215,49.729951342979824,0.017161255839525782,0.013358369636455054,0.006961199125635448,0.0010485224655105688,0.0010485224655106622,0.004864154194614216
D,EXC,1,2023-05-15,2023-05-16,2023-06-08,16,signal,46.30286077758962,36.054886040627075,45.338435719007286,35.285202469933004,0.020288635806985148,0.0016923385417479554,-0.01727430368821888,0.0009899999168526846,0.0009899999168528429,-0.019254303521924407
D,FE,1,2023-05-15,2023-05-16,2023-06-08,16,signal,46.30286077758962,34.018690401676835,45.338435719007286,33.53704049666658,0.019809996693342376,0.002444458656112622,-0.01693761269050995,0.0009902712514645033,0.000990271251464659,-0.01891815519343911
D,NI,1,2023-05-15,2023-05-16,2023-06-08,16,signal,46.30286077758962,25.318779119651122,45.338435719007286,24.64863869510992,0.01984785356218124,0.003215247959441071,-0.01599733336558852,0.0009897663363066678,0.0009897663363068277,-0.017976866038202016
D,PNW,1,2023-05-15,2023-05-16,2023-06-08,16,signal,46.30286077758962,70.02582895359619,45.338435719007286,70.42798345389066,0.02152528497647187,5.446434229834804e-05,-0.019791304879013257,0.0009901224257829581,0.0009901224257831158,-0.02177154973057933
ES,WEC,-1,2023-05-15,2023-05-16,2023-05-23,5,signal,66.29057343799624,82.38176167284682,63.37114065672013,79.68363348078411,0.007344107538160911,0.006229143451659475,0.005614491223849289,0.0009808904870505584,0.0009808904870506642,0.003652710249748066
AEP,AES,1,2023-05-16,2023-05-17,2023-06-16,21,signal,78.35432789878139,17.89555683677266,75.35522150841199,18.470574260128537,0.011769437489304238,0.0043717757426555105,-0.03682762186364227,0.0009840205446148284,0.0009840205446149074,-0.038795662952872
AEP,AWK,1,2023-05-16,2023-05-17,2023-06-16,21,signal,78.35432789878139,133.95895663867688,75.35522150841199,137.0910876017083,0.011052396861271236,0.001003012011876645,-0.03530352516430584,0.0009853538699227545,0.0009853538699228501,-0.037274232904151446
AEP,CNP,1,2023-05-16,2023-05-17,2023-06-16,21,signal,78.35432789878139,26.540833128967407,75.35522150841199,26.95402005050793,0.011342609555515479,0.004206565389862498,-0.03477155079709524,0.0009842398080125016,0.0009842398080125842,-0.03674003041312033
AEP,ETR,1,2023-05-16,2023-05-17,2023-06-21,23,signal,78.35432789878139,46.2570192064366,74.57396486924851,44.50359031536516,0.00792596105509016,0.008195239945631285,-0.014615288977398005,0.000977950678849583,0.0009779506788496278,-0.016571190335097217
AEP,FE,1,2023-05-16,2023-05-17,2023-06-20,22,signal,78.35432789878139,33.34634708898766,75.39071470859476,34.12264868760225,0.010271754841392694,0.005861751116841121,-0.034004644474616486,0.0009873504223829395,0.0009873504223828896,-0.035979345319382315
AEP,NEE,1,2023-05-16,2023-05-17,2023-06-16,21,signal,78.35432789878139,68.721109355795,75.35522150841199,67.94068792570287,0.011225121772173479,0.0017584440416568725,-0.031310154587015415,0.0009828524388579873,0.0009828524388580686,-0.033275859464731466
AEP,NI,1,2023-05-16,2023-05-17,2023-06-16,21,signal,78.35432789878139,24.885669433447028,75.35522150841199,24.77508591733217,0.008421097632975756,0.013675744403970385,-0.022756686052592682,0.0009867697707104505,0.0009867697707105104,-0.024730225594013642
AEP,NRG,1,2023-05-16,2023-05-17,2023-06-16,21,signal,78.35432789878139,31.701047767707696,75.35522150841199,32.46376504347387,0.011708641083446273,0.0026180289726461716,-0.03612842761187049,0.0009838486099285936,0.0009838486099286823,-0.038096124831727765
D,WEC,1,2023-05-16,2023-05-17,2023-06-07,14,signal,44.77238659938258,80.23525856407339,44.44809839665576,77.8396309156238,0.012560264185406463,0.005455320714383655,0.009987265173545404,0.0009914935374676496,0.0009914935374677105,0.008004278098610044
MET,RF,1,2023-05-16,2023-05-17,2023-06-14,19,signal,45.004190180458046,13.717614383945257,50.16530585620045,16.109434660123636,0.0124117387108608,0.03218329655058873,-0.011847669140702025,0.0010705728794153276,0.0010705728794154802,-0.013988814899532832
AEP,EXC,1,2023-05-17,2023-05-18,2023-06-22,23,signal,76.84358201107325,34.58651474097578,76.17198514182225,36.27691035676576,0.010046375014004303,0.006600033945091504,-0.016901310286047685,0.0010024721655268534,0.0010024721655269738,-0.018906254617101513
AEP,PPL,1,2023-05-17,2023-05-18,2023-06-21,22,signal,76.84358201107325,24.270900018060708,74.57396486924851,23.840382214915053,0.00844710831385265,0.014463523022898234,-0.011957451131091514,0.0009874465393139803,0.0009874465393140868,-0.013932344209719581
KEY,TFC,1,2023-05-18,2023-05-19,2023-08-31,71,signal,8.376071621904817,25.46270313904415,9.647138920999994,26.235838164299615,0.05150188488360952,0.02232864626900074,0.049240609408368094,0.0010413061881519936,0.0010413061881520663,0.04715799703206403
EOG,FANG,-1,2023-05-19,2023-05-22,2023-05-23,1,signal,102.00655220690096,116.28212915171112,102.10862681820238,119.21118669207786,0.005569897880426873,0.003713085354721482,0.011312952065981619,0.0010056565708425128,0.0010056565708426403,0.009301638924296467
DTE,PEG,1,2023-05-22,2023-05-23,2023-06-05,8,signal,97.31249017096437,55.27258806479303,97.55508804908482,54.17986284567524,0.004883980938117111,0.009493000168163684,0.012553468075768105,0.0009953839745583091,0.000995383974558403,0.010562700126651392
AON,NDAQ,1,2023-05-23,2023-05-24,2023-07-19,37,signal,306.3519018328628,51.40322117103635,325.7136851994398,49.418818716081134,0.002148122422993412,0.006654765111340808,0.0558115778027751,0.001014364579795116,0.0010143645797952429,0.053782848643184736
AXP,FITB,1,2023-05-23,2023-05-24,2023-06-22,19,signal,145.88743132692034,22.4867702658564,160.92185205088452,23.426936164705904,0.004430771208063313,0.015731571776247667,0.052864652624174016,0.001040861469854462,0.0010408614698545916,0.05078292968446496
CB,SCHW,1,2023-05-23,2023-05-24,2023-06-20,17,signal,188.23707544500257,49.937957407054284,186.91496214396625,51.63282011315341,0.0039500842734490026,0.0051401956077890415,-0.012932400114776827,0.0010019846810606667,0.0010019846810607833,-0.014936369476898278
NTRS,ZION,1,2023-05-23,2023-05-24,2023-06-14,14,signal,65.36190757267612,25.83906746639548,68.06729626040864,26.34670776929601,0.009885674862171822,0.013700156071049857,0.020806842262554512,0.0010170006975253835,0.00101700069752558,0.01877284086750355
AEP,SRE,1,2023-05-24,2023-05-25,2023-06-22,18,signal,74.97739215980901,65.8074768947432,76.17198514182225,67.22819515096235,0.007412472892615712,0.006751324076881009,0.000272437594189821,0.0010092788669844844,0.0010092788669845507,-0.0017461201397792141
AEP,EIX,1,2023-05-25,2023-05-26,2023-06-22,17,signal,73.15558953816095,55.88638417494155,76.17198514182225,59.694529882845885,0.008994286059514318,0.006122696241049985,0.004839587602373435,0.0010253820855388978,0.0010253820855388967,0.0027888234312956404
ALL,COF,1,2023-05-25,2023-05-26,2023-07-05,25,signal,102.56123703195628,95.36487042946891,102.22496484138374,104.02966618311162,0.0071675028948658525,0.0027801304198441412,-0.025488426272165136,0.0010110678836648857,0.0010110678836649865,-0.027510562039495007
CB,FITB,1,2023-05-25,2023-05-26,2023-06-20,15,signal,183.00508402799815,22.08128985373133,186.91496214396625,23.22398597807398,0.004051218777900714,0.011722475995306965,0.0034594031429130666,0.0010148593877370464,0.0010148593877372155,0.0014296843674388047
CB,PNC,1,2023-05-25,2023-05-26,2023-06-22,17,signal,183.00508402799815,105.44652354315272,187.85911413554308,111.95717576639406,0.0039014819679974253,0.002714386299459711,0.002284005114675431,0.0010185193732854788,0.0010185193732855648,0.0002469663681043874
ALL,JPM,1,2023-05-26,2023-05-30,2023-07-27,40,signal,101.02467915859054,127.12578560618974,105.55353194642217,147.7674371333202,0.005967848116136502,0.003124485371303382,-0.036421178142686354,0.0010458545152543406,0.0010458545152544343,-0.03851288717319513
ES,WEC,1,2023-05-30,2023-05-31,2023-06-05,3,signal,59.43005628989327,77.09453616503329,60.98209683678738,77.52791875402451,0.008011324578785199,0.006795065265555078,0.010496705484941459,0.0010076678814880786,0.0010076678814881558,0.008481369721965224
AXP,MET,-1,2023-05-31,2023-06-01,2023-06-22,14,signal,153.01428237745307,45.18576452133913,161.08285440411203,49.439707439336,0.003613231677893085,0.009894062872478513,0.013970730183927825,0.0010355715394182697,0.0010355715394183163,0.01189958710509124
AXP,PNC,-1,2023-05-31,2023-06-01,2023-06-22,14,signal,153.01428237745307,103.7119035499304,161.08285440411203,111.84527454124024,0.004138494415227392,0.0035349624184512654,-0.0036096424990021067,0.0010309369825839217,0.0010309369825839334,-0.005671516464169962
BKR,HAL,-1,2023-06-05,2023-06-06,2023-06-14,6,signal,27.19990994223145,28.244755679960797,28.45070693811464,30.67095005987305,0.022061813333462674,0.014155558262646445,0.007780157118507321,0.0010308710583848443,0.0010308710583849766,0.0057184150017375
ES,WEC,1,2023-06-09,2023-06-12,2023-06-23,8,signal,61.53138599387878,80.30643625241989,61.89669010140275,79.91475883628787,0.007713119861494735,0.00654213324456931,0.006380143783524344,0.0010001035710713703,0.0010001035710714757,0.0043799366413814975
CVX,FANG,-1,2023-06-15,2023-06-16,2023-06-21,2,signal,138.4720665209119,113.20707129161028,133.45321143386454,113.12953093513886,0.005120325303766779,0.0025684667388371665,0.02648585945112087,0.0009868485794880082,0.0009868485794881027,0.02451216229214476
DTE,PEG,-1,2023-06-15,2023-06-16,2023-06-26,5,signal,103.32790798425098,56.185585401000324,99.63024832253188,55.312971153938555,0.004705151288478138,0.009145408743134515,0.010404961110778146,0.0009873269535493239,0.0009873269535494891,0.008430307203679332
HBAN,TFC,-1,2023-06-16,2023-06-20,2023-06-22,2,signal,9.543696365032103,26.906078878326518,9.359539946187171,26.71802547375897,0.058008994121842815,0.01658829138588451,0.008556291082454315,0.0009930471352531422,0.0009930471352531688,0.006570196811948004
BAC,FITB,1,2023-06-20,2023-06-21,2023-07-21,21,signal,26.57571341427404,23.70322825836697,29.399633210848595,26.199469319245,0.020682673652237384,0.019001317862041164,0.012027313144281834,0.0010529714296600707,0.001052971429660184,0.00992137028496158
KMI,SLB,1,2023-06-21,2023-06-22,2023-06-30,6,signal,14.136691840541616,43.76847950241575,14.709230963872402,45.19582614509068,0.044190593434458476,0.00857730492897315,0.014076955962214399,0.0010188997313512614,0.001018899731351323,0.012039156499511814
AMP,MS,-1,2023-06-26,2023-06-27,2023-07-24,18,signal,306.1917110398612,75.87981265161822,339.07998870181336,84.92826976881027,0.0019315685012383794,0.005383223748364915,-0.013760069203408179,0.0010560227490706512,0.00105602274907082,-0.01587211470154965
AWK,NEE,1,2023-06-26,2023-06-27,2023-07-07,7,signal,129.74381958455953,67.70025934525931,130.65870942684685,65.9229238661683,0.0038912100571501652,0.0073137703949682515,0.017554341663605692,0.0009952894992102045,0.000995289499210256,0.015563762665185232
CFG,MET,1,2023-06-26,2023-06-27,2023-07-20,16,signal,22.46049270542632,49.54854924108324,26.731531581514236,55.11810178263831,0.01638342679968257,0.012752905332131642,1.664539484623473e-05,0.001070368914646294,0.0010703689146463876,-0.002124092434446447
MET,PNC,-1,2023-06-27,2023-06-28,2023-09-13,53,signal,49.60297322708392,109.59504487383217,58.77681953601695,112.70514279639127,0.01207424416779118,0.0036587636991270585,-0.09832719752504045,0.0010609493870170925,0.0010609493870172356,-0.10044909629907477
NTRS,SCHW,1,2023-06-27,2023-06-28,2023-07-20,15,signal,65.70589041205669,52.98562286107,73.5850557851712,63.089785716323014,0.00908242908025519,0.007612015472374618,-0.004276750372645813,0.0010743329040180205,0.0010743329040180491,-0.006425416180681882
AEP,EIX,1,2023-06-28,2023-06-29,2023-07-05,3,signal,72.13363280867856,57.65839797063495,75.55050909403411,59.33582892967563,0.008979310795131317,0.006112502102867162,0.02144851384610313,0.0010206199959324111,0.0010206199959325612,0.01940727385423816
KMI,PSX,-1,2023-06-28,2023-06-29,2023-07-07,5,signal,14.53067900125342,84.12126420225252,14.264354061579798,85.8939080541832,0.04146250439896075,0.004724356939088019,0.020415669641006128,0.0009985683758352093,0.0009985683758353498,0.01841853288933557
C,USB,1,2023-06-29,2023-06-30,2023-08-28,40,signal,42.20806616897642,29.05160583180522,37.82243652612122,31.38366207147921,0.01315408193034809,0.015312288517276411,-0.0924090076968693,0.0009890419218141129,0.0009890419218141979,-0.09438709154049761
HBAN,TFC,-1,2023-06-29,2023-06-30,2023-07-11,6,signal,9.552490755457454,26.286280448514365,9.597268210649935,27.17604954010942,0.05858108823522988,0.016751887807382196,0.013290907602807475,0.001008707659510497,0.0010087076595106967,0.01127349228378628
AJG,BLK,-1,2023-06-30,2023-07-03,2023-07-13,7,signal,212.1582550281375,641.0656733315059,207.85160088048337,680.2147744896557,0.0032118441340123855,0.0004966714117197248,0.03427917397954526,0.0010026327784056887,0.0010026327784057438,0.032273908422733824
NTRS,ZION,-1,2023-06-30,2023-07-03,2023-07-10,4,signal,67.82186246422913,24.321410379018488,66.35193949272893,25.6697186204368,0.009847850462395422,0.013647736768629402,0.03387874069960688,0.001001803123182267,0.0010018031231823462,0.03187513445324226
MA,PGR,-1,2023-07-05,2023-07-06,2023-07-28,16,signal,386.67351799940246,119.51228339047601,391.1193894149344,115.49165314604853,0.0011830597665014723,0.004539988827636136,-0.02251980824758443,0.00099353974092706,0.000993539740927158,-0.02450688772943865
CVX,EOG,1,2023-07-06,2023-07-07,2023-08-14,26,signal,132.98994939029595,99.85519952417424,143.01297867859944,118.81395576198857,0.0048953917757571346,0.0034961905810432974,-0.016158948127930936,0.001057821712877582,0.0010578217128777356,-0.018274591553686256
BAC,NTRS,1,2023-07-07,2023-07-10,2023-07-11,1,signal,26.4002648095245,66.28562071262625,26.43845371128408,67.75324020032569,0.017099216970287042,0.008275208654738365,-0.010485509663647858,0.0010063475057811946,0.0010063475057812653,-0.012498204675210317
KMI,SLB,1,2023-07-07,2023-07-10,2023-07-24,10,signal,14.28988998521003,48.6889867324676,15.185369007179537,51.85528773088983,0.04212670756078628,0.008176708849553165,0.012865573144887031,0.00103191165370677,0.0010319116537069203,0.010801749837473342
ALL,COF,1,2023-07-10,2023-07-11,2023-07-21,8,signal,99.6580018263644,104.87477792871861,104.44399812210533,110.62295703347947,0.007127209489230713,0.0027645014170563486,0.01924516449735333,0.0010252155635306014,0.0010252155635306895,0.01719473337029204
CB,SCHW,1,2023-07-10,2023-07-11,2023-08-01,15,signal,181.20953313522526,55.41229940960308,197.68610744159614,62.86981577060786,0.003948474268272509,0.005138100528047995,0.027791770416344744,0.0010519094907645873,0.0010519094907647459,0.02568795143481541
HBAN,TRV,-1,2023-07-10,2023-07-11,2023-08-17,27,signal,9.587675738675275,159.4946547397032,9.984681912962225,156.86202849385774,0.03685248697279899,0.004055413639712105,-0.024304935696138792,0.0010021175555576132,0.0010021175555577754,-0.02630917080725418
MS,TROW,1,2023-07-10,2023-07-11,2023-08-01,15,signal,75.87075629938373,97.57080259178565,83.15174909401324,105.39571601316325,0.007502883218986522,0.004415455538413165,0.021122545095920438,0.001044663743558136,0.00104466374355826,0.01903321760880404
AEP,AWK,-1,2023-07-11,2023-07-12,2023-07-19,5,signal,76.50044606722979,132.93630409381046,75.32395540719517,132.70172159391018,0.01128709699865633,0.0010243111979211887,0.014031758599534384,0.0009928798831946664,0.000992879883194842,0.012045998833144875
AEP,ETR,-1,2023-07-11,2023-07-12,2023-07-19,5,signal,76.50044606722979,43.99643924474228,75.32395540719517,44.62500551584782,0.008196239736712244,0.008474701153261035,0.015967429518384625,0.0009977187180989719,0.000997718718099113,0.01397199208218654
AEP,FE,-1,2023-07-11,2023-07-12,2023-07-19,5,signal,76.50044606722979,34.192575428959735,75.32395540719517,33.90517793324281,0.010412161550596237,0.00594187658685032,0.011534857568739587,0.0009927272046113703,0.0009927272046115288,0.00954940315951669
AEP,NEE,-1,2023-07-11,2023-07-12,2023-07-19,5,signal,76.50044606722979,65.93200890015066,75.32395540719517,65.70266774960761,0.011512517859229953,0.001803465373909387,0.014123404299292113,0.0009926433882432857,0.0009926433882434813,0.012138117522805345
AEP,PPL,-1,2023-07-11,2023-07-12,2023-07-19,5,signal,76.50044606722979,23.750687650340875,75.32395540719517,23.628387926275515,0.008533486279581573,0.014611423304222031,0.009246529766735206,0.0009939358995824693,0.0009939358995826213,0.007258657967570116
BKR,MPC,-1,2023-07-11,2023-07-12,2023-07-21,7,signal,31.977390379872745,113.52966912840144,32.541781794464,117.16548592306367,0.015009786359428668,0.004580705573738658,0.009195796785741946,0.0010125850854505168,0.0010125850854505662,0.007170626614840863
AEP,AES,-1,2023-07-12,2023-07-13,2023-07-19,4,signal,77.37937359354397,18.530573540388424,75.32395540719517,18.66617300426658,0.01186269834027625,0.0044064176298645955,0.02596800923162851,0.0009876954556220625,0.0009876954556221576,0.02399261832038429
AEP,CNP,-1,2023-07-12,2023-07-13,2023-07-19,4,signal,77.37937359354397,27.892990306402695,75.32395540719517,27.14779252926483,0.011395048039869434,0.0042260129351826955,0.02125871125970838,0.0009863377296964763,0.0009863377296965763,0.019286035800315324
AEP,EXC,-1,2023-07-12,2023-07-13,2023-07-18,3,signal,77.37937359354397,37.0826735560635,76.0882221430978,36.91291924469096,0.009826308132367352,0.006455459520289558,0.012584260777265778,0.0009928508650886196,0.0009928508650886585,0.010598559047088498
AEP,NI,-1,2023-07-12,2023-07-13,2023-07-19,4,signal,77.37937359354397,25.271853047098265,75.32395540719517,24.741300415150455,0.008443185716282033,0.013711615141353524,0.011067078576499316,0.000987534606033336,0.0009875346060334261,0.009092009364432553
AEP,NRG,-1,2023-07-12,2023-07-13,2023-07-19,4,signal,77.37937359354397,35.45336231593783,75.32395540719517,34.64085014333223,0.01171763921222673,0.002620040936432485,0.022942325430783023,0.0009864918464747175,0.0009864918464748094,0.020969341737833495
ATO,FE,-1,2023-07-12,2023-07-13,2023-08-04,16,signal,111.10821514518827,34.44604969886002,109.54627451154188,32.62337664638369,0.007056365267375323,0.006261833773645121,0.0005968462458528102,0.0009884982871973887,0.0009884982871974759,-0.0013801503285420544
KMI,XOM,-1,2023-07-12,2023-07-13,2023-08-02,14,signal,14.930293858109387,95.29151338743493,15.06560751303377,95.45676488909749,0.03414423592455198,0.005144282719045368,-0.002767356502686009,0.0010027244105665777,0.001002724410566638,-0.004772805323819225
AEE,AWK,-1,2023-07-13,2023-07-14,2023-08-02,13,signal,76.84214728609648,134.37984160220466,76.59301840702959,132.84966021786954,0.009351141905917142,0.002092719054696687,0.00012441493107487366,0.0009970151701986034,0.0009970151701988847,-0.0018696154093226145
AJG,AMP,1,2023-07-13,2023-07-14,2023-08-02,13,signal,207.45400540896412,329.0327250802491,211.54794716309468,331.41090021060165,0.002772784005421573,0.0012912083122339417,0.009288185146302436,0.0010072884275809223,0.0010072884275811257,0.007273608291140389
AJG,ICE,1,2023-07-13,2023-07-14,2023-07-21,5,signal,207.45400540896412,112.59188552653814,212.61360395358062,111.81807496077475,0.0026014553189835097,0.00408872348705285,0.017591535606803294,0.0010051730943247232,0.0010051730943248804,0.01558118941815369
AXP,NTRS,-1,2023-07-14,2023-07-17,2023-08-22,26,signal,166.93720579337707,64.66859221844693,155.33523637679573,69.23085097807406,0.0034909076968625634,0.006450651779932003,0.0709253456699664,0.0009943987465594367,0.0009943987465594645,0.06893654817684751
BAC,NTRS,-1,2023-07-14,2023-07-17,2023-07-21,4,signal,26.890475625404743,64.66859221844693,29.429047551229633,72.5851336433805,0.017186615207175238,0.008317505249229378,0.023271197089946023,0.001054781097209415,0.0010547810972094938,0.021161634895527113
CVX,FANG,1,2023-07-14,2023-07-17,2023-07-25,6,signal,134.047656911223,120.2708054305843,141.38875004076553,128.6893615616389,0.0051455865640746635,0.0025811383374237202,0.017074717719247855,0.0010299455218714271,0.0010299455218715258,0.0150148266755049
FITB,NTRS,-1,2023-07-14,2023-07-17,2023-07-21,4,signal,24.066560638516997,64.66859221844693,26.199469319245,72.5851336433805,0.017568543847260924,0.008926474636724569,0.03424886154991193,0.001054154989236433,0.0010541549892364986,0.032140551571439
NTRS,PNC,1,2023-07-14,2023-07-17,2023-08-23,27,signal,64.66859221844693,112.93772172267853,67.54007853612028,106.5233769970069,0.008779651326782024,0.0038277714999352206,0.050763703766721825,0.0010004091762389668,0.0010004091762389946,0.04876288541424386
NTRS,ZION,1,2023-07-14,2023-07-17,2023-07-20,3,signal,64.66859221844693,27.300814033175737,73.5850557851712,33.02929181365311,0.009757021612030964,0.013521860746699045,0.010620811101247421,0.001082362216006644,0.001082362216006704,0.008456086669234074
D,ES,1,2023-07-17,2023-07-18,2023-07-24,4,signal,44.01268295372234,62.994223187488124,46.143164383708765,64.75749424272458,0.013764294653810405,0.006259335287506647,0.019307960486547284,0.001020291067223394,0.001020291067223551,0.017267378352100342
BAC,PNC,-1,2023-07-18,2023-07-19,2023-08-01,9,signal,28.495597539345084,116.59639625517828,29.401348289551436,121.83782470763471,0.018474703709288817,0.004061236732634717,0.005572189779288184,0.0010189847612237955,0.0010189847612239082,0.0035342202568404806
D,EVRG,1,2023-07-18,2023-07-19,2023-07-21,2,signal,43.9184198170674,51.8255537899372,45.612389183256234,53.47996848329346,0.014948267675554744,0.006630935045811773,0.015369897280125201,0.0010183061306266905,0.0010183061306267603,0.013333285018871752
EOG,FANG,-1,2023-07-18,2023-07-19,2023-08-08,14,signal,110.36397727651644,123.69795134547289,112.93038721716212,129.31758756679784,0.005185665426602891,0.003456942795606343,0.007134514488334631,0.0010162968387931826,0.001016296838793304,0.005101920810748145
AFL,USB,1,2023-07-19,2023-07-20,2023-07-26,4,signal,66.89060509869493,33.73171244530783,67.6816502229349,33.6603703105324,0.010197850746455572,0.00942855755949124,0.00974349492358202,0.0010038813887242827,0.0010038813887243956,0.007735732146133343
ATO,ED,-1,2023-07-19,2023-07-20,2023-08-10,15,signal,109.75996654596635,83.96969566249254,108.57568238830382,81.65000684983744,0.005392504530101149,0.004859213824136284,-0.0038945284726790022,0.0009910777883467238,0.0009910777883468211,-0.005876684049372547
BKR,HAL,-1,2023-07-19,2023-07-20,2023-07-28,6,signal,33.097106107160705,34.44277601898368,32.63517565331656,35.328761974785614,0.01811522176101316,0.011623300097904275,0.01966692336576862,0.0010008701094020005,0.0010008701094020198,0.017665183146964598
HBAN,TFC,-1,2023-07-20,2023-07-21,2023-08-23,23,signal,10.51125915225635,28.502269819447488,9.368343513629194,24.26912059673276,0.05358203216958011,0.015322354337155262,-0.002685184781556778,0.0009368850548951729,0.0009368850548953161,-0.0045589548913472664
NTRS,ZION,1,2023-07-20,2023-07-21,2023-08-17,19,signal,72.65775508774605,33.93215544675163,69.85807056794185,31.79713013730426,0.008356301498096314,0.011580659519639117,0.0023060406461188135,0.0009760474186336166,0.000976047418633728,0.0003539458088514689
AEP,FE,-1,2023-07-21,2023-07-24,2023-07-28,4,signal,77.98306106153295,35.01417557135233,75.99047137887523,34.46400874855566,0.010204756445069905,0.005823517345636898,0.01811792580494814,0.0009879394340172876,0.00098793943401734,0.016142046936913512
AEP,NI,-1,2023-07-21,2023-07-24,2023-09-15,38,signal,77.98306106153295,25.407330524825696,72.4421413063574,25.191964672088623,0.008384858278439208,0.013616892200658313,0.044502373980263896,0.0009751607013363986,0.0009751607013364794,0.04255205257759102
AXP,COF,1,2023-07-21,2023-07-24,2023-08-15,16,signal,161.9347571494849,109.6487107313975,158.68395504312235,102.61783409408235,0.004031329482954665,0.0031677538476197614,0.010149498598409384,0.000982466453044944,0.0009824664530450897,0.008184565692319352
AXP,FITB,1,2023-07-21,2023-07-24,2023-08-15,16,signal,161.9347571494849,25.39665263926843,158.68395504312235,23.509820066111452,0.003967145158354774,0.014085455076505894,0.014660900722287418,0.0009804091132224774,0.0009804091132225978,0.012700082495842343
AXP,MET,1,2023-07-21,2023-07-24,2023-10-05,52,signal,161.9347571494849,55.616272887937534,141.1042544605614,54.45620447913785,0.003182450246716126,0.008714459972825416,-0.05522086812488449,0.0009618005824769498,0.0009618005824770252,-0.05714446928983846
AXP,PNC,1,2023-07-21,2023-07-24,2023-08-15,16,signal,161.9347571494849,119.74473662699495,158.68395504312235,112.3164955872728,0.0037851988364353646,0.0032331892448450414,0.01269393158897953,0.0009819549017184976,0.0009819549017186574,0.010730021785542377
BAC,FITB,-1,2023-07-21,2023-07-24,2023-08-02,7,signal,29.51955658288198,25.422061996586358,28.773429809679715,25.360943110937367,0.018911428249444626,0.017374062243350707,0.014040798483719568,0.000992358870825126,0.0009923588708252691,0.012056080742069174
OKE,VLO,1,2023-07-24,2023-07-25,2023-08-31,27,signal,57.029235405274044,114.41176131963903,56.410934272414806,121.44763377704737,0.0065538220840005955,0.005472462822192976,-0.0415386972185396,0.0010170888454145545,0.0010170888454146716,-0.04357287490936883
D,FE,-1,2023-07-25,2023-07-26,2023-08-02,5,signal,46.245880844114374,34.94425310453196,44.7753679975179,33.852781582803246,0.019771124003165164,0.0024396619524351295,0.027394594096095726,0.0009837238015173917,0.0009837238015174823,0.02542714649306085
D,NEE,-1,2023-07-25,2023-07-26,2023-08-02,5,signal,46.245880844114374,68.06795506550321,44.7753679975179,64.93087286595635,0.01737096407429633,0.0028847748941526067,0.017476853489783055,0.000982403630910257,0.0009824036309103612,0.015512046227962435
D,NI,-1,2023-07-25,2023-07-26,2023-08-02,5,signal,46.245880844114374,25.407334602201306,44.7753679975179,24.97345952715623,0.01984803821095458,0.0032152778715718623,0.02877606417391035,0.0009842979327828873,0.0009842979327829753,0.026807468308344486
D,PNW,-1,2023-07-25,2023-07-26,2023-08-02,5,signal,46.245880844114374,74.3605438079984,44.7753679975179,72.73218510913328,0.02152524805739046,5.446424888385947e-05,0.032548107725551376,0.0009836412644300204,0.0009836412644301051,0.03058082519669125
CB,FITB,-1,2023-07-26,2023-07-27,2023-09-01,26,signal,199.42991946346714,25.520353353454006,195.34751074460308,23.896953469267462,0.0036584787854194636,0.010586056219763723,-0.0012662874455363383,0.000983709304244716,0.0009837093042447788,-0.003233706054025833
CB,PNC,-1,2023-07-26,2023-07-27,2023-10-02,46,signal,199.42991946346714,122.5506961907339,200.4411727823577,109.1450938814184,0.003511858306374779,0.002443312605481655,-0.03532026637363457,0.000985189100584863,0.0009851891005848948,-0.03729064457480433
D,EXC,-1,2023-07-26,2023-07-27,2023-08-02,4,signal,46.26301234867171,38.18062334927697,44.7753679975179,36.417568203054806,0.020214545461655818,0.0016861584344127411,0.028082313006685886,0.0009830489446489856,0.000983048944648984,0.026116215117387917
KMI,PSX,1,2023-07-26,2023-07-27,2023-10-05,49,signal,15.353759155792192,98.6488274602738,13.737295307419386,98.58395405372093,0.037605238166113754,0.0042848489364426855,-0.059540005790055056,0.0009695294678456652,0.0009695294678457179,-0.061479064725746435
KMI,VLO,1,2023-07-26,2023-07-27,2023-08-31,25,signal,15.353759155792192,116.42973936149245,15.085106456184247,121.44763377704737,0.03254141531269079,0.00429758181033467,-0.029300747544764964,0.0010064032945214581,0.001006403294521558,-0.03131355413380798
AWK,NEE,-1,2023-07-27,2023-07-28,2023-09-05,26,signal,138.16511587521342,67.03177833669508,127.73430642621624,61.092716203559036,0.003785560851134181,0.007115196166421589,-0.0018120240011805996,0.0009591042248844055,0.0009591042248845031,-0.003730232450949508
AEP,EIX,1,2023-07-28,2023-07-31,2023-09-15,33,signal,75.96381222314054,62.69499262064694,72.36973536802023,61.37861516327928,0.00842987846155895,0.005738486059657558,-0.021762408599114304,0.0009812087827000904,0.0009812087827002682,-0.023724826164514663
AON,NDAQ,1,2023-07-28,2023-07-31,2023-08-25,19,signal,310.1057388264558,48.451813853750515,322.8874183450094,50.12685303277395,0.0021733134650513976,0.006732805574031102,0.01752058923737207,0.0010197061549773912,0.0010197061549774536,0.015481176927417226
ES,WEC,1,2023-08-01,2023-08-02,2023-09-27,39,signal,61.34827375023747,79.28324686611847,52.43255898310795,72.95347976988639,0.007776175709710698,0.006595616111202504,-0.02663702004872423,0.0009444307180694112,0.0009444307180694186,-0.028525881484863062
AFL,USB,-1,2023-08-02,2023-08-03,2023-09-06,23,signal,71.40238145481857,33.56405227042746,69.49489882485703,31.7197037740946,0.009760413099548788,0.009024118807141141,0.0029563712504786094,0.0009821727545201065,0.000982172754520177,0.000992025741438326
BKR,MPC,1,2023-08-02,2023-08-03,2023-08-29,18,signal,33.251644017887294,126.96050786331698,33.781867190833566,134.73915469933718,0.01388881607877802,0.004238606446568453,-0.024586327649011967,0.0010201228459656782,0.0010201228459658295,-0.026626573340943475
AEP,AES,1,2023-08-03,2023-08-04,2023-09-26,36,signal,73.10228251635759,17.8523089846951,70.45015139121631,13.966199131061124,0.01254699875283459,0.004660602075555429,-0.014189955010222376,0.0009747192595961666,0.0009747192595962826,-0.016139393529414826
AEP,CNP,1,2023-08-03,2023-08-04,2023-09-14,28,signal,73.10228251635759,27.111007514004633,71.5624400432503,26.70093735350582,0.012030035286312336,0.004461506836371593,-0.01570463035005259,0.0009901981123330611,0.0009901981123331708,-0.01768502657471882
AEP,EXC,1,2023-08-03,2023-08-04,2023-09-14,28,signal,73.10228251635759,36.02835186474038,71.5624400432503,36.95060197818936,0.010336274217623693,0.006790485185650993,-0.02118333670919161,0.0009954230776293826,0.0009954230776294637,-0.023174182864450454
AEP,NRG,1,2023-08-03,2023-08-04,2023-09-14,28,signal,73.10228251635759,35.681967214718036,71.5624400432503,36.79686400565588,0.012338343319842973,0.0027588291464047997,-0.02108248026172722,0.0009924345920190275,0.0009924345920191329,-0.02306734944576538
AEP,PPL,1,2023-08-03,2023-08-04,2023-08-24,14,signal,73.10228251635759,23.87031587329529,71.18570111019095,22.638498128413183,0.008775159989704136,0.015025228021826353,0.0026725125320667745,0.0009824785062856,0.0009824785062857101,0.0007075555194954643
AJG,ICE,-1,2023-08-03,2023-08-04,2023-09-14,28,signal,215.20018000522225,109.19726917503795,224.01739806087346,113.16256074142788,0.002584994020661389,0.004062851162209948,-0.00566267306614816,0.0010193934375691974,0.0010193934375693104,-0.0077014599412866674
D,EVRG,1,2023-08-03,2023-08-04,2023-08-30,18,signal,43.575637122433385,50.906977132880954,42.37637277793885,49.34494353463625,0.01511782184735131,0.0067061479550486105,-0.006669182261723855,0.0009858540256391685,0.0009858540256393192,-0.008640890313002343
D,EXC,1,2023-08-03,2023-08-04,2023-08-30,18,signal,43.575637122433385,36.02835186474038,42.37637277793885,36.11081982421875,0.021477385985363844,0.001791495910558696,-0.024917179704686244,0.00098762453266491,0.0009876245326650593,-0.026892428770016217
D,NI,1,2023-08-03,2023-08-04,2023-08-30,18,signal,43.575637122433385,24.61838989157972,42.37637277793885,24.37872608757019,0.021033190275164045,0.0034072662769749342,-0.02342036700599613,0.000987389744764144,0.0009873897447642984,-0.025395146495524573
D,WEC,1,2023-08-03,2023-08-04,2023-08-29,17,signal,43.575637122433385,78.7850066687277,42.05961666193415,76.68293493314094,0.012855155337306344,0.005583401285437012,-0.006767522978211423,0.000984445505484999,0.000984445505485163,-0.008736413989181586
MET,RF,-1,2023-08-03,2023-08-04,2023-08-09,3,signal,58.53677131697677,17.69439421366355,57.97127750002992,17.9881930387479,0.009576324077705192,0.024831144518667893,0.013711595725003354,0.0010008825848974736,0.0010008825848976106,0.01170983055520827
AEP,AWK,1,2023-08-04,2023-08-07,2023-09-14,27,signal,72.42688101016469,131.49941214660666,71.5624400432503,130.14298483195006,0.011858132568488845,0.0010761330373773735,-0.007796458043882345,0.0009945012933180934,0.0009945012933181528,-0.009785460630518591
D,ES,1,2023-08-04,2023-08-07,2023-08-11,4,signal,42.2388095917458,58.647684724618614,42.804413887036496,57.97394331654714,0.014513541200866852,0.006600056368316599,0.013657649751767111,0.001001997237737608,0.001001997237737628,0.011653655276291875
D,FE,1,2023-08-04,2023-08-07,2023-08-30,17,signal,42.2388095917458,31.846839122738672,42.37637277793885,32.099533168221605,0.021668747551487406,0.0026738196042785742,0.003307407532973398,0.0010022438716746967,0.0010022438716747982,0.0013029197896239032
D,NEE,1,2023-08-04,2023-08-07,2023-08-30,17,signal,42.2388095917458,63.10579046173121,42.37637277793885,61.64804442632214,0.01897430765453451,0.003151040214096239,0.008202894073562636,0.0009993114772843675,0.0009993114772844781,0.0062042711189937896
D,PNW,1,2023-08-04,2023-08-07,2023-08-30,17,signal,42.2388095917458,69.53003305194756,42.37637277793885,69.27288371107005,0.02358840103674689,5.968454075011577e-05,0.004262355131655141,0.0010021116875263583,0.0010021116875264698,0.0022581317566023125
D,XEL,1,2023-08-04,2023-08-07,2023-08-11,4,signal,42.2388095917458,54.183815646743824,42.804413887036496,53.4583387945863,0.013850984664727973,0.0076597716100278825,0.014392390365799698,0.0010012269495353562,0.001001226949535384,0.012389936466728958
AEP,SRE,1,2023-08-07,2023-08-08,2023-08-31,17,signal,71.65373298947989,64.5939307605949,71.47273957677136,64.74963260033634,0.007664016357028571,0.006980431349484243,-0.0014741041016371336,0.0009998983771789898,0.000999898377179073,-0.0034739008559951964
FITB,RF,1,2023-08-07,2023-08-08,2023-08-23,11,signal,24.34083997646476,17.598838649942977,22.20979462275466,15.90157395650778,0.016695559877098788,0.03372507932941539,0.02261489326915536,0.0009535021437176187,0.000953502143717774,0.02070788898171997
AJG,BLK,-1,2023-08-09,2023-08-10,2023-10-03,37,signal,217.0020690954173,647.5878101334209,218.75862982368315,596.2047761488261,0.0031525661226789355,0.0004875048107439351,-0.029597097858549047,0.0009900522439191578,0.0009900522439192793,-0.03157720234638749
CFG,MET,1,2023-08-14,2023-08-15,2023-09-29,32,signal,25.754353338162097,57.474386368599376,23.566837759170344,57.751585246338585,0.014183977416285307,0.011040847768580648,-0.033102308920380547,0.0009858732605507732,0.00098587326055086,-0.03507405544148218
MET,RF,-1,2023-08-14,2023-08-15,2023-10-04,35,signal,57.474386368599376,17.321971526009364,55.069516137911336,14.428102126837224,0.009765998241070082,0.02532296439900549,-0.04884385076931986,0.0009515425583864334,0.0009515425583865991,-0.05074693588609289
AEE,AWK,1,2023-08-15,2023-08-16,2023-09-11,17,signal,71.80256693594792,131.23928002001006,71.68556782859666,127.8087101924148,0.009886132156152727,0.0022124460679330614,0.00742912013092325,0.0009958380425167841,0.0009958380425168236,0.005437444045889642
AJG,AMP,-1,2023-08-15,2023-08-16,2023-09-11,17,signal,217.50582105622777,322.59315459442325,222.24829478479015,334.41684927110873,0.002719148368320431,0.0012662316893446198,0.003089889743235036,0.001013842559303484,0.0010138425593035683,0.001062204624627984
CB,KEY,-1,2023-08-16,2023-08-17,2023-08-29,8,signal,195.57617852608362,8.99091012954712,194.32527836353051,9.448319192381275,0.003908429840207205,0.02617526437955308,0.017865140233667313,0.0010032815619370652,0.0010032815619372155,0.015858577109793034
MA,PGR,1,2023-08-16,2023-08-17,2023-08-29,8,signal,389.33078964137076,124.72841385804801,400.01664620878825,120.58229762359716,0.0011520463479184207,0.004420974913157216,0.031637424467819995,0.0009969465754054996,0.0009969465754056403,0.029643531317008854
EOG,FANG,1,2023-08-24,2023-08-25,2023-09-06,7,signal,113.72206918705541,133.98986122991306,119.74673034928603,137.62872238315543,0.004925327927633315,0.0032833928714496247,0.018746496252623132,0.00102087514651187,0.001020875146511943,0.01670474595959932
DTE,PEG,1,2023-08-29,2023-08-30,2023-09-14,10,signal,94.87220112403654,55.41166560323249,96.18444419323576,55.57070451665218,0.004936263099445031,0.009594621073848307,0.005955630246320208,0.0010039713165880247,0.001003971316588205,0.003947687613143978
ALL,COF,-1,2023-08-30,2023-08-31,2024-01-03,85,signal,103.17997474659407,98.47263386680352,136.49316062318638,125.53490296889133,0.00707173272389521,0.0027429830939853855,-0.16019596349733323,0.001154636571458456,0.0011546365714584568,-0.16250523664025013
ALL,JPM,-1,2023-08-30,2023-08-31,2024-01-03,85,signal,103.17997474659407,138.86034612255045,136.49316062318638,161.98978894652632,0.0056851768690817685,0.002976491964111516,-0.11941775184813137,0.0011290012329517717,0.0011290012329518134,-0.12167575431403496
HBAN,TFC,1,2023-08-30,2023-08-31,2023-09-18,11,signal,9.738145371126889,26.20961543749872,9.512335551270619,24.82001814313823,0.05803174594121907,0.016594797511617004,0.01093793308740351,0.0009819854617318592,0.000981985461732041,0.00897396216393961
BAC,FITB,1,2023-08-31,2023-09-01,2023-09-28,18,signal,26.77855805501694,23.896953469267462,25.272815658799914,22.232271107968877,0.020521046837543012,0.018852830169749757,0.001453471526842446,0.0009689079207460759,0.0009689079207461688,-0.0004843443146497988
KMI,SLB,1,2023-08-31,2023-09-01,2023-10-02,20,signal,15.039658418127939,55.148283543990615,14.342082566955623,54.01687003478113,0.038847522127765106,0.007540225580339196,-0.01758571576827414,0.0009822644618542472,0.000982264461854362,-0.01955024469198275
CVX,EOG,-1,2023-09-01,2023-09-05,2023-10-10,25,signal,145.71869126744622,118.71500613393555,147.17944285085588,114.1566187611704,0.004337772042423828,0.0030979497560416538,-0.01946209232887039,0.0009959700999714917,0.0009959700999715641,-0.021454032528813446
KMI,XOM,1,2023-09-01,2023-09-05,2023-10-05,22,signal,14.806150417739433,103.3399387108085,13.737295307419386,99.5449407912587,0.032920646415890154,0.004959932705223912,-0.015391488690380616,0.0009729781688511705,0.0009729781688512375,-0.017337445028083025
ATO,ED,1,2023-09-05,2023-09-06,2023-10-06,22,signal,104.3475894430275,78.36117726672776,98.81599517826903,75.25970433435555,0.005716166208277376,0.005150867042442912,-0.014667942394096842,0.0009762951096316188,0.0009762951096318021,-0.016620532613360262
ATO,FE,1,2023-09-05,2023-09-06,2023-09-15,7,signal,104.3475894430275,30.88499933115062,107.85840849411994,32.56768724460511,0.007592059373607493,0.006737209880131024,0.01633701643578419,0.0010192913856007127,0.0010192913856008547,0.01429843366458262
CVX,FANG,-1,2023-09-05,2023-09-06,2023-10-10,24,signal,146.60031821245056,137.62872238315543,147.17944285085588,140.11490736427754,0.004636569039994776,0.0023258040563922692,0.004101282473340986,0.0010040547280339186,0.0010040547280340591,0.002093173017273008
AEP,ETR,1,2023-09-06,2023-09-07,2023-09-15,6,signal,69.16482921768191,42.82017547875778,72.36973536802023,44.80989448346925,0.008816214044285965,0.009115738647058745,0.011140688886093309,0.0010233087008977586,0.001023308700897972,0.009094071484297578
KMI,VLO,1,2023-09-06,2023-09-07,2023-10-04,19,signal,14.43426757194339,123.55359013471268,13.78913604218659,120.94091747052077,0.03251787098813502,0.004294472429259041,-0.008774385365762279,0.0009838677661966723,0.0009838677661967998,-0.010742120898155752
BAC,NTRS,1,2023-09-07,2023-09-08,2023-10-04,18,signal,26.182647418275177,69.42210880123709,24.072893595574136,61.5977152482297,0.0167270591398857,0.008095101945500314,0.028999916879972852,0.0009506303695828566,0.0009506303695829982,0.027098656140806997
NTRS,PNC,-1,2023-09-07,2023-09-08,2023-10-16,26,signal,69.42210880123709,104.15061765105655,62.58100665164428,106.87997058040855,0.008707618888496726,0.003796366640667265,0.07090664358758017,0.0009753088800508649,0.0009753088800510208,0.06895602582747828
NTRS,SCHW,-1,2023-09-07,2023-09-08,2023-10-04,18,signal,69.42210880123709,55.32574218794747,61.5977152482297,49.1612480848218,0.00863540245706029,0.007237360901196028,0.02389593417331705,0.000943815458285549,0.0009438154582856245,0.022008303256745874
AMP,MS,-1,2023-09-08,2023-09-11,2023-09-14,3,signal,334.41684927110873,77.9232328831007,334.91477683270523,80.30708597682097,0.0018127589186025942,0.005052104988471993,0.012147223044253325,0.0010063695657868198,0.0010063695657868562,0.010134483912679649
AXP,NTRS,1,2023-09-08,2023-09-11,2023-09-27,12,signal,153.02587236706884,70.5145705686257,146.24140251674345,63.69294014870983,0.003529646570594324,0.006522235163535909,0.021511322762798546,0.0009658257058786379,0.0009658257058786832,0.019579671351041227
OKE,VLO,1,2023-09-08,2023-09-11,2023-10-04,17,signal,56.080616905155196,131.61621715578687,52.48707608122989,120.94091747052077,0.0060238228164914654,0.005029911704683428,0.03301113620040405,0.0009621745696356161,0.0009621745696357501,0.031086787061132687
HBAN,TRV,1,2023-09-11,2023-09-12,2023-10-02,14,signal,9.491609665510117,153.33277327551295,9.280325546799682,155.07408305330603,0.03792369857896192,0.004173294589289743,-0.014280190537708813,0.0009994833687284837,0.0009994833687285445,-0.01627915727516584
AXP,FITB,1,2023-09-12,2023-09-13,2023-09-18,3,signal,153.96314887885524,25.173481087548147,158.10480129432142,24.51062161646135,0.004109982538740434,0.0145926030190083,0.027698778259365772,0.0010038140313081796,0.0010038140313083266,0.025691150196749266
AXP,PNC,1,2023-09-12,2023-09-13,2023-09-18,3,signal,153.96314887885524,112.70514279639127,158.10480129432142,112.81791488727521,0.003996749875881432,0.0034138890112321994,0.017176745784565968,0.001008588408949821,0.0010085884089499316,0.015159568966666218
BAC,PNC,1,2023-09-12,2023-09-13,2023-10-16,23,signal,27.11375704854749,112.70514279639127,25.2635134127237,106.98690401770759,0.019272196141953375,0.00423654701703766,-0.01046259307745057,0.0009700777420050437,0.0009700777420051944,-0.012402748561460808
FITB,NTRS,-1,2023-09-12,2023-09-13,2023-10-09,18,signal,25.173481087548147,66.75306921795276,21.742854272182065,60.79254786467067,0.016924491773616056,0.008599235535402174,0.007751105189442137,0.0009454169050990283,0.0009454169050991273,0.005860271379243982
KEY,TFC,-1,2023-09-12,2023-09-13,2023-09-25,8,signal,10.321400412781076,26.09770784086714,9.128955089331457,24.05350784508823,0.04622017746090666,0.020038761597703594,0.015103785433751148,0.0009519873449218223,0.0009519873449219765,0.01319981074390735
NTRS,ZION,1,2023-09-12,2023-09-13,2023-10-20,27,signal,66.75306921795276,33.73095414610032,60.406963956405676,28.881859227480486,0.008811391231475974,0.01221134993385572,0.0042385016056316616,0.0009425229475026954,0.0009425229475027675,0.0023534557106261985
AFL,USB,-1,2023-09-13,2023-09-14,2023-10-24,28,signal,72.21071182929222,31.173500747087612,72.91192007711041,27.88863292649234,0.009895669634247005,0.00914917202221616,-0.03600452730582982,0.0009882186202566099,0.0009882186202566248,-0.03798096454634305
BKR,MPC,1,2023-09-13,2023-09-14,2023-10-04,14,signal,34.52015818401796,148.04798976238092,31.942629112537194,136.5968864448245,0.012545952464967878,0.0038287896315085277,0.012468153721158948,0.0009618452774364473,0.0009618452774364445,0.010544463166286055
C,USB,-1,2023-09-13,2023-09-14,2023-10-17,23,signal,39.01693248222917,31.173500747087612,37.102718746064504,28.82092095875964,0.01327906771773571,0.015457780878291952,-0.00997760221834252,0.0009690868195792234,0.0009690868195793281,-0.01191577585750107
CB,FITB,-1,2023-09-13,2023-09-14,2023-10-20,26,signal,203.38485911328146,24.564232279529367,202.7749013895769,22.545060221171706,0.00364259775943379,0.01054010339516846,-0.018072449424416565,0.0009880022055927657,0.000988002205592894,-0.020048453835602227
CB,KEY,-1,2023-09-13,2023-09-14,2023-10-13,21,signal,203.38485911328146,9.942341642059443,203.08480322045486,9.266786585869575,0.0037031758621239286,0.024800651718986575,-0.014652235818397794,0.000990810107563999,0.0009908101075641342,-0.016633856033525924
CB,SCHW,-1,2023-09-13,2023-09-14,2023-10-23,27,signal,203.38485911328146,56.97696808702247,200.20873992729318,48.62418228212033,0.003602396700897903,0.004687754087661795,-0.026739702970960545,0.0009744615520701549,0.0009744615520702643,-0.028688626075100965
MS,TROW,-1,2023-09-13,2023-09-14,2023-09-25,7,signal,80.30708597682097,93.97557987876782,75.41340398957985,90.54817191266044,0.007373306705696717,0.004339199608985142,0.022184846614170764,0.0009744357084642626,0.0009744357084643928,0.020235975197242108
AXP,COF,-1,2023-09-14,2023-09-15,2023-09-19,2,signal,156.40589154971383,97.34558668238846,153.68292711996963,97.87805081789546,0.0042929785772895974,0.003373353496274187,0.014480702834803712,0.0009948851180371513,0.000994885118037177,0.012490932598729384
AWK,NEE,1,2023-09-15,2023-09-18,2023-10-16,20,signal,129.32459601656703,62.91213952763983,110.1031053940458,49.86938783794037,0.004039320630792393,0.0075921533948003495,0.02229250342035817,0.0009116955280009633,0.0009116955280010789,0.02046911236435613
AJG,ICE,-1,2023-09-19,2023-09-20,2023-10-23,23,signal,228.94988919711005,112.06700654660492,221.3442798957887,103.87884889194339,0.002468448247300531,0.0038796754461482646,-0.012018680414397496,0.0009746608380844741,0.000974660838084613,-0.013968002090566582
EOG,FANG,1,2023-09-19,2023-09-20,2023-10-19,21,signal,115.15246466477838,138.44040972197712,122.08101132939642,151.86308826453418,0.004820898325834753,0.0032137765098283018,-0.008697347642557057,0.0010383223405641554,0.0010383223405642465,-0.010773992323685458
AON,NDAQ,-1,2023-09-20,2023-09-21,2023-09-29,6,signal,334.3155743897944,48.36406488600716,323.28877018203957,47.2789449099503,0.002065103838143541,0.0063975781018211445,0.016814312539308884,0.0009849566440870987,0.0009849566440871572,0.014844399251134628
AXP,PNC,1,2023-09-20,2023-09-21,2023-10-13,16,signal,150.57161227736842,110.10218881585128,148.21859067606567,108.02763371638119,0.004088491498294089,0.0034922516124340354,-0.0013837580524571035,0.000991682368563833,0.0009916823685638967,-0.003367122789584833
MA,PGR,1,2023-09-20,2023-09-21,2023-11-15,39,signal,401.3210394518944,130.86799369751049,390.81310387460036,145.77275597522717,0.0011067121777750405,0.004247005151198579,-0.07390410131767432,0.0010257611198456382,0.0010257611198458629,-0.07595562355736582
AJG,AMP,-1,2023-09-21,2023-09-22,2023-10-03,7,signal,226.0366567728982,324.4096663036459,218.75862982368315,309.5965153949936,0.002651515661635598,0.001234737020852741,0.0019885634027116753,0.0009811067834534313,0.0009811067834535154,2.6349835804728543e-05
ATO,FE,1,2023-09-21,2023-09-22,2023-10-10,12,signal,103.64060138384566,31.76742675923948,101.9385505792477,30.703898496629463,0.007587633811007822,0.006733282626324858,-0.004763254843965726,0.0009902470158173328,0.000990247015817446,-0.006743748875600504
D,XEL,1,2023-09-21,2023-09-22,2023-11-06,31,signal,41.044544229407585,53.39912625268617,38.19183669333711,55.233995869993606,0.014170487102134918,0.007836460542881632,-0.053816093512910244,0.0009870451905015297,0.0009870451905016342,-0.05579018389391341
AEE,AWK,-1,2023-09-22,2023-09-25,2023-09-27,2,signal,72.51518955656645,122.3868671670913,70.05920372182332,120.16486120524061,0.010007296524669269,0.002239561791905169,0.020586460908623153,0.0009850020535075452,0.0009850020535076746,0.018616456801607933
AXP,COF,1,2023-09-22,2023-09-25,2023-10-09,10,signal,147.07375895859033,93.17401205568251,143.06218165765583,88.43433192239054,0.004540263702044922,0.0035676661687349567,-0.0003214166132589971,0.0009826057319503264,0.0009826057319504244,-0.002286628077159748
AEP,FE,1,2023-09-26,2023-09-27,2023-10-17,14,signal,68.54527167397953,31.087950962341154,67.81299222983843,31.702040455580665,0.011592756992371205,0.00661560339947581,-0.011553632124894126,0.0009980780605999898,0.000998078060599991,-0.013549788246094107
AEP,NRG,1,2023-09-26,2023-09-27,2023-10-17,14,signal,68.54527167397953,36.41017045649604,67.81299222983843,39.07833317539796,0.013045236950283043,0.002916889163095176,-0.016335989136310715,0.0009995046464710447,0.0009995046464710534,-0.018334998429252812
D,FE,1,2023-09-26,2023-09-27,2023-12-22,61,signal,39.958706806272616,31.087950962341154,41.439684242701205,32.60391861001611,0.02284317034799467,0.002818737749157568,0.030576576265946828,0.0010194716390751252,0.0010194716390752752,0.028537632987796428
D,PNW,1,2023-09-26,2023-09-27,2023-11-03,27,signal,39.958706806272616,65.73683291537105,36.95957141401353,67.8239403969766,0.024934452787162182,6.309038756543284e-05,-0.07395032395922493,0.000963152301271553,0.0009631523012716826,-0.07587662856176818
AEP,CNP,1,2023-09-27,2023-09-28,2023-10-17,13,signal,68.41957492564033,25.26693358314699,67.81299222983843,25.579519753183764,0.012859972231464659,0.004769300559866936,-0.008294231568918101,0.0009972224509444106,0.0009972224509445136,-0.010288676470807025
AEP,ETR,1,2023-09-27,2023-09-28,2023-10-17,13,signal,68.41957492564033,42.43481331873024,67.81299222983843,42.93108923682162,0.008906001284516137,0.009208576344926278,-0.00897253026649459,0.0009996906813752667,0.0009996906813754141,-0.01097191162924527
AEP,SRE,1,2023-09-27,2023-09-28,2023-10-31,23,signal,68.41957492564033,63.92380905582535,67.91165164167221,64.22652502441059,0.007896605598183264,0.007192275003630416,-0.0051889644532115585,0.0009991218884741575,0.0009991218884742863,-0.007187208230160003
D,EXC,1,2023-09-27,2023-09-28,2023-12-22,60,signal,39.758908965184496,34.646725185206435,41.439684242701205,31.777904381220267,0.023457396547727237,0.0019566547817432218,0.046057254485253864,0.0010173503488441625,0.00101735034884444,0.04402255378756526
D,NI,1,2023-09-27,2023-09-28,2023-12-21,59,signal,39.758908965184496,22.952274844294863,41.65097394855273,24.08959817326528,0.023010168450620858,0.0037275263506691947,0.040321643859591035,0.0010243125507348066,0.0010243125507350668,0.03827301875812116
AEP,AES,1,2023-09-28,2023-09-29,2023-10-12,9,signal,67.55759008275308,13.03762032092273,67.06847648991263,11.392340866507327,0.01381805313112405,0.005132737188525083,0.0026790214534433846,0.00099283202527355,0.0009928320252735056,0.0006933574028963288
AEP,AWK,1,2023-09-28,2023-09-29,2023-10-12,9,signal,67.55759008275308,116.32784566190502,67.06847648991263,112.87306070399774,0.012806403635040957,0.0011621892369696714,-0.001253447225132342,0.0009952249740430288,0.0009952249740429926,-0.003243897173218363
AEP,EXC,1,2023-09-28,2023-09-29,2023-10-17,12,signal,67.55759008275308,33.98628795837511,67.81299222983843,35.62838792545281,0.0111281100384561,0.007310687078288706,-0.008155062928821509,0.0010076728849280716,0.001007672884928045,-0.010170408698677625
D,NEE,1,2023-09-28,2023-09-29,2023-12-21,58,signal,38.73388545095497,52.72697424240821,41.65097394855273,55.478940005831255,0.02106362321322171,0.003498010309934597,0.05285391249049699,0.0010358641105156123,0.0010358641105157598,0.05078218426946562
AXP,FITB,1,2023-09-29,2023-10-02,2023-10-09,5,signal,143.41163140463414,22.961553185235175,143.06218165765583,21.742854272182065,0.00444629501545815,0.015786689469941283,0.018675210141157195,0.0009897455115755352,0.0009897455115755968,0.01669571911800606
AEE,AWK,1,2023-10-02,2023-10-03,2023-10-09,4,signal,64.49098824841911,110.6977151424536,67.48143492144548,110.38067296527973,0.011205170658952029,0.002507637504065583,0.035320079992253006,0.0010165878206454095,0.0010165878206455413,0.03328690435096205
AEP,EIX,1,2023-10-02,2023-10-03,2023-10-05,2,signal,63.77745304380654,52.67321453976151,65.55255390139548,53.33616573382884,0.010038160288385061,0.006833294589261848,0.014299924036367654,0.0010113179072050171,0.001011317907205218,0.012277288221957419
AEP,NEE,1,2023-10-02,2023-10-03,2023-10-12,7,signal,63.77745304380654,47.606966903509495,67.06847648991263,48.56979190758952,0.014043550481287151,0.002199958109028632,0.04512405363476452,0.0010245744095754485,0.001024574409575556,0.04307490481561352
AEP,PPL,1,2023-10-02,2023-10-03,2023-10-17,10,signal,63.77745304380654,20.261470175639836,67.81299222983843,21.731082588746155,0.010156868161968093,0.0173910515933903,0.016463759020144138,0.0010334248437810013,0.0010334248437811003,0.014396909332582036
D,ES,1,2023-10-02,2023-10-03,2023-11-03,23,signal,36.25818469306437,48.58550954792166,36.95957141401353,48.81035498864319,0.01713929515180393,0.007794122230373728,0.011275811999532028,0.001007010821554306,0.0010070108215544556,0.009261790356423267
D,EVRG,1,2023-10-02,2023-10-03,2023-12-01,42,signal,36.25818469306437,42.37972877608196,40.004651933714946,45.99143377827982,0.018165704728639206,0.008058165048381243,0.040002251448621746,0.0010487487932182133,0.0010487487932183122,0.03790475386218522
D,WEC,1,2023-10-02,2023-10-03,2023-11-06,24,signal,36.25818469306437,68.62516447281497,38.19183669333711,75.36188536736913,0.015137511001307129,0.006574700667967588,-0.013984418549339461,0.0010368263891688467,0.0010368263891689347,-0.016058071327677243
MET,PNC,1,2023-10-03,2023-10-04,2023-10-16,8,signal,55.069516137911336,107.04305276632775,57.37380200893736,106.98690401770759,0.011429271570864864,0.0034633227015977357,0.027543977132410743,0.0010132068997849156,0.0010132068997850945,0.025517563332840734
AJG,AMP,-1,2023-10-04,2023-10-05,2023-11-15,29,signal,222.66703197308266,304.98531708600365,236.5664967891896,331.6391340294193,0.002741749544206131,0.0012767564276988577,-0.0030424611405910768,0.0010359580784646395,0.0010359580784647182,-0.005114377297520434
AEP,NI,1,2023-10-05,2023-10-06,2023-10-17,7,signal,63.31055117812094,21.431839556674177,67.81299222983843,23.66787076564448,0.01019354175258485,0.016554168785986343,0.009921786051328527,0.0010416032461217353,0.0010416032461218426,0.007838579559084949
ES,WEC,1,2023-10-05,2023-10-06,2023-11-07,22,signal,47.98201613856258,70.37579346451379,49.624299157351714,74.1756480074883,0.00928682618276655,0.007876923397770177,-0.013657032875530894,0.0010225333437445276,0.001022533343744623,-0.015702099563020044
HBAN,TFC,1,2023-10-10,2023-10-11,2023-11-03,17,signal,9.155627965917782,25.304051822485622,9.396331964202288,26.632957604826128,0.061010444900942096,0.017446588290662958,-0.007480422432084782,0.0010189916047180954,0.0010189916047182246,-0.0095184056415211
CVX,FANG,1,2023-10-11,2023-10-12,2023-11-27,31,signal,144.08174409612744,143.88485489951535,128.86711102930514,140.834797570397,0.004624884338035745,0.0023199427552923336,-0.062328530267829876,0.0009614295079629596,0.0009614295079630956,-0.06425138928375594
DTE,PEG,1,2023-10-11,2023-10-12,2023-11-10,21,signal,88.74868343367811,54.80853835579871,90.21622404207722,55.67045013336501,0.005120614757910665,0.009952945634691127,-5.5850124489977004e-05,0.001008000842325733,0.0010080008423258603,-0.00207185180914157
KMI,XOM,-1,2023-10-11,2023-10-12,2023-12-20,48,signal,14.609914174556733,97.54135131547031,15.524248385072653,94.59673792454471,0.03412296276298293,0.005141077634659209,-0.04533025772758935,0.0010080205375723645,0.0010080205375725202,-0.047346298802734235
AEP,EIX,1,2023-10-12,2023-10-13,2023-10-17,2,signal,66.39930156790517,56.975562410847765,67.81299222983843,57.24180088314294,0.009508361061763457,0.006472643425636033,0.01272633133452222,0.0010077167885701784,0.0010077167885702105,0.010710897757381831
OKE,VLO,-1,2023-10-12,2023-10-13,2023-11-15,23,signal,59.244358258504676,117.00689847739562,57.41482502061316,115.80386253691633,0.006372417685789789,0.005320989557849348,0.006248302182472652,0.0009910938976002933,0.000991093897600424,0.0042661143872719355
AEE,AWK,-1,2023-10-13,2023-10-16,2023-10-24,6,signal,71.22026935890408,110.21326357853206,69.33808407242351,108.55158157967065,0.010426602831649532,0.0023333995613669762,0.01673544053410952,0.0009880101436768095,0.000988010143677004,0.014759420246755707
KMI,PSX,-1,2023-10-13,2023-10-16,2023-10-30,10,signal,14.860474362733887,101.04901566242434,14.204161685129542,101.59986195838744,0.03791329816299193,0.004319950178034434,0.028251298485024105,0.000988691696543554,0.000988691696543618,0.026273915091936932
KMI,VLO,-1,2023-10-13,2023-10-16,2023-12-15,43,signal,14.860474362733887,117.3293464461426,15.489046583391964,117.68086206887152,0.03294321533467886,0.0043506455277328064,-0.018166746230029184,0.0010111239165533038,0.0010111239165534278,-0.020188994063135915
CB,PNC,-1,2023-10-17,2023-10-18,2023-11-15,20,signal,209.19889702868846,107.14114807817423,212.60376323896904,114.7382669310264,0.0035235109098815734,0.0024514196959594084,0.007641718381920928,0.0010150748321052856,0.0010150748321054296,0.005611568717710213
AMP,MS,-1,2023-10-18,2023-10-19,2023-10-26,5,signal,310.1341741110318,68.33114629090689,295.6142190178241,65.16289210030241,0.0019974791306234373,0.005566914704780824,0.012342469369231779,0.0009765629351193596,0.0009765629351194275,0.010389343498992992
AON,NDAQ,1,2023-10-18,2023-10-19,2023-11-03,11,signal,318.99888788802974,49.938089185914805,316.6199506646516,48.191104602258804,0.0021113870110681097,0.006540960825786834,0.007396050706445321,0.0009919501350849744,0.0009919501350850854,0.005412150436275261
MS,TROW,1,2023-10-19,2023-10-20,2023-10-31,7,signal,66.73398819555158,83.77756397075795,65.31326149382188,78.51901221210773,0.008618572453649357,0.005072039956237197,0.01540756922197243,0.0009806206058487203,0.0009806206058487962,0.013446328010274913
AXP,COF,1,2023-10-20,2023-10-23,2023-11-13,15,signal,137.28691204775825,85.93191582145451,149.34291799701847,99.94433739694318,0.004883384804144298,0.0038372852102870245,0.00616095169653582,0.001056493517174673,0.0010564935171747485,0.004047964662186398
AXP,FITB,1,2023-10-20,2023-10-23,2023-10-24,1,signal,137.28691204775825,21.03300022738861,141.3659450902675,21.008724195182957,0.004718452510158615,0.01675299193993398,0.02066299250787976,0.0010095726375571833,0.0010095726375571542,0.018643847232765423
BAC,FITB,-1,2023-10-20,2023-10-23,2023-10-25,2,signal,24.305436746414333,21.05404374937699,23.631423622006412,20.643666642016665,0.022909283174717184,0.021046919702628612,0.007791889187638373,0.0009879056835112032,0.0009879056835113737,0.005816077820615797
FITB,RF,-1,2023-10-20,2023-10-23,2023-12-26,44,signal,21.03300022738861,12.503415300217894,31.331823116455713,17.158344351684345,0.021603948438641035,0.043640038446460146,-0.018141096800277146,0.0012128591022844532,0.0012128591022846165,-0.020566815004846212
MET,RF,-1,2023-10-20,2023-10-23,2023-11-03,9,signal,54.804138308738096,12.503415300217894,55.93912237374541,13.902171038447474,0.011463109699163596,0.029723527656708618,0.02959268008517285,0.001027172058907541,0.0010271720589076746,0.027538335967357636
CVX,EOG,1,2023-10-23,2023-10-24,2023-11-24,22,signal,141.99014164809796,119.02443680606703,128.5553163635059,111.30442865370104,0.004405935193983857,0.003146630511203797,-0.03394258203773075,0.0009583743097006882,0.0009583743097007246,-0.035859330657132156
CB,FITB,-1,2023-10-24,2023-10-25,2023-11-06,8,signal,207.97997880411077,20.664320635655496,212.95238758200747,23.948463823227243,0.0037334642441045076,0.010803031724574155,0.01794114178177817,0.0010267491177452315,0.0010267491177453302,0.01588764354628761
CB,KEY,-1,2023-10-25,2023-10-26,2023-10-30,2,signal,209.7986343061208,8.471326192656868,203.59802244348697,8.696256787352183,0.0037508137882601876,0.025119689123287044,0.02989844367149636,0.000990916588417331,0.000990916588417495,0.027916610494661535
CB,SCHW,-1,2023-10-25,2023-10-26,2023-10-30,2,signal,209.7986343061208,47.223211976383716,203.59802244348697,48.64336483534063,0.003685632430477029,0.004796067708834279,0.03065603846127033,0.000991713023094623,0.0009917130230947789,0.02867261241508093
HBAN,TRV,1,2023-10-25,2023-10-26,2023-11-03,6,signal,8.485702962322597,157.36983537758675,9.396331964202288,162.35759298585438,0.03874795914321793,0.00426399993401798,0.015045326054332103,0.0010281088074193504,0.0010281088074195303,0.012989108439493222
AJG,ICE,-1,2023-10-30,2023-10-31,2023-11-16,12,signal,227.61951185970565,102.73534473810288,234.7487298632893,108.03285024395153,0.0025698850453042864,0.004039104291772816,0.0040956814915344315,0.0010197749992947292,0.001019774999294767,0.0020561314929449354
AJG,BLK,-1,2023-11-01,2023-11-02,2023-11-15,9,signal,230.15402649713997,583.7372137328255,236.5664967891896,652.709210530532,0.003120205720383435,0.00048250068039971256,0.014297237614469015,0.0010264287180909552,0.0010264287180910122,0.012244380178287047
BKR,MPC,1,2023-11-01,2023-11-02,2023-11-06,2,signal,32.876341718309035,146.2297768778761,33.359806006016115,143.3395320599966,0.012901756777017959,0.0039373744412013216,0.01861487211069934,0.000997357385595038,0.0009973573855951196,0.01662015733950918
CB,KEY,-1,2023-11-01,2023-11-02,2023-11-06,2,signal,212.32355606364487,8.86936584398877,212.95238758200747,10.105290877145091,0.00367918417665701,0.024639976272405096,0.02915568561520149,0.0010161090959011666,0.00101610909590127,0.027123467423399054
CB,SCHW,-1,2023-11-01,2023-11-02,2023-11-16,10,signal,212.32355606364487,51.43768085887472,212.77806984187245,53.972138997041014,0.003579975310523437,0.004658577410825297,0.011186280688798888,0.0010064593620025108,0.0010064593620026999,0.009173361964793677
EOG,FANG,1,2023-11-01,2023-11-02,2023-11-21,13,signal,112.06480413496732,141.8163455368271,112.39590433622105,142.16266480193732,0.0048403707883505325,0.0032267575225757316,0.001486562052038952,0.0010014026037807175,0.0010014026037808254,-0.0005162431555225909
AEP,AES,-1,2023-11-02,2023-11-03,2023-11-14,7,signal,71.93020538914381,13.97453681307621,69.69825006016981,14.108900116428218,0.012961013926500573,0.004814388651589255,0.03056071538694495,0.0009854341219378672,0.000985434121938021,0.02858984714306906
AEP,AWK,-1,2023-11-02,2023-11-03,2023-11-14,7,signal,71.93020538914381,118.25769810624561,69.69825006016981,118.16657679119893,0.01209295328588513,0.001097443166134266,0.027877022284480715,0.0009860912195029505,0.0009860912195031025,0.02590483984547466
AEP,CNP,-1,2023-11-02,2023-11-03,2023-11-14,7,signal,71.93020538914381,25.829752441957933,69.69825006016981,25.303961807150422,0.012263810332633926,0.0045482055818460605,0.025965614996689635,0.0009847420713548936,0.0009847420713550452,0.023996130853979697
AEP,EIX,-1,2023-11-02,2023-11-03,2023-11-16,9,signal,71.93020538914381,56.07360382487807,70.36117232375176,57.30651945501402,0.009081151320645534,0.00618182818373968,0.022866837988279147,0.00099653870381006,0.0009965387038102223,0.020873760580658863
AEP,EXC,-1,2023-11-02,2023-11-03,2023-11-14,7,signal,71.93020538914381,36.905936165806786,69.69825006016981,35.313534310371196,0.0103950454200908,0.006829095324207043,0.01330933022007623,0.000982717264991646,0.0009827172649918034,0.01134389569009278
AEP,FE,-1,2023-11-02,2023-11-03,2023-11-14,7,signal,71.93020538914381,32.72668181916727,69.69825006016981,31.902059134431887,0.01103352201357987,0.006296466473787438,0.020418920963134024,0.0009848017955334518,0.0009848017955336149,0.018449317372066957
AEP,NEE,-1,2023-11-02,2023-11-03,2023-11-14,7,signal,71.93020538914381,56.02869741806106,69.69825006016981,51.27325897156984,0.012385612529947545,0.0019402378876233692,0.019398630139144526,0.0009811780964640885,0.0009811780964642392,0.017436273946216198
AEP,NI,-1,2023-11-02,2023-11-03,2023-11-14,7,signal,71.93020538914381,24.11721508635303,69.69825006016981,23.403421585215458,0.008999876632719114,0.01461567337901052,0.010639344963195237,0.0009845950253764128,0.0009845950253765667,0.008670154912442258
AEP,PPL,-1,2023-11-02,2023-11-03,2023-11-09,4,signal,71.93020538914381,23.126074949565453,70.49739082399624,23.211553834583004,0.008965078757840667,0.015350415573987662,0.015151523855575836,0.0009940920258261618,0.0009940920258262546,0.013163339803923419
AMP,MS,-1,2023-11-02,2023-11-03,2023-12-15,29,signal,322.2874154061126,68.90757969801281,363.6731806044437,83.98339789324413,0.00194402743194151,0.005417946416288587,0.0023058535724886503,0.0010809412464627963,0.0010809412464628325,0.00014397107956302144
AXP,MET,-1,2023-11-02,2023-11-03,2023-12-12,26,signal,147.88906075113604,55.93912237374541,163.3762512684499,59.99660927271317,0.0033215548187516693,0.00909536811939946,-0.0134930372019334,0.0010441781040232286,0.0010441781040233735,-0.015581393409980002
AEP,NRG,-1,2023-11-03,2023-11-06,2023-11-14,6,signal,71.5534710233689,43.59582899056589,69.69825006016981,44.64010553665346,0.012295232856023693,0.00274918973201856,0.026670944831154012,0.000989656731352922,0.0009896567313529645,0.024691631368448125
CFG,MET,-1,2023-11-06,2023-11-07,2023-11-13,4,signal,23.122642954395157,55.0603602178591,22.576844734792925,55.61494386861872,0.015157961904213101,0.011799000023379292,0.01581600958686808,0.0009992884584715976,0.000999288458471712,0.01381743266992477
D,ES,-1,2023-11-06,2023-11-07,2023-12-01,17,signal,39.54560309735599,49.67394828107092,40.04467659798079,52.388533160983926,0.016091812099897403,0.007317777615936939,0.012847545870561965,0.001013814395865959,0.0010138143958661112,0.010819917078829894
D,PNW,-1,2023-11-06,2023-11-07,2023-12-21,31,signal,39.54560309735599,65.19676793959661,41.6926457584062,63.28371147054608,0.025169727374238986,6.36856909799363e-05,-0.05313586257449097,0.0010264501881184773,0.0010264501881187488,-0.05518876295072819
KMI,SLB,-1,2023-11-07,2023-11-08,2023-12-18,27,signal,14.48009199327645,48.98752305822998,15.621055383571669,49.34219268667795,0.04168236159125679,0.008090462194362453,-0.04366350841355688,0.001025098962667862,0.0010250989626679357,-0.04571370633889268
D,WEC,-1,2023-11-08,2023-11-09,2023-12-01,15,signal,39.866696273195885,73.01638719275589,40.04467659798079,75.82551896924605,0.013969578459848375,0.006067430558647311,0.015567613825961337,0.001009711953409743,0.0010097119534098302,0.013548189919141763
AEP,SRE,-1,2023-11-09,2023-11-10,2023-11-14,2,signal,70.56300400580167,64.13468035264847,69.69825006016981,65.5751110245486,0.007752938283403495,0.007061421965058126,0.01787756343402338,0.0010016906775108774,0.001001690677511009,0.015874182079001493
BKR,MPC,-1,2023-11-09,2023-11-10,2023-12-08,19,signal,32.48215715283859,135.22949756254968,30.09636917515442,135.08981860052126,0.013559820132195376,0.004138203047735139,0.03275643902326729,0.0009836030786862945,0.0009836030786863242,0.03078923286589467
FITB,NTRS,1,2023-11-10,2023-11-13,2023-12-04,14,signal,22.531359512825606,64.52896823510069,27.434346798405816,73.09387546726597,0.018075568880842732,0.009184091098384712,0.011046948544663177,0.0010835524116819765,0.0010835524116820953,0.008879843721299106
NTRS,PNC,-1,2023-11-13,2023-11-14,2023-12-20,25,signal,66.35584256879817,111.36909251738388,79.43806247097467,139.40080586083425,0.008701727404336489,0.0037937980585765296,-0.0063812387804361576,0.0011100129909335167,0.0011100129909335753,-0.008601264762303249
NTRS,SCHW,-1,2023-11-14,2023-11-15,2023-12-08,16,signal,67.79717025657051,53.33176026793961,74.32709059796271,60.696986507689,0.00888839253026955,0.00744939276344449,-0.0021176820937833796,0.0010563500403816541,0.0010563500403817398,-0.004230382174546773
AFL,USB,1,2023-11-15,2023-11-16,2023-11-24,5,signal,76.00752728969104,32.89633419371558,77.9111476900711,32.7070536019598,0.009398540615478637,0.00868954482384987,0.020544358220424396,0.0010083423846519663,0.0010083423846519936,0.018527673451120438
ES,WEC,-1,2023-11-21,2023-11-22,2023-12-08,11,signal,52.018796895400634,73.63268035561815,53.269289873705006,77.02216831967205,0.008736099674487872,0.007409806814186151,0.015209088786634042,0.0010180690746997125,0.0010180690746998886,0.013172950637234442
NTRS,ZION,-1,2023-11-21,2023-11-22,2023-12-14,15,signal,69.92701991201812,31.69077752951288,78.18582952965288,39.991406028194895,0.008782791488737942,0.012171714709698972,0.02958415625706458,0.0010866770767797578,0.0010866770767799273,0.027410802103504894
AXP,FITB,-1,2023-11-22,2023-11-24,2023-12-06,8,signal,159.50075128991628,24.715619736605177,166.61684288833172,27.60637781332877,0.004043832618822302,0.014357735957650827,0.01376345649496255,0.001034998636118352,0.0010349986361184531,0.011693459222725746
AXP,PNC,-1,2023-11-22,2023-11-24,2023-12-07,9,signal,159.50075128991628,115.86015417608137,163.44421892694433,127.0197000895234,0.0038685479424131653,0.003304383241424797,0.022645876656639686,0.0010259537715490272,0.0010259537715492035,0.020593969113541458
CB,SCHW,-1,2023-11-22,2023-11-24,2023-11-30,4,signal,219.98530656459167,54.09364644190092,217.8813457074537,57.47907349523656,0.0034429148110209093,0.004480222285017028,0.023414933663546682,0.0010037099380442787,0.0010037099380443629,0.02140751378745804
AON,NDAQ,1,2023-11-28,2023-11-29,2023-12-12,9,signal,317.1427822981074,53.47080600166321,323.40421565701047,52.47221331176928,0.0020716081508142274,0.006417728104712422,0.020383375786264694,0.001003443033088365,0.0010034430330886032,0.018376489720087725
KEY,TFC,-1,2023-11-29,2023-11-30,2023-12-12,8,signal,10.992654420476612,28.40515767721188,11.549433587464193,30.36858240858938,0.04290545917544703,0.018601665222596524,0.013664341176865855,0.0010302374529401713,0.0010302374529403018,0.011603866270985383
ATO,ED,-1,2023-11-30,2023-12-01,2023-12-11,6,signal,106.63826480611792,82.3471200253512,106.18279285567263,83.11187016498451,0.005529201392541019,0.004982392076463392,0.007329239036203181,0.001000557857354469,0.0010005578573545528,0.005328123321494159
DTE,PEG,-1,2023-11-30,2023-12-01,2024-01-22,33,signal,94.76660708519927,56.59542019888349,95.82186516366836,53.213971574556865,0.00488367973697684,0.009492414723111487,-0.036265099594764066,0.0009865556073396812,0.0009865556073397463,-0.03823821080944349
KMI,PSX,1,2023-11-30,2023-12-01,2023-12-11,6,signal,15.43624659678424,117.40659638356396,15.535107814802098,114.35960416434867,0.034706713156881994,0.003954582664807934,0.016476460921423502,0.0009957303754242774,0.000995730375424347,0.014485000170574878
BAC,FITB,1,2023-12-01,2023-12-04,2024-01-29,37,signal,28.653496009546668,27.434346798405816,31.315756862205625,31.78498373594294,0.018568063512787142,0.01705861064296542,-0.023720942697676856,0.0010618502688940577,0.0010618502688941346,-0.025844643235465047
BAC,PNC,1,2023-12-01,2023-12-04,2024-01-04,21,signal,28.653496009546668,124.29149485667114,31.47515512848006,137.80734595915285,0.017864972239313135,0.0039272013574604145,-0.001618851569657756,0.0010517553986914647,0.001051755398691556,-0.003722362367040777
HBAN,TFC,-1,2023-12-01,2023-12-04,2024-01-04,21,signal,10.3957508503689,28.984852160129716,11.29827154811463,32.51833986041458,0.053517899709505184,0.015304014975283517,0.006826670342462406,0.0010511338500314076,0.0010511338500315598,0.004724402642399438
MET,PNC,1,2023-12-01,2023-12-04,2024-01-04,21,signal,58.477664192415965,124.29149485667114,61.933770660343356,137.80734595915285,0.010402540912442994,0.0031522005469012426,-0.005612999216583189,0.0010393850901219083,0.0010393850901220035,-0.007691769396827102
MET,RF,1,2023-12-01,2023-12-04,2023-12-13,7,signal,58.477664192415965,15.199474637081526,60.144201618802924,15.351167262274025,0.01021659438069053,0.026491347775724965,0.014018417904753326,0.0010106230881050536,0.0010106230881051699,0.011997171728543103
AXP,NTRS,1,2023-12-06,2023-12-07,2023-12-13,4,signal,163.44421892694433,74.03968190857844,165.94630162924088,74.62391577087091,0.0033306162365348254,0.006154458215490206,0.00574384447383324,0.0010060100939648558,0.0010060100939649715,0.0037318242859034124
CB,FITB,1,2023-12-06,2023-12-07,2024-01-04,18,signal,217.8813677370819,27.524889768927114,222.1361549359161,31.116696540755836,0.0033618252812788085,0.009727669207889108,-0.01961120787361851,0.0010248490898850438,0.0010248490898851468,-0.0216609060533887
CB,PNC,1,2023-12-06,2023-12-07,2024-01-04,18,signal,217.8813677370819,127.0197000895234,222.1361549359161,137.80734595915285,0.0032659633251846828,0.0022722355702619085,-0.009596680852929666,0.0010194128635735537,0.0010194128635736977,-0.011635506580076917
OKE,VLO,-1,2023-12-06,2023-12-07,2023-12-14,5,signal,59.8754735505442,114.63141960767194,59.176598823106445,117.69013851494812,0.0064277596638770244,0.005367200290107149,0.021915038489804924,0.0010060827001885774,0.001006082700188718,0.019902873089427627
AJG,AMP,1,2023-12-07,2023-12-08,2024-01-11,22,signal,235.67636344937327,339.67008730691543,224.55001416586927,365.2751983639005,0.0025392787454810543,0.00118247141386897,-0.057529118152787065,0.0010010959714380884,0.0010010959714382406,-0.0595313100956634
AJG,BLK,1,2023-12-07,2023-12-08,2024-01-11,22,signal,235.67636344937327,699.3963960639079,224.55001416586927,750.7886838361998,0.0029089591632555077,0.0004498340498373546,-0.05448854908006406,0.0009955475607830633,0.000995547560783191,-0.05647964420163031
CB,KEY,1,2023-12-07,2023-12-08,2024-01-04,17,signal,215.84775446943488,11.502712652888839,222.1361549359161,12.500150042950773,0.0034151420571949718,0.02287165176184154,-0.0003148786197662533,0.0010223811144059215,0.0010223811144060586,-0.0023596408485782334
CB,SCHW,1,2023-12-07,2023-12-08,2024-01-03,16,signal,215.84775446943488,60.696986507689,222.4566297316162,64.66356409835815,0.0033925487895799856,0.004414681606826282,0.005929954084645781,0.0010201994450238275,0.0010201994450240253,0.003889555194597928
CVX,EOG,-1,2023-12-08,2023-12-11,2024-01-11,21,signal,129.03641006131508,106.41629841765017,129.80759287851856,105.60319144138897,0.004876541466626054,0.0034827280684901225,-0.005592202002341645,0.00100033347301063,0.0010003334730108032,-0.007592868948363078
CVX,FANG,-1,2023-12-08,2023-12-11,2024-01-03,15,signal,129.03641006131508,135.97210773535872,133.22309020972176,144.26195058377155,0.00506910594976329,0.0025427739948535154,0.0008774683202754027,0.0010209967539530117,0.0010209967539530841,-0.0011645251876306931
MS,TROW,-1,2023-12-08,2023-12-11,2024-01-11,21,signal,76.01883039814228,84.84688045161982,84.0212444073355,94.28805410400444,0.007938751370004323,0.00467196445442018,-0.01836663685358133,0.0010537106132938213,0.001053710613293958,-0.020474058080169107
BKR,HAL,-1,2023-12-11,2023-12-12,2024-01-05,16,signal,30.38714817098293,32.097496930281544,31.617249587779206,33.893704552926465,0.019612908707736205,0.012584263483510784,-0.0004986482892009279,0.0010232685052272176,0.001023268505227379,-0.0025451852996555245
AEE,AWK,-1,2023-12-13,2023-12-14,2024-01-05,14,signal,75.15437698397827,127.86282356979746,67.9504557156679,122.73587798434718,0.009634610916882488,0.0021561574033637982,0.05931203645783012,0.000959559642517066,0.0009595596425171029,0.05739291717279595
AEP,AES,-1,2023-12-13,2023-12-14,2023-12-21,5,signal,76.13329089024776,17.249820172493603,73.22175555075731,16.229160897406903,0.012110107988509334,0.004498318326021679,0.031647417391254526,0.0009796603394104204,0.00097966033941068,0.029688096712433425
AEP,AWK,-1,2023-12-13,2023-12-14,2023-12-22,6,signal,76.13329089024776,127.86282356979746,73.1672609070856,123.51146772290885,0.011393517177299759,0.00103396889650234,0.03027484032698769,0.0009804933687399449,0.0009804933687401955,0.02831385358950755
AEP,CNP,-1,2023-12-13,2023-12-14,2023-12-22,6,signal,76.13329089024776,28.519696922075614,73.1672609070856,26.542044943694613,0.011528305203552663,0.0042754332180512476,0.026716284169934986,0.0009783042432683561,0.0009783042432686222,0.024759675683398007
AEP,EXC,-1,2023-12-13,2023-12-14,2024-01-12,19,signal,76.13329089024776,37.1704118029331,73.43062112682188,32.88121813064709,0.009942480148959498,0.006531779511521131,-0.00017252790697146192,0.0009722989705574286,0.0009722989705576529,-0.0021171258480865434
AEP,FE,-1,2023-12-13,2023-12-14,2024-01-11,18,signal,76.13329089024776,34.595871897301194,73.91192012276106,34.53453848590493,0.010427068621136465,0.005950383559489102,0.023785376133549748,0.0009879480307990137,0.0009879480307992876,0.021809480071951444
AEP,NEE,-1,2023-12-13,2023-12-14,2023-12-21,5,signal,76.13329089024776,58.72666348284098,73.22175555075731,55.423488791432625,0.011714202358334917,0.0018350597666423759,0.02902432221244156,0.0009795310506018303,0.0009795310506020847,0.027065260111237645
AEP,NI,-1,2023-12-13,2023-12-14,2023-12-22,6,signal,76.13329089024776,25.074540742239776,73.1672609070856,24.065522747472386,0.00855638921926108,0.013895456041892816,0.012337893476610661,0.000980151696445949,0.000980151696446145,0.010377590083718566
AEP,NRG,-1,2023-12-13,2023-12-14,2023-12-21,5,signal,76.13329089024776,46.7766823772239,73.22175555075731,47.35974062415616,0.011543968472531555,0.0025812085027638438,0.036099243936537836,0.0009835768662104177,0.0009835768662106766,0.03413209020411674
AEP,PPL,-1,2023-12-13,2023-12-14,2023-12-21,5,signal,76.13329089024776,25.130587453829303,73.22175555075731,24.256141165859948,0.008390697228457939,0.014366933396953097,0.012848067544668568,0.0009813676195172573,0.0009813676195174967,0.010885332305633814
AJG,ICE,1,2023-12-13,2023-12-14,2024-01-12,19,signal,237.14741975685735,118.97680518536725,226.38946908592422,123.55029236542019,0.0023578286264912146,0.003705813900869578,-0.041318056333414954,0.0009958400881805145,0.00099584008818064,-0.04330973650977611
C,USB,1,2023-12-13,2023-12-14,2023-12-21,5,signal,46.23858025503917,38.96950910293802,46.56182147526315,38.110831911369544,0.010916857703528219,0.0127080001282957,0.015437165007017438,0.000996316741300604,0.0009963167413006824,0.01344453152441615
MA,PGR,-1,2023-12-13,2023-12-14,2024-01-03,12,signal,417.8919692597456,146.60557880869416,414.5600991832431,148.35159427411486,0.001019972702845449,0.003914142638039249,0.011234364332829193,0.0010017942254899447,0.0010017942254900956,0.009230775881849153
AEP,ETR,-1,2023-12-14,2023-12-15,2024-01-11,17,signal,74.85411273614325,46.814213071901875,73.91192012276106,47.836259801943704,0.008112138244607074,0.008387742372767803,0.017216222904669926,0.0010003615073453497,0.0010003615073455535,0.015215499889979021
AFL,USB,1,2023-12-14,2023-12-15,2024-01-04,12,signal,76.29060626692886,39.706454918487516,77.98656124960716,38.59454589637882,0.008850969608196861,0.00818328081897029,0.02511304685938046,0.0010031370777626558,0.0010031370777627295,0.023106772703855076
AON,NDAQ,1,2023-12-14,2023-12-15,2024-01-16,19,signal,305.52325000939953,53.30643792635398,293.8844075998053,54.50781282869333,0.002124975825518465,0.006583058225516359,-0.031649250466337965,0.000991729223842881,0.000991729223842937,-0.03363270891402378
AXP,FITB,1,2023-12-14,2023-12-15,2023-12-20,3,signal,172.2538650278204,31.753221458161516,179.6515616253896,32.0206372234556,0.003509204825096245,0.01245952566521403,0.023642915039653132,0.0010147560358297536,0.001014756035829929,0.02161340296799345
CFG,MET,-1,2023-12-14,2023-12-15,2024-01-04,12,signal,30.069364408983034,61.27549930000305,29.042852813538282,61.933770660343356,0.012860480822680678,0.01001063431128577,0.020787958991080636,0.000996812437644609,0.0009968124376446902,0.018794334115791338
ES,WEC,-1,2023-12-14,2023-12-15,2024-01-05,13,signal,55.4336372307724,76.01027123524797,55.8453735161245,77.74744201515153,0.00834030233718555,0.007074098441313057,0.00986281336561561,0.0010079013622314803,0.001007901362231617,0.007847010641152513
FITB,NTRS,-1,2023-12-14,2023-12-15,2024-01-17,20,signal,31.753221458161516,79.24328396993154,30.439248841246222,75.75398089534217,0.013886567741519116,0.007055684057455566,-0.005394225827030006,0.000978624492685546,0.0009786244926856785,-0.007351474812401231
HBAN,TRV,-1,2023-12-14,2023-12-15,2023-12-28,8,signal,11.720397214130347,173.4407476544365,11.560390121503858,180.01047235553935,0.032464451492895056,0.0035725344530271506,0.029674375083341035,0.0010092647446557853,0.001009264744655881,0.02765584559402937
MET,RF,1,2023-12-14,2023-12-15,2024-01-04,12,signal,61.27549930000305,17.31836730451442,61.933770660343356,16.739447017049034,0.009418555777899585,0.02442205566357598,0.021334501952545867,0.0009961129429337595,0.0009961129429338724,0.019342276066678234
ATO,ED,-1,2023-12-15,2023-12-18,2024-01-11,16,signal,107.61169464744471,82.15567143272997,110.33342793423508,85.4799831838301,0.0055048063649215054,0.0049604095904428,0.002522977405206364,0.0010156442341699443,0.0010156442341700362,0.0004916889368663836
AXP,MET,-1,2023-12-15,2023-12-18,2024-01-09,14,signal,175.80361953433126,61.589443868065736,182.82622438944264,63.658787756507344,0.002903121548505873,0.007949578019894194,-0.002918657211529504,0.001018407578828521,0.0010184075788285617,-0.0049554723691865865
D,WEC,-1,2023-12-15,2023-12-18,2023-12-22,4,signal,42.892318626906246,75.16631776182588,41.48114465715112,75.22718024766402,0.013237218138746154,0.005749343265965711,0.020020708889468723,0.0009907718969962942,0.0009907718969964449,0.018039165095475984
KMI,PSX,1,2023-12-15,2023-12-18,2024-01-09,14,signal,15.621055383571669,119.97401394870448,15.913156710809833,122.36220598098977,0.03414102894034938,0.003890126979063698,0.0016919345911973263,0.0010096649804226606,0.0010096649804227536,-0.0003273953696480878
OKE,VLO,1,2023-12-18,2023-12-19,2023-12-29,7,signal,59.699905942408265,122.4129573373491,61.609350885900405,121.43946036045368,0.006175262998208923,0.005156364750495902,0.017814288944600208,0.0010032587415582067,0.0010032587415583515,0.015807771461483648
AXP,NTRS,-1,2023-12-19,2023-12-20,2024-01-16,16,signal,179.6515616253896,79.43806247097467,176.18790194333238,77.40341181511735,0.003063188705838678,0.005660293938835647,8.200860052889891e-05,0.0009888861565795761,0.0009888861565796583,-0.0018957637126303356
KMI,VLO,1,2023-12-19,2023-12-20,2024-01-03,8,signal,15.524248385072653,124.54703668685498,15.658193731925618,121.29085603599931,0.03127636790428622,0.004130513332232851,0.01863438130898633,0.0009953597712277977,0.0009953597712278905,0.01664366176653064
ATO,FE,-1,2023-12-26,2023-12-27,2024-01-12,11,signal,108.52898462137699,32.38060369908529,108.84368279804855,34.13296400234778,0.007283133744415683,0.006463068609785848,0.010040156449632954,0.0010065204904050737,0.0010065204904051443,0.008027115468822735
BKR,MPC,-1,2023-12-28,2023-12-29,2024-02-29,41,signal,32.293421591465936,140.25052780495267,28.307734205772363,159.31725637890972,0.013317349049809898,0.004064205416326088,0.13158220043395652,0.0010123087733552812,0.0010123087733554042,0.12955758288724584
BAC,NTRS,-1,2024-01-03,2024-01-04,2024-01-10,4,signal,31.47515512848006,76.75735674644676,31.440944631355475,78.01501868002498,0.014573169972027384,0.007052721916392517,0.010372724634964615,0.0010042293631807577,0.00100422936318092,0.008364265908602937
FITB,RF,-1,2024-01-03,2024-01-04,2024-01-23,12,signal,31.08559539478807,16.739447017049034,31.80330167399452,17.03387793040732,0.015408800319184894,0.031125821293866922,-0.0008844565056311086,0.0010101322459061812,0.001010132245906307,-0.002904720997443597
NTRS,PNC,1,2024-01-03,2024-01-04,2024-01-16,7,signal,76.75735674644676,137.6696074824321,77.40341181511735,135.3998140768634,0.007311517227053143,0.003187691198809523,0.01295785151914108,0.0009988082928838386,0.0009988082928839809,0.01096023493337326
AEP,AES,-1,2024-01-05,2024-01-08,2024-01-16,5,signal,75.99721326911155,16.3240046822991,73.55775654756627,15.827795915046877,0.012180894462093611,0.004524612071020545,0.02845321366958876,0.000983600977656416,0.00098360097765659,0.026486011714275757
AEP,AWK,-1,2024-01-05,2024-01-08,2024-01-16,5,signal,75.99721326911155,122.98026730231997,73.55775654756627,122.79194686868466,0.011469180123278563,0.00104083535674832,0.02876810581733315,0.0009855478407135008,0.0009855478407136888,0.02679701013590596
AEP,CNP,-1,2024-01-05,2024-01-08,2024-01-16,5,signal,75.99721326911155,27.250086163702854,73.55775654756627,26.495415643387428,0.01160951319587361,0.0043055503377674425,0.026055471779290202,0.0009838386933948662,0.0009838386933950444,0.024087794392500292
AEP,NEE,-1,2024-01-05,2024-01-08,2024-01-16,5,signal,75.99721326911155,57.00131577258756,73.55775654756627,55.9120006812455,0.011770221220932228,0.0018438352647753965,0.027688678930865327,0.0009842512392557832,0.0009842512392559636,0.02572017645235358
EOG,FANG,1,2024-01-08,2024-01-09,2024-02-08,21,signal,108.27591808398165,142.74330766584012,104.22227829831604,138.73775091010407,0.004915768201111111,0.0032770200291988767,-0.005816959823052432,0.0009835040174415194,0.0009835040174415615,-0.007783967857935513
KMI,SLB,-1,2024-01-08,2024-01-09,2024-01-19,7,signal,15.913156710809833,46.646040608553555,15.295432447062183,46.06014994893192,0.04004726402676435,0.0077730930596828325,0.02116920558646416,0.0009852215204612996,0.0009852215204614668,0.01919876254554139
D,ES,-1,2024-01-09,2024-01-10,2024-01-25,10,signal,42.47853591339874,51.08025374222972,39.41017239462092,48.46661223819161,0.015216761554214924,0.0069198469629901845,0.029572029209105618,0.0009674724062749739,0.0009674724062751041,0.02763708439655554
ES,WEC,1,2024-01-09,2024-01-10,2024-02-05,17,signal,51.08025374222972,77.3213353888871,48.448822748178735,71.8721813385795,0.008571173600071978,0.007269919404978505,0.018029316329360567,0.0009688574249330199,0.0009688574249331466,0.0160916014794944
KMI,XOM,-1,2024-01-09,2024-01-10,2024-01-22,7,signal,15.842823729886776,91.30629021482466,15.145823963952957,88.38168918904094,0.03378335026576985,0.005089910500492096,0.009641780203502032,0.0009807504466867016,0.0009807504466867868,0.0076802793101285426
NTRS,SCHW,-1,2024-01-10,2024-01-11,2024-01-22,6,signal,77.35709890495461,63.15908158135287,75.45873269290732,61.515905512898115,0.0076744092258369786,0.006431949124205463,0.004987352745138049,0.0009873384477980575,0.0009873384477980746,0.003012675849541917
AEP,EIX,1,2024-01-11,2024-01-12,2024-02-02,14,signal,73.43062112682188,63.11209370578953,71.61537538523915,59.71152616066737,0.008592702395783984,0.005849325484091699,0.005275547494040937,0.0009823875246172966,0.0009823875246175334,0.0033107724448061065
AEP,SRE,1,2024-01-11,2024-01-12,2024-01-25,8,signal,73.43062112682188,69.77820167091375,70.79888811866776,65.20938385134751,0.007300329668345087,0.0066491833660756346,0.0121416320121456,0.0009752431222463879,0.0009752431222465189,0.010191145767652694
HBAN,TRV,1,2024-01-12,2024-01-16,2024-03-04,33,signal,11.216922614925634,186.81089884318916,11.783604893365096,208.86314212537798,0.03146720879347423,0.0034627933750825436,-0.05748351681432434,0.001046935553731358,0.001046935553731559,-0.05957738792178726
BAC,PNC,1,2024-01-16,2024-01-17,2024-01-25,6,signal,29.77035119891402,134.8432598796415,31.137615495924138,139.32283231049843,0.01683148138794457,0.0037000122737020852,0.007458407063989501,0.001019796471570747,0.0010197964715708517,0.005418814120847903
AMP,MS,-1,2024-01-17,2024-01-18,2024-04-05,54,signal,358.8459732720278,78.3674826837231,416.38317712771334,85.97102551678483,0.0017321291046338298,0.004827392104044328,-0.061888536539209234,0.001068046223388471,0.001068046223388617,-0.06402462898598632
AEP,FE,1,2024-01-18,2024-01-19,2024-02-02,10,signal,71.0513368538942,33.231682826777565,71.61537538523915,33.02374852153813,0.011112402713861628,0.006341481083278556,0.008589200679392462,0.0010027659097117912,0.001002765909712003,0.006583668859968668
AEP,NRG,1,2024-01-18,2024-01-19,2024-02-13,17,signal,71.0513368538942,48.752954355235666,72.80678372141675,49.61579859508206,0.012206681633974528,0.002729389854027962,0.02008540622200411,0.0010122634986416972,0.0010122634986419162,0.018060879224720498
CB,KEY,-1,2024-01-18,2024-01-19,2024-03-04,30,signal,226.1856206847957,11.646266503241053,242.48976612449886,12.91962222583359,0.0032867020757985517,0.02201147245521289,-0.024517876501829846,0.001040557745430641,0.001040557745430699,-0.02659899199269119
CVX,FANG,1,2024-01-18,2024-01-19,2024-01-26,5,signal,126.39206034153949,136.97974658558502,131.87834601432186,143.31652366254872,0.005126225757739882,0.0025714265351147202,0.012851742258527112,0.0010223600512019849,0.001022360051202115,0.010807022156123012
D,EXC,1,2024-01-18,2024-01-19,2024-02-02,10,signal,40.150425080548125,31.7011014987385,40.67374828233695,31.29095474396412,0.02337761093115335,0.0019499996140281686,0.01403999100820201,0.001006158792032418,0.0010061587920326153,0.012027673424136976
D,FE,1,2024-01-18,2024-01-19,2024-02-02,10,signal,40.150425080548125,33.231682826777565,40.67374828233695,33.02374852153813,0.022607534160004265,0.0027896613728035976,0.013417149553771294,0.0010060360932003833,0.0010060360932005728,0.011405077367370339
D,NEE,1,2024-01-18,2024-01-19,2024-02-02,10,signal,40.150425080548125,53.202122420980444,40.67374828233695,54.33484617676461,0.020420669243968733,0.0033912357255958233,0.00785286216723917,0.0010075854236611605,0.0010075854236613487,0.005837691319916662
D,NI,1,2024-01-18,2024-01-19,2024-02-02,10,signal,40.150425080548125,23.697689670435604,40.67374828233695,23.943789859525264,0.022742168079221373,0.0036841116990761614,0.012001663363273603,0.0010068197342058896,0.001006819734206084,0.00998802389486163
D,PNW,1,2024-01-18,2024-01-19,2024-02-02,10,signal,40.150425080548125,62.06961946576819,40.67374828233695,62.6193690318568,0.024821600892225133,6.280484411076607e-05,0.013962204430267647,0.0010070117136221418,0.0010070117136223424,0.011948181003023162
KEY,TFC,1,2024-01-18,2024-01-19,2024-01-26,5,signal,11.646266503241053,31.76372838511545,12.87459860752064,33.01638777818572,0.03934142104828822,0.017056476210380637,0.027993185456794443,0.0010348100928141762,0.0010348100928142627,0.025923565271166002
AEP,CNP,1,2024-01-19,2024-01-22,2024-02-02,9,signal,70.40658016109096,25.89854443148425,71.61537538523915,26.22319134991621,0.012502963718003857,0.004636898959577326,0.014616860815814954,0.0010086929441009338,0.001008692944101135,0.012599474927612887
AEP,NEE,1,2024-01-19,2024-01-22,2024-02-02,9,signal,70.40658016109096,52.87951919075026,71.61537538523915,54.33484617676461,0.012713062933621268,0.001991533831040712,0.013478687747564121,0.0010095309169814433,0.001009530916981648,0.01145962591360103
AEP,PPL,1,2024-01-19,2024-01-22,2024-02-02,9,signal,70.40658016109096,23.753847688059032,71.61537538523915,24.024442466097543,0.009003804715446416,0.015416723919826675,0.0077197344128180235,0.001007663260789943,0.0010076632607900898,0.00570440789123799
CB,PNC,-1,2024-01-19,2024-01-22,2024-03-05,30,signal,230.79826679251937,138.48873219921737,241.31355809818646,140.39230087984038,0.003056079386543123,0.002126212573821478,-0.027070294318783245,0.001017879020088667,0.0010178790200887997,-0.02910605235896071
CB,SCHW,-1,2024-01-19,2024-01-22,2024-03-01,28,signal,230.79826679251937,61.57745219175044,244.22973971072074,64.44270719231616,0.0032153963210078216,0.004184155299581567,-0.03017149864339237,0.001027338068238824,0.001027338068238916,-0.03222617477987011
NTRS,PNC,1,2024-01-19,2024-01-22,2024-02-13,16,signal,75.45873269290732,138.3503126767794,74.37326856854781,134.53820173276682,0.007365426281732697,0.003211194585835996,0.005236462683671695,0.0009899386490878292,0.0009899386490879165,0.0032565853854959487
AEP,AES,1,2024-01-22,2024-01-23,2024-02-02,8,signal,70.27036789064017,14.780751994123985,71.61537538523915,14.789096082910332,0.013205097753253844,0.004905053966218286,0.01872936032675342,0.0010093330875108704,0.0010093330875109792,0.01671069415173157
AEP,AWK,1,2024-01-22,2024-01-23,2024-02-02,8,signal,70.27036789064017,119.09163775976191,71.61537538523915,115.3010386676212,0.012338321974513134,0.0011197105299578269,0.021846056672363785,0.001006547427549873,0.0010065474275499928,0.01983296181726392
AEP,NI,1,2024-01-22,2024-01-23,2024-03-12,34,signal,70.27036789064017,23.522965448435862,76.35811016602561,25.022421745927804,0.009220386268404764,0.014973777933509545,0.03471825786805635,0.001039448206152064,0.0010394482061521718,0.032639361455752115
CB,FITB,-1,2024-01-22,2024-01-23,2024-03-04,28,signal,233.06091765282184,31.80330167399452,242.48976612449886,31.82637697459728,0.0030754418977700865,0.008898999485841809,-0.027778151006369163,0.001014377542952145,0.0010143775429522902,-0.0298069060922736
AWK,NEE,1,2024-01-24,2024-01-25,2024-02-06,8,signal,115.0858846196256,54.335848600306406,113.4010508804857,51.66839738033482,0.004603902049328183,0.008653319151413444,0.01631011132160008,0.0009846140987622427,0.000984614098762382,0.014340883124075453
BKR,HAL,1,2024-01-24,2024-01-25,2024-02-13,13,signal,28.77386466439498,34.76566616544318,27.975259477634236,32.3790525663386,0.019578131777755053,0.012561949503644157,0.015322580960941596,0.0009772590290800147,0.0009772590290801709,0.013368062902781412
KMI,PSX,1,2024-01-24,2024-01-25,2024-02-21,18,signal,14.97861268317545,123.70180078437578,15.318720946349297,130.31187841036834,0.03439603685565338,0.003919183313977684,-0.013188915689490798,0.0010188138913565928,0.0010188138913567182,-0.01522654347220411
KMI,XOM,1,2024-01-24,2024-01-25,2024-02-26,21,signal,14.97861268317545,91.68114554151953,15.372348438063339,95.77455278573616,0.03473305272689607,0.005232995792246816,-0.006727571625088465,0.0010175665248645588,0.0010175665248646822,-0.008762704674817707
MA,PGR,1,2024-01-24,2024-01-25,2024-03-01,25,signal,429.80309664025765,163.93749870345937,467.6920878813016,174.0261641694741,0.0009442756975163769,0.003623655573724842,0.00025587824996225333,0.001036073465003218,0.0010360734650033893,-0.001816268680044354
NTRS,ZION,1,2024-01-24,2024-01-25,2024-02-09,11,signal,75.85760092057933,40.87665360595525,72.51069614915792,36.468604887753195,0.0075473220581003374,0.010459527706107016,0.02181033404045133,0.0009643945502574872,0.0009643945502575922,0.01988154493993625
CVX,EOG,-1,2024-01-25,2024-01-26,2024-03-01,24,signal,131.87834601432186,106.2301217145331,137.97629900961772,106.80707071804295,0.004812925789267593,0.0034372950281584443,-0.026350326847742068,0.0010155244437935374,0.0010155244437936371,-0.028381375735329242
KMI,VLO,1,2024-01-25,2024-01-26,2024-02-21,17,signal,15.251433636603437,124.76045201492614,15.318720946349297,126.60158715384469,0.03151736335602395,0.0041623403950636914,-0.0045378411858134435,0.0010048713851688337,0.0010048713851689528,-0.00654758395615123
AXP,COF,-1,2024-01-26,2024-01-29,2024-04-01,43,signal,196.3346960063413,134.14291705723275,221.3809936994424,143.48332264517404,0.003313588969666555,0.0026037649000097054,-0.05761942416990257,0.0010534913752061079,0.0010534913752062326,-0.0597264069203149
AXP,FITB,-1,2024-01-26,2024-01-29,2024-03-06,26,signal,196.3346960063413,31.78498373594294,211.82258726645946,33.18907046633866,0.0032338394181277612,0.011481833416844962,-0.03293090336306073,0.001032959956379689,0.0010329599563797466,-0.03499682327582017
AXP,NTRS,-1,2024-01-26,2024-01-29,2024-03-05,25,signal,196.3346960063413,75.3474364935127,211.64740180227983,77.53317230351675,0.0029797944522484995,0.005506194393081096,-0.03256489108775523,0.0010287384300950234,0.001028738430095159,-0.03462236794794542
AXP,PNC,-1,2024-01-26,2024-01-29,2024-03-06,26,signal,196.3346960063413,138.40624661208247,211.82258726645946,136.26259246649167,0.0031786821692545244,0.0027151231537661724,-0.054029801298106,0.0010215674941450544,0.0010215674941451412,-0.056072936286396195
OKE,VLO,1,2024-01-26,2024-01-29,2024-02-20,15,signal,61.435516414346075,128.04507543485013,63.65410173729469,130.09229927229538,0.005939076166173138,0.0049591479751789885,0.004035391379237117,0.0010115301132962173,0.0010115301132963793,0.0020123311526445203
FITB,NTRS,-1,2024-01-29,2024-01-30,2024-02-12,9,signal,32.6677742081092,74.73522740629421,30.851215280248418,73.54854626946697,0.014156751830052945,0.0071929630166289405,0.018163736072945656,0.0009829156762830782,0.0009829156762831916,0.016197904720379387
AXP,MET,-1,2024-01-30,2024-01-31,2024-03-06,24,signal,196.81116664696626,65.40301316406656,211.82258726645946,65.99636982776816,0.002660194970473158,0.0072843754946430965,-0.034588977587024776,0.001022095303957,0.0010220953039571058,-0.03663316819493888
BAC,NTRS,-1,2024-01-30,2024-01-31,2024-02-13,9,signal,32.41275061983247,74.76305795043305,31.084301552392805,74.37326856854781,0.014578821189296537,0.0070554568370696895,0.01760605219749429,0.0009889729436430043,0.0009889729436431027,0.01562810631020818
BAC,PNC,-1,2024-01-30,2024-01-31,2024-02-07,5,signal,32.41275061983247,139.1120525189229,31.027996449679577,136.7112677705277,0.015874464009267016,0.003489634115913232,0.014589178682366418,0.000984808809555859,0.0009848088095559258,0.012619561063254634
C,USB,-1,2024-01-30,2024-01-31,2024-02-29,20,signal,52.40860638803241,38.16311674594732,51.804328735703216,37.47848615848248,0.01032660901987197,0.012020908608800509,-0.000997019401222707,0.0009927232664317923,0.000992723266431865,-0.0029824659340863644
AFL,USB,1,2024-02-01,2024-02-02,2024-02-16,10,signal,72.57279142936828,36.36508525747946,75.32825836485264,36.98569146530144,0.009418398607047388,0.008707904792158579,0.021563772877485517,0.0010158667016908847,0.0010158667016910167,0.01953203947410362
CVX,FANG,-1,2024-02-02,2024-02-05,2024-02-23,13,signal,135.0766127575247,137.19926896280725,139.61706673342374,160.4272643799425,0.00490359690994743,0.0024597510542151185,0.03591007623468743,0.0010395461060620512,0.0010395461060621208,0.03383098402256326
DTE,PEG,1,2024-02-06,2024-02-07,2024-02-09,2,signal,96.07007725468836,54.05501853846689,95.69852683250438,53.102499725474495,0.004971626023423925,0.009663356035661616,0.00835177227732924,0.000994453604661927,0.000994453604662042,0.00636286506800527
AON,NDAQ,-1,2024-02-09,2024-02-12,2024-03-08,18,signal,308.06760822003946,55.298898479166624,310.11646408167474,57.151903632538634,0.002085727351839348,0.0064614686128772435,0.008707762482568918,0.0010079825551449614,0.0010079825551450065,0.00669179737227895
EOG,FANG,1,2024-02-12,2024-02-13,2024-03-21,26,signal,104.41896315180371,153.0627481100056,116.2230751362192,179.9361990102238,0.004843677287612746,0.0032289617486225084,-0.02852606317638938,0.0010719727145495522,0.0010719727145497402,-0.03067000860548867
AEP,EIX,-1,2024-02-13,2024-02-14,2024-03-13,19,signal,72.35713985758912,56.88239290776907,76.77438258888759,61.395173032496444,0.009001253561089419,0.006127439240707891,-0.011075383990036759,0.0010335518543188246,0.001033551854318919,-0.013142487698674502
AEP,SRE,-1,2024-02-13,2024-02-14,2024-03-12,18,signal,72.35713985758912,64.34831207346208,76.43450647434578,66.78137668169757,0.007635169062712088,0.006954157063494508,-0.013187500402094456,0.0010239696162017893,0.0010239696162019584,-0.015235439634498204
NTRS,SCHW,1,2024-02-13,2024-02-14,2024-02-26,7,signal,72.96354976927678,61.095782304843326,75.14238602587662,62.39632680077462,0.008054299545617228,0.00675033652546347,0.009783140736456138,0.001013253878825201,0.0010132538788253298,0.007756632978805608
D,ES,1,2024-02-14,2024-02-15,2024-02-27,7,signal,39.692178555101044,51.847805555258255,41.30762434381467,51.76607669074793,0.015807274979299978,0.007188383899487548,0.02713590229438987,0.001012608044271987,0.0010126080442719985,0.025110686205845886
ES,WEC,-1,2024-02-14,2024-02-15,2024-03-07,14,signal,51.847805555258255,70.6282250328064,53.183074722411156,74.96521029324613,0.00894859161126929,0.007590038755188456,0.021991582372744567,0.0010224746332968822,0.0010224746332969654,0.01994663310615072
HBAN,TFC,-1,2024-02-14,2024-02-15,2024-03-22,25,signal,11.53980518310285,31.789039885969398,12.485896636243023,34.0720653158089,0.04846968954517742,0.013860425365590201,-0.013174368109890706,0.0010386873271243748,0.0010386873271245882,-0.015251742764139669
AEP,PPL,-1,2024-02-15,2024-02-16,2024-03-12,16,signal,74.57787070441442,24.1432830744543,76.43450647434578,24.989421136737832,0.008625616197622449,0.014769172339888673,-0.0025037572396124225,0.0010141114653877776,0.0010141114653879177,-0.004531980170388118
AEE,AWK,-1,2024-02-21,2024-02-22,2024-03-27,24,signal,65.2165135949867,114.24012677747454,66.30829037339379,111.41919247643732,0.011012913925262829,0.0024646118143655323,-0.017973839200845505,0.0010023124912378997,0.0010023124912380578,-0.019978464183321464
AEP,AES,-1,2024-02-21,2024-02-22,2024-03-15,16,signal,75.29363563974195,14.471428133607702,75.28629643056674,13.275725043882707,0.012390951992849241,0.004602638265420586,-0.004415680701044054,0.000996768305250277,0.0009967683052502741,-0.006409217311544605
AEP,AWK,-1,2024-02-21,2024-02-22,2024-03-15,16,signal,75.29363563974195,114.24012677747454,75.28629643056674,109.98121927377846,0.011669498695173,0.0010590143939593476,-0.0034272773370237503,0.0009973221200381094,0.0009973221200381271,-0.005421921577099987
AEP,CNP,-1,2024-02-21,2024-02-22,2024-03-15,16,signal,75.29363563974195,26.406317994638655,75.28629643056674,26.013537600146527,0.01174818109748204,0.004356977268469402,-0.0006263968329734235,0.0009987160588265064,0.0009987160588265207,-0.0026238289506264507
AEP,ETR,-1,2024-02-21,2024-02-22,2024-03-14,15,signal,75.29363563974195,46.58497766961858,75.89255671089384,46.97461052067644,0.008098812073806612,0.008373963454790896,-0.0005838315265390853,0.0010039464202185335,0.0010039464202186155,-0.0025917243669762342
AEP,FE,-1,2024-02-21,2024-02-22,2024-03-14,15,signal,75.29363563974195,33.98911546953656,75.89255671089384,34.271052218950054,0.01055764720477777,0.006024900442953892,-0.0036208418337063393,0.0010037146925965866,0.0010037146925966187,-0.005628271218899545
AEP,NEE,-1,2024-02-21,2024-02-22,2024-03-14,15,signal,75.29363563974195,52.39728010105106,75.89255671089384,55.06573378295577,0.011970977481602044,0.001875284246582905,-0.0011598766929806232,0.0010056848106236049,0.001005684810623634,-0.003171246314227862
DTE,PEG,1,2024-02-22,2024-02-23,2024-04-22,40,signal,98.64419706474558,55.41712596511456,100.39092017488318,60.75619590222799,0.0048458270023048885,0.009418840312981862,-0.040794185486993366,0.0010293436578654035,0.001029343657865556,-0.042852872802724325
D,EVRG,-1,2024-02-23,2024-02-26,2024-03-04,5,signal,41.774235843417074,45.22924357348501,39.846116637382025,43.88514132706959,0.0161685547982127,0.007172244903462898,0.0225140928495329,0.0009794222958548536,0.0009794222958549473,0.020555248257823094
D,EXC,-1,2024-02-23,2024-02-26,2024-03-04,5,signal,41.774235843417074,32.526365330282594,39.846116637382025,32.177401624148175,0.02246842455501454,0.0018741615359725646,0.043645370491291545,0.000977583932906073,0.0009775839329061505,0.04169020262547932
D,FE,-1,2024-02-23,2024-02-26,2024-03-04,5,signal,41.774235843417074,33.65481648447252,39.846116637382025,32.727625205454416,0.02176472712799225,0.002685663024054416,0.04045223795283279,0.0009773728975235206,0.0009773728975235997,0.03849749215778567
D,NEE,-1,2024-02-23,2024-02-26,2024-03-04,5,signal,41.774235843417074,52.04821744997825,39.846116637382025,50.95439973288705,0.019827737410745637,0.0032927682565992785,0.035607317290647846,0.0009787642341133381,0.0009787642341134088,0.033649788822421096
D,NI,-1,2024-02-23,2024-02-26,2024-03-04,5,signal,41.774235843417074,24.15765451851409,39.846116637382025,24.133509849881687,0.021878682783385433,0.0035442316195125976,0.043077595384929494,0.000978461205545287,0.0009784612055453753,0.04112067297383883
D,PNW,-1,2024-02-23,2024-02-26,2024-03-04,5,signal,41.774235843417074,63.46997337771701,39.846116637382025,61.20981220324392,0.023834693232281434,6.030772146329413e-05,0.046796293927952294,0.0009764693074091315,0.0009764693074092057,0.04484335531313396
D,WEC,-1,2024-02-23,2024-02-26,2024-03-04,5,signal,41.774235843417074,71.76561150063257,39.846116637382025,71.39150514155259,0.013708087747525383,0.005953856856812919,0.025189055817251803,0.000985604264420081,0.0009856042644201474,0.023217847288411576
D,XEL,-1,2024-02-23,2024-02-26,2024-03-27,22,signal,41.774235843417074,54.048722859245316,41.84780484652549,48.07462947099731,0.013952872335778358,0.007716116794793773,-0.04614593108532203,0.0009773701496470927,0.000977370149647258,-0.04810067138461638
KEY,TFC,-1,2024-02-23,2024-02-26,2024-03-11,10,signal,12.446734121212073,31.263236765236694,13.28087035491333,33.16394873401078,0.038460997531509895,0.016674768524973006,0.0006441295162405228,0.0010319090296139076,0.0010319090296140644,-0.0014196885429874492
AEP,EXC,-1,2024-02-27,2024-02-28,2024-03-14,11,signal,76.24799431876356,32.50832669098154,75.89255671089384,33.643317601241215,0.01024254035370417,0.0067289060904240005,0.01227955132810243,0.0010017200376505682,0.0010017200376506092,0.010276111252801253
AEP,NRG,-1,2024-02-27,2024-02-28,2024-03-13,10,signal,76.24799431876356,51.48300403543116,76.77438258888759,60.08520295401449,0.011390574772323586,0.0025469099749924496,0.016926749016813913,0.0010135877343265933,0.0010135877343266163,0.014899573548160704
MS,TROW,1,2024-02-29,2024-03-01,2024-03-05,2,signal,80.43184844162506,98.58776764873353,83.11930317218065,101.31079511662307,0.00722336186915941,0.004250956897533938,0.008852562505337747,0.0010155768763498497,0.00101557687635002,0.0068214087526378775
ALL,JPM,1,2024-03-01,2024-03-04,2024-03-18,10,signal,147.04199500683833,175.17534007916458,153.56775374718748,180.97064711710394,0.004188867971847897,0.0021930948049718527,0.01564602616429606,0.0010201421429626512,0.0010201421429628862,0.013605741878370523
CVX,FANG,1,2024-03-04,2024-03-05,2024-04-03,20,signal,134.17193926323526,166.54582794234383,144.18773578394988,187.19065157142478,0.004593694700463322,0.002304297353496822,-0.0005153944837901422,0.001046906569984025,0.0010469065699842822,-0.0026092076237584495
NTRS,ZION,-1,2024-03-04,2024-03-05,2024-03-07,2,signal,77.53317230351675,35.76335098945869,76.04916358915256,38.63266160956295,0.007867191261279565,0.010902821468746,0.043968266837836736,0.0010097050191543433,0.0010097050191544203,0.04194885679952797
BAC,NTRS,-1,2024-03-06,2024-03-07,2024-03-22,11,signal,33.61360598062997,76.04916358915256,35.357955841543024,81.24815058237274,0.014201275431588946,0.006872742626987989,0.011989583750276669,0.001030277048696324,0.0010302770486963911,0.009929029652883954
FITB,NTRS,-1,2024-03-06,2024-03-07,2024-03-18,7,signal,33.1524806327836,76.04916358915256,32.13286296021348,76.30049766500409,0.013929537773225562,0.007077516879885335,0.016975454271900767,0.0009938302232573456,0.0009938302232574523,0.01498779382538597
MA,PGR,1,2024-03-06,2024-03-07,2024-04-12,25,signal,466.4743795317959,180.1006441664618,459.5531884048287,191.40955472023433,0.000863764653974748,0.0033146946500842473,-0.04244821980655838,0.0010156457631906328,0.0010156457631907093,-0.04447951133293972
MS,TROW,1,2024-03-06,2024-03-07,2024-03-14,5,signal,80.30124349826706,102.7913584467071,82.94223474919542,103.0623677252106,0.0071030693503620415,0.00418016460970925,0.018636301377168946,0.0010100207630285864,0.0010100207630286805,0.016616259851111682
NTRS,SCHW,1,2024-03-06,2024-03-07,2024-03-12,3,signal,76.04916358915256,66.30963782112055,76.61850088235364,65.03973167302517,0.007598016443547761,0.006367924067073177,0.013410700509847221,0.0009982004707996643,0.0009982004707997248,0.011414299568247832
D,PNW,-1,2024-03-07,2024-03-08,2024-03-27,13,signal,42.84152939647399,64.61014729418488,41.84780484652549,65.41341738942249,0.023241566887580126,5.880696380553071e-05,0.024130939062377444,0.0009879855915023146,0.0009879855915025243,0.022154967879372604
AJG,AMP,-1,2024-03-08,2024-03-11,2024-03-19,6,signal,245.2765200869898,397.3637681057474,248.11971231290312,411.1782099553266,0.002323700879206043,0.0010820828036044532,0.00935235134454292,0.001010709652826129,0.0010107096528262352,0.007330932038890557
AWK,NEE,1,2024-03-08,2024-03-11,2024-05-13,44,signal,111.06967376188891,53.549561052032566,127.60010392141643,69.0313835451298,0.004723347970158956,0.008877825160274768,-0.05825816777877295,0.0011077717374947688,0.0011077717374948879,-0.0604737112537626
AJG,BLK,-1,2024-03-11,2024-03-12,2024-03-22,8,signal,246.5155855268197,786.8805853055405,245.14101642419735,796.2266166950407,0.002715477865905387,0.0004199145938841169,0.008657075331961063,0.0009999283832824606,0.0009999283832825014,0.006657218565396101
AJG,ICE,-1,2024-03-11,2024-03-12,2024-03-22,8,signal,246.5155855268197,133.00262488822455,245.14101642419735,134.4733027150408,0.002195025907146454,0.003449935855421888,0.009091948116814833,0.0010009891588883555,0.0010009891588884335,0.007089969799038043
ATO,FE,-1,2024-03-11,2024-03-12,2024-03-18,4,signal,109.89336413950335,34.61251589336588,108.2859918075094,34.25299104468918,0.007109937638541617,0.0063093740114860295,0.010152812771154634,0.0009928724654846967,0.000992872465484798,0.00816706784018514
BKR,HAL,-1,2024-03-13,2024-03-14,2024-04-02,12,signal,30.19008422942325,34.611053158069375,32.075750921788355,37.94930609549158,0.01908337342322412,0.01224449687145862,0.0059287011262256425,0.0010383551199611171,0.0010383551199610948,0.003851990886303431
BKR,MPC,1,2024-03-13,2024-03-14,2024-04-19,25,signal,30.220289416246082,181.52476585173656,30.646362457967342,187.06136890964834,0.011678033284711899,0.0035639169590167006,-0.013744095224994864,0.0010122031455013227,0.001012203145501469,-0.015768501515997655
KMI,VLO,1,2024-03-13,2024-03-14,2024-04-17,23,signal,15.93345414742027,149.03450437323534,15.881779351650165,158.41108371737528,0.028076024444205584,0.0037078599931353886,-0.03520126981732193,0.0010165964344650415,0.001016596434465129,-0.03723446268625211
OKE,VLO,1,2024-03-13,2024-03-14,2024-04-17,23,signal,68.31770294149926,149.03450437323534,68.44384376752322,158.41108371737528,0.005186988018065992,0.004331151917798077,-0.03893662136344323,0.0010204772921391058,0.0010204772921391981,-0.040977575947721535
AFL,USB,-1,2024-03-14,2024-03-15,2024-04-11,18,signal,78.82241120312129,37.686756861981145,78.5784156288014,38.322910751743514,0.008795986260040776,0.0081324452384355,0.008320990455982755,0.0010013220650439878,0.0010013220650440888,0.006318346325894678
KMI,XOM,1,2024-03-14,2024-03-15,2024-04-22,25,signal,15.656120690909392,102.25606296888604,16.793395459184477,110.12413037574966,0.03219343071656317,0.004850367999680852,-0.0005128543678730099,0.0010373915435507673,0.001037391543550857,-0.002587637454974634
ALL,COF,-1,2024-03-15,2024-03-18,2024-03-21,3,signal,153.56775374718748,131.22778884577738,152.55891236297882,137.52614154750754,0.0048895030462601605,0.0018965400302196715,0.017881070441700866,0.001003259397145827,0.0010032593971460411,0.015874551647409
AXP,MET,1,2024-03-15,2024-03-18,2024-03-26,6,signal,214.04187663932706,67.43753874417835,220.36237521838336,67.75631775405067,0.002508210773586296,0.006868199247539392,0.014672766426918268,0.0010090615522287596,0.0010090615522287513,0.012654643322460758
C,USB,-1,2024-03-15,2024-03-18,2024-04-16,20,signal,53.943870195859155,38.172114543914795,54.30586934481866,37.460187009311305,0.01016428430443973,0.011831951075363778,-0.01110537739283294,0.0009975766337895404,0.0009975766337896176,-0.013100530660412097
KEY,TFC,-1,2024-03-15,2024-03-18,2024-03-22,4,signal,12.919621385084701,31.19194093048361,13.789956188369917,34.0720653158089,0.03781777143684777,0.01639589780070419,0.015348185586144605,0.001040083175209365,0.0010400831752095934,0.013268019235725646
KMI,PSX,1,2024-03-15,2024-03-18,2024-04-16,20,signal,15.781369063854216,146.7005308239306,16.060530816147086,148.13694282458104,0.03077176406151915,0.0035062232535008468,0.004560718276691433,0.0010067998584232635,0.001006799858423454,0.0025471185598447154
BAC,FITB,-1,2024-03-19,2024-03-20,2024-04-17,19,signal,33.84021442978814,32.370883057429744,32.97617792652637,31.87999513698161,0.015727811013553365,0.014449250680426936,0.00748606840360921,0.0009896281900451404,0.0009896281900451873,0.005506812023518882
ATO,ED,-1,2024-03-20,2024-03-21,2024-04-05,10,signal,109.97820933998663,82.12449517089958,109.05973206325297,82.4377248306992,0.0054348106115517155,0.004897336053738894,0.007523915947761133,0.000998174991662837,0.0009981749916629424,0.005527565964435354
AJG,AMP,1,2024-03-21,2024-03-22,2024-04-24,22,signal,245.14101642419735,422.26504162500777,231.7346046748926,393.2093216274535,0.0022637035935968094,0.0010541437381241842,0.0012503292759560927,0.000969566437984254,0.0009695664379843734,-0.0006888036000125347
ALL,COF,-1,2024-03-22,2024-03-25,2024-04-12,13,signal,158.50800080141585,135.2321867195869,158.17109967453524,133.19801618221214,0.004739001172883376,0.0018381633762363093,-0.0011454826354425846,0.0009970803119457201,0.0009970803119458177,-0.0031396432593341224
FITB,RF,1,2024-03-22,2024-03-25,2024-04-12,13,signal,33.304659677805034,17.932410049463904,31.815347427267543,17.174994790641254,0.014382352030963502,0.029052392777384937,0.0015631794050650592,0.0009782668814214582,0.0009782668814215505,-0.00039335435777794947
NTRS,PNC,-1,2024-03-26,2024-03-27,2024-04-10,9,signal,81.66903022051184,142.96174203470287,81.16092940899145,145.50178208127804,0.00694408239295999,0.003027496159886411,0.012220271874778414,0.0010020164886869391,0.001002016488686995,0.01021623889740448
ATO,FE,-1,2024-03-27,2024-03-28,2024-04-05,5,signal,111.28846276942956,34.73900316643033,109.05973206325297,34.29812384047399,0.007034515790482585,0.006242444500675367,0.0139163817455411,0.00099050512398607,0.000990505123986194,0.011935371497568835
AEP,AWK,-1,2024-03-28,2024-04-01,2024-04-05,4,signal,79.01931602508812,115.19032596397629,76.65495757437384,112.06767059660015,0.01117228355131958,0.001013891804892763,0.024234080473675455,0.0009848321318239547,0.000984832131824123,0.022264416210027376
AEP,CNP,-1,2024-03-28,2024-04-01,2024-04-05,4,signal,79.01931602508812,26.78247950175829,76.65495757437384,26.248403969169363,0.01123765475770695,0.004167641435211632,0.02532922873008406,0.0009852200566404493,0.0009852200566406251,0.02335878861680299
MET,RF,1,2024-03-28,2024-04-01,2024-04-04,3,signal,68.9290057272673,18.96818817336961,68.98098448958423,18.51834496302036,0.00846717451618713,0.021955150261227102,0.011311856568084347,0.0009953680392008628,0.0009953680392009684,0.009321120489682515
NTRS,SCHW,-1,2024-03-28,2024-04-01,2024-04-08,5,signal,82.81943745910306,69.99736546636868,81.73202262802383,69.90805259370015,0.007067308321939803,0.005923135740371359,0.008151892997504047,0.0009958093805952444,0.0009958093805953932,0.006160274236313409
AON,NDAQ,1,2024-04-04,2024-04-05,2024-06-03,40,signal,311.0113719334979,59.05599385648628,276.4984423574169,57.420538829317366,0.0020247026417556553,0.006272417417634499,-0.058660116701567074,0.000960046387678874,0.0009600463876789738,-0.06058020947692492
AXP,MET,1,2024-04-04,2024-04-05,2024-04-12,5,signal,214.80266540019954,68.10699409891977,211.66177446068886,65.68081916259568,0.0024919940777080145,0.006823793291069659,0.009716480683105905,0.0009878460496436207,0.0009878460496437753,0.007740788583818508
AXP,NTRS,1,2024-04-04,2024-04-05,2024-04-16,7,signal,214.80266540019954,80.88339128254255,212.34458529976538,75.59977666280962,0.0027455183209191755,0.005073288720750286,0.02103991621175819,0.000983317706704635,0.0009833177067047718,0.019073280798348784
AXP,PNC,1,2024-04-04,2024-04-05,2024-04-16,7,signal,214.80266540019954,143.5330775704666,212.34458529976538,136.27573201825126,0.002964212189632283,0.002531930127079685,0.012076129589570921,0.0009873087400886654,0.0009873087400887625,0.010101512109393494
EOG,FANG,-1,2024-04-04,2024-04-05,2024-04-15,6,signal,124.41131420419367,187.55383422952534,124.63487430788442,193.42279736307134,0.004008965665252135,0.002672514293581293,0.01579693858845076,0.0010082955053638102,0.0010082955053638976,0.013780347577723052
AXP,COF,1,2024-04-09,2024-04-10,2024-04-17,5,signal,212.37151703035383,136.07056997136368,214.1588186650659,132.9163913015896,0.00313243035231178,0.0024614133731544843,0.014361421375462022,0.0009990859270529724,0.0009990859270530938,0.012363249521355955
CB,FITB,1,2024-04-09,2024-04-10,2024-05-13,23,signal,242.26005060832253,32.951281793619046,248.4775450320714,36.05341589206843,0.002962669376924492,0.008572684556676771,-0.007150514159257715,0.001022722588820196,0.001022722588820256,-0.009195959336898167
CB,KEY,1,2024-04-09,2024-04-10,2024-04-22,8,signal,242.26005060832253,13.544189479061515,244.57058395550217,13.12010573328903,0.003003981229284099,0.020118054073488906,0.016471974562186645,0.0009994360284854612,0.0009994360284855085,0.014473102505215675
CB,PNC,1,2024-04-09,2024-04-10,2024-04-22,8,signal,242.26005060832253,145.50178208127804,244.57058395550217,141.44232612978968,0.002911887302794792,0.0020258935104943924,0.015951499247517834,0.000999461062923372,0.0009994610629234795,0.013952577121670983
CB,SCHW,1,2024-04-09,2024-04-10,2024-05-08,20,signal,242.26005060832253,69.2115838774032,246.98688841035172,73.04744991643126,0.003009798003660944,0.00391661276260362,0.0002180791544553213,0.0010148540583738682,0.0010148540583739011,-0.001811628962292448
MET,RF,1,2024-04-09,2024-04-10,2024-04-11,1,signal,67.197872999256,18.27466759690581,66.5542452700787,17.779051086532032,0.008728006118662484,0.02263147942088659,0.006590618893964747,0.0009916707971893567,0.0009916707971894634,0.004607277299585927
AFL,USB,1,2024-04-11,2024-04-12,2024-04-18,4,signal,75.45427489003023,37.42386060789064,76.8113043839723,35.825039825911155,0.009088050478415976,0.008402477067934035,0.026766448927932677,0.0009996414299689319,0.0009996414299691257,0.02476716606799462
ES,WEC,-1,2024-04-11,2024-04-12,2024-04-19,5,signal,53.463220177463754,73.07728119384272,53.309315982559255,73.99390699676817,0.00866236910204625,0.007347269833331041,0.00907061173181821,0.0010027396789151575,0.0010027396789152965,0.007065132373987756
AEP,NRG,1,2024-04-12,2024-04-15,2024-04-22,5,signal,75.68127229794146,71.7291574451253,77.07388552991873,67.86439211843812,0.010906318149551281,0.002438631152575893,0.02561623325879156,0.001003213168518148,0.001003213168518272,0.02360980692175514
CVX,EOG,1,2024-04-12,2024-04-15,2024-04-22,5,signal,144.18774066422156,124.51030171987054,144.05262684380577,123.63012087419793,0.004290318551613147,0.0030640594250508787,0.0031157258628691296,0.000998480777245927,0.0009984807772459381,0.0011187643083772642
CVX,FANG,1,2024-04-12,2024-04-15,2024-04-19,4,signal,144.18774066422156,193.42279736307134,142.9718909790516,187.39552119431673,0.004146120750629937,0.0020797845080978527,0.008485687387312358,0.000991311394839172,0.000991311394839323,0.006503064597633864
AEP,AES,1,2024-04-15,2024-04-16,2024-04-19,3,signal,74.32178680692293,14.192508554731887,76.01857975886908,14.321420468669526,0.012569270672230473,0.0046688750144317165,0.021736980073497128,0.0010114037997990205,0.0010114037997992317,0.019714172473898877
AEP,AWK,1,2024-04-15,2024-04-16,2024-04-19,3,signal,74.32178680692293,108.50565298568567,76.01857975886908,110.95677167121245,0.011885444220049118,0.0010786115870461005,0.018535125979173155,0.001011793011279091,0.0010117930112793052,0.016511539956614762
AEP,CNP,1,2024-04-15,2024-04-16,2024-05-24,28,signal,74.32178680692293,25.656540431256513,82.91737759214898,27.863614756223075,0.011932534700873437,0.004425347380631607,0.09385669173258966,0.0010565769962218984,0.0010565769962220225,0.09174353774014574
AEP,ETR,1,2024-04-15,2024-04-16,2024-04-23,5,signal,74.32178680692293,47.420092616121075,77.45011758990299,49.84114661806601,0.00810764823781195,0.008383099821184747,0.006090401656970494,0.0010229334678325814,0.0010229334678327194,0.004044534721305193
AEP,EXC,1,2024-04-15,2024-04-16,2024-04-19,3,signal,74.32178680692293,33.05148580758782,76.01857975886908,33.512922760123956,0.010415700661188639,0.006842664924406095,0.015526522002753528,0.0010106929812116674,0.001010692981211891,0.01350513604032997
AEP,FE,1,2024-04-15,2024-04-16,2024-04-19,3,signal,74.32178680692293,33.648257832701916,76.01857975886908,34.2149852898482,0.01069562193493796,0.006103638062873828,0.015700258760304377,0.0010111021231347605,0.001011102123134968,0.013678054514034648
AEP,NEE,1,2024-04-15,2024-04-16,2024-04-22,4,signal,74.32178680692293,58.12597399983697,77.07388552991873,60.139426706080705,0.01199115790078372,0.001878445560873154,0.03023747887200945,0.001018789824093193,0.001018789824093367,0.02819989922382289
AEP,NI,1,2024-04-15,2024-04-16,2024-04-22,4,signal,74.32178680692293,24.89522734737896,77.07388552991873,25.636126675218335,0.008715784175092106,0.014154311213775791,0.014517166721163733,0.0010173878873015962,0.0010173878873017792,0.012482390946560357
ATO,ED,1,2024-04-15,2024-04-16,2024-04-23,5,signal,106.37052302923522,81.85853873976428,111.09050627393604,85.00492337541546,0.005551933888624381,0.005002876446686688,0.011485127486595503,0.0010210661425178488,0.0010210661425178943,0.00944299520155976
ATO,FE,1,2024-04-15,2024-04-16,2024-04-29,9,signal,106.37052302923522,33.648257832701916,110.5532027900619,34.6305861521584,0.007342583909305018,0.00651582481446731,0.02532984102455689,0.001018843154803631,0.0010188431548037358,0.023292154714949526
AEP,EIX,1,2024-04-16,2024-04-17,2024-04-19,2,signal,73.52263941014289,60.00322162675974,76.01857975886908,60.87455539720076,0.008744895149652104,0.005952927926337537,0.017653403415879926,0.0010136539017025776,0.0010136539017026997,0.01562609561247465
AEP,PPL,1,2024-04-16,2024-04-17,2024-04-19,2,signal,73.52263941014289,24.159512346815696,76.01857975886908,24.70058702924239,0.00870521988330447,0.014905473390827173,0.014677774992158747,0.001015039722246927,0.001015039722247088,0.012647695547664733
AMP,MS,1,2024-04-16,2024-04-17,2024-05-13,18,signal,400.9856088932777,83.99530453077561,421.8970792466244,92.97197016341387,0.0015748162263048166,0.004388965808522607,-0.005430260901667969,0.0010362948061787853,0.0010362948061789093,-0.007502850514025663
D,NEE,1,2024-04-16,2024-04-17,2024-04-19,2,signal,42.29462050594799,57.89342795289319,43.57356377794807,59.79492323786814,0.019270576111144466,0.003200241156652006,0.019576415331814697,0.0010156851370576305,0.0010156851370577268,0.01754504505769934
D,XEL,1,2024-04-16,2024-04-17,2024-04-18,1,signal,42.29462050594799,48.811262937454835,43.39501192154191,49.45921220055492,0.014434130215370941,0.00798225855528484,0.011721735188955534,0.0010106407571677384,0.0010106407571677703,0.009700453674620026
NTRS,SCHW,1,2024-04-16,2024-04-17,2024-05-10,17,signal,76.10533830948432,71.09785382616766,81.36975357089996,73.63701357746186,0.007370040082891956,0.006176856284510444,0.024142234765285167,0.001027308142821308,0.0010273081428214016,0.022087618479642458
CFG,MET,-1,2024-04-17,2024-04-18,2024-05-15,19,signal,30.15942447192749,64.6011894171835,34.08223629267235,68.79672499928311,0.012432379001731568,0.009677398654189725,-0.007123203957072111,0.0010448089550847786,0.001044808955084913,-0.009212821867241802
HBAN,TRV,-1,2024-04-17,2024-04-18,2024-05-10,16,signal,12.043931343555451,200.22916508027694,12.851785404248119,211.0820330056337,0.029348696197089255,0.003229662707792086,0.012371169137653407,0.0010295297253898618,0.0010295297253899958,0.01031210968687355
KMI,SLB,-1,2024-04-18,2024-04-19,2024-06-24,44,signal,16.364399457628796,46.48120438619708,17.936642641555327,43.230210753758264,0.039385608238917034,0.007644667007681435,-0.08575814865114367,0.0010183692113816824,0.0010183692113817852,-0.08779488707390715
MA,PGR,1,2024-04-18,2024-04-19,2024-04-29,6,signal,452.99432654625457,193.88425056543733,454.5730739571052,191.4095399146137,0.0008353029362993726,0.0032054728813111833,0.010247924045872301,0.0009965738176066774,0.0009965738176067325,0.00825477641065889
MS,TROW,-1,2024-04-18,2024-04-19,2024-05-28,26,signal,84.2096678575658,96.30765009652893,92.67071250932095,104.39903860441088,0.007097200149032776,0.004176710577871225,-0.025207521088929943,0.0010468183039434632,0.0010468183039435103,-0.027301157696816916
AEE,AWK,-1,2024-04-19,2024-04-22,2024-05-01,7,signal,68.43153285855688,111.57769402780629,68.41640455561897,114.77444886701355,0.010703935631560812,0.0023954646696399532,0.008823162898771893,0.0010035172430882125,0.0010035172430882427,0.006816128412595438
ALL,JPM,-1,2024-04-19,2024-04-22,2024-04-29,5,signal,164.82853274518374,177.5956928735596,162.56374473779437,184.56297912816203,0.0038782945208918,0.002030493112478421,0.02393308983848194,0.0010025481658065122,0.0010025481658066343,0.021927993506868793
AXP,COF,-1,2024-04-19,2024-04-22,2024-06-06,32,signal,226.32203643308162,139.04356863317435,229.24326478607514,132.20277393489417,0.0029793928675650827,0.002341158979861607,-0.023722711377473903,0.000996163479232206,0.0009961634792323283,-0.02571503833593844
AXP,FITB,-1,2024-04-19,2024-04-22,2024-05-02,8,signal,226.32203643308162,33.788522781372066,228.06184014714674,34.604390595020774,0.002887316510109642,0.010251494556269064,0.0043470413730164695,0.0010065409107318844,0.0010065409107319373,0.002333959551552648
AXP,MET,-1,2024-04-19,2024-04-22,2024-05-20,20,signal,226.32203643308162,66.63945129023791,237.36670183884232,69.64944024147285,0.0024460525644101725,0.006697992273712613,-0.005831416372430322,0.0010235330270510505,0.001023533027051113,-0.007878482426532486
AXP,NTRS,-1,2024-04-19,2024-04-22,2024-06-04,30,signal,226.32203643308162,76.82621467940848,230.80545414661208,77.74083818871962,0.0027149777439125903,0.005016854508065506,-0.00657558218740676,0.0010082640456216113,0.0010082640456216272,-0.008592110278649999
AXP,PNC,-1,2024-04-19,2024-04-22,2024-05-06,10,signal,226.32203643308162,141.44232612978968,226.81210773688449,146.14788765578248,0.002880266098395705,0.0024602262058165993,0.011171554757063412,0.0010063447398735352,0.0010063447398736733,0.009158865277316203
BAC,NTRS,-1,2024-04-19,2024-04-22,2024-05-03,9,signal,34.93549324132293,76.82621467940848,35.2067272567749,79.19054075719329,0.013866812364900985,0.006710878392563921,0.013115386109697778,0.0010098325205673692,0.0010098325205675548,0.011095721068562854
D,EVRG,-1,2024-04-19,2024-04-22,2024-06-10,34,signal,44.332376353597596,47.02855797358236,46.3856621933736,48.19163455099901,0.015336099067616163,0.006802974028876785,-0.022557500280980212,0.0010195150221976174,0.0010195150221977032,-0.024596530325375534
D,EXC,-1,2024-04-19,2024-04-22,2024-05-30,27,signal,44.332376353597596,34.278515070964474,47.048625836301255,33.38243610058741,0.021180874948027062,0.0017667629979413804,-0.058088179088457294,0.001027520700427718,0.0010275207004277534,-0.06014322048931277
D,FE,-1,2024-04-19,2024-04-22,2024-05-30,27,signal,44.332376353597596,34.38664508595495,47.048625836301255,35.33063953182657,0.02057800304539498,0.0025392269594236164,-0.052469253822941424,0.0010287201576836538,0.0010287201576836763,-0.054526694138308754
D,NEE,-1,2024-04-19,2024-04-22,2024-05-24,24,signal,44.332376353597596,60.139426706080705,47.146918540711695,70.15298672116369,0.018403718848437722,0.0030562832244627088,-0.02015288777512794,0.0010408798323382838,0.001040879832338376,-0.0222346474398046
D,NI,-1,2024-04-19,2024-04-22,2024-05-30,27,signal,44.332376353597596,25.636126675218335,47.048625836301255,26.183971009432554,0.020616262986362932,0.003339726247502561,-0.05314077699791945,0.0010284865715506834,0.001028486571550719,-0.05519775014102085
D,PNW,-1,2024-04-19,2024-04-22,2024-05-30,27,signal,44.332376353597596,67.0714955422907,47.048625836301255,69.62129323297407,0.022459707960258132,5.6828665618388015e-05,-0.0598312041406258,0.0010300643877422344,0.0010300643877422606,-0.06189133291611029
FITB,RF,-1,2024-04-19,2024-04-22,2024-05-21,21,signal,33.754751144409184,16.9856679435616,34.83314552153907,17.977444114503953,0.014691711667392145,0.029677300139382797,0.014612425682742503,0.0010226458391277972,0.0010226458391279628,0.012567134004486743
KMI,PSX,-1,2024-04-19,2024-04-22,2024-06-27,46,signal,16.793395459184477,142.25974927875373,17.991156719024023,130.40924592013403,0.030300110072829185,0.00345248164221574,-0.07620828213275016,0.000997661178009129,0.0009976611780091466,-0.07820360448876844
NTRS,PNC,1,2024-04-19,2024-04-22,2024-05-07,11,signal,76.82621467940848,141.30095448948006,79.89198762456996,145.4052267741489,0.007224215415955299,0.0031496291651392705,0.010238463144093707,0.0010175946613051898,0.0010175946613052032,0.008203273821483314
D,ES,-1,2024-04-22,2024-04-23,2024-06-10,33,signal,44.957272705631695,54.12987521174348,46.3856621933736,53.27800515994073,0.014371303747429537,0.006535373655987508,-0.025087780717574917,0.0010073275752756476,0.0010073275752757456,-0.02710243586812631
D,WEC,-1,2024-04-22,2024-04-23,2024-06-10,33,signal,44.957272705631695,74.66412553650875,46.3856621933736,73.76186448563757,0.012921140060920138,0.005612060541663601,-0.022513354654188807,0.0010066096203443487,0.0010066096203444365,-0.02452657389487759
D,XEL,-1,2024-04-22,2024-04-23,2024-06-06,31,signal,44.957272705631695,50.39936775855129,47.32677753073806,50.64363482477652,0.013729224010515372,0.007592436411489172,-0.02965981229998322,0.0010170680701631046,0.0010170680701632386,-0.03169394844030956
KEY,TFC,1,2024-04-22,2024-04-23,2024-05-21,20,signal,13.003998582715326,33.81388026299849,13.579880092154633,35.339110042695765,0.036146959696553516,0.01567151723841147,-0.0020639702540131005,0.001022328819358255,0.0010223288193584273,-0.004108627892729783
AEP,PPL,-1,2024-04-23,2024-04-24,2024-05-24,22,signal,77.60612259733651,24.922117938881637,83.00033644916964,26.61235233376929,0.008312800500355834,0.014233555076414032,-0.019748680104991284,0.001034299149870761,0.0010342991498708608,-0.021817278404732906
BAC,PNC,-1,2024-04-23,2024-04-24,2024-05-02,6,signal,35.89857216048147,144.59968480590766,35.32014324810897,144.1221598942926,0.014773766835532862,0.0032476712750570177,0.007989653109802503,0.0009949231660566753,0.0009949231660567777,0.00599980677768905
C,USB,-1,2024-04-23,2024-04-24,2024-06-03,27,signal,57.93487218899814,36.84316302486603,59.240426296755906,37.01520852930701,0.009917635286850596,0.011544834046609826,-0.009954382920572907,0.0010073897701818515,0.0010073897701819404,-0.011969162460936699
AEP,AES,-1,2024-04-24,2024-04-25,2024-05-24,21,signal,79.36802013317005,15.159704600563913,83.00033644916964,18.43489551847601,0.01175972452468131,0.004368167846936928,-0.027380385449051275,0.001028070153405683,0.0010280701534057545,-0.029436525755862714
AEP,EIX,-1,2024-04-24,2024-04-25,2024-05-24,21,signal,79.36802013317005,63.03208666645213,83.00033644916964,66.34467171298436,0.0081770010343928,0.00556634436186057,-0.010238546831215146,0.0010239183450070023,0.0010239183450071044,-0.012286383521229254
AEP,FE,-1,2024-04-24,2024-04-25,2024-05-24,21,signal,79.36802013317005,34.540231788311694,83.00033644916964,35.7412438012643,0.010089917049104962,0.005757982296567951,-0.02871289022345411,0.0010214741925457385,0.0010214741925458212,-0.03075583860854567
AEP,SRE,-1,2024-04-24,2024-04-25,2024-05-24,21,signal,79.36802013317005,67.24951100925395,83.00033644916964,70.97995595891166,0.007110940935462521,0.0064766869899372725,-0.0006433322788058395,0.0010249302310587679,0.0010249302310588388,-0.0026931927409234464
CB,PNC,1,2024-04-24,2024-04-25,2024-05-01,4,signal,236.74971638405916,145.5651400732967,242.7291525597633,141.88678629024054,0.0029589615185881013,0.002058644554188887,0.026270611530773764,0.0010052670001429497,0.001005267000143042,0.024260077530487773
AEP,AWK,-1,2024-04-25,2024-04-26,2024-05-24,20,signal,79.70753489775377,114.48473902231767,83.00033644916964,121.63598654708767,0.011094865890415185,0.0010068661031564638,-0.028311367983210788,0.001021474905526802,0.0010214749055267977,-0.030354317794264386
AEP,EXC,-1,2024-04-25,2024-04-26,2024-05-29,22,signal,79.70753489775377,34.105343060359594,81.34922523124088,33.50198903640059,0.009790297036746696,0.00643180178770791,-0.018947478993544053,0.00100581050357075,0.0010058105035707639,-0.020959100000685568
MET,PNC,1,2024-04-26,2024-04-29,2024-05-02,3,signal,65.72735184192406,144.41817163071718,67.31667919410245,144.26635415131537,0.009134229869473086,0.002767874179243466,0.01594464564354564,0.0010071525897131402,0.001007152589713216,0.013930340464119284
CVX,FANG,-1,2024-04-29,2024-04-30,2024-05-06,4,signal,149.47431131352943,190.51520132008943,144.89992903849358,188.39901875780114,0.004080501728602883,0.0020468685768800596,0.015322622125051703,0.0009883949341669743,0.0009883949341670513,0.013345832256717677
BKR,MPC,-1,2024-04-30,2024-05-01,2024-06-05,24,signal,31.036093478720293,172.55915570951632,30.40120538794906,168.48084026659325,0.011949269691973647,0.0036466932286312423,-0.006297018314675395,0.0009888979744066694,0.0009888979744067834,-0.008274814263488847
AEP,ETR,-1,2024-05-01,2024-05-02,2024-05-28,17,signal,80.79956525428382,50.32783432281769,82.27680410985268,51.05608213215358,0.0075271920124974755,0.007782923008388961,-0.004443279813438322,0.0010082840696613274,0.001008284069661445,-0.006459847952761095
AEP,NI,-1,2024-05-01,2024-05-02,2024-05-30,19,signal,80.79956525428382,26.46363524934481,81.44199027673417,26.183971009432554,0.00807786545005929,0.013118340154623891,-0.007857548154137079,0.001000605367221536,0.0010006053672215781,-0.009858758888580193
BAC,FITB,1,2024-05-01,2024-05-02,2024-05-17,11,signal,35.32014324810897,34.604390595020774,37.2487822510332,35.84078488854706,0.01490097716339103,0.01368963260250352,0.012835683554024934,0.0010228614452325467,0.0010228614452326259,0.01078996066355976
KMI,VLO,-1,2024-05-01,2024-05-02,2024-05-24,16,signal,16.656959631086817,146.45095993970065,17.42780202545186,153.21357779781638,0.0277803461489894,0.003668811240921582,0.0044196505299386075,0.0010231506558032915,0.0010231506558033413,0.0023733492183319748
MA,PGR,1,2024-05-01,2024-05-02,2024-05-16,10,signal,437.30846194667,194.66567760836747,453.6362585137573,193.24085765314115,0.0008442433079357773,0.0032397815345960655,0.019405196491504913,0.0010044581253384434,0.0010044581253385234,0.017396280240827944
OKE,VLO,-1,2024-05-01,2024-05-02,2024-05-20,12,signal,69.76044445244969,146.45095993970065,74.32559197737471,155.19558049910344,0.005207756723026376,0.004348493854198557,0.015282791442098778,0.0010310403967729127,0.0010310403967728793,0.013220710648552986
AJG,ICE,-1,2024-05-02,2024-05-03,2024-06-07,24,signal,231.3833551497905,124.4331228657687,245.48218636200684,130.6798401356583,0.002342064739712898,0.00368103770208292,-0.008998010715353614,0.0010279629532257738,0.001027962953225929,-0.011053936621805316
MET,PNC,1,2024-05-02,2024-05-03,2024-05-08,3,signal,65.42019516739076,145.55588193699845,66.81024562779403,143.78488001281255,0.00913106708027071,0.0027669157839881743,0.01859685509869283,0.0010039979222859756,0.0010039979222861216,0.016588859254120732
NTRS,ZION,1,2024-05-02,2024-05-03,2024-06-03,20,signal,79.26977091302838,40.17280037254147,79.15311858406365,40.48402883460965,0.007411147989388137,0.010270809584158066,-0.003059843502589141,0.0010012524417479858,0.0010012524417481448,-0.005062348386085271
KMI,XOM,-1,2024-05-03,2024-05-06,2024-06-27,36,signal,16.883892313927845,107.73253590522859,17.991156719024023,106.93668096481153,0.03019728076272512,0.004549621491987927,-0.036042324206267455,0.0010148886544198493,0.0010148886544199508,-0.03807210151510726
DTE,PEG,1,2024-05-06,2024-05-07,2024-06-05,20,signal,105.14056387773184,66.42547538405107,107.49215505849011,68.4500108884997,0.004268690292560028,0.008297058931751988,-0.005746110840361815,0.0010133651041001252,0.0010133651041001677,-0.007772841048562108
AJG,BLK,-1,2024-05-07,2024-05-08,2024-07-01,36,signal,240.62269790530547,737.4754383236595,254.5277144480282,753.8260561952044,0.0028190660998901485,0.0004359332150450672,-0.031048406300927717,0.0010229770363577805,0.0010229770363579414,-0.03309436037364344
AEE,AWK,1,2024-05-08,2024-05-09,2024-06-04,17,signal,68.90861689308556,124.87785159933908,68.35730834793699,123.72563783025666,0.010326851537035648,0.0023110759310478765,-0.0020343953103723954,0.0009960326773276818,0.0009960326773277366,-0.004026460665027814
ES,WEC,1,2024-05-08,2024-05-09,2024-05-23,10,signal,54.950432412149915,77.80584390940197,54.03455797176059,75.95689021899682,0.008267910803055051,0.00701269720931292,0.006383470638725932,0.0009896864338097776,0.0009896864338099253,0.004404097771106228
AEP,NEE,-1,2024-05-09,2024-05-10,2024-05-24,10,signal,84.32588781846123,69.71106986621314,83.00033644916964,70.15298672116369,0.010495048080154721,0.0016440761301315578,0.015631296176810257,0.0009930258706531024,0.000993025870653151,0.013645244435504002
ATO,ED,1,2024-05-09,2024-05-10,2024-06-03,15,signal,112.95674345502766,90.50038618205883,110.0483839316013,87.75707858152815,0.00514161401831261,0.0046331350816109385,-0.0012572991252572437,0.0009862482870161217,0.0009862482870161594,-0.003229795699289525
BKR,HAL,-1,2024-05-09,2024-05-10,2024-07-19,47,signal,31.432931031744015,35.50697978024139,34.213331332643854,32.43099149168684,0.0184434901296823,0.011833927481439958,-0.08667396990659937,0.0010073379401256246,0.0010073379401256595,-0.08868864578685065
CVX,EOG,-1,2024-05-09,2024-05-10,2024-05-23,9,signal,149.53733984694503,121.695065844739,143.80428821258593,117.71646778933209,0.004228671576048687,0.0030200323920388096,0.013209438785986733,0.0009817412979844543,0.0009817412979845805,0.011245956190017697
AJG,AMP,-1,2024-05-10,2024-05-13,2024-05-28,10,signal,244.56429855196043,422.31918737993766,244.67225551555504,427.73205514518384,0.002266285627075009,0.0010553461192267144,0.006470713318013903,0.0010029256430110814,0.0010029256430111543,0.004464862031991666
CVX,FANG,-1,2024-05-10,2024-05-13,2024-05-23,8,signal,149.9336336126387,189.2207794841352,143.80428821258593,182.29866131562292,0.004083658332178401,0.0020484519980125894,0.011830811105031829,0.000980285484075247,0.0009802854840753417,0.00987024013688124
AWK,NEE,1,2024-05-14,2024-05-15,2024-06-12,19,signal,127.49123749427439,70.66459291878171,123.41293929163375,69.15055065559258,0.0038415373991624886,0.007220407556649592,-0.003748243760260785,0.0009866891119027737,0.0009866891119028613,-0.00572162198406642
ALL,JPM,1,2024-05-15,2024-05-16,2024-07-15,39,signal,159.74330670102518,192.90017951506812,157.22398469237055,198.9351062039112,0.003835716513166133,0.002008201264614804,-0.02078141723930984,0.0010013351996618982,0.0010013351996620637,-0.0227840876386338
CB,FITB,-1,2024-05-16,2024-05-17,2024-06-18,21,signal,260.52974687930873,35.84078488854706,255.34361272482602,32.895865874437334,0.002744869927372592,0.007942467093949118,-0.008173688798402738,0.0009809698855493723,0.0009809698855494666,-0.010135628569501577
CB,KEY,-1,2024-05-16,2024-05-17,2024-06-27,27,signal,260.52974687930873,13.807817420687373,254.4530806320701,12.218449349337838,0.0028321662441031454,0.018967386709522093,-0.011959949177529829,0.0009760806334139379,0.0009760806334140918,-0.013912110444357858
CB,PNC,-1,2024-05-16,2024-05-17,2024-06-17,20,signal,260.52974687930873,150.0625808371299,254.32584045726367,139.36771949749536,0.0027396415262893013,0.0019060565921845312,-0.0024074367622016896,0.0009810945376606756,0.0009810945376608612,-0.004369625837523226
CB,SCHW,-1,2024-05-16,2024-05-17,2024-06-13,18,signal,260.52974687930873,76.06566149857504,256.2651123857163,71.35067087092942,0.0027809147219857197,0.0036187697907279666,-0.004217567752854569,0.0009853130469155656,0.0009853130469157229,-0.0061881938466858575
AFL,USB,-1,2024-05-17,2024-05-20,2024-07-01,28,signal,83.96403773061088,37.661291672214226,85.78110546523106,36.6045077240598,0.008416879006229276,0.007781936621212923,-0.022514542565809807,0.0010033224094642894,0.0010033224094643494,-0.024521187384738446
MET,PNC,-1,2024-05-17,2024-05-20,2024-05-30,7,signal,69.64944024147285,148.44221457830844,65.98601800732092,141.06970282451695,0.00872272407079898,0.0026431787981292263,0.01344232912654197,0.0009741745797849828,0.0009741745797850273,0.01149397996697196
BAC,PNC,-1,2024-05-20,2024-05-21,2024-06-27,25,signal,36.60672872186003,145.63671762653553,36.79966099261927,139.7932510151357,0.014572180648365074,0.0032033572096733342,-0.020538147276268622,0.0009920075252474177,0.0009920075252475868,-0.02252216232676363
BAC,NTRS,-1,2024-05-21,2024-05-22,2024-06-13,15,signal,37.21101506803091,79.01697789377732,37.36068553238276,78.24415395673351,0.013253637878850713,0.006414131072341877,-0.005942153735238591,0.000998518428482548,0.0009985184284825518,-0.007939190592203691
BAC,FITB,-1,2024-05-22,2024-05-23,2024-06-27,23,signal,37.55092893272992,34.81465241565502,36.79966099261927,32.858925625439205,0.014380585934403585,0.013211545517590345,-0.014052865047438403,0.0009816352889451957,0.0009816352889453403,-0.01601613562532894
ATO,FE,1,2024-05-23,2024-05-24,2024-06-07,9,signal,107.86829044364313,35.7412438012643,108.55790739518189,35.457321699142454,0.007166038944510729,0.006359158431531174,0.007749170258640121,0.0010018426975124842,0.0010018426975126845,0.0057454848636149525
EOG,FANG,1,2024-05-24,2024-05-28,2024-06-17,14,signal,115.26655480107073,183.4355428781615,109.89100407410722,175.45568930163077,0.004209559262661637,0.0028062368796648706,0.0007421341812491149,0.0009774741350597072,0.00097747413505984,-0.0012128140888704323
MET,RF,-1,2024-05-24,2024-05-28,2024-06-05,6,signal,67.9721556760013,17.265156061195587,65.9391096592926,17.117958262909912,0.008869033296079715,0.0229971590068208,0.015635214259945584,0.0009891926179235139,0.0009891926179235845,0.013656829024098486
HBAN,TFC,-1,2024-05-30,2024-05-31,2024-07-17,31,signal,12.564798220594117,33.73154820132031,13.061183609957455,37.70368872870758,0.045020385890387975,0.012874060148088546,0.029826798307336286,0.0010366840205803204,0.0010366840205803959,0.02775343026617557
CVX,EOG,-1,2024-05-31,2024-06-03,2024-06-06,3,signal,146.90821846328558,115.54564174848483,140.68999167366994,111.8055471179863,0.004358041930667048,0.0031124261035131054,0.016439018452650923,0.0009804935266816495,0.000980493526681807,0.014478031399287468
D,NEE,-1,2024-05-31,2024-06-03,2024-06-06,3,signal,48.644528855004225,74.50153996871073,47.32677753073806,72.03042936043155,0.016384025731079613,0.002720875242848798,0.01585203767099384,0.0009855497434606533,0.0009855497434608526,0.013880938184072334
AJG,AMP,-1,2024-06-04,2024-06-05,2024-06-26,14,signal,249.618116795224,413.8931412197447,254.15570300261516,423.06212310602416,0.002260473556083613,0.001052639599584106,0.0004044297183219449,0.001009889927212201,0.0010098899272123966,-0.0016153501361026528
FITB,NTRS,1,2024-06-04,2024-06-05,2024-07-03,19,signal,33.705312693353804,78.0775469373895,34.591158665668715,80.07029793882283,0.013627866068100411,0.0069242392464156175,-0.0007132002636687923,0.0010128941611161272,0.0010128941611162005,-0.00273898858590112
HBAN,TRV,1,2024-06-10,2024-06-11,2024-06-25,9,signal,11.424825068493995,204.53956367846325,11.983917210815093,203.672848325834,0.029464775178219788,0.0032424365616627385,0.020290466986972566,0.0010066731616526193,0.0010066731616527455,0.018277120663667202
AON,NDAQ,-1,2024-06-11,2024-06-12,2024-06-27,10,signal,289.4484138433107,57.79818729722577,285.7751981049202,58.014294800276744,0.002134201435376622,0.006611638657412485,0.01026488625983568,0.0009966792371860606,0.0009966792371861543,0.008271527785463464
AXP,COF,1,2024-06-11,2024-06-12,2024-06-26,9,signal,222.05712576189114,132.89002652318177,224.3809988286867,129.56370858222004,0.00306352618266273,0.00240726958524389,0.016126329915861062,0.0009997399204198874,0.0009997399204199648,0.01412685007502121
AXP,MET,1,2024-06-11,2024-06-12,2024-07-01,12,signal,222.05712576189114,65.17043264667439,226.61465892303139,66.35182188968827,0.0024969367011186826,0.0068373276091371485,0.004312110500294334,0.0010097839720742694,0.0010097839720744442,0.0022925425561456203
AXP,PNC,1,2024-06-11,2024-06-12,2024-06-26,9,signal,222.05712576189114,141.65245262199176,224.3809988286867,139.79419967959674,0.0029154397388666707,0.0024902703437831714,0.012403888032163812,0.0010012239514519692,0.001001223951452098,0.010401440129259745
ALL,COF,1,2024-06-12,2024-06-13,2024-06-26,8,signal,153.88391875653807,131.95109594604017,154.02685060722942,129.56370858222004,0.004877720459104905,0.0018919698013051835,0.0062123883478703125,0.000998341939130097,0.0009983419391301255,0.004215704469610089
AXP,FITB,1,2024-06-12,2024-06-13,2024-06-21,5,signal,218.13211542816111,33.00669115426226,225.42466795173084,33.141401193683365,0.0029826451580473403,0.010589961472510503,0.021336266801723916,0.001011744454922593,0.0010117444549226496,0.01931277789187867
AXP,NTRS,1,2024-06-12,2024-06-13,2024-06-26,8,signal,218.13211542816111,78.24415395673351,224.3809988286867,77.09422571713598,0.002757263749740918,0.0050949924373518835,0.02409448800369277,0.0010057926428190401,0.001005792642819115,0.022082902718054614
CFG,MET,-1,2024-06-12,2024-06-13,2024-06-21,5,signal,32.27318434962829,64.56967921633377,32.12964678835002,66.39794254480299,0.012117476970026924,0.009432278030261216,0.01999186754000847,0.0010078664202327987,0.0010078664202329431,0.017976134699542727
CVX,FANG,1,2024-06-12,2024-06-13,2024-06-21,5,signal,140.0252438323319,180.86120121736838,142.64169528754076,182.0484369805619,0.004334172122735305,0.002174115173786223,0.009766033370879699,0.0010070697008439777,0.001007069700844172,0.007751893969191549
KMI,VLO,-1,2024-06-12,2024-06-13,2024-06-27,9,signal,18.009484829386345,139.82217043814055,17.991156719024023,145.98968045613282,0.027416128616703495,0.003620710854791589,0.023844182406188574,0.0010109261060135236,0.001010926106013616,0.021822330194161434
OKE,VLO,-1,2024-06-12,2024-06-13,2024-06-27,9,signal,71.34387633824382,139.82217043814055,72.33760567862319,145.98968045613282,0.005317079014262977,0.004439778324048562,0.02311509917498392,0.0010164593053380404,0.0010164593053381345,0.021082180564307745
AEP,SRE,1,2024-06-13,2024-06-14,2024-08-16,43,signal,81.06165869763514,70.67203722255978,90.15762618284138,75.48605211505729,0.006876545375371824,0.006263198129838938,0.03344411956095983,0.0010464154877395514,0.001046415487739644,0.031351288585480634
AJG,ICE,-1,2024-06-13,2024-06-14,2024-06-26,7,signal,255.57398804551357,131.56705235878655,254.15570300261516,133.36785511567746,0.002162708091199651,0.003399141743315601,0.010189996823034893,0.0010014764627053565,0.0010014764627054025,0.008187043897624134
ES,WEC,-1,2024-06-13,2024-06-14,2024-06-25,6,signal,53.232425034536774,72.48325519185325,52.9937046734667,73.33617877132896,0.00871783652008403,0.007394316326326297,0.009390062705268461,0.0010021508746182002,0.001002150874618293,0.007385760956031969
FITB,RF,1,2024-06-13,2024-06-14,2024-07-15,19,signal,32.47580709399547,16.908203124718792,36.33517416211547,19.006523244156135,0.015007965673554278,0.030316134148219688,-0.004630952650942884,0.0010607530958371704,0.0010607530958371947,-0.00675245884261725
D,NEE,1,2024-06-14,2024-06-17,2024-09-25,69,signal,45.24548811191465,68.08906887232936,52.496694036914775,79.80381391180015,0.0176878442371143,0.0029373987977104354,0.09492898110512393,0.0010816581669072203,0.001081658166907367,0.09276566477130935
D,EVRG,1,2024-06-17,2024-06-18,2024-07-12,16,signal,44.74778674702392,48.25587148396225,46.7822693550923,50.472230519898346,0.01511897250805191,0.006706658379168049,0.016917915976584878,0.0010229922566949152,0.001022992256694941,0.01487193146319502
D,EXC,1,2024-06-17,2024-06-18,2024-07-11,15,signal,44.74778674702392,32.30647523438617,45.32683296316054,32.090242447827194,0.021087456424997084,0.0017589706668777823,0.013597320656736508,0.0010063616771216516,0.001006361677121625,0.011584597302493232
D,FE,1,2024-06-17,2024-06-18,2024-07-16,18,signal,44.74778674702392,34.80141072855571,46.31219298766452,35.557794227272886,0.02039904631654667,0.0025171445567016685,0.03102579702757653,0.00101732827342931,0.0010173282734293227,0.028991140480717898
D,NI,1,2024-06-17,2024-06-18,2024-07-16,18,signal,44.74778674702392,26.17459414862047,46.31219298766452,28.106464544225737,0.020421628265541978,0.0033081964457033187,0.02657630530115485,0.0010195893747994384,0.0010195893747994653,0.024537126551555946
D,PNW,1,2024-06-17,2024-06-18,2024-07-16,18,signal,44.74778674702392,69.06329015698854,46.31219298766452,73.31695930705312,0.02227158654535727,5.6352671495847504e-05,0.03562014912874822,0.0010180457684898347,0.0010180457684898505,0.03358405759176853
D,XEL,1,2024-06-17,2024-06-18,2024-07-09,13,signal,44.74778674702392,49.336428467092865,44.48609773676098,48.57572001370215,0.013884502075508133,0.007678307166722946,0.0032029161669071787,0.000995384603584018,0.0009953846035840887,0.001212146959739072
AMP,MS,-1,2024-06-18,2024-06-20,2024-07-15,16,signal,424.45052644583546,91.92692837402207,434.6131787892711,97.76050370290898,0.0014690059687417869,0.004094075779528697,0.009973387220577603,0.0010192847092802204,0.0010192847092802876,0.007934817802017095
ATO,ED,-1,2024-06-18,2024-06-20,2024-07-08,11,signal,110.893305301194,84.04446863399247,109.00862901456364,82.78288474491444,0.005357798064691531,0.004827939647997176,0.004998676609316695,0.0009918125255927654,0.0009918125255928276,0.0030150515581311016
C,USB,1,2024-06-21,2024-06-24,2024-06-27,3,signal,56.58534424026224,36.22513785604836,57.84559987787081,35.65233471940986,0.01012691025026454,0.011788445013624076,0.020518036910911204,0.0010030828965648532,0.0010030828965649436,0.01851187111778141
BKR,MPC,-1,2024-06-24,2024-06-25,2024-07-26,22,signal,32.91607535813433,166.36130964440895,34.78802291897644,164.5882772053726,0.011950640427877754,0.003647111551547086,-0.027829367548894462,0.0010080517402495499,0.001008051740249624,-0.029845471029393635
AEP,NI,1,2024-06-25,2024-06-26,2024-07-15,12,signal,80.23610914364426,26.887338398042296,83.30657263127691,28.13462599410707,0.008072164198244977,0.013109081401668705,0.009455208567986404,0.0010207177592044885,0.0010207177592045885,0.007413773049577327
CVX,FANG,1,2024-06-27,2024-06-28,2024-07-18,13,signal,143.44003759832583,188.41506811947718,146.67168334397027,198.50685942134342,0.004202939132072329,0.0021082858462417374,-0.0066764401046680005,0.001017530294917977,0.0010175302949180275,-0.008711500694504005
KEY,TFC,1,2024-06-27,2024-06-28,2024-07-11,8,signal,12.475287886226862,34.284280684453925,13.521749316164225,35.772609122804894,0.03657585391175515,0.015857464359370257,0.015705003379788505,0.0010308981603008066,0.001030898160300873,0.013643207059186827
CB,FITB,1,2024-06-28,2024-07-01,2024-07-19,13,signal,251.4485565590248,34.03158796034964,262.5383814077383,38.13595416395852,0.002858409856086369,0.00827100256977099,-0.0012149174433515458,0.0010330413241445217,0.001033041324144668,-0.003281000091640736
CB,KEY,1,2024-06-28,2024-07-01,2024-07-19,13,signal,251.4485565590248,12.851997235228472,262.5383814077383,14.087923132886312,0.0029635121650749005,0.01984702747248109,0.009364319885529493,0.0010289442825830919,0.0010289442825832354,0.007306431320363165
CB,PNC,1,2024-06-28,2024-07-01,2024-07-29,19,signal,251.4485565590248,144.24241996795266,265.30524358466084,169.53265130793324,0.0028431126558241095,0.0019780447799302935,-0.009584165025468272,0.0010449228094302826,0.0010449228094303624,-0.011674010644328919
CB,SCHW,1,2024-06-28,2024-07-01,2024-07-16,10,signal,251.4485565590248,71.78740587538222,254.73647866323776,68.20652065519764,0.002900352421679722,0.0037741925860081,0.02404932881510847,0.000998245528493504,0.0009982455284936048,0.02205283775812136
CFG,MET,-1,2024-06-28,2024-07-01,2024-07-16,10,signal,33.47498779814459,66.35182188968827,35.90525054397846,69.85558299049208,0.011748897886050096,0.009145375038424896,0.004520706173113415,0.001030405698291961,0.0010304056982921713,0.002459894776529283
HBAN,TRV,-1,2024-06-28,2024-07-01,2024-07-11,7,signal,12.16899696418138,197.8528435053334,12.171911169737559,199.02426311636904,0.029466519035607486,0.003242628463583523,0.004714691676396221,0.0010020845963469149,0.0010020845963470695,0.002710522483702237
MET,RF,1,2024-06-28,2024-07-01,2024-07-15,9,signal,66.35182188968827,18.330898322851077,68.9091777394222,19.006523244156135,0.00878163934701841,0.022770548904490345,0.008092431915899395,0.001019005473217412,0.0010190054732175538,0.006054420969464429
DTE,PEG,1,2024-07-01,2024-07-02,2024-07-16,9,signal,102.57505860830497,68.28611327201249,106.26157969985071,69.73250624230994,0.004249568634034532,0.008259892138945445,0.004732817926431054,0.0010137434522774005,0.001013743452277485,0.002705331021876168
C,USB,-1,2024-07-03,2024-07-05,2024-07-12,5,signal,60.667327997200495,36.374211895606514,62.714641740839006,38.599775556414535,0.009706976432151833,0.011299612131545997,0.006297202882056676,0.0010224229995820142,0.0010224229995821478,0.004252356882892513
EOG,FANG,1,2024-07-03,2024-07-05,2024-07-15,6,signal,117.73188961552682,193.96775272308733,121.05295265191211,192.79812275165608,0.004047873249498658,0.0026984514264255105,0.017604556142704213,0.0010051242530227569,0.0010051242530228633,0.015594307636658596
AEP,ETR,-1,2024-07-05,2024-07-08,2024-08-13,26,signal,81.4532538004902,49.43113586828203,91.28676283773976,55.31656883087154,0.00754267370218026,0.007798930677469386,-0.027210952301831397,0.0010599140314538759,0.0010599140314539698,-0.029330780364739243
BAC,NTRS,-1,2024-07-08,2024-07-09,2024-07-12,3,signal,38.71976244746277,78.35078151657896,39.45266050129005,82.58579943887034,0.013048316624977522,0.006314765339980821,0.018198210713932357,0.0010181521842173161,0.0010181521842174157,0.016161906345497624
CVX,EOG,1,2024-07-08,2024-07-09,2024-07-19,8,signal,139.32407087796489,115.1327469716283,147.80880560380066,124.0324391102882,0.004514243176069704,0.0032239818988282895,0.01064333806703674,0.0010336285903548724,0.0010336285903550537,0.008576080886326814
MET,PNC,1,2024-07-08,2024-07-09,2024-07-16,5,signal,65.12308437947743,146.18486037975987,69.85558299049208,157.7450055320979,0.009139936307767613,0.0027696033565727616,0.012275452933482464,0.0010377338685936452,0.0010377338685937645,0.010199985196295055
MS,TROW,-1,2024-07-08,2024-07-09,2024-08-05,19,signal,94.61906490502975,102.48151207631861,88.01352476513402,92.66609641953904,0.0064538302105338705,0.0037980866175509075,0.006311170860289914,0.0009599352002508811,0.000959935200250975,0.004391300459788057
NTRS,PNC,1,2024-07-08,2024-07-09,2024-08-14,26,signal,78.35078151657896,146.18486037975987,79.15967563205152,157.33368218058428,0.007038412018570034,0.0030686221954281927,-0.027498195225804763,0.001019996740986118,0.0010199967409862285,-0.02953818870777711
OKE,VLO,-1,2024-07-08,2024-07-09,2024-07-25,12,signal,73.19568552416982,136.0528778911316,73.44801901785786,138.59979767199997,0.005353888705858254,0.0044705145366234055,0.011041555648488476,0.0010064791864689156,0.0010064791864690462,0.009028597275550514
BAC,FITB,-1,2024-07-09,2024-07-10,2024-07-12,2,signal,39.21373468793759,33.84157494020967,39.45266050129005,35.617048568720804,0.014223070401328143,0.01306683488866005,0.020814808313610524,0.0010132462246919718,0.0010132462246920195,0.01878831586422653
KMI,PSX,-1,2024-07-09,2024-07-10,2024-07-16,4,signal,18.154724041294006,123.02803709247064,18.67264124464915,129.27755781046486,0.03108006144533205,0.0035413515436423285,0.007053902893264774,0.0010190515554436294,0.0010190515554436776,0.005015799782377466
KMI,VLO,-1,2024-07-10,2024-07-11,2024-07-26,11,signal,18.263653257354427,136.02461844743166,19.226913547278425,148.51256732948306,0.02760303333808283,0.0036453944256549698,0.019970650157280705,0.0010360568108097677,0.0010360568108098492,0.017898536535661088
AEP,AES,-1,2024-07-11,2024-07-12,2024-09-20,49,signal,84.5575522292389,16.724734332337874,95.47063751316846,17.222654069013984,0.011012103017396933,0.004090462682760335,-0.1170786518035944,0.001060645478792904,0.0010606454787929352,-0.11919994276118025
AEP,AWK,-1,2024-07-11,2024-07-12,2024-09-20,49,signal,84.5575522292389,129.57272811355887,95.47063751316846,141.6685581708567,0.010378527438650677,0.0009418579351810079,-0.10080727760694648,0.0010619239305844725,0.001061923930584531,-0.10293112546811549
AEP,CNP,-1,2024-07-11,2024-07-12,2024-09-20,49,signal,84.5575522292389,28.204452229353013,95.47063751316846,27.08119381741348,0.010520264939038055,0.0039015873876415206,-0.11813624586044374,0.0010547934818980992,0.001054793481898143,-0.12024583282423999
AEP,EIX,-1,2024-07-11,2024-07-12,2024-08-09,20,signal,84.5575522292389,67.19738167566202,91.19316562162986,73.7838304803174,0.007673396650735138,0.005223524859968547,-0.015470706460292014,0.001042508050426502,0.0010425080504265906,-0.017555722561145105
AEP,EXC,-1,2024-07-11,2024-07-12,2024-08-16,25,signal,84.5575522292389,32.670199583082805,90.24782891038798,34.86708040078564,0.009429333491450215,0.006194664347728176,-0.03901325245319667,0.0010333247543489188,0.0010333247543489912,-0.04107990196189458
AEP,FE,-1,2024-07-11,2024-07-12,2024-08-16,25,signal,84.5575522292389,36.188027139422694,90.24782891038798,39.17484637632881,0.009502014335187362,0.005422485641603669,-0.03683828671034084,0.0010348194589311025,0.001034819458931213,-0.03890792562820315
AEP,NEE,-1,2024-07-11,2024-07-12,2024-09-20,49,signal,84.5575522292389,70.28447135624133,95.47063751316846,77.50031356583705,0.010459748625272379,0.001638546380221364,-0.10126206106151903,0.0010625756017618314,0.001062575601761877,-0.10338721226504273
AEP,NRG,-1,2024-07-11,2024-07-12,2024-08-15,24,signal,84.5575522292389,77.10610118886576,90.77198109350647,79.9186186628084,0.009820095101992936,0.002195753828982441,-0.0538174297329071,0.0010332567062808686,0.0010332567062808708,-0.055883943145468844
AEP,PPL,-1,2024-07-11,2024-07-12,2024-08-13,22,signal,84.5575522292389,26.324210417801602,91.28676283773976,28.754601570583613,0.007713023869062443,0.013206590250938535,-0.018763539279507246,0.001041842659509947,0.0010418426595099938,-0.020847224598527187
ATO,FE,-1,2024-07-11,2024-07-12,2024-08-29,34,signal,114.47234997879288,36.188027139422694,123.59074268562235,40.41922459365064,0.006820030997010105,0.00605211023185444,-0.03553643978023687,0.001043607717521571,0.0010436077175217462,-0.03762365521528019
BAC,PNC,1,2024-07-11,2024-07-12,2024-09-12,43,signal,39.45266050129005,154.93527859183084,37.337200386596315,165.9430584048239,0.013603790644971268,0.0029904790431173104,-0.060694719967089,0.0010020913929969456,0.00100209139299706,-0.062698902753083
NTRS,ZION,1,2024-07-11,2024-07-12,2024-07-15,1,signal,82.6684265518657,44.15748158430973,84.75663939329355,44.74206981392094,0.006951502627653307,0.009633805709268549,0.009894558499757164,0.001010150869471811,0.00101015086947187,0.007874256760813481
BAC,NTRS,1,2024-07-12,2024-07-15,2024-07-23,6,signal,39.7949725854802,84.75663939329355,40.10668153748261,82.1865905792203,0.012374125569116944,0.0059884888987789065,0.02024206495636642,0.0009942304508731995,0.000994230450873432,0.01825360405461979
NTRS,SCHW,-1,2024-07-12,2024-07-15,2024-08-06,16,signal,84.75663939329355,71.50950395592618,77.92562093827671,60.5781969427301,0.006910780676262019,0.005791949374892996,-0.015161256925178612,0.000944649558546186,0.0009446495585463028,-0.0170505560422711
AFL,USB,-1,2024-07-15,2024-07-16,2024-07-23,5,signal,89.21593079544624,39.19063996412115,90.23158583799798,41.22949654438948,0.007969608588259682,0.007368406850545338,0.007940101005761565,0.001011349362262577,0.0010113493622626866,0.0059174022812363
ATO,ED,-1,2024-07-15,2024-07-16,2024-08-05,14,signal,115.21283661514397,84.26722555000266,124.35592679864942,95.36537276334548,0.005231051397896298,0.004713727568616124,0.00553563700130516,0.001049969206729035,0.0010499692067291438,0.003435698587846982
AWK,NEE,-1,2024-07-15,2024-07-16,2024-08-01,12,signal,129.7267788246207,67.04200237375758,135.2873752788874,71.44997462484622,0.003910247332566908,0.007349552133630236,0.0116803797773971,0.0010270653672030568,0.0010270653672031825,0.00962624904299086
MA,PGR,1,2024-07-15,2024-07-16,2024-07-17,1,signal,441.85135687479254,204.66366625315462,436.9259281320167,197.76083286975734,0.0008147172267188236,0.003126475273454879,0.018555773502440503,0.0009870672581855575,0.0009870672581856225,0.016581638986069323
AJG,AMP,-1,2024-07-16,2024-07-17,2024-08-19,23,signal,262.4394229184864,415.3898765250218,278.5120712189566,420.228230611965,0.0021934175840888238,0.0010214135003800916,-0.02929205447653139,0.0010200147445722889,0.001020014744572364,-0.03133208396567604
AJG,ICE,1,2024-07-16,2024-07-17,2024-07-25,6,signal,262.701993626759,145.020225226807,268.9527384868874,144.57916839302004,0.002038262596299897,0.003203549985832195,0.015159309894840874,0.0010057028337978606,0.0010057028337979218,0.013147904227245091
AMP,MS,1,2024-07-16,2024-07-17,2024-07-26,7,signal,415.3898765250218,98.84211626671758,429.19811560739197,98.72445730332747,0.0014476177004841893,0.004034467314415044,0.021473606123861604,0.0010098635736596252,0.0010098635736598336,0.019453878976542143
NTRS,ZION,1,2024-07-16,2024-07-17,2024-08-02,12,signal,86.9199607309342,46.056330715558516,81.3021839203889,43.98736014270898,0.006634112895154517,0.009193948144539084,-0.01727503087855273,0.0009719265430299457,0.0009719265430301355,-0.019218883964612812
AEE,AWK,-1,2024-07-17,2024-07-18,2024-09-20,45,signal,70.09058512408343,134.1047094971453,79.69556775633684,141.6685581708567,0.00998778196021089,0.002235194571163891,-0.0779695990891784,0.0010561996807962053,0.0010561996807962762,-0.08008199845077088
AEP,NI,-1,2024-07-17,2024-07-18,2024-08-15,20,signal,86.41087094951077,28.669717368470995,90.77198109350647,29.962892374528803,0.007519359600022315,0.012211334490265043,-0.01597722487435366,0.0010241380002327075,0.0010241380002327508,-0.01802550087481912
ALL,COF,-1,2024-07-17,2024-07-18,2024-07-26,6,signal,166.07830710024635,147.06369708809902,159.49884037331867,144.5063258293742,0.004480769846959811,0.0017380006312625977,0.02601916233642018,0.0009827990793638535,0.0009827990793638624,0.024053564177692464
AXP,NTRS,-1,2024-07-17,2024-07-18,2024-07-25,5,signal,245.3589400819143,82.9896630485182,235.02816303690696,81.91568147652167,0.0025077931619107885,0.004634009784366411,0.0219150586327452,0.0009844477149119429,0.000984447714912089,0.01994616320292117
CB,SCHW,-1,2024-07-17,2024-07-18,2024-10-01,52,signal,260.592815898092,61.09539460215629,282.5804536776741,62.964016293781356,0.002939567280151286,0.0038252223943163665,-0.0564506365522862,0.0010356104910820342,0.0010356104910821382,-0.058521857534450376
FITB,NTRS,-1,2024-07-17,2024-07-18,2024-08-15,20,signal,37.734114415057796,82.9896630485182,37.74385666487608,80.8397148254913,0.012515882371303437,0.00635924681720772,-0.012800735018650823,0.0009932492285518175,0.0009932492285520005,-0.01478723347575464
MA,PGR,1,2024-07-17,2024-07-18,2024-07-30,8,signal,443.64072569229717,205.39028318229643,438.2789660872283,197.11638454391127,0.0008116896346450578,0.003114856896616502,0.022404729013122984,0.0009848034723360568,0.0009848034723362081,0.02043512206845072
ALL,JPM,-1,2024-07-18,2024-07-19,2024-07-26,5,signal,169.94546365079992,202.78537234710043,159.49884037331867,200.7026322993502,0.003621268465102928,0.0018959263246299332,0.03486030937216559,0.0009790036145032165,0.0009790036145033096,0.03290230214315906
DTE,PEG,-1,2024-07-18,2024-07-19,2024-07-24,3,signal,110.01320146464342,69.34143040109113,109.72058990624885,70.68600990644983,0.004085302602984389,0.007940608038507541,0.012876979833065644,0.0010047942432292486,0.001004794243229373,0.010867391346607021
KMI,PSX,-1,2024-07-18,2024-07-19,2024-08-01,9,signal,19.207698345816592,128.70123331921576,19.466867542361737,135.0286131119894,0.029520672668796284,0.00336367030383407,0.01464677388111572,0.001014403388127441,0.001014403388127506,0.012617967104860774
KMI,SLB,-1,2024-07-18,2024-07-19,2024-12-10,100,signal,19.207698345816592,46.60798412635561,25.452854876570726,39.18519061216869,0.035386578720342815,0.006868463455410762,-0.27089315117507823,0.0010847580105688257,0.0010847580105688526,-0.2730626671962159
AXP,PNC,1,2024-07-19,2024-07-22,2024-07-31,7,signal,237.9757724124212,163.6013378529818,247.61883051713804,169.66352800421618,0.0026478177487287645,0.002261676661499163,0.012842101318365655,0.0010197548992905417,0.0010197548992906583,0.010802591519784454
BAC,FITB,1,2024-07-19,2024-07-22,2024-09-03,30,signal,40.54618002192143,38.22840780541224,38.54877637317702,39.685666503998036,0.013216291000682199,0.012141899566936813,-0.04309648399026564,0.0009956726386386762,0.0009956726386388033,-0.045087829267543116
CFG,MET,-1,2024-07-19,2024-07-22,2024-08-02,9,signal,37.755283770957064,70.41321524473771,37.182895932974006,69.83684529045347,0.010804197042575342,0.008410017254530023,0.0023314864529825436,0.0009945767271630833,0.000994576727163128,0.0003423329986563324
HBAN,TFC,-1,2024-07-19,2024-07-22,2024-08-01,8,signal,13.760683411197117,38.8161234925973,13.839294206527548,40.3832763060507,0.04022217914147914,0.011501961684987514,0.015873977944120606,0.0010105438214938808,0.0010105438214939827,0.013852890301132742
HBAN,TRV,-1,2024-07-19,2024-07-22,2024-07-31,7,signal,13.760683411197117,196.13480087358778,14.052348239059777,212.1279574654562,0.028296277482322007,0.003113849812621521,0.04257640648725954,0.0010291477314788857,0.0010291477314789473,0.04051811102430171
KMI,XOM,-1,2024-07-19,2024-07-22,2024-07-26,4,signal,19.54356249931834,107.22055006453135,19.226913547278425,108.59201994885294,0.028011623239093494,0.004220323151459395,0.01565631253871616,0.0009984152907885273,0.000998415290788637,0.013659481957138996
C,USB,1,2024-07-22,2024-07-23,2024-08-19,19,signal,60.737449865484756,41.22949654438948,58.40218588776303,39.80730729398341,0.009197501723353166,0.010706547273451857,-0.005270153647678473,0.0009817043706340674,0.0009817043706341626,-0.007233562388946704
KEY,TFC,1,2024-07-22,2024-07-23,2024-08-15,17,signal,14.260058011571209,39.47204064906489,14.390618668406024,38.862992723939705,0.031872917600270154,0.01381850594916638,0.013575311718483769,0.0009978302846807951,0.000997830284680883,0.011579651149122091
AJG,BLK,-1,2024-07-24,2024-07-25,2024-08-27,23,signal,268.9527384868874,787.1457006695064,281.51743425125085,842.1598673126445,0.0025591898284421624,0.0003957466090869239,-0.009356999125800368,0.0010267725710639652,0.0010267725710640307,-0.011410544267928365
AON,NDAQ,1,2024-07-25,2024-07-26,2024-07-30,2,signal,302.63189350480116,65.6582417927522,317.357257654424,66.43367501822672,0.0019763313432573674,0.0061225657954964595,0.02537158683151473,0.0010170290647185443,0.0010170290647186929,0.023337528702077493
AXP,FITB,1,2024-07-25,2024-07-26,2024-07-31,3,signal,236.91817833771339,39.09574797084717,247.61883051713804,39.386927841875405,0.002661841861114382,0.009450940779549999,0.02674727488932898,0.0010157546941964482,0.0010157546941965503,0.02471576550093598
DTE,PEG,-1,2024-07-25,2024-07-26,2024-07-31,3,signal,111.63173197769075,69.39728893780845,113.0264290085102,74.88124197273274,0.004056667303491137,0.00788494956924872,0.038607377107294186,0.0010245058299892138,0.0010245058299893164,0.03655836544731566
ES,WEC,-1,2024-07-25,2024-07-26,2024-08-01,4,signal,58.05433235971954,77.31855693388547,58.687245570056234,80.29501822121307,0.00808859621902009,0.006860605718124308,0.0163137520463601,0.0010128041188420301,0.0010128041188421655,0.014288143808675904
BKR,HAL,-1,2024-07-26,2024-07-29,2024-08-19,15,signal,36.1502702370871,32.52031767182367,33.719311859907954,29.77970515488715,0.017536478168899472,0.011251959876977259,0.012756321500221712,0.0009631350682277148,0.0009631350682278754,0.010830051363766122
OKE,VLO,1,2024-07-30,2024-07-31,2024-08-05,3,signal,74.92557145158854,156.26956404294503,70.65351400453962,137.0159608623197,0.004867624972133877,0.0040644827325126915,0.058411517929266576,0.0009503537746093123,0.0009503537746094976,0.056510810380047766
AON,NDAQ,-1,2024-07-31,2024-08-01,2024-09-12,29,signal,325.64862794481775,65.94755657118948,340.2975297365644,70.17467599443907,0.0018867520952189723,0.005845054212280755,-0.0019050458652421186,0.0010260580923140215,0.0010260580923141136,-0.003957162049870254
BAC,NTRS,1,2024-07-31,2024-08-01,2024-09-04,23,signal,38.4542104856628,83.68065771956432,38.62476470306105,85.0492885655334,0.012665808953595778,0.006129649799414118,-0.00522376043486983,0.001005260221800261,0.0010052602218003563,-0.007234280878470448
AFL,USB,-1,2024-08-01,2024-08-02,2024-09-20,34,signal,95.68458436008652,39.26427006846478,103.23504987961826,42.562740156243244,0.007574804536701731,0.007003385551706632,-0.03305292925479476,0.0010399134612800731,0.0010399134612802043,-0.03513275617735504
ALL,COF,-1,2024-08-01,2024-08-02,2024-09-27,39,signal,168.9691171561371,137.10245868096712,181.02230516184676,144.65646636681777,0.0045003212783020895,0.0017455842388067393,-0.04002361781123584,0.0010334438859890566,0.0010334438859892362,-0.04209050558321413
ALL,JPM,-1,2024-08-01,2024-08-02,2024-08-26,16,signal,168.9691171561371,195.75696818217898,172.90379347647766,210.07398481054057,0.003683355318193645,0.0019284320889284045,0.01413751528631395,0.0010209319523569616,0.0010209319523570904,0.012095651381599898
D,ES,-1,2024-08-01,2024-08-02,2024-09-25,37,signal,50.69661624526978,61.999348176993884,52.549216992429436,61.58140612653702,0.012673919262421013,0.005763485312218367,-0.024878128775232624,0.0010103863889362678,0.0010103863889364315,-0.02689890155310532
D,EVRG,-1,2024-08-01,2024-08-02,2024-09-19,33,signal,50.69661624526978,55.52496904611158,52.402688513346845,56.81441595944043,0.013273141985108426,0.005887862344144493,-0.014037911762075838,0.0010149417632047157,0.0010149417632048714,-0.016067795288485426
D,EXC,-1,2024-08-01,2024-08-02,2024-09-25,37,signal,50.69661624526978,35.643558371043326,52.549216992429436,37.366210352496495,0.018624182457644786,0.0015535012842394752,-0.03080889497016699,0.0010181373006183214,0.001018137300618519,-0.03284516957140383
D,FE,-1,2024-08-01,2024-08-02,2024-09-25,37,signal,50.69661624526978,39.503588696079184,52.549216992429436,40.29939444977097,0.01798752197119268,0.0022195740092816377,-0.030540221850581428,0.0010171250254697784,0.0010171250254699773,-0.03257447190152118
D,NI,-1,2024-08-01,2024-08-02,2024-09-25,37,signal,50.69661624526978,30.295827355984834,52.549216992429436,32.5922060216143,0.017976788212560862,0.0029121452068688334,-0.02559684576760734,0.0010195773822450993,0.0010195773822452973,-0.027636000532097738
D,PNW,-1,2024-08-01,2024-08-02,2024-09-25,37,signal,50.69661624526978,81.41522757601875,52.549216992429436,83.13613544495199,0.0196356120791085,4.968299832885329e-05,-0.035273723296681395,0.0010177264492358567,0.0010177264492360607,-0.03730917619515331
D,XEL,-1,2024-08-01,2024-08-02,2024-08-28,18,signal,50.69661624526978,57.00222148426703,50.80163901079567,56.8522272324556,0.01216113293288593,0.006725261996882315,-0.001285929389602586,0.001000017064395289,0.0010000170643954332,-0.003285963518393308
AJG,ICE,-1,2024-08-02,2024-08-05,2024-08-09,4,signal,280.1212147467212,148.86773459414655,277.7680062538431,150.0266547125886,0.0019450683178826927,0.003057075959450587,0.009119498148067187,0.0009994400301847617,0.000999440030184906,0.00712061808769752
AXP,FITB,1,2024-08-02,2024-08-05,2024-08-13,6,signal,221.9449074498949,35.99942657450652,233.531233827524,36.539565313189,0.002859472440196688,0.010152633440718492,0.02866639913955121,0.001019448800572142,0.0010194488005722537,0.026627501538406814
AXP,PNC,1,2024-08-02,2024-08-05,2024-08-12,5,signal,221.9449074498949,155.14997993792446,233.0323183883079,159.50242036102952,0.0028214780189716425,0.002410011410152662,0.021814472680356974,0.0010210175120118248,0.0010210175120119642,0.019772437656333186
CVX,EOG,1,2024-08-02,2024-08-05,2024-08-26,15,signal,132.51267270585515,112.8559190999209,137.03542910393782,121.3157329000311,0.0046929364219747026,0.003351601029604086,-0.006104002913225572,0.001024909501201376,0.0010249095012014975,-0.008153821915628447
EOG,FANG,-1,2024-08-02,2024-08-05,2024-08-12,5,signal,112.8559190999209,173.1703298619571,119.16108792660063,188.55601843820784,0.004380278677847129,0.0029200443091546343,0.018344778440769937,0.0010362826429951189,0.001036282642995292,0.016272213154779527
MET,PNC,1,2024-08-02,2024-08-05,2024-08-15,8,signal,64.63533566725526,155.14997993792446,68.01157317597331,160.68958344151258,0.008957327903148635,0.0027142689610867334,0.016228814345890026,0.0010227217479093832,0.0010227217479095148,0.014183370850071129
CFG,MET,-1,2024-08-05,2024-08-06,2024-08-22,12,signal,35.62405507897868,64.08938651129934,38.52853888601896,68.75781486574706,0.01169531785574466,0.009103668192687885,0.00956928128130502,0.001038319891276407,0.0010383198912765402,0.007492641498752074
FITB,RF,-1,2024-08-05,2024-08-06,2024-08-21,11,signal,36.51236494073811,18.586591564785575,38.15462541588217,19.99071157569278,0.013503142375547601,0.02727638672581419,0.01715389192224651,0.001030248508891843,0.0010302485088918493,0.015093394904462817
HBAN,TFC,1,2024-08-05,2024-08-06,2024-08-22,12,signal,12.310858647295767,37.21649328786181,12.909318012059874,38.57036753444836,0.04356826931794159,0.01245881190607598,0.01022768360054457,0.0010215094033598645,0.0010215094033598961,0.00818466479382481
MET,RF,1,2024-08-05,2024-08-06,2024-08-15,7,signal,64.08938651129934,18.568014261872246,68.01157317597331,19.42645646100856,0.00891044880828193,0.023104548289019606,0.016141990245499293,0.0010274659966729386,0.001027465996673011,0.014087058252153343
CVX,FANG,1,2024-08-06,2024-08-07,2024-08-21,10,signal,131.65670053024104,181.90409796326443,133.779022089797,182.69159675030068,0.004486646630979343,0.0022505997093795506,0.008755502150270628,0.0010057398164745844,0.0010057398164746104,0.006744022517321433
ES,WEC,1,2024-08-12,2024-08-13,2024-09-30,33,signal,59.38069332361769,82.5807065645803,62.13420421089958,89.5106941014314,0.007726209898303533,0.00655323598464301,-0.02310634382199508,0.001033296805221242,0.0010332968052213709,-0.025172937432437696
AXP,MET,-1,2024-08-14,2024-08-15,2024-08-23,6,signal,242.39467539348436,68.07961877194727,242.8624299754262,70.19360691087842,0.0023318488741518473,0.006385269871050681,0.01341488417809321,0.0010072324020981112,0.0010072324020981528,0.011400419373896947
BKR,MPC,1,2024-08-14,2024-08-15,2024-08-27,8,signal,33.70967037799158,172.65078123930496,33.98405097077953,166.18370476032635,0.01157287316233711,0.0035318240599465788,0.027006012176540438,0.0009900640720273677,0.000990064072027569,0.0250258840324855
MA,PGR,1,2024-08-14,2024-08-15,2024-09-27,30,signal,459.80459395273874,218.44159687072062,484.9541789417632,231.14449395626949,0.0007702598245266903,0.0029558701062663453,-0.017148089218259905,0.001028309619326822,0.0010283096193269036,-0.01920470845691363
AXP,COF,-1,2024-08-15,2024-08-16,2024-09-09,15,signal,243.97954446899016,133.40357551321935,243.1072494717848,136.53731705029583,0.002866351284374142,0.0022523327225169257,0.010560614415054103,0.0010020819215935542,0.001002081921593631,0.008556450571866917
KMI,VLO,-1,2024-08-20,2024-08-21,2024-12-03,72,signal,19.410608885261862,134.9195416243182,25.59260145305345,134.3183970788053,0.026860374486092034,0.0035473151889981987,-0.16710118893740872,0.001081895680792417,0.0010818956807926027,-0.16926498029899376
OKE,VLO,-1,2024-08-20,2024-08-21,2024-09-27,26,signal,78.88314122528853,134.9195416243182,80.83801747302087,129.82846262522543,0.0052212625122608405,0.0043597712322724,-0.0314087762665316,0.0009940855633333201,0.0009940855633334528,-0.03339694739319838
MS,TROW,-1,2024-08-29,2024-08-30,2024-09-09,5,signal,97.66237936656346,94.30479906280411,92.86780654932,91.88942199406719,0.006528182843653815,0.0038418432289925295,0.02299992617033797,0.0009795781991510043,0.0009795781991511032,0.021040769772035863
NTRS,SCHW,-1,2024-08-30,2024-09-03,2024-10-01,20,signal,85.3418080569778,62.636871984149046,85.66192083724083,62.964016293781356,0.007254027914038255,0.006079626081390235,0.0006688443302734063,0.001002036296722835,0.001002036296722872,-0.0013352282631723007
AEP,EXC,-1,2024-09-03,2024-09-04,2024-09-20,12,signal,95.32844746626454,35.962137413221086,95.47063751316846,36.83666202789974,0.008404074786264842,0.005521113714062658,0.004636085329005731,0.0010027112736610945,0.0010027112736611947,0.002630662781683442
AMP,MS,-1,2024-09-03,2024-09-04,2024-10-28,38,signal,431.6587195434725,94.74871953373409,497.20115665966466,112.09677570017078,0.0014371852090799687,0.0040053922723205975,-0.023629136477119797,0.001081714604496312,0.0010817146044964853,-0.025792565686112594
ATO,FE,-1,2024-09-03,2024-09-04,2024-10-31,41,signal,126.35210485143507,40.994821119996494,133.3345697237293,38.80614128600639,0.006143410864467295,0.00545167606534753,-0.05381293200877782,0.0010151920141083836,0.0010151920141084738,-0.05584331603699468
CB,FITB,-1,2024-09-03,2024-09-04,2024-09-30,18,signal,282.1312882979907,39.648325830688854,283.85672735702616,40.1411027005346,0.002519271117177329,0.0072896816528098055,0.00024909618032008946,0.0010037584591541695,0.0010037584591542615,-0.0017584207379883416
CFG,MET,1,2024-09-03,2024-09-04,2024-10-28,38,signal,39.71532729183588,73.72643623663522,39.17151662976561,78.67922875304282,0.01029727693700087,0.008015429223809205,-0.044281579684713766,0.001016947179394535,0.0010169471793945962,-0.0463154740435029
KMI,XOM,-1,2024-09-03,2024-09-04,2024-12-19,75,signal,19.7877855594536,108.18699113035657,24.334865785876122,101.50022662492421,0.027709008669955158,0.0041747302466426175,-0.1528615704158376,0.0010489530340905243,0.001048953034090625,-0.15495947648401875
AEP,FE,-1,2024-09-04,2024-09-05,2024-09-25,14,signal,96.34766144571269,41.36390270481959,95.05878831406736,40.29939444977097,0.008334092054597805,0.0047559909833548705,0.006670591769299688,0.0009917961061877783,0.0009917961061879517,0.004686999556923957
AEP,NRG,-1,2024-09-04,2024-09-05,2024-09-20,11,signal,96.34766144571269,77.11820239888745,95.47063751316846,81.1726757681738,0.00880043711367487,0.001967760320890289,0.01669621165101204,0.0009997858672806345,0.0009997858672807832,0.01469663991645062
AJG,BLK,-1,2024-09-04,2024-09-05,2024-09-18,9,signal,291.6514567009315,848.9182568307886,291.33058309872786,874.2886034082562,0.002364030917745072,0.0003655677312705467,0.011037206109963242,0.0010040709537933175,0.0010040709537934836,0.009029064202376442
CB,KEY,-1,2024-09-04,2024-09-05,2024-09-20,11,signal,286.1006487780804,15.26916912724713,285.0348270491764,15.776114069591022,0.002574318758219726,0.017240548467942256,0.012486538079609921,0.0010027643609159993,0.0010027643609159887,0.010481009357777932
CB,PNC,-1,2024-09-04,2024-09-05,2024-10-01,18,signal,286.1006487780804,171.81354136104852,282.5804536776741,171.35229435536712,0.0024647526149987123,0.001714807548666957,0.008880523251975027,0.0009950630200853412,0.000995063020085456,0.006890397211804231
AEP,ETR,-1,2024-09-05,2024-09-06,2024-09-16,6,signal,96.7590999302798,58.18768079832569,97.64211587687942,60.52573646690574,0.006371780564124406,0.006588257277693042,0.010787729336640666,0.001010400908821982,0.0010104009088221758,0.00876692751899651
FITB,NTRS,1,2024-09-05,2024-09-06,2024-09-10,2,signal,38.97616125253934,84.72918604443059,38.81596954105909,83.54680432414094,0.012190866444686662,0.006194108120984555,0.006366262624844361,0.0009953381692960504,0.0009953381692961775,0.004375586286252134
KMI,PSX,-1,2024-09-05,2024-09-06,2024-12-03,61,signal,19.76018849522728,120.69076863129455,25.59260145305345,129.40449253596012,0.02983733803115459,0.003399752065505557,-0.14329747773864868,0.0011016983781650903,0.0011016983781652293,-0.145500874494979
NTRS,ZION,-1,2024-09-05,2024-09-06,2024-10-01,17,signal,84.72918604443059,43.4766454162857,85.66192083724083,43.86526269407117,0.006896838006554361,0.009558048226743393,-0.001713509498719912,0.0010049885875500716,0.0010049885875501046,-0.003723486673820088
HBAN,TRV,1,2024-09-06,2024-09-09,2024-09-30,15,signal,13.348343548487314,228.45219718930582,13.711520805306007,228.48866501257416,0.0259779681356369,0.0028587326110997274,0.010334974052363471,0.0010046186027724722,0.0010046186027725334,0.008325736846818465
AEP,EIX,-1,2024-09-09,2024-09-10,2024-09-25,11,signal,97.3388191198019,77.67896271288926,95.05878831406736,77.81740332874527,0.006656033681398653,0.004530973568301456,0.016795814247672958,0.0009925816388543793,0.0009925816388545237,0.014810650969964055
ALL,JPM,-1,2024-09-10,2024-09-11,2024-10-16,25,signal,177.43617812529968,197.0723978163559,185.0664331293335,214.56540572031554,0.003563141189756774,0.0018654936095275324,0.006475198020576719,0.001029779457546025,0.0010297794575461958,0.004415639105484498
ATO,ED,-1,2024-09-10,2024-09-11,2024-12-05,60,signal,129.62862302153607,97.8191944620818,138.1036004210433,91.17189363899864,0.004591477786732281,0.00413740446762048,-0.06540964938386015,0.0010055932120769232,0.0010055932120771102,-0.06742083580801418
C,USB,1,2024-09-10,2024-09-11,2024-09-20,7,signal,54.74385688495695,41.04559701734844,59.370811004954454,42.60532418841557,0.009754156267874537,0.011354532821610804,0.028453522004203875,0.0010314618301021895,0.0010314618301023146,0.026390598343999372
EOG,FANG,-1,2024-09-10,2024-09-11,2024-10-07,18,signal,110.98419120403454,164.1121408500021,124.82872977843243,186.3219503599388,0.004537455622980248,0.003024823862676524,0.005426779778717909,0.0010649973895300682,0.001064997389530186,0.003296784999657656
FITB,NTRS,1,2024-09-10,2024-09-11,2024-09-16,3,signal,37.61316249972321,83.08258111525092,39.25429763915435,84.90924580419274,0.012526735571000862,0.006364761264658154,0.009947846869162585,0.0010160655969267563,0.0010160655969268175,0.007915715675309012
AEP,SRE,-1,2024-09-11,2024-09-12,2024-09-20,6,signal,96.09518841769092,76.79498221637955,95.47063751316846,77.92239523635371,0.006022150864567882,0.005485010564702344,0.010946147208575788,0.0010011351135979503,0.0010011351135980357,0.008943876981379802
DTE,PEG,1,2024-09-11,2024-09-12,2024-10-16,24,signal,116.47275086771022,77.20015897477376,120.35288521192726,83.14097232086331,0.0037517305990516963,0.00729224369606837,-0.027735770564137247,0.0010288693607726947,0.0010288693607728278,-0.02979350928568277
BAC,FITB,1,2024-09-13,2024-09-16,2024-10-04,14,signal,37.144860292557475,39.25429763915435,38.17860199130348,39.98351451959253,0.01365979565572103,0.012549350415187089,0.00598114678656257,0.0010116445821825098,0.0010116445821826154,0.003957857622197445
BAC,NTRS,1,2024-09-13,2024-09-16,2024-10-02,12,signal,37.144860292557475,84.82437899179475,37.52842771160752,84.52813846294123,0.012788083152211175,0.006188824702474977,0.007739985316978426,0.0010015125648445203,0.0010015125648445643,0.005736960187289341
MET,RF,-1,2024-09-13,2024-09-16,2024-10-24,28,signal,72.61179560757255,20.31890139048155,79.67207065705897,22.133022248412644,0.007980327458321649,0.020692769252162197,-0.017757265481542987,0.0010468570504740854,0.0010468570504741635,-0.019850979582491237
BKR,HAL,-1,2024-09-16,2024-09-17,2024-12-05,56,signal,32.69400846125863,27.158574089817023,41.2916820998257,29.32655134168919,0.019949147028807384,0.01280000464096307,-0.14266669165933296,0.001099444976676685,0.0010994449766768746,-0.14486558161268653
HBAN,TFC,-1,2024-09-17,2024-09-18,2024-10-03,11,signal,13.627344432896049,38.25946742329754,13.219671243755654,37.96544488481296,0.04070103925229153,0.011638896847740868,0.014160565682340694,0.0009899412053635138,0.00098994120536366,0.012180683271613521
NTRS,PNC,-1,2024-09-17,2024-09-18,2024-09-27,7,signal,86.57567105160449,169.99068819645908,86.20498658019703,171.58574878262638,0.0062229746735227385,0.0027131060464174184,0.007635301883494167,0.001000973285324763,0.0010009732853249603,0.005633355312844444
MET,PNC,-1,2024-09-18,2024-09-19,2024-10-24,25,signal,75.80456943172723,173.01939738732065,79.67207065705897,177.91241753487782,0.007797574765499424,0.0023628380457422506,-0.01757495230612135,0.0010207634908320625,0.0010207634908321753,-0.019616479287785586
AJG,AMP,1,2024-09-19,2024-09-20,2024-11-25,46,signal,274.28179556002414,452.21991788239535,296.2626157916301,561.5410574671968,0.0020625518593542745,0.000960472975898785,-0.058588199545218884,0.0010752190816109,0.0010752190816109247,-0.06073863770844071
AJG,BLK,1,2024-09-19,2024-09-20,2024-10-09,13,signal,274.28179556002414,892.3724539185926,285.61042811344913,911.8183394870562,0.0024259599303652914,0.0003751442763459356,0.021205355247061013,0.0010175592761072908,0.0010175592761073762,0.019170236694846344
AJG,ICE,1,2024-09-19,2024-09-20,2024-10-07,11,signal,274.28179556002414,155.62320842717543,283.18006087855855,158.91369521884414,0.0019272982811915427,0.003029146682382209,0.00819583320250522,0.0010135888969132864,0.0010135888969133205,0.006168655408678614
BKR,MPC,-1,2024-09-19,2024-09-20,2024-10-04,10,signal,35.05267408152871,158.61283506204325,36.51399775455663,169.82328390413213,0.011982981681935198,0.003656981496340109,0.024514728768315668,0.0010293395924010577,0.0010293395924011622,0.022456049583513448
KEY,TFC,-1,2024-09-19,2024-09-20,2024-10-02,8,signal,15.776114069591022,39.07330720095529,14.884000516109554,37.965444429207864,0.03056629351115417,0.013252018971876911,0.013566232172960635,0.0009790459214003777,0.0009790459214004323,0.011608140330159824
AEE,AWK,-1,2024-09-20,2024-09-23,2024-10-30,27,signal,81.16407035681395,140.6783141156314,81.82167214493093,129.47639646248615,0.00887533956877588,0.0019862378754757115,-0.027094546400865872,0.000991565890343592,0.0009915658903436443,-0.02907767818155311
AEP,ETR,1,2024-09-24,2024-09-25,2024-12-11,54,signal,95.05878831406736,61.88485290257734,89.89406377119822,71.02205845348247,0.006288096466896691,0.006501730072771411,-0.09087038986043001,0.0010135404014937816,0.0010135404014938766,-0.09289747066341766
AWK,NEE,1,2024-09-24,2024-09-25,2024-10-30,25,signal,138.5951179570784,79.72404997985433,129.47639646248615,75.21985888734068,0.0034668401075767987,0.0065161407815268815,-0.0012937077643300696,0.0009694983772266799,0.0009694983772267152,-0.0032327045187834644
D,XEL,1,2024-09-24,2024-09-25,2024-10-03,6,signal,52.549216992429436,60.49650484679701,53.50308194093373,61.21444871851067,0.011628578702195289,0.0064307526983894536,0.007483141279297587,0.0010079671446646924,0.0010079671446648253,0.00546720698996807
FITB,NTRS,1,2024-09-25,2024-09-26,2024-10-08,8,signal,39.769684564181205,86.0997789297953,39.661326339485505,86.01442245134055,0.011973396638396465,0.006083612981092497,0.0002209274266108778,0.0009990676495772787,0.0009990676495773777,-0.0017772078725437786
CVX,FANG,-1,2024-09-26,2024-09-27,2024-10-07,6,signal,131.52529541203174,162.3322565710472,139.50215487923825,186.3219503599388,0.004695281103106012,0.0023552553065225653,0.020095120971807025,0.0010468648921756712,0.0010468648921758555,0.018001391187455498
AXP,NTRS,-1,2024-09-27,2024-09-30,2024-10-21,15,signal,264.24026085961333,85.73813129333341,270.0067900486586,91.20142920595876,0.0023656100663122393,0.004371277647528956,0.01125887143832983,0.0010186388883679201,0.001018638888368054,0.009221593661593856
CVX,EOG,-1,2024-09-27,2024-09-30,2024-10-07,5,signal,133.72385155469195,114.552023182407,139.50215487923825,124.7039634318273,0.00463906629624736,0.0033131280667045185,0.007858847575218892,0.0010301016057540136,0.0010301016057541988,0.00579864436371068
AFL,USB,-1,2024-10-01,2024-10-02,2024-10-10,6,signal,108.3852735782194,41.38517867292762,107.63966415683855,41.74358388804396,0.00681739543151641,0.0063031129627197195,0.008340533607697516,0.000998350787374007,0.0009983507873741573,0.006343832032949352
ES,WEC,1,2024-10-02,2024-10-03,2024-10-29,18,signal,61.467797188355895,90.18720323121468,60.86277359933606,90.11846651277236,0.007247923434665808,0.006147561778824889,-0.002965060740244058,0.0009975406860405524,0.0009975406860406725,-0.0049601421123252835
AXP,FITB,-1,2024-10-04,2024-10-07,2024-10-21,10,signal,269.09938611973797,39.45618191268037,270.0067900486586,42.06019565721492,0.002443468982563162,0.008675602028891304,0.02138642535218189,0.0010122517818106668,0.001012251781810819,0.0193619217885604
AXP,PNC,-1,2024-10-04,2024-10-07,2024-10-21,10,signal,269.09938611973797,170.11220679130818,270.0067900486586,177.49810416784263,0.0024127460558285717,0.0020608863458262973,0.014040719136480738,0.001008559332053264,0.0010085593320534186,0.012023600472374055
MS,TROW,-1,2024-10-04,2024-10-07,2024-11-27,37,signal,102.19863027405373,97.84775282434022,125.89745485040014,112.77382442968272,0.006257646272188348,0.003682632140674156,-0.09223016009177415,0.0011014701458073699,0.0011014701458074492,-0.09443310038338897
AEP,AES,1,2024-10-07,2024-10-08,2024-10-17,7,signal,91.80155534130574,16.5934354543872,95.14144372129999,16.097156134984484,0.010212166113323732,0.0037933248836038084,0.03700660237696271,0.0010165587489934526,0.0010165587489935671,0.03497348487897569
AEP,CNP,1,2024-10-07,2024-10-08,2024-10-17,7,signal,91.80155534130574,28.329919237461773,95.14144372129999,28.701771678309562,0.009778279452304016,0.003626411692577772,0.032327280600137946,0.0010174087204552341,0.0010174087204553508,0.03029246315922736
AEP,EXC,1,2024-10-07,2024-10-08,2024-10-17,7,signal,91.80155534130574,36.8645293812428,95.14144372129999,38.15687727157619,0.008621715756928796,0.00566409442025991,0.022493942286737168,0.0010183544892294098,0.0010183544892295089,0.02045723330827825
AEP,NEE,1,2024-10-07,2024-10-08,2024-10-17,7,signal,91.80155534130574,76.1152054351835,95.14144372129999,79.51141719903782,0.009644570201850507,0.0015108465948072873,0.02809969640899554,0.001019063440459998,0.0010190634404601256,0.026061569528075416
AEP,NI,1,2024-10-07,2024-10-08,2024-11-06,21,signal,91.80155534130574,32.31792329678521,92.69160068737149,33.68364288768875,0.006931650420223457,0.011256903028109427,-0.008193384203283884,0.0010109055980319498,0.0010109055980322,-0.010215195399348034
AEP,NRG,1,2024-10-07,2024-10-08,2024-10-17,7,signal,91.80155534130574,91.84662883042233,95.14144372129999,89.59334701243154,0.00890450736106828,0.0019910302222327777,0.03523936556681251,0.0010129527031800035,0.001012952703180122,0.03321346016045238
ALL,COF,1,2024-10-07,2024-10-08,2024-10-16,6,signal,175.47609524410498,148.05967307381397,184.88145918317727,154.85557764823264,0.004294674751003415,0.001665818081099585,0.030098355936239527,0.0010261176206017514,0.0010261176206018776,0.028046120695035898
CB,FITB,1,2024-10-07,2024-10-08,2024-10-24,12,signal,271.6632468424081,39.661326339485505,289.34004745884187,41.31127374691793,0.0025883425386027145,0.007489544490145977,0.03442552736481285,0.0010292668972648135,0.0010292668972648911,0.03236699357028315
CB,PNC,1,2024-10-07,2024-10-08,2024-10-17,7,signal,271.6632468424081,171.02546256677778,290.6640091225829,180.00396825645564,0.002560328288790366,0.0017813026142932263,0.033687277950774266,0.0010325244337315697,0.001032524433731646,0.03162222908331105
MA,PGR,-1,2024-10-07,2024-10-08,2024-11-06,21,signal,486.40603006120523,228.0946130284776,515.6143521147719,239.03684899954894,0.0007344708561596948,0.002818530031707584,0.010414651407720982,0.0010262920148966298,0.0010262920148967109,0.008362067377927641
AON,NDAQ,-1,2024-10-08,2024-10-09,2024-10-21,8,signal,348.542734296974,70.55599712002626,352.4179267326633,72.79502469744857,0.0017630886435008914,0.005461951640829228,0.006406570242178063,0.001009417666558798,0.0010094176665589277,0.0043877349090603365
BKR,MPC,-1,2024-10-08,2024-10-09,2024-12-09,42,signal,35.89024265534793,152.95637447673127,40.17725512019433,146.81183756958288,0.012111773979559037,0.0036962864925241174,-0.0736206424329796,0.0010146523615007894,0.0010146523615008288,-0.07564994715598122
C,USB,-1,2024-10-08,2024-10-09,2024-10-30,15,signal,59.98806490854341,41.25488891575994,61.02718339867477,44.830192744193006,0.009257741675838708,0.0107766708698845,0.029934008799900602,0.0010240267332632003,0.0010240267332632734,0.027885955333374127
NTRS,PNC,-1,2024-10-08,2024-10-09,2024-10-14,3,signal,86.85170534484814,168.98113599400534,87.73890826751267,174.87291942395086,0.0062293226001529384,0.0027158736292899454,0.011485391609440404,0.001010725579639789,0.001010725579639942,0.009463940450160671
AEP,AWK,1,2024-10-09,2024-10-10,2024-10-17,5,signal,91.47397208589082,126.9581348597295,95.14144372129999,135.34188089938718,0.009712929255808198,0.0008814544787313373,0.029253903288406137,0.0010219012411960314,0.0010219012411961468,0.027210100806013958
AEP,FE,1,2024-10-10,2024-10-11,2024-10-17,4,signal,91.07149164580679,39.08266957362788,95.14144372129999,40.551931961149,0.00882298518207558,0.005034986138541055,0.0295333750242947,0.00102196392550897,0.0010219639255090677,0.027489447173276664
AEP,SRE,1,2024-10-10,2024-10-11,2024-11-04,16,signal,91.07149164580679,77.28613608014945,90.46619050070615,77.37295601545267,0.006193719925081453,0.005641276678032356,-0.0032404077052266065,0.0009984333340722084,0.0009984333340723433,-0.005237274373371159
D,EXC,1,2024-10-10,2024-10-11,2024-10-16,3,signal,50.818336500485636,36.455751413018966,53.75010584139151,37.76629208781051,0.018575155739188928,0.0015494118123790897,0.05345620606705384,0.0010287011704732513,0.0010287011704734495,0.05139880372610714
D,FE,1,2024-10-10,2024-10-11,2024-10-16,3,signal,50.818336500485636,39.08266957362788,53.75010584139151,40.228988724544394,0.017979801489114985,0.0022186213387922716,0.051197436617854544,0.0010280539857830794,0.001028053985783276,0.04914132864628819
D,NEE,1,2024-10-10,2024-10-11,2024-10-16,3,signal,50.818336500485636,76.30365147167961,53.75010584139151,78.36070504455401,0.015755243253733908,0.0026164541009494847,0.041834650049672434,0.0010260971764812735,0.0010260971764814802,0.039782455696709684
D,NI,1,2024-10-10,2024-10-11,2024-10-16,3,signal,50.818336500485636,31.911236936675852,53.75010584139151,32.77629291617486,0.01786831734786763,0.002894573496896715,0.05090968205079964,0.0010278651883346332,0.0010278651883348306,0.048853951674130175
D,PNW,1,2024-10-10,2024-10-11,2024-10-16,3,signal,50.818336500485636,79.20807748802211,53.75010584139151,80.96189915764883,0.019610359227124077,4.96191023118671e-05,0.05843532760250443,0.0010293007131334422,0.001029300713133647,0.05637672617623734
D,WEC,1,2024-10-10,2024-10-11,2024-10-31,14,signal,50.818336500485636,88.14150369224447,53.75924768266231,90.36157935584562,0.01122400731555384,0.004874942015795909,0.02320806016913227,0.0010219916767223868,0.0010219916767224629,0.02116407681568742
D,XEL,1,2024-10-10,2024-10-11,2024-10-15,2,signal,50.818336500485636,58.33860008112955,52.35031460649616,59.36429575862836,0.012037885031326235,0.006657104331545603,0.012626362739025905,0.0010127495658871907,0.001012749565887269,0.010600863607251444
BAC,PNC,-1,2024-10-11,2024-10-14,2024-10-16,2,signal,40.119564790762624,175.0478798235746,40.39897319362956,181.51906963906922,0.012722543394187878,0.0027967571971958833,0.015554380937192563,0.0010108197764625718,0.0010108197764626466,0.013532741384267345
HBAN,TFC,-1,2024-10-11,2024-10-14,2024-12-06,38,signal,14.403643320596041,39.59453044673676,16.59012333420236,43.626948715186245,0.03886865900284161,0.011114908146199675,-0.03910075455771041,0.001064832846808541,0.0010648328468086839,-0.04123042025132763
CB,SCHW,1,2024-10-15,2024-10-16,2024-10-22,4,signal,282.23684436481557,70.81747114507745,290.7818014060869,69.07417410130897,0.00267168378843386,0.0034766289334677947,0.029898865600634414,0.0010086454586116353,0.0010086454586116223,0.027881574683411157
BAC,PNC,-1,2024-10-16,2024-10-17,2024-10-31,10,signal,40.95140446936216,180.00396825645564,40.47554542548199,178.85410346625906,0.012418992667837584,0.0027300285838730114,0.003765993917077149,0.0009954676850309,0.0009954676850309845,0.0017750585470152646
D,ES,-1,2024-10-16,2024-10-17,2024-10-31,10,signal,55.424360003615924,60.74844212973584,53.813033823415346,60.39290647494419,0.012038948501361947,0.005474731330180378,0.018441375172037117,0.0009891644579901474,0.000989164457990277,0.016463046256056692
D,EVRG,-1,2024-10-16,2024-10-17,2024-10-31,10,signal,55.424360003615924,56.880552697902964,53.813033823415346,55.775192411623884,0.01239599045645539,0.005498764761864483,0.01488265804771053,0.0009867902870632872,0.0009867902870634077,0.012909077473583835
D,EXC,-1,2024-10-16,2024-10-17,2024-10-30,9,signal,55.424360003615924,38.15687727157619,53.85882778431837,36.72517515807147,0.01705516051884311,0.0014226242590346567,0.02564882121840599,0.000985192079248553,0.0009851920792487128,0.023678437059908727
D,FE,-1,2024-10-16,2024-10-17,2024-10-30,9,signal,55.424360003615924,40.551931961149,53.85882778431837,39.69103531590882,0.016541639604384453,0.002041159054348667,0.025125004942838768,0.000985762164456891,0.0009857621644570596,0.023153480613924818
D,NEE,-1,2024-10-16,2024-10-17,2024-11-05,13,signal,55.424360003615924,79.51141719903782,52.604170406259236,73.27901897870679,0.014566673878899001,0.0024190698292523316,0.026975795939845126,0.0009716202971754998,0.0009716202971756154,0.02503255534549401
D,NI,-1,2024-10-16,2024-10-17,2024-10-30,9,signal,55.424360003615924,33.20233308981591,53.85882778431837,32.84756978482613,0.01643979704481607,0.002663160715911752,0.02577849416683466,0.000986253911758228,0.0009862539117583894,0.023805986343318042
D,PNW,-1,2024-10-16,2024-10-17,2024-10-30,9,signal,55.424360003615924,81.0914110848245,53.85882778431837,81.17671820392265,0.017967138638456545,4.546134418180259e-05,0.029117461439314152,0.0009854488359220073,0.0009854488359221747,0.027146563767469968
D,XEL,-1,2024-10-16,2024-10-17,2024-10-31,10,signal,55.424360003615924,59.9653615679641,53.813033823415346,60.40269290420312,0.011287047951549813,0.006241881826673915,0.021909037295651027,0.0009921509142341548,0.000992150914234299,0.019924735467182573
NTRS,PNC,-1,2024-10-16,2024-10-17,2024-11-11,17,signal,92.08660812532483,180.00396825645564,101.29657017731854,194.25066248029046,0.005862627723790172,0.0025560011987491153,-0.016534851046836677,0.001045160299903185,0.001045160299903371,-0.018625171646643235
AXP,MET,-1,2024-10-17,2024-10-18,2024-10-29,7,signal,271.50245302467727,81.20384838880517,265.39210360917804,78.1471851435058,0.0020247565560428914,0.005544363177573195,-0.0035899916141958373,0.0009852894905384908,0.0009852894905385545,-0.005560570595272882
CVX,EOG,-1,2024-10-17,2024-10-18,2024-11-11,16,signal,138.73721516458156,119.51856842543508,144.69549696275632,125.81819807031407,0.004461861083785328,0.0031865716595565505,-0.005487595473690182,0.0010232089157385877,0.0010232089157387794,-0.007534013305167549
HBAN,TRV,1,2024-10-17,2024-10-18,2024-10-29,7,signal,14.58657798643532,260.65448485299163,14.618764116362085,243.61135446271953,0.023106838928359574,0.002542780622373363,0.045059212955991454,0.0009785515350799663,0.0009785515350801432,0.043102109885831345
BAC,FITB,-1,2024-10-21,2024-10-22,2024-12-31,48,end_of_period,39.82316174798358,41.1794428763802,42.298314491271974,40.121709962844854,0.012877301582086397,0.011830467602051047,-0.043377107311246554,0.0010096559910095053,0.0010096559910096163,-0.04539641929326568
FITB,NTRS,1,2024-10-21,2024-10-22,2024-11-15,18,signal,41.1794428763802,90.57324266710053,44.69425284219349,101.16318563723232,0.011467676726142049,0.005826659643964933,-0.020346316635337827,0.0010509722588499767,0.001050972258850103,-0.022448261153037906
NTRS,ZION,-1,2024-10-21,2024-10-22,2024-11-08,13,signal,90.57324266710053,48.49751444954105,100.36287129999582,54.037865412194144,0.006337308192939778,0.008782618538856497,-0.012325832682457856,0.0010552719822587823,0.001055271982258895,-0.014436376646975535
AXP,NTRS,1,2024-10-23,2024-10-24,2024-11-07,10,signal,265.32342908885045,98.7777519467785,286.72546911292346,100.21043380588958,0.0022330999575036754,0.004126419678350001,0.04290800334728085,0.0010269552952824792,0.0010269552952824905,0.04085409275671588
BAC,NTRS,1,2024-10-23,2024-10-24,2024-11-11,12,signal,40.504266026086555,98.7777519467785,43.59990443545118,101.29657017731854,0.011323530862719554,0.0054800509731061,0.022274697168363417,0.0010243923954513965,0.001024392395451467,0.020225912377460555
NTRS,SCHW,-1,2024-10-23,2024-10-24,2024-11-15,16,signal,98.7777519467785,70.1275567994797,101.16318563723232,78.36378996457626,0.006346307478831618,0.005318862420443553,0.029698048678160244,0.0010293532803013448,0.0010293532803013713,0.027639342117557527
OKE,VLO,-1,2024-10-24,2024-10-25,2024-12-03,26,signal,88.59756393819305,126.16395305942767,101.54140603112315,134.3183970788053,0.005156325613568763,0.004305548710005824,-0.03058234729510223,0.0010509612982166593,0.0010509612982168369,-0.03268426989153573
AON,NDAQ,-1,2024-10-25,2024-10-28,2024-11-15,14,signal,374.5452175475286,73.53119189231454,372.67191445841155,76.23501617372358,0.00165998706974432,0.00514254863631915,0.018019486674963576,0.0010052798981105442,0.0010052798981106635,0.016008926878742367
AXP,COF,1,2024-10-25,2024-10-28,2024-11-21,18,signal,264.3513374743026,157.1122614983413,284.2733234682071,177.44600129359247,0.0025790659463738102,0.0020265885260519188,0.01121847026337499,0.0010464783631413223,0.0010464783631414158,0.009125513537092251
FITB,RF,1,2024-10-28,2024-10-29,2024-12-06,27,signal,41.46193892216868,22.197549544386714,44.6660350922691,24.586010462531593,0.011587114474794668,0.02340600481433949,-0.017731607608087355,0.0010464910296686717,0.0010464910296687487,-0.019824589667424775
ALL,COF,1,2024-10-29,2024-10-30,2024-11-11,8,signal,180.43494571804106,159.3875309227667,190.45099076875567,183.81193912173669,0.004128837526262994,0.0016014931523194898,0.0032795806967626726,0.0010404805067378915,0.0010404805067380889,0.0011986196832866921
AFL,USB,1,2024-10-31,2024-11-01,2024-11-18,11,signal,101.03753235557136,45.28574257543521,106.71722750145582,46.49434395414875,0.006999001891513017,0.00647101961323121,0.03295531543048136,0.0010240015874523184,0.0010240015874524383,0.0309073122555766
AXP,MET,-1,2024-10-31,2024-11-01,2024-12-31,40,end_of_period,267.08859709071777,74.1784132054987,291.4011209106445,77.8845764389038,0.0021265626655740154,0.005823137454535897,-0.02908404125835257,0.0010365662659174708,0.0010365662659175263,-0.031157173790187568
CFG,MET,-1,2024-10-31,2024-11-01,2024-11-22,15,signal,39.885515382704554,74.1784132054987,44.389892267175874,80.93795099510663,0.010244086157245966,0.007974025371791524,0.008807616328898926,0.001050115382213029,0.0010501153822131235,0.006707385564472774
MET,PNC,1,2024-10-31,2024-11-01,2024-11-22,15,signal,74.1784132054987,178.4491884243023,80.93795099510663,194.16218541292423,0.007797729768801963,0.002362885015179732,0.016626044735140115,0.0010450008177515522,0.0010450008177516352,0.01453604309963693
MET,RF,1,2024-10-31,2024-11-01,2024-11-26,17,signal,74.1784132054987,22.0408376338238,82.78327505385565,25.191003462512324,0.007614915707144033,0.019745266647959895,0.0043883621322352295,0.0010639287581239558,0.0010639287581241479,0.002260504615987126
AWK,NEE,-1,2024-11-01,2024-11-04,2024-11-29,18,signal,129.66644291850398,72.95619404677971,131.75211388418887,74.53846511369805,0.003748287965595542,0.007045139468689063,0.004339122285182449,0.0010094973223400473,0.001009497322340177,0.0023201276405022246
CB,FITB,1,2024-11-01,2024-11-04,2024-11-19,11,signal,272.91989410317115,40.57383866474766,281.25832462213714,43.39237330630016,0.0025624902697943238,0.0074147391989127,0.0014897800806894547,0.0010213323006957142,0.0010213323006957671,-0.0005528845207020266
CB,KEY,1,2024-11-01,2024-11-04,2024-11-29,18,signal,272.91989410317115,15.776112779989074,284.1516588811992,17.94700518947619,0.0026420704635967667,0.017694290475068986,-0.007703024364585882,0.001034262544907189,0.0010342625449072705,-0.009771549454400341
CB,PNC,1,2024-11-01,2024-11-04,2024-12-03,20,signal,272.91989410317115,176.33982455793625,284.318465843593,200.11963142582596,0.002528252241013187,0.0017589862777469165,-0.011974379339854842,0.001035510081163878,0.0010355100811638785,-0.014045399502182598
CB,SCHW,1,2024-11-01,2024-11-04,2024-12-03,20,signal,272.91989410317115,69.1220599365408,284.318465843593,80.03746142953663,0.002756520587203913,0.0035870260060942853,-0.006697893982931566,0.001035537372211319,0.001035537372211352,-0.008768968727354236
CVX,FANG,-1,2024-11-01,2024-11-04,2024-12-17,30,signal,142.04881207878836,169.60411742712571,137.66951665892788,150.88672473813367,0.004402290545941119,0.002208284859094588,-0.021084841109123884,0.0009695629429699467,0.0009695629429699796,-0.02302396699506381
DTE,PEG,-1,2024-11-04,2024-11-05,2024-11-08,3,signal,114.72195641113593,77.10853070866601,111.07903607881363,79.43078213640206,0.0037795694897380153,0.00734635418448248,0.031830471881740166,0.0010017198465793785,0.0010017198465794475,0.02982703218858134
AEP,EIX,-1,2024-11-05,2024-11-06,2024-11-27,15,signal,92.69160068737149,74.48675390366768,94.13305176309916,79.9546203243408,0.0069726191917051355,0.004746483382098624,0.016920307183534745,0.0010178595167974697,0.001017859516797551,0.014884588149939726
KEY,TFC,-1,2024-11-05,2024-11-06,2024-11-13,5,signal,16.939625011822475,41.14904868409989,17.66271480297594,43.24814118793562,0.028752688189708327,0.0124657302411701,0.006399438650434689,0.0010234930445530328,0.0010234930445530812,0.004352452561328575
AEP,NI,1,2024-11-06,2024-11-07,2024-11-29,15,signal,90.0231748798331,33.64997659295684,94.35053717931926,36.46914985897569,0.006913113978463434,0.011226800106766193,-0.0007038411462227112,0.0010309047752567187,0.001030904775256827,-0.002765650696736257
AEP,NRG,1,2024-11-06,2024-11-07,2024-11-22,11,signal,90.0231748798331,91.55016933135205,92.70769064691501,95.04350604220565,0.009053144082021911,0.002024265098857862,0.018247874968767033,0.0010160065212548295,0.0010160065212550062,0.016215861926257194
AEP,PPL,1,2024-11-06,2024-11-07,2024-11-27,14,signal,90.0231748798331,30.589155746786787,94.03896575434044,32.80755748268749,0.007023432177038567,0.012025839993761158,0.002554064510231064,0.0010275739837823116,0.0010275739837824634,0.0004989165426662889
AEP,SRE,1,2024-11-06,2024-11-07,2024-11-27,14,signal,90.0231748798331,83.64609376402197,94.03896575434044,88.97652528926182,0.0060167873082325905,0.005480125405923519,-0.004022546489384847,0.0010267271703657183,0.0010267271703657656,-0.0060760008301163305
AJG,ICE,-1,2024-11-06,2024-11-07,2024-12-09,21,signal,286.54136545980157,152.87923337173055,287.98582808623047,152.84386698964934,0.0018980883413937874,0.0029832372385278556,-0.0018459504875283196,0.00100127349129209,0.0010012734912922146,-0.0038484974701126244
ALL,JPM,1,2024-11-06,2024-11-07,2024-11-11,2,signal,182.5629418107447,235.96114076150315,190.45099076875567,231.85001967018593,0.0032672083869562728,0.0017105570737368776,0.03381368139880935,0.0010094744227326416,0.001009474422732734,0.031794732553343974
AMP,MS,-1,2024-11-06,2024-11-07,2024-11-14,5,signal,550.1022501594146,125.17933942757121,549.3122714055107,127.31160844755938,0.0011122552851290926,0.003099822274650143,0.008491068508906463,0.0010027554610314744,0.0010027554610316867,0.006485557586843302
AXP,FITB,-1,2024-11-06,2024-11-07,2024-11-13,4,signal,286.72546911292346,43.71254082276045,282.6922064405845,44.68484979932834,0.0022624747278503343,0.008032977082714525,0.01793488873354353,0.0009991981405071296,0.0009991981405072315,0.01593649245252917
ES,WEC,1,2024-11-06,2024-11-07,2024-12-12,24,signal,56.06342599185498,89.68278126726389,55.2426876282616,91.0279122707686,0.007567683881765939,0.006418776992491583,-0.013844052321526835,0.001001132100968836,0.001001132100968962,-0.015846316523464632
AEE,AWK,-1,2024-11-08,2024-11-11,2024-12-11,21,signal,85.14769338327108,128.71174602754772,86.34887772680365,125.03557374580981,0.008773417709875407,0.0019634284883059843,-0.016754984681687953,0.0010014086965708163,0.0010014086965709971,-0.018757802074829768
ATO,FE,-1,2024-11-08,2024-11-11,2024-12-05,17,signal,138.4074618179279,38.68678123601034,138.1036004210433,38.44323812885342,0.005787362690825344,0.005135718147315161,0.0015059816556066137,0.0009981942991739102,0.0009981942991740174,-0.0004904069427413139
EOG,FANG,-1,2024-11-08,2024-11-11,2024-12-19,27,signal,125.81819807031407,173.19245266913012,113.87618017795882,151.5556302964004,0.0041445712537906375,0.0027629136394274885,-0.009340789244979941,0.0009453383335957723,0.0009453383335958916,-0.011231465912171605
AEP,AWK,1,2024-11-11,2024-11-12,2024-11-18,4,signal,89.14285678957764,127.94093238619726,90.9326537898812,127.68629243054859,0.009929023713685139,0.0009010651875821968,0.019009544214524016,0.001009160156424898,0.0010091601564250654,0.01699122390167405
AEP,CNP,1,2024-11-11,2024-11-12,2024-11-21,7,signal,89.14285678957764,28.70168132771506,91.68799415691667,30.15231787750374,0.01002525839326669,0.0037180072870477664,0.02113803557753385,0.0010158530865736139,0.0010158530865737978,0.01910632940438644
AEP,EXC,1,2024-11-11,2024-11-12,2024-11-19,5,signal,89.14285678957764,35.91285679504407,90.73438596177343,36.70026262130588,0.00887285433538597,0.005829081606227867,0.010541202518183867,0.0010096488212725711,0.001009648821272766,0.00852190487563853
AEP,FE,1,2024-11-11,2024-11-12,2024-11-18,4,signal,89.14285678957764,38.85299894300688,90.9326537898812,38.556272863518664,0.00898621785035349,0.005128137629241281,0.018612744163215594,0.001007586236777805,0.0010075862367779718,0.01659757168965982
AEP,AES,1,2024-11-12,2024-11-13,2024-11-18,3,signal,87.9425681270486,12.381714426937352,90.9326537898812,12.603245462414364,0.010810796022952797,0.004015686888595359,0.03245267268739697,0.0010170657699401235,0.001017065769940219,0.030418541147516624
AEP,NEE,1,2024-11-12,2024-11-13,2024-11-18,3,signal,87.9425681270486,70.32034583412671,90.9326537898812,71.96584791940874,0.010109179995951713,0.0015836289076155074,0.028638261831038816,0.0010168123319437223,0.0010168123319438229,0.026604637167151272
BAC,PNC,1,2024-11-12,2024-11-13,2024-11-25,8,signal,44.21778797521145,199.74066460672432,45.18709465062188,199.80854042567714,0.011347385722371388,0.0024944605575405697,0.011835371845490167,0.0010055886695271425,0.0010055886695273047,0.00982419450643572
D,XEL,1,2024-11-12,2024-11-13,2024-12-31,32,end_of_period,52.66826831872316,64.42764942410486,49.83386576843262,63.41208799552917,0.011326428431161195,0.006263659735394347,-0.024761668741575652,0.0009808576604018382,0.0009808576604019175,-0.02672338406237941
AJG,BLK,-1,2024-11-21,2024-11-22,2024-12-06,9,signal,297.1053997149986,991.4824656131489,296.1929554228737,1006.4007085649824,0.002219766998092641,0.00034325912548385085,0.008147626663537882,0.0010013899068789752,0.0010013899068791567,0.006144846849779751
MA,PGR,1,2024-11-21,2024-11-22,2024-12-31,25,end_of_period,511.7238937498524,243.11297774950518,520.745844482422,220.68948271179198,0.000692098856075844,0.002655927589775044,0.06677247604240329,0.0009732151309729914,0.0009732151309731063,0.06482604578045718
AXP,FITB,-1,2024-11-22,2024-11-25,2024-12-31,24,end_of_period,297.2500699425551,45.58647725989641,291.4011209106445,40.121709962844854,0.002177824181220903,0.007732423050997419,-0.02854556173588297,0.0009723482437518879,0.000972348243752019,-0.030490258223386878
AXP,PNC,-1,2024-11-22,2024-11-25,2024-12-19,17,signal,297.2500699425551,199.80854042567714,287.69958422656424,182.9598473085026,0.002136828858569993,0.0018252071772560314,-0.009370320000962558,0.0009742821125989233,0.0009742821125991276,-0.011318884226160609
AMP,MS,-1,2024-11-26,2024-11-27,2024-12-10,8,signal,561.9375580154369,125.89745485040014,541.7894179648491,122.07946713207878,0.0010953913123176544,0.0030528228858776965,0.011397481417280553,0.0009830241309986987,0.000983024130998885,0.00943143315528297
CVX,EOG,-1,2024-11-26,2024-11-27,2024-12-09,7,signal,151.2479287877139,125.25529940498144,146.04131304632276,121.86870040356644,0.004153967518330925,0.002966680252940982,0.012565193301533753,0.0009840370134919954,0.000984037013492138,0.01059711927454962
AFL,USB,1,2024-12-03,2024-12-04,2024-12-31,18,end_of_period,102.10146030272328,48.55829519368034,99.61121836471558,44.97819303703308,0.006804197326002072,0.006290910479999386,0.006558467552088533,0.000980462911058107,0.0009804629110582066,0.004597541729972219
AON,NDAQ,1,2024-12-06,2024-12-09,2024-12-31,15,end_of_period,370.9598602881937,79.37342365474257,355.07740788269047,75.63722598266601,0.0016212921511098498,0.00502267390676067,-0.006006551134265917,0.0009778417331133223,0.0009778417331134785,-0.007962234600492717
CB,SCHW,1,2024-12-09,2024-12-10,2024-12-18,6,signal,271.94798177436036,79.78146997381103,270.65800778405406,75.12442005274904,0.0026618211083208718,0.0034637947503242676,0.013687829636535732,0.0009904445645453868,0.0009904445645455237,0.011706940507444823
FITB,NTRS,1,2024-12-09,2024-12-10,2024-12-12,2,signal,44.023298892008874,104.20958948503538,43.15144656510069,101.4647373131,0.010311822276632757,0.005239376741238846,0.0063791978591609365,0.0009882694779296925,0.000988269477929725,0.004402658903301519
C,USB,-1,2024-12-10,2024-12-11,2024-12-31,13,end_of_period,69.93766182968066,48.39283125806962,67.50461404037475,44.93323732185364,0.007919085999790151,0.009218380291683518,-0.011649974589262539,0.0009743632844657997,0.000974363284466013,-0.013598701158194351
CB,FITB,1,2024-12-10,2024-12-11,2024-12-18,5,signal,269.39537144218514,43.83818463912768,270.65800778405406,42.51661564680801,0.0025241500939324284,0.007303799302590979,0.013836508743491543,0.0009969504181303313,0.0009969504181303046,0.011842607907230908
D,ES,1,2024-12-10,2024-12-11,2024-12-31,13,end_of_period,50.99513199155969,55.71256051509183,49.83386576843262,53.619917135238644,0.013103120533772201,0.0059586652855319645,-0.0017605251959818703,0.0009863246349210949,0.0009863246349211259,-0.0037331744658240912
D,EXC,1,2024-12-10,2024-12-11,2024-12-31,13,end_of_period,50.99513199155969,35.021371735075185,49.83386576843262,35.35699843025208,0.01855550905478244,0.0015477730210106129,-0.02107743356976914,0.0009899262924039929,0.0009899262924039911,-0.023057286154577125
D,FE,1,2024-12-10,2024-12-11,2024-12-31,13,end_of_period,50.99513199155969,37.76340508326101,49.83386576843262,37.08338227844238,0.0179753301850871,0.002218069601303151,-0.018376585520698686,0.000989220361238338,0.000989220361238352,-0.020355026243175374
D,NEE,1,2024-12-10,2024-12-11,2024-12-31,13,end_of_period,50.99513199155969,70.38373307447347,49.83386576843262,68.07086840057373,0.015958116867375357,0.002650145075429413,-0.011414215175609206,0.0009879800015181444,0.0009879800015181678,-0.01339017517864552
D,NI,1,2024-12-10,2024-12-11,2024-12-31,13,end_of_period,50.99513199155969,35.01274283336463,49.83386576843262,35.06684869766235,0.017654006762392517,0.002859856308437181,-0.01966551498462095,0.000990221768737688,0.0009902217687376902,-0.021645958522096328
D,PNW,1,2024-12-10,2024-12-11,2024-12-31,13,end_of_period,50.99513199155969,84.61926075886868,49.83386576843262,79.2533290901184,0.01953740805340829,4.943451763850896e-05,-0.021433856056968768,0.0009890137591792466,0.0009890137591792448,-0.02341188357532726
HBAN,TRV,-1,2024-12-10,2024-12-11,2024-12-31,13,end_of_period,16.283601179806872,238.51764467518538,15.373247128486632,234.26287588500978,0.023514923434482565,0.002587688079324854,0.011380802622314749,0.0009839112858691258,0.000983911285869239,0.009412980050576385
BAC,NTRS,-1,2024-12-11,2024-12-12,2024-12-17,3,signal,44.361625231326414,101.4647373131,43.49171380316972,100.90332832535546,0.010699376541411997,0.005177989934255504,0.007394459569419429,0.0009939197294353377,0.0009939197294354335,0.005406620110548658
NTRS,SCHW,1,2024-12-11,2024-12-12,2024-12-17,3,signal,101.4647373131,80.91563090564865,100.90332832535546,75.8486495292457,0.0059079438107326535,0.004951468302128846,0.022758126871012037,0.000985901952710692,0.0009859019527107523,0.020786322965590593
AEP,CNP,1,2024-12-12,2024-12-13,2024-12-31,11,end_of_period,87.47946662322836,30.63077315969486,87.08046142578125,30.47891210746765,0.010121326144193392,0.0037536353560694746,-0.0024703506199742044,0.0009980801017663034,0.0009980801017663737,-0.0044665108235068815
BAC,PNC,-1,2024-12-12,2024-12-13,2024-12-31,11,end_of_period,44.313553471074336,191.4097625170071,42.298314491271974,181.60385479736328,0.011575185117631379,0.002544536991039024,-0.0006488831618578703,0.00097584751401199,0.000975847514012057,-0.0026005781898819176
BKR,MPC,-1,2024-12-12,2024-12-13,2024-12-31,11,end_of_period,41.13423923400507,141.24063000909752,39.750879758834834,134.83609741973876,0.011871230002807851,0.0036228769776484268,-0.005800457678774455,0.0009801974855029813,0.0009801974855030478,-0.007760852649780484
D,EVRG,1,2024-12-12,2024-12-13,2024-12-31,11,end_of_period,49.85594200154459,58.45094928109815,49.83386576843262,57.767967144012445,0.01319742053437591,0.005854272898713097,0.004705028443947769,0.000998013960695432,0.000998013960695517,0.0027090005225568203
AEP,ETR,1,2024-12-16,2024-12-17,2024-12-31,9,end_of_period,86.44928772887218,71.06564129717036,87.08046142578125,72.46523825454712,0.006253013600324291,0.0064654552907553245,-0.004095756682941735,0.0010065371591154836,0.001006537159115493,-0.0061088310011727116
HBAN,TFC,1,2024-12-18,2024-12-19,2024-12-31,7,end_of_period,15.288205328157938,40.28239568627059,15.357881564140321,40.11923553657532,0.03730576459893748,0.010667981800211411,0.005340415521309174,0.001000500756141429,0.0010005007561415264,0.0033394140090262188
CVX,EOG,1,2024-12-19,2024-12-20,2024-12-31,6,end_of_period,130.99070913948512,110.86856989308731,134.5954036178589,115.65946251296997,0.00475861985412825,0.0033985108189212676,0.0018883114430067842,0.0010168411311121312,0.0010168411311122481,-0.00014537081921759515
MET,RF,-1,2024-12-19,2024-12-20,2024-12-31,6,end_of_period,75.96316741611913,21.447567811817354,77.96249997711182,21.882007395744324,0.007599573724139702,0.019705485308680618,-0.005621433880575075,0.001011798477179637,0.0010117984771796516,-0.0076450308349343635
KMI,PSX,-1,2024-12-20,2024-12-23,2024-12-31,5,end_of_period,24.989972829564003,103.99362857443224,25.527384770393372,107.50366299057008,0.027140072514661728,0.0030924178790128257,-0.002718365162375346,0.0010125406975638113,0.0010125406975638807,-0.004743446557503039
KMI,VLO,-1,2024-12-20,2024-12-23,2024-12-31,5,end_of_period,24.989972829564003,113.76921184123802,25.527384770393372,117.05475511169435,0.024987571426757862,0.003299983464646467,-0.0015743705080183794,0.0010120102841616777,0.0010120102841617647,-0.0035983910763418216
OKE,VLO,-1,2024-12-20,2024-12-23,2024-12-31,5,end_of_period,91.13126841331508,113.76921184123802,91.9274715270996,117.05475511169435,0.005372674352704899,0.004486200613029122,0.011471387862508987,0.001009521677427934,0.0010095216774281663,0.009452344507652886
FITB,NTRS,1,2024-12-24,2024-12-26,2024-12-31,3,end_of_period,40.37901193349501,99.06332353431169,40.121709962844854,98.32784113311767,0.011023230412444351,0.005600839064803686,0.0022794873018760547,0.0009964676458456148,0.0009964676458457723,0.0002865520101846676
KMI,XOM,-1,2024-12-24,2024-12-26,2024-12-31,3,end_of_period,25.34364800277338,100.77866011863694,25.527384770393372,101.67035368728638,0.02467163165820902,0.0037171090508636893,-0.00021476544975361543,0.0010037981684129422,0.0010037981684129752,-0.002222361786579533
CVX,FANG,1,2024-12-30,2024-12-31,2024-12-31,0,end_of_period,133.50221062889287,153.83946681031804,134.5954036178589,156.7099533920288,0.004747361438294253,0.0023813799374283557,-0.0006397908586483836,0.001006146057263995,0.0010061460572640822,-0.002652082973176461
