ticker_a,ticker_b,sector,pvalue,test_stat,hedge_ratio,intercept,half_life,n_obs,orientation
ES,PCG,utilities_top50,8.321140169770968e-05,-5.158706989053451,-0.8959962874476216,76.77635947500535,19.166872228632087,757,ES on PCG
D,PCG,utilities_top50,0.00011909204631391985,-5.075931287469981,-0.3706265977348419,63.40013049323874,11.397932202889105,757,D on PCG
CWEN,NEE,utilities_top50,0.00014761289049905726,-5.025724138597478,0.4374348473698135,-7.1717542622564885,11.676400343609476,757,CWEN on NEE
AEP,SRE,utilities_top50,0.00026608797906034064,-4.885282587454468,0.9108058079395298,19.864216196978354,10.633456555384736,757,AEP on SRE
CMS,PCG,utilities_top50,0.001381152804767965,-4.468094365017844,-0.4651637463589207,55.481539655619756,18.121470632946856,757,CMS on PCG
AEP,ETR,utilities_top50,0.002522982454309658,-4.304101454015931,1.033974186217623,25.828247238990343,9.15649385480563,757,AEP on ETR
D,NJR,utilities_top50,0.0026126900669406657,-4.294366010402382,-0.2783505639883482,67.78494474825443,10.83600354374808,757,D on NJR
DTE,PEG,utilities_top50,0.002702977074710189,-4.284874250292165,1.9437011887055184,-4.380560952233067,12.367276809480702,757,DTE on PEG
D,VST,utilities_top50,0.003047101781746609,-4.251190568396288,-0.3748974802126826,65.85043260582738,12.211379897928984,757,D on VST
PCG,WEC,utilities_top50,0.003335973797020736,-4.225517607801232,-0.28902124717974886,33.330806575613494,18.626546919055503,757,PCG on WEC
PCG,XEL,utilities_top50,0.004326301535443987,-4.150760122203682,-0.3753904395764232,31.890258024253388,19.62751858568995,757,PCG on XEL
PCG,PNW,utilities_top50,0.005048344422652893,-4.10557696894504,0.2795419424206464,-5.7642090964494415,23.81896427978261,757,PCG on PNW
D,SWX,utilities_top50,0.005448087232031468,-4.0830392195160075,-0.09393548967422231,64.49394473424069,12.805402274258933,757,D on SWX
NWE,SR,utilities_top50,0.005483034383596599,-4.081141048217891,0.7233766963178915,7.534681911390741,15.199633997211006,757,NWE on SR
D,UGI,utilities_top50,0.0055909117518850755,-4.075350199873386,-0.21851761238310313,65.96411050305178,12.012947361912103,757,D on UGI
AWK,NEE,utilities_top50,0.006940431784623824,-4.010375136137722,1.8795620216436688,15.655950567741609,16.911299520221796,757,AWK on NEE
D,ES,utilities_top50,0.007030090374193399,-4.006475857245696,0.45475160802607095,28.93242941353449,12.247992228237116,757,D on ES
D,WEC,utilities_top50,0.0072086013838548145,-3.998844253001183,0.4343316441283436,27.036382883940934,9.573308078032902,757,D on WEC
AEP,PCG,utilities_top50,0.008150449787471216,-3.961198051850629,-0.1886931592599029,71.3510744480841,22.540275647309258,757,AEP on PCG
D,SR,utilities_top50,0.009130478368925415,-3.9259725230602913,-0.07811526502835314,63.26724439712793,13.091926402338292,757,D on SR
AEP,EIX,utilities_top50,0.010202459367177319,-3.891130326165124,0.6807318291398529,37.41443124272647,19.00536656590457,757,AEP on EIX
PCG,VST,utilities_top50,0.010534080924324793,-3.881014511723892,0.56296129148116,1.6963995973111774,25.72126463764335,757,PCG on VST
SO,WTRG,utilities_top50,0.011121462507410241,-3.863774635302178,1.2445003010354394,0.994318715676611,18.040399052313447,757,SO on WTRG
ATO,FE,utilities_top50,0.011130602496170457,-3.8635128469387907,0.8874021565900468,59.46301004476557,13.55994378590626,757,ATO on FE
PCG,POR,utilities_top50,0.012639828576641355,-3.822704490277924,0.18968469989526712,4.889217456140524,28.383553414839213,757,PCG on POR
AEP,AWR,utilities_top50,0.013213651872053525,-3.8083180457101564,0.42228409110149684,38.985528627298294,22.499772908097523,757,AEP on AWR
AEP,OTTR,utilities_top50,0.013803207470897364,-3.7941023027287293,0.3135919361696589,56.080566518544344,23.944723162283218,757,AEP on OTTR
CMS,WTRG,utilities_top50,0.014150200906068947,-3.785984496036103,0.783574986575274,21.04184913102643,19.185125855697862,757,CMS on WTRG
D,OGE,utilities_top50,0.014208490398692899,-3.7846381208663975,-0.05598574508322744,60.47473986352054,14.416037017184989,757,D on OGE
CNP,UGI,utilities_top50,0.014781404676086572,-3.771658206155305,0.5673515819702862,2.5722662219431385,15.363294054337564,757,CNP on UGI
ES,WEC,utilities_top50,0.015211592520166956,-3.762200451312308,0.8481824017790364,3.6758095949990297,21.175039205179317,757,ES on WEC
ETR,PCG,utilities_top50,0.01657536715873883,-3.7336994093861393,-0.323273608016274,45.73369569945647,31.207051672994336,757,ETR on PCG
D,NRG,utilities_top50,0.017593405843532528,-3.7137371284825966,-0.022061656648974935,59.60058201292576,14.705305073145022,757,D on NRG
AEP,IDA,utilities_top50,0.017709138415887563,-3.7115323093153654,0.4824518289883534,29.284344133064344,29.130110965759908,757,AEP on IDA
FE,POR,utilities_top50,0.018292568148929968,-3.7006057863832407,0.8534615388966724,-2.2728569847505296,22.32599421046784,757,FE on POR
AEE,AWK,utilities_top50,0.018389112847939572,-3.698827161935846,0.2237929023970672,37.82658468618716,14.696853567416698,757,AEE on AWK
D,NFG,utilities_top50,0.018468090440903067,-3.697378232204416,-0.11333790244070864,63.42726589495248,13.70755510164902,757,D on NFG
D,PNW,utilities_top50,0.019216086365991918,-3.683917412224769,0.0025302312784539244,58.74520330678711,14.915319600653973,757,D on PNW
AWK,CWEN,utilities_top50,0.019644287914308035,-3.676416042037569,4.024604509362817,51.26022297145559,17.159160572543204,757,AWK on CWEN
AEP,PPL,utilities_top50,0.0199076920772976,-3.6718721502172382,1.712245400171025,29.619078563039206,23.061788271560765,757,AEP on PPL
AEP,CNP,utilities_top50,0.020090936117133792,-3.668741861626704,0.3708639543683621,61.31444806419119,23.927504700179888,757,AEP on CNP
D,OGS,utilities_top50,0.020137575425706235,-3.667949109978126,0.008843051118959763,58.3321126441152,15.07367782622511,757,D on OGS
D,OTTR,utilities_top50,0.020330893580128365,-3.6646801320648774,0.06537140889910109,56.20066257948323,15.443468052021627,757,D on OTTR
D,NEE,utilities_top50,0.02097001576999912,-3.654061796286899,0.16606880179855077,49.50479948089531,12.772795816962624,757,D on NEE
AEP,AVA,utilities_top50,0.021069996372602724,-3.652426243642157,0.948971997895745,39.03403463376357,23.909254451689733,757,AEP on AVA
AEP,UGI,utilities_top50,0.021182581670874334,-3.6505925457596566,0.08892462004604741,66.1917759606995,23.46068355081477,757,AEP on UGI
PCG,PPL,utilities_top50,0.02151224825376988,-3.6452714593879287,0.1056446346274149,9.689077600312071,29.775385748070654,757,PCG on PPL
PCG,TXNM,utilities_top50,0.022194984921910705,-3.6344728186489212,0.03050860521136678,10.935682432998135,29.710104545605123,757,PCG on TXNM
D,ORA,utilities_top50,0.022288971705646032,-3.6330088821879336,0.07273273267723407,53.93711675828491,15.127577784041868,757,D on ORA
CPK,DUK,utilities_top50,0.02276172180633223,-3.6257254323650026,1.9098607525725735,-48.744902486600125,21.164448314392388,757,CPK on DUK
AEP,NFG,utilities_top50,0.02281590650766272,-3.6248990195593387,-0.006369044624804099,69.31759953621395,23.271617720270104,757,AEP on NFG
AEP,VST,utilities_top50,0.022923727717599263,-3.623259594751106,0.04561970793728975,68.21868366883444,23.53744028541073,757,AEP on VST
D,EXC,utilities_top50,0.023171093239306478,-3.619523457678093,0.0834131576091912,56.772044321351885,15.420056265557811,757,D on EXC
AEP,OGE,utilities_top50,0.02331733559768936,-3.6173308494916174,0.6511616394270898,50.83066324476003,24.299744126837773,757,AEP on OGE
AEP,NJR,utilities_top50,0.023554735885159828,-3.6137966951878058,0.12776865191297243,64.98847647329819,24.283828442294503,757,AEP on NJR
AEP,MDU,utilities_top50,0.02369689803249342,-3.6116950490971087,2.0783257043246386,51.14637933882208,20.84527965766389,757,AEP on MDU
AEP,CWEN,utilities_top50,0.02380227841008368,-3.6101441817181605,0.23017990073017,65.01369659919689,23.002389825367803,757,AEP on CWEN
AEP,AES,utilities_top50,0.023996555713881963,-3.607300507855358,0.37145152189837777,63.225691683464674,23.267192025001794,757,AEP on AES
AEP,CPK,utilities_top50,0.024198108911165712,-3.6043712629655316,0.11952030938782372,58.335442744267034,24.742882029532304,757,AEP on CPK
AEP,NRG,utilities_top50,0.024529936302148794,-3.599594239626049,0.22359803019301092,62.03509684773366,24.269779408616184,757,AEP on NRG
AEP,ORA,utilities_top50,0.024530804110773324,-3.5995818198151786,0.11446550566625047,61.241907941940845,23.685953223240492,757,AEP on ORA
PCG,PEG,utilities_top50,0.02717394050956033,-3.563399853520214,-0.074491709460293,15.621431252076096,29.263846628121776,757,PCG on PEG
CMS,CWEN,utilities_top50,0.027799258552690737,-3.55528419773476,0.42818959734866036,42.3086947011321,18.86782930852492,757,CMS on CWEN
D,NI,utilities_top50,0.0280892327819321,-3.5515737494678934,0.16199448788848403,55.510685667210616,15.99199385919723,757,D on NI
PCG,SRE,utilities_top50,0.028347037619911464,-3.5483023680435797,-0.10308547879886072,17.691193680497605,28.735612030477572,757,PCG on SRE
AEP,FE,utilities_top50,0.029154671903907595,-3.538216155479307,0.5706669309747711,51.787430718332104,24.072708901715483,757,AEP on FE
D,FE,utilities_top50,0.02950478620980477,-3.533917752455935,0.1233951346520759,55.17148647266185,15.8521784695137,757,D on FE
PCG,WTRG,utilities_top50,0.03017407327133024,-3.525820568438938,-0.3718720156991171,25.791087327566746,23.558504642786822,757,PCG on WTRG
ATO,CWEN,utilities_top50,0.030591061549803067,-3.520852853359441,-0.29460868710535715,91.51137297071512,15.830970764640679,757,ATO on CWEN
LNT,PCG,utilities_top50,0.030775238076555696,-3.5186770471002933,-0.517444717350506,49.416114430740436,37.167217858579654,757,LNT on PCG
EVRG,OTTR,utilities_top50,0.031767157521039785,-3.5071458840946,0.4889952396553123,27.302250254351573,27.870997523408153,757,EVRG on OTTR
AEP,EXC,utilities_top50,0.0330701914022434,-3.492454238293263,0.6569565250045855,52.24799366831859,26.057338166121347,757,AEP on EXC
D,NWE,utilities_top50,0.03356847708311758,-3.48696567554579,0.05932508541338114,56.064767861810445,15.895617651207694,757,D on NWE
AEP,SR,utilities_top50,0.03618006098445577,-3.4592784336492644,0.24892942150636924,55.1691585719324,28.94665846091791,757,AEP on SR
D,POR,utilities_top50,0.038018937476943425,-3.4407778981137023,0.13345172871700442,53.81796559545852,16.5678248177492,757,D on POR
AEP,NI,utilities_top50,0.03810122931968489,-3.439967714611471,1.623985588492778,35.01467943682978,31.78478240817587,757,AEP on NI
ES,SWX,utilities_top50,0.03820525313683013,-3.4389456750752174,-0.4115742013353045,90.39288398188903,17.402512369658897,757,ES on SWX
ATO,NEE,utilities_top50,0.03918948242764745,-3.429389435833158,-0.07078934961944243,90.33576690300127,16.730382534610268,757,ATO on NEE
AEP,NEE,utilities_top50,0.039507405657998006,-3.4263456101583816,0.1566525196638087,60.19440398108608,24.68596806821658,757,AEP on NEE
AEP,SWX,utilities_top50,0.040073318037900006,-3.420977921095206,0.18497528535719707,58.06213036698377,27.622700791498097,757,AEP on SWX
D,MDU,utilities_top50,0.040106367202562346,-3.4206664150005652,0.8847667298252322,51.27954646389933,15.11644255852453,757,D on MDU
PCG,SWX,utilities_top50,0.04082346174323604,-3.4139597323447695,0.2716000934058793,-4.030710072529976,23.433260430775725,757,PCG on SWX
SRE,UGI,utilities_top50,0.041243905004197765,-3.410073174933187,0.182593551930679,48.120569753553646,26.939068585553525,757,SRE on UGI
D,EVRG,utilities_top50,0.04270168209510916,-3.396848774114437,0.44359210868488413,37.81556627252781,17.433812822964295,757,D on EVRG
ATO,AWK,utilities_top50,0.04338430374761279,-3.390785256141103,-0.027391648402779842,89.67161672967757,16.942313379408155,757,ATO on AWK
PCG,SO,utilities_top50,0.04443310859910132,-3.381621924898365,-0.2736084472665236,24.910263365830314,24.50784804420712,757,PCG on SO
ATO,ED,utilities_top50,0.04451714590640474,-3.380895502692763,0.9011052162023849,28.56648189143598,18.447665785794104,757,ATO on ED
AEP,AWK,utilities_top50,0.0448333910020201,-3.3781720307806364,0.09075059653153929,57.985574331021404,25.896435960051054,757,AEP on AWK
AEP,WTRG,utilities_top50,0.04509259021400182,-3.3759516975339308,0.8260508381127387,38.701759969499605,25.081076033186378,757,AEP on WTRG
D,XEL,utilities_top50,0.04638260801955187,-3.365056117330525,0.5530127971580201,29.786313309723027,11.296434894865676,757,D on XEL
AEP,POR,utilities_top50,0.04643172099773689,-3.3646462902272454,0.7033458580702571,42.24171835574882,27.21344131650379,757,AEP on POR
D,IDA,utilities_top50,0.04774904449890954,-3.3537853274343954,0.15831661779235753,45.8535416060351,18.21744929042257,757,D on IDA
SWX,XEL,utilities_top50,0.04908695292772749,-3.3430050509952207,-0.46264390291078755,83.83739162572495,19.80347638277412,757,SWX on XEL
EXC,NFG,utilities_top50,0.049789394887768804,-3.337441726447013,0.4236789275468576,8.69897208164252,31.346418948623832,757,EXC on NFG
D,WTRG,utilities_top50,0.05000012077432695,-3.3357853839270244,0.5956263952583689,37.01461879442437,13.433625467726321,757,D on WTRG
ATO,VST,utilities_top50,0.052920377440885444,-3.31340237141961,0.6339860748651998,74.58608619185938,18.418745015404287,757,ATO on VST
SRE,VST,utilities_top50,0.05427289240185429,-3.3033771377623866,0.2386364776932234,49.59771960614589,28.321450717566115,757,SRE on VST
PCG,SR,utilities_top50,0.054784604425031094,-3.299637374495541,0.24835550636623419,-1.739612623123822,24.3283382725952,757,PCG on SR
ATO,CPK,utilities_top50,0.05520455515180254,-3.29658947355122,-0.03108528345649286,89.11810716965924,17.22590198910844,757,ATO on CPK
ATO,NRG,utilities_top50,0.056755482124200084,-3.2854944991400257,-0.10717709916614555,89.696853700385,17.53080116519815,757,ATO on NRG
SRE,TXNM,utilities_top50,0.058964180853589114,-3.2701120496669067,0.9962995506702677,15.251046434249684,18.356726789997737,757,SRE on TXNM
ATO,NFG,utilities_top50,0.060075558750289366,-3.2625479313602606,-0.15958753803759362,92.69258839069177,16.79658236549881,757,ATO on NFG
AEP,ED,utilities_top50,0.060753195941449185,-3.257991283002214,0.7062721322905011,23.791101539895337,29.34266190349108,757,AEP on ED
AEE,CPK,utilities_top50,0.06075769496250166,-3.25796116775268,0.29660476876195235,38.5219524372888,20.341469045390763,757,AEE on CPK
CMS,D,utilities_top50,0.061196639700482,-3.255031613878996,0.9116170304694265,-3.8582593334584576,15.471709353833825,757,CMS on D
ATO,ORA,utilities_top50,0.06123043414972341,-3.254806771326789,-0.016520036267743943,87.45674196115864,17.934257253035785,757,ATO on ORA
CMS,CPK,utilities_top50,0.0623918884777136,-3.2471395235071,0.12997421606818257,38.17597214507462,26.043396209875475,757,CMS on CPK
CMS,SWX,utilities_top50,0.06308845818802428,-3.2425962084226136,-0.08625105607493654,54.972266681475425,21.979436925202233,757,CMS on SWX
AEP,DTE,utilities_top50,0.06393641047184255,-3.2371196944735727,0.3113894471543529,42.00099516582935,23.813600047891885,757,AEP on DTE
NI,NJR,utilities_top50,0.0647717116533949,-3.231781685741354,0.26538824365350044,12.501849007925827,21.45765641898028,757,NI on NJR
AEP,EVRG,utilities_top50,0.06553374080354869,-3.226959919317345,0.8104842390937764,30.527376405976923,23.197333315836847,757,AEP on EVRG
BKH,NI,utilities_top50,0.06554061138081187,-3.226916650548775,3.0842865871552587,-11.448802457257992,17.236843274444155,757,BKH on NI
IDA,OTTR,utilities_top50,0.06561306346270794,-3.2264605910198174,0.9140404344703597,44.61006719651068,17.43093992612069,757,IDA on OTTR
AEE,CWEN,utilities_top50,0.06743978173928024,-3.2150932037677147,0.8246307837550111,50.63626732274123,16.156496928174594,757,AEE on CWEN
CMS,NEE,utilities_top50,0.06809835465328903,-3.211055386521889,0.23027328936765334,36.80509453078523,19.582566991617615,757,CMS on NEE
ATO,UGI,utilities_top50,0.06823915481898372,-3.210196167888951,0.12161956222365053,82.40019910711305,18.63509815170991,757,ATO on UGI
AEP,SO,utilities_top50,0.0695839807217812,-3.2020599781514023,0.6483858219311531,38.76035353830731,26.68571987139772,757,AEP on SO
ATO,PCG,utilities_top50,0.07008571952002474,-3.199056548681168,0.03191989288810994,85.94093353832052,18.254969439765475,757,ATO on PCG
D,ED,utilities_top50,0.071169372577878,-3.192627686933721,0.24820740297814453,42.996854468695275,20.142531039972575,757,D on ED
ATO,OTTR,utilities_top50,0.07281123078902162,-3.1830338223661148,0.19477538530474894,78.26399452516917,19.637347235121094,757,ATO on OTTR
D,PPL,utilities_top50,0.07404909160388305,-3.1759133942111966,0.757798559758393,41.44991507418632,17.655643521855573,757,D on PPL
D,LNT,utilities_top50,0.07429314387862293,-3.1745206880192853,0.5678883669752542,34.4065580649773,13.024322436019647,757,D on LNT
ED,OGE,utilities_top50,0.0743471535559436,-3.174212965938071,1.0509680159581754,34.67287869136992,16.848918767460827,757,ED on OGE
AEP,ATO,utilities_top50,0.07595211443702249,-3.1651482218702127,0.6300232919576584,14.675005858892424,30.633005430281283,757,AEP on ATO
D,DUK,utilities_top50,0.07610809846677366,-3.164275315686423,0.2330567853660305,42.005604306913504,17.070267014678265,757,D on DUK
AEP,DUK,utilities_top50,0.07629919452738483,-3.1632078383744036,0.36650835478045185,42.484052739976946,28.62940220806262,757,AEP on DUK
BKH,OGE,utilities_top50,0.07668870021358545,-3.1610385367101865,1.4796954232899484,11.784782263637883,17.456805811098985,757,BKH on OGE
CMS,VST,utilities_top50,0.07684841630622978,-3.1601515270439906,-0.4895853997950205,58.90987802020897,19.582336730316907,757,CMS on VST
EIX,VST,utilities_top50,0.07809849615889086,-3.1532586570864303,0.7944179029674738,31.77974173115094,40.85699077437703,757,EIX on VST
ATO,CNP,utilities_top50,0.07909275279744127,-3.1478380283862313,0.39755767579406254,78.02099046917085,18.87225976075756,757,ATO on CNP
ATO,NJR,utilities_top50,0.07950473150569248,-3.1456076073379147,0.33395187601154525,75.67667776388377,19.592478546306122,757,ATO on NJR
TXNM,UGI,utilities_top50,0.07961226826400275,-3.1450269036441605,0.2825762951370651,29.784575778319745,33.43103783972576,757,TXNM on UGI
CMS,OTTR,utilities_top50,0.08007648476434015,-3.142527145034285,0.1882653772028938,42.04808445579247,27.584132862790625,757,CMS on OTTR
AEP,BKH,utilities_top50,0.08160736178282157,-3.1343631215981227,0.5427559395742331,40.17965801744816,25.59834575971749,757,AEP on BKH
PNW,SR,utilities_top50,0.08206069603789529,-3.1319685257730705,0.7050178298654846,24.63499241996829,31.684665589535168,757,PNW on SR
ETR,OTTR,utilities_top50,0.08242277228871314,-3.1300633811837497,0.3010489252823418,29.35099147092759,40.00125870536187,757,ETR on OTTR
D,EIX,utilities_top50,0.0827864972877943,-3.128156126313882,0.2512727069216468,47.224722569915045,16.473688570362587,757,D on EIX
AEP,OGS,utilities_top50,0.08317462685501781,-3.1261280967109064,0.2922277385240819,50.062383488919686,31.81900781628901,757,AEP on OGS
ATO,EXC,utilities_top50,0.08354480420955712,-3.124200731409299,0.238229398450552,80.2301227080281,19.492225098384083,757,ATO on EXC
CMS,ORA,utilities_top50,0.08361434463209033,-3.1238394049877556,0.11038817140236325,42.29939346342249,26.292889380013573,757,CMS on ORA
WEC,WTRG,utilities_top50,0.08446189501791168,-3.119454297175645,1.3421283405822992,24.04830711778766,28.849850245936562,757,WEC on WTRG
ED,EIX,utilities_top50,0.0844707460781367,-3.1194086840643833,0.7110722755542308,31.040856700949462,17.830465477434302,757,ED on EIX
VST,XEL,utilities_top50,0.08461170246070582,-3.118682779076892,-0.2861404692174183,33.588315211399234,19.90950065472632,757,VST on XEL
AEP,TXNM,utilities_top50,0.08486755829522791,-3.117367557817284,0.9291049401665114,32.91178912717726,21.47383633682645,757,AEP on TXNM
AEE,NEE,utilities_top50,0.08514847033581563,-3.1159270809313253,0.40936525122181394,41.968200233402364,16.414590513008633,757,AEE on NEE
PCG,UGI,utilities_top50,0.08517775023794777,-3.1157771504080563,0.3072449198784389,2.200337067499005,26.129775009012228,757,PCG on UGI
SRE,SWX,utilities_top50,0.08587990787448041,-3.112193619039692,0.21830213096489676,41.03382988748305,32.07731545591343,757,SRE on SWX
DTE,NRG,utilities_top50,0.08748850012068121,-3.1040688947345956,1.5271376233351508,38.90571733949526,42.98745306286549,757,DTE on NRG
D,PEG,utilities_top50,0.0892877446052549,-3.0951170938773735,0.28249466826151165,45.639192124371085,16.338807632417506,757,D on PEG
AEP,NWE,utilities_top50,0.09035781276068344,-3.0898590419463323,0.5476108767683739,42.82688665766174,30.778895036651928,757,AEP on NWE
ATO,DUK,utilities_top50,0.0908859879075613,-3.087281394691573,0.06296400668704265,81.76168164725307,19.511301708900568,757,ATO on DUK
ES,OGS,utilities_top50,0.0926121118549888,-3.078937008452616,-0.28991395117961294,84.76514882508405,20.360034014328832,757,ES on OGS
ORA,PCG,utilities_top50,0.09318275878719856,-3.07620468933296,-0.7772878024314476,77.75509537862709,49.509221346992945,757,ORA on PCG
EXC,OTTR,utilities_top50,0.09455238266896387,-3.069698755373845,0.4177254928500481,8.301950279476275,23.7881134811107,757,EXC on OTTR
ATO,SWX,utilities_top50,0.09470338895243119,-3.068985878542425,0.4974875584668711,56.7396770129907,20.899502670322082,757,ATO on SWX
ED,FE,utilities_top50,0.09508329217786893,-3.0671962543956113,0.8002408729228253,39.87443397228442,19.04415418734307,757,ED on FE
ATO,OGE,utilities_top50,0.09535035309529538,-3.0659414717120903,1.008784500828599,58.0813071862229,16.111950369012,757,ATO on OGE
D,DTE,utilities_top50,0.09577632974569211,-3.0639455742218953,0.14817914556907988,46.02898067375143,16.59052561968585,757,D on DTE
AEP,D,utilities_top50,0.09590197477872586,-3.0633581647871293,0.9675624474905541,12.067285844643786,26.771707935682027,757,AEP on D
ATO,NI,utilities_top50,0.09654757347082538,-3.060349127565355,2.378272835442697,36.46439795491304,21.159147901095267,757,ATO on NI
ES,SR,utilities_top50,0.09781620590272411,-3.05448065742433,-0.3537936085768166,85.66199803472556,19.398015508787665,757,ES on SR
BKH,NJR,utilities_top50,0.09863180196264115,-3.0507384027931606,0.9336361490608998,23.439343095518847,31.832722841275885,757,BKH on NJR
DTE,DUK,utilities_top50,0.10011365269461253,-3.0439989064312254,1.0748528886667474,8.959796112258921,29.408762846946058,757,DTE on DUK
ES,PNW,utilities_top50,0.10026615655190041,-3.0433096227336005,-0.21638190253708733,79.75997468617479,23.797113426648362,757,ES on PNW
EIX,FE,utilities_top50,0.10044807685970697,-3.042488422514607,0.7464395131239395,23.89541041969409,32.71801690543814,757,EIX on FE
CMS,SR,utilities_top50,0.1037145675172299,-3.0279313856307875,-0.07031797505373671,53.76738089063483,22.63152248583999,757,CMS on SR
ATO,MDU,utilities_top50,0.10374429250978229,-3.027800517898114,0.7947321442847718,79.47651980608137,19.34513346886163,757,ATO on MDU
AEE,LNT,utilities_top50,0.10414312205299375,-3.0260473536261396,1.2173136735339374,12.626341365656046,9.067746809519639,757,AEE on LNT
LNT,WTRG,utilities_top50,0.10627210384091917,-3.0167734297788833,0.9827837515239316,7.020635374450114,28.956538234031033,757,LNT on WTRG
ETR,UGI,utilities_top50,0.10688853015989741,-3.0141143526001266,0.030649207297250448,40.82490663443903,37.97987692080648,757,ETR on UGI
ETR,ORA,utilities_top50,0.10802673216168451,-3.0092345779145067,0.1209926707003277,33.54702404904691,39.30536564983885,757,ETR on ORA
CMS,NRG,utilities_top50,0.10834678646057988,-3.007869364293679,0.08027375151855616,47.31916739782355,26.68977299479281,757,CMS on NRG
WEC,XEL,utilities_top50,0.10838486555530047,-3.0077071364064527,1.2785327347742828,6.053230249335251,15.140541180068562,757,WEC on XEL
ORA,SO,utilities_top50,0.10893781967547217,-3.005356186556701,1.2187512347394653,11.37212958509555,47.29118712883628,757,ORA on SO
CMS,MDU,utilities_top50,0.1091371188355158,-3.0045110314096384,1.6531637534158188,35.59056523230695,23.902795523654607,757,CMS on MDU
ETR,NRG,utilities_top50,0.10945883968111775,-3.0031491622698536,0.22470452472227168,34.75144741968925,40.391633885206055,757,ETR on NRG
EIX,IDA,utilities_top50,0.10955896157801154,-3.0027259490650406,0.5050456307580724,4.850687292715084,29.403090986351767,757,EIX on IDA
NRG,PEG,utilities_top50,0.11001824101525076,-3.0007882789075198,0.5193024201538315,7.043551454736863,30.283840779384885,757,NRG on PEG
AEE,DUK,utilities_top50,0.11014786289751938,-3.0002425058945863,0.6745992118724757,16.22262439905621,20.236878548690115,757,AEE on DUK
ETR,NJR,utilities_top50,0.11046316672737144,-2.9989169176214143,0.03975430415259043,40.54677797249522,38.762281404372125,757,ETR on NJR
ORA,SWX,utilities_top50,0.11067301673379448,-2.9980362383922365,-0.6324833696059167,105.94933288724312,35.52317750043766,757,ORA on SWX
SWX,WEC,utilities_top50,0.11085494371856369,-2.997273751395953,-0.25854375726544826,78.44690816314711,23.048225119713646,757,SWX on WEC
D,TXNM,utilities_top50,0.11128968701879188,-2.9954554395145054,0.3381964441898646,45.74776242316839,16.639038613489383,757,D on TXNM
ETR,MDU,utilities_top50,0.11135624440328129,-2.995177531068212,1.9493857764701243,25.009099841203412,39.666689390266306,757,ETR on MDU
OGS,XEL,utilities_top50,0.11181705088175664,-2.993256833105777,-0.366063399419948,84.29823435171836,16.828477368233155,757,OGS on XEL
D,SO,utilities_top50,0.11431104910934992,-2.9829624748016976,0.4484875201854579,37.94640178373638,14.38313678541996,757,D on SO
ATO,SR,utilities_top50,0.11460848608305307,-2.981745921782285,0.5610105998941178,55.014106739268804,22.302397267264883,757,ATO on SR
CMS,OGS,utilities_top50,0.11511422072425453,-2.9796827668220587,-0.03459370021298467,52.09180886330373,23.979994387513283,757,CMS on OGS
AWR,EVRG,utilities_top50,0.11535383412330263,-2.9787076022317684,1.3482173763984573,7.12318517362565,25.784061324528995,757,AWR on EVRG
SWX,VST,utilities_top50,0.1168043395889315,-2.9728361946648283,1.5776557914526235,30.25614649776139,25.75651543014667,757,SWX on VST
PPL,UGI,utilities_top50,0.11683601785786851,-2.972708569028483,0.17128778405605105,17.504992284528832,30.540884308140452,757,PPL on UGI
AEP,LNT,utilities_top50,0.11709626121667344,-2.9716610646920323,0.7737195314331472,35.68281736917221,28.506892415325154,757,AEP on LNT
CMS,NJR,utilities_top50,0.11726429723193876,-2.9709856164490818,-0.20846093663049098,56.491208870113915,20.885957097575194,757,CMS on NJR
ATO,EIX,utilities_top50,0.11778772494235246,-2.9688861796133317,0.737378419332562,52.045073547452404,15.832996198873769,757,ATO on EIX
ED,NI,utilities_top50,0.1187747329695426,-2.9649459880677487,2.349704707024562,14.836100628058533,17.24599379100412,757,ED on NI
FE,NI,utilities_top50,0.11980723176095975,-2.960849905290851,1.9869277387481816,-11.384822853738937,32.25963353783231,757,FE on NI
ATO,AWR,utilities_top50,0.12004195567995551,-2.9599223422841456,0.30808041507076345,64.38422538852882,22.54162665703563,757,ATO on AWR
NI,POR,utilities_top50,0.12160415683397913,-2.9537826410492722,0.3378250560259382,8.083412181152863,15.302840114061807,757,NI on POR
ATO,PEG,utilities_top50,0.12196020508790878,-2.9523914149849744,0.18491505823381438,77.64299543634161,19.982404833573057,757,ATO on PEG
EIX,POR,utilities_top50,0.12478535117427386,-2.941456378737992,0.8381272825855073,14.531124936482879,29.620781936046402,757,EIX on POR
ETR,VST,utilities_top50,0.12619118519827338,-2.936082126395082,0.031494216669253436,41.23142798448168,37.90871948293203,757,ETR on VST
CMS,ETR,utilities_top50,0.12657159256745337,-2.9346353904621845,0.763951962685588,17.89802317055824,22.36088051738628,757,CMS on ETR
AEP,PEG,utilities_top50,0.12682570862430603,-2.9336707155670703,0.6096496455395538,40.43020466505598,25.858225037842026,757,AEP on PEG
SRE,WEC,utilities_top50,0.12783519947041888,-2.9298522932580107,0.36882886000181875,26.953203326045088,30.92355279033623,757,SRE on WEC
ETR,SRE,utilities_top50,0.1279285400592729,-2.929500336728557,0.8367634370411106,-3.3850749129331033,15.871729479317104,757,ETR on SRE
AEP,CMS,utilities_top50,0.12915430017420731,-2.9248955756202597,1.0503750560097849,16.710310975239246,30.854960658032883,757,AEP on CMS
ETR,NFG,utilities_top50,0.1292074518720695,-2.9246966199964763,-0.02426594102928821,42.78249823595764,37.111656146598655,757,ETR on NFG
ETR,EXC,utilities_top50,0.1295900756198049,-2.9232661402071582,0.562542510163268,27.415765923933897,47.20011356014578,757,ETR on EXC
EIX,NRG,utilities_top50,0.13128535405117675,-2.916964625203856,0.3485665725555521,35.53613868223717,44.61330808822493,757,EIX on NRG
BKH,FE,utilities_top50,0.1336657547398583,-2.9082146895213805,1.0488017921592308,21.466127280964304,24.450340856741686,757,BKH on FE
OGE,VST,utilities_top50,0.13572908929530686,-2.9007203414093126,0.9850847269792974,9.756248361606078,38.35629839151846,757,OGE on VST
EVRG,WTRG,utilities_top50,0.13608684437445506,-2.8994292366455627,0.8139389861080734,17.63049292613776,31.97102053391853,757,EVRG on WTRG
ATO,DTE,utilities_top50,0.13832900922452995,-2.8913922144456277,0.11571718993217864,76.27100852205686,20.44154860689108,757,ATO on DTE
ES,WTRG,utilities_top50,0.1383291255280482,-2.89139179997555,1.3138383640818603,17.623737473527672,23.700867455574734,757,ES on WTRG
ORA,TXNM,utilities_top50,0.13884435104071458,-2.889558125257543,1.6150044911219223,5.491812839206977,47.01145641255555,757,ORA on TXNM
CMS,CNP,utilities_top50,0.1389578788231421,-2.889154734347701,-0.04259676863508309,50.73251285759484,25.60594156704824,757,CMS on CNP
ETR,WTRG,utilities_top50,0.13944562610934713,-2.8874243168264324,0.8036738019547797,12.275368545074116,38.15030491273574,757,ETR on WTRG
ETR,SWX,utilities_top50,0.14097912152663028,-2.882011690823769,0.09784401803246957,35.99541902730233,43.56691344919403,757,ETR on SWX
ATO,AVA,utilities_top50,0.14424016880888796,-2.8706387095670753,1.1017981534042913,51.46226132138508,20.959764359565895,757,ATO on AVA
AEP,WEC,utilities_top50,0.1446729744527669,-2.8691429878138868,0.48621097581591616,33.386024881013945,35.11358115397397,757,AEP on WEC
AEE,WTRG,utilities_top50,0.14525534283448271,-2.8671353642860877,1.1622477110431864,22.426324211891007,27.411528259842864,757,AEE on WTRG
ATO,POR,utilities_top50,0.14529267237921278,-2.867006870023796,0.8736635937998546,53.0110090883083,18.605170915216053,757,ATO on POR
CMS,FE,utilities_top50,0.1460740946399282,-2.8643224072156452,0.1316695749176074,45.85634498642645,28.433024216233438,757,CMS on FE
ETR,FE,utilities_top50,0.14854756340215547,-2.855891106056684,0.4996865826521191,26.68739495104234,43.55488838991414,757,ETR on FE
LNT,NEE,utilities_top50,0.14875932288289517,-2.855173868839372,0.31663685496127447,25.216238763529503,34.60543109985747,757,LNT on NEE
ETR,NEE,utilities_top50,0.14915206067815795,-2.8538455403571437,0.16402777644515812,32.52797128728832,40.72379889718896,757,ETR on NEE
CMS,OGE,utilities_top50,0.14973606840373516,-2.851874808669058,0.034682042871780616,48.8713420601254,26.54620569590596,757,CMS on OGE
NI,OGE,utilities_top50,0.14985869860423595,-2.8514616761785474,0.42922628091320697,8.94766397129962,11.933116322100338,757,NI on OGE
ES,VST,utilities_top50,0.1511243249972542,-2.8472115926012966,-1.1724479829054222,87.62883620394828,18.79897829986095,757,ES on VST
ES,NJR,utilities_top50,0.15126848934556436,-2.846729052973963,-0.6524287328539932,86.72325103162223,18.60443787685907,757,ES on NJR
DUK,SO,utilities_top50,0.15274009470345,-2.841821588845599,1.2177029457231827,15.609872689877925,38.5127267510834,757,DUK on SO
BKH,CNP,utilities_top50,0.1531664659470776,-2.840405885538608,1.1772513637287483,28.618691058430162,29.370830534558806,757,BKH on CNP
EVRG,NFG,utilities_top50,0.1540041782614554,-2.837632333470404,0.25588762498365436,37.34179211976616,34.7506831562949,757,EVRG on NFG
CMS,UGI,utilities_top50,0.15416074298833726,-2.8371151303384456,-0.125952976145638,53.91010007782335,24.097357235275677,757,CMS on UGI
CMS,NFG,utilities_top50,0.15608063784253184,-2.8308022408068934,-0.02478459113549987,50.83092373085011,25.80886770556371,757,CMS on NFG
OGE,SWX,utilities_top50,0.15699223892213537,-2.8278235498800712,0.4204738411754561,2.99281122548414,45.634196367672835,757,OGE on SWX
ETR,EVRG,utilities_top50,0.15875425974851348,-2.822099709344109,0.7470768247114573,6.293349626594225,35.967476169566716,757,ETR on EVRG
CMS,EXC,utilities_top50,0.15893572803367112,-2.821512706095695,0.34912149985800645,40.90627467827955,29.1819860457761,757,CMS on EXC
ES,SO,utilities_top50,0.1597161605570082,-2.818993443455267,0.9593993641693606,21.07549547162484,33.96927275120455,757,ES on SO
CMS,EVRG,utilities_top50,0.1601168588344073,-2.817703258319259,0.5931251299613116,21.641053820359236,30.311803757475342,757,CMS on EVRG
BKH,UGI,utilities_top50,0.16093556300617434,-2.8150740276123374,0.644706286928428,32.396431869553496,29.63044108302377,757,BKH on UGI
SRE,XEL,utilities_top50,0.16163927915861592,-2.812821387466593,0.448087082134219,30.42184452638151,34.81657145914212,757,SRE on XEL
NRG,OTTR,utilities_top50,0.1624534428447868,-2.810223551874837,0.30675033224735976,18.73382910410856,33.53834910251294,757,NRG on OTTR
PPL,VST,utilities_top50,0.1635179778244969,-2.806840209620784,0.28306201553947585,17.7942356119102,34.67322172125236,757,PPL on VST
SR,XEL,utilities_top50,0.1645259071652163,-2.803650585064697,-0.44179528476832125,79.0809940997158,23.231035727060423,757,SR on XEL
OGS,SR,utilities_top50,0.16496997482877618,-2.80224953906676,0.8002753165529776,20.35314463606686,23.17958441525018,757,OGS on SR
LNT,OGS,utilities_top50,0.166154994188091,-2.798523272493367,-0.1746145337363381,54.49701434429378,33.78473626770139,757,LNT on OGS
PNW,XEL,utilities_top50,0.16686447886508288,-2.79630093842498,-0.16105617428401164,72.4677587071803,30.230175995937955,757,PNW on XEL
ES,OGE,utilities_top50,0.16695580000909976,-2.796015356790462,-0.48815516115523616,79.58303463921129,25.180245576369888,757,ES on OGE
EIX,UGI,utilities_top50,0.16711498258858654,-2.7955178101570684,0.267523652859184,37.85319013173768,42.13174763436354,757,EIX on UGI
AVA,SRE,utilities_top50,0.1671287605301402,-2.79547476043826,0.48766384608108937,5.301960351888721,20.683024750007444,757,AVA on SRE
CMS,SO,utilities_top50,0.1677364448642834,-2.793578412001779,0.5972189147169351,21.930584093549562,21.12547502081811,757,CMS on SO
ATO,SO,utilities_top50,0.16804360265334323,-2.7926216592000648,0.284063341355907,73.05178670570014,22.09007058959064,757,ATO on SO
ATO,EVRG,utilities_top50,0.16941074811945012,-2.788377470521981,0.6445124270183848,55.683165499588185,23.61398518296379,757,ATO on EVRG
NI,UGI,utilities_top50,0.16976137584797668,-2.787292702456888,0.1921685603612698,14.760197252035987,20.54002482764803,757,NI on UGI
ATO,XEL,utilities_top50,0.1701609445238031,-2.78605836069904,0.22142016622117836,74.66825086192874,22.03449976781281,757,ATO on XEL
EIX,OTTR,utilities_top50,0.17199341244570399,-2.780422373250835,0.42847441095714717,28.75356965937535,36.17026466618251,757,EIX on OTTR
CWEN,OGS,utilities_top50,0.17293162017069263,-2.7775523944925977,-0.6085459411594222,57.16327989942326,21.464983798168472,757,CWEN on OGS
ED,VST,utilities_top50,0.17321730084732528,-2.7766805702911115,0.7786419300407567,49.679708107887,23.49246070944928,757,ED on VST
BKH,SR,utilities_top50,0.17406332249101797,-2.7741043618499535,0.7512282793369738,11.286044841842811,28.08035465835942,757,BKH on SR
CMS,PNW,utilities_top50,0.17433225708794642,-2.77328718757157,0.02507591762112733,48.23793299729713,27.39393219652737,757,CMS on PNW
EVRG,PCG,utilities_top50,0.1743859398846801,-2.7731241699924114,-0.23733256776865913,50.4242764427846,33.47570529456471,757,EVRG on PCG
EIX,SRE,utilities_top50,0.17491957127760582,-2.771505521026891,0.7925090234631427,3.68355547056498,32.228595196530215,757,EIX on SRE
ES,NEE,utilities_top50,0.17518999286573705,-2.7706865173310984,0.44899446528074316,40.49370413839403,17.47073706301199,757,ES on NEE
IDA,NFG,utilities_top50,0.1759934595985504,-2.768258086916503,0.622306231936303,57.63333958650988,31.04694962478219,757,IDA on NFG
SWX,WTRG,utilities_top50,0.1765654939179866,-2.766533645304126,-0.31711565742656694,71.13099783315663,27.374815488821444,757,SWX on WTRG
AEP,ES,utilities_top50,0.17767244000807136,-2.7632071964883216,0.4900327609582543,36.76337724922741,35.99888493998865,757,AEP on ES
D,ETR,utilities_top50,0.178411745857603,-2.76099319198275,0.633131771590285,32.43287699232853,12.04910978716303,757,D on ETR
CMS,PPL,utilities_top50,0.17846082890932302,-2.7608464182463437,0.9382335634825942,28.22864110555512,34.01432408306859,757,CMS on PPL
NI,SWX,utilities_top50,0.17921613525505142,-2.7585911811416355,0.21454239583618986,8.206292705270926,23.875389985833106,757,NI on SWX
EIX,NI,utilities_top50,0.18031888815618052,-2.755309789655225,2.031169119156788,3.906815683145856,34.87264934286913,757,EIX on NI
ATO,ES,utilities_top50,0.1807689750022069,-2.7539743068220086,0.19356079492251033,73.56944956346982,22.75134290959822,757,ATO on ES
AEP,XEL,utilities_top50,0.1814054097739103,-2.752089639566482,0.5602420115515276,39.562117698098234,35.89487276706349,757,AEP on XEL
VST,WEC,utilities_top50,0.18253953368911718,-2.748741945749582,-0.19145249106939377,32.56915269027126,22.880924728700705,757,VST on WEC
ATO,LNT,utilities_top50,0.18552709469686968,-2.739988231067286,0.3604626321140109,70.77636402785016,22.37995900678109,757,ATO on LNT
ETR,NI,utilities_top50,0.18578086323089993,-2.7392489443464143,1.2785200709048374,15.00893198173034,63.97188710192463,757,ETR on NI
EIX,NFG,utilities_top50,0.1889404216403574,-2.730099104525679,0.09294892348851264,42.7858368977755,43.15225521057539,757,EIX on NFG
ORA,PNW,utilities_top50,0.1893710237053262,-2.728859845783582,-0.21050733974076444,81.80189336311606,50.13692816365446,757,ORA on PNW
ES,ORA,utilities_top50,0.18943159288529648,-2.728685676512526,0.27540501306449855,47.09535939776308,28.43907654852569,757,ES on ORA
ETR,OGS,utilities_top50,0.19000687463153687,-2.727033228109189,0.21941130725367677,27.548178367664843,59.118321162712235,757,ETR on OGS
EVRG,MDU,utilities_top50,0.19143175480429375,-2.7229542934203015,2.466649484109619,26.282203949201268,26.81850635678973,757,EVRG on MDU
LNT,SO,utilities_top50,0.19176930740135018,-2.721990878578253,0.7675589392580526,7.270284392043047,35.28662430326727,757,LNT on SO
EIX,OGE,utilities_top50,0.19246139495028414,-2.7200189997576487,1.0206050683763965,17.91527400914153,32.86624366120102,757,EIX on OGE
CMS,NI,utilities_top50,0.19330224368641735,-2.717629420771777,0.465739574582301,40.07764215254854,33.79973228250549,757,CMS on NI
EIX,PPL,utilities_top50,0.19436698637297556,-2.714613152946652,1.76183071794251,5.906048917477267,34.48610879047268,757,EIX on PPL
BKH,VST,utilities_top50,0.19695682008257848,-2.7073205449018642,1.1061786153893625,32.73006447142938,34.94210055096328,757,BKH on VST
NRG,UGI,utilities_top50,0.1970731586728463,-2.7069943973317825,0.40221981073521207,18.443950435434786,32.02342626768787,757,NRG on UGI
ETR,WEC,utilities_top50,0.19744270516745988,-2.7059592138038013,0.4506688409798633,8.745194697441917,36.50741066063738,757,ETR on WEC
OGS,VST,utilities_top50,0.19926468640675626,-2.7008734276115947,1.3741906382807911,39.57106551219747,21.03661713163,757,OGS on VST
DTE,MDU,utilities_top50,0.19943895731955424,-2.7003885318993293,6.451724043122768,31.288954768998604,29.14027826792576,757,DTE on MDU
ATO,IDA,utilities_top50,0.1997279323927661,-2.6995850742914302,0.4232858915114958,51.427012689314985,24.24501374296457,757,ATO on IDA
PNW,WEC,utilities_top50,0.20050337816652142,-2.697432694068743,-0.08430726776350396,70.17315537235226,32.41179106771718,757,PNW on WEC
NWE,SWX,utilities_top50,0.20070520538703823,-2.6968733561457134,0.5417842506291765,15.68844053287548,39.49377582852749,757,NWE on SWX
OGE,SR,utilities_top50,0.20108685409000265,-2.69581664121576,0.4089731552620891,5.1730631893770465,61.795501914603356,757,OGE on SR
OGS,PNW,utilities_top50,0.20139650975570988,-2.694960196053488,0.7638662501895498,16.144555990866113,27.080858627068277,757,OGS on PNW
CMS,WEC,utilities_top50,0.20287940159801382,-2.6908703328546455,0.5191493067648676,11.747922955726631,12.543565281033603,757,CMS on WEC
ATO,WEC,utilities_top50,0.2030168060310107,-2.6904923253543807,0.274535059468424,66.18284649481856,25.038152957853114,757,ATO on WEC
ATO,PPL,utilities_top50,0.2036677435931527,-2.6887037507000286,1.4140732776590557,53.75228807574802,22.496370797733068,757,ATO on PPL
CMS,DTE,utilities_top50,0.2064733106331445,-2.6810358507136187,0.25876171405251147,27.353699151957056,28.504579669731328,757,CMS on DTE
EIX,ORA,utilities_top50,0.20649243156247604,-2.6809838165901825,0.15381970671062273,35.98200184492643,41.41545170536412,757,EIX on ORA
ED,POR,utilities_top50,0.20658984417448373,-2.6807187728224773,0.8404171969536238,32.051585606036625,21.48288797920694,757,ED on POR
EIX,ETR,utilities_top50,0.2070415917556408,-2.6794906645826866,0.8179296135509642,12.29134373252226,35.69183874020601,757,EIX on ETR
CMS,LNT,utilities_top50,0.20739668793536642,-2.678526487989252,0.7617990263670675,16.975978917513793,18.422576649396202,757,CMS on LNT
EVRG,NRG,utilities_top50,0.20819682639307124,-2.6763576881818762,0.5233393727036743,31.09670392693247,35.99663121437988,757,EVRG on NRG
PNW,WTRG,utilities_top50,0.20862203980447552,-2.6752072537772267,-0.11904332701116332,68.36227676331401,33.25323966634766,757,PNW on WTRG
ETR,SR,utilities_top50,0.2093449491282326,-2.6732547441732946,0.16101316640255212,32.82748930912496,47.70441148015724,757,ETR on SR
TXNM,VST,utilities_top50,0.20995374851510795,-2.671613692772299,0.19978986564254592,35.21012168685359,38.848291565414144,757,TXNM on VST
NI,VST,utilities_top50,0.21036596529760676,-2.670504222016901,0.3327117468921178,14.804240261071847,24.770217390264,757,NI on VST
EVRG,IDA,utilities_top50,0.21059677819357525,-2.6698835857094605,0.5466277730287418,2.4764494503542127,22.671443043940567,757,EVRG on IDA
BKH,POR,utilities_top50,0.21508618776438015,-2.6578948728400014,1.2211824975913186,6.647756095099576,10.919375316449653,757,BKH on POR
AWK,OGS,utilities_top50,0.21520140830000434,-2.6575892268345735,-2.243019628420143,267.916389061327,21.77411761557306,757,AWK on OGS
NI,OTTR,utilities_top50,0.2158132237970834,-2.655967946100657,0.15706464058374012,14.463628732071626,28.29358658414224,757,NI on OTTR
ORA,SR,utilities_top50,0.21670804599246124,-2.6536017916452663,-0.21402188878971035,80.2782089116786,50.10850996516939,757,ORA on SR
CNP,NI,utilities_top50,0.21686947711782617,-2.653175562693677,1.487611111313119,-10.294813259143497,41.82713075444931,757,CNP on NI
ATO,WTRG,utilities_top50,0.21847503697306864,-2.6489469222836863,0.4554274644669328,69.5884732375295,22.877560982626573,757,ATO on WTRG
CMS,ES,utilities_top50,0.22045520453130169,-2.6437577320341843,0.5414358468445327,14.154046434820303,19.851871148122612,757,CMS on ES
AEE,OGS,utilities_top50,0.22098262714904482,-2.6423803714320573,-0.3009107944694579,84.71099632370313,19.18501102767492,757,AEE on OGS
ES,NWE,utilities_top50,0.2216543019294378,-2.6406291869901466,-0.10976368255117812,71.17330216465835,28.68987218873204,757,ES on NWE
PNW,SWX,utilities_top50,0.22181419392765472,-2.6402127930176684,0.5919493634902925,28.780434504351287,45.97103074914925,757,PNW on SWX
LNT,OTTR,utilities_top50,0.222200270128721,-2.639208115722035,0.3553049936535631,28.433260159710414,53.19077487692565,757,LNT on OTTR
CMS,SRE,utilities_top50,0.22257954280459058,-2.638222173119333,0.5879963367973965,18.080420488727615,26.791985085616833,757,CMS on SRE
DTE,NFG,utilities_top50,0.2232251688909252,-2.636546166100345,0.9412183162314901,49.371326356691476,42.387641539555126,757,DTE on NFG
EVRG,EXC,utilities_top50,0.2252654530179941,-2.631268883961659,0.9415063862856577,23.448153796484522,36.732021207881296,757,EVRG on EXC
ATO,BKH,utilities_top50,0.22551658444640693,-2.6306213168185133,0.6667170074492117,50.8471051520529,18.49451894669199,757,ATO on BKH
AEP,PNW,utilities_top50,0.22580050163405752,-2.6298897307991527,0.34202881912018684,47.17826140536945,32.077296915123966,757,AEP on PNW
CMS,DUK,utilities_top50,0.22712230108686698,-2.6264910301333195,0.3536844530956603,24.19292660713875,29.159366190949065,757,CMS on DUK
PNW,VST,utilities_top50,0.2275636190682228,-2.62535892700067,1.0954686576481694,43.69805013656376,40.43713356563799,757,PNW on VST
NRG,PPL,utilities_top50,0.22759346897173577,-2.625282401231707,1.045793366537303,7.34195756772037,37.226965816264716,757,NRG on PPL
SWX,UGI,utilities_top50,0.2276454888921275,-2.625149052875197,0.6585749790522488,38.206668039280544,31.729707534033434,757,SWX on UGI
ETR,OGE,utilities_top50,0.2303287762382723,-2.616264055953952,0.5409960706580292,26.66649836851252,44.62914257786111,757,ETR on OGE
ES,NI,utilities_top50,0.23138897416421683,-2.6135934220928485,-0.39696010713088703,74.237160914075,27.71194234969565,757,ES on NI
NWE,UGI,utilities_top50,0.23257984869248688,-2.6106022609966595,0.5225727207205562,31.034776350149222,29.223882196374703,757,NWE on UGI
ORA,PEG,utilities_top50,0.23632310154851105,-2.6012586403059332,0.9029607148899002,25.92289456512238,59.43199943212916,757,ORA on PEG
ORA,XEL,utilities_top50,0.23635245918424858,-2.601185704924155,0.8126920206195383,25.537109778540902,59.92058611734898,757,ORA on XEL
CMS,NWE,utilities_top50,0.2378336869844211,-2.597512631072924,0.13182330843423282,43.52664585561687,32.522461748696585,757,CMS on NWE
TXNM,WTRG,utilities_top50,0.23792618658326703,-2.597283698737291,0.5649978296046972,18.143630010471593,44.7359415847878,757,TXNM on WTRG
NWE,OGS,utilities_top50,0.23823669970796213,-2.59651557173737,0.647109402019263,5.834926246530423,50.51213188091294,757,NWE on OGS
NI,SR,utilities_top50,0.2387608332876167,-2.5952203254161743,0.211387730791109,9.167288160335797,29.40152030942006,757,NI on SR
ORA,WTRG,utilities_top50,0.24008200270240632,-2.59196274430304,1.6924943813912454,6.123897524966197,46.77132672777415,757,ORA on WTRG
ETR,PPL,utilities_top50,0.24164550331188217,-2.5881210331717934,1.6082189664556188,4.766637571874582,40.616570973599735,757,ETR on PPL
PPL,SWX,utilities_top50,0.24216337354559758,-2.5868517268072733,0.07676336644056338,18.47119210153283,42.102571159445816,757,PPL on SWX
EIX,NEE,utilities_top50,0.24260220727092557,-2.585777362447826,0.04926619156911019,43.70354106529532,44.18351189620061,757,EIX on NEE
AWK,PCG,utilities_top50,0.24328346474492363,-2.584111700469139,-2.7839175645355727,155.81980452689436,80.33929313881065,757,AWK on PCG
POR,UGI,utilities_top50,0.24478033158411244,-2.580461256761684,0.42106735296426606,24.536350217903564,39.146564562288695,757,POR on UGI
NWE,VST,utilities_top50,0.24486959326219904,-2.580243976175816,0.9175472157253471,30.917684404990176,33.2239793099204,757,NWE on VST
NJR,UGI,utilities_top50,0.24621648588205763,-2.576970841324227,0.7323462832592552,8.243402287294597,26.07895867858027,757,NJR on UGI
BKH,EIX,utilities_top50,0.2505254186826702,-2.566567215943996,0.8841498493883553,12.110522240916843,29.780909064173898,757,BKH on EIX
EVRG,LNT,utilities_top50,0.25127796263150615,-2.564760618467575,0.7501061012906343,15.185134359491364,34.07821287167111,757,EVRG on LNT
ATO,CMS,utilities_top50,0.2515232765035655,-2.564172360254942,0.6787514187477668,52.49725068259311,28.933198821644446,757,ATO on CMS
OGS,WEC,utilities_top50,0.2517016772870688,-2.563744760087337,-0.14616973078183357,75.74766172908828,21.510578018961542,757,OGS on WEC
ORA,UGI,utilities_top50,0.2565083935341742,-2.552286686586214,-0.37813342802100613,80.54398767279162,52.30936585380039,757,ORA on UGI
EIX,MDU,utilities_top50,0.2572016558704129,-2.550643950819512,1.5921570326608605,32.76688400013249,46.73929103047469,757,EIX on MDU
CMS,IDA,utilities_top50,0.2572869557177732,-2.5504419950214405,0.2886595706693707,26.041826270339783,38.81755110611283,757,CMS on IDA
AEE,AES,utilities_top50,0.2580502105256661,-2.5486365488102543,1.0161567340746904,49.174833673216696,22.43936515670267,757,AEE on AES
NI,XEL,utilities_top50,0.258191885129345,-2.5483017462982676,-0.035217126763087844,22.82074186865859,24.771936461545064,757,NI on XEL
PNW,SO,utilities_top50,0.25910345740761653,-2.546149940186076,-0.04751949939615398,66.20768323676633,35.66813258387089,757,PNW on SO
AES,DUK,utilities_top50,0.25946515647275925,-2.5452972813504453,0.4188649726167598,-14.660044689627854,37.969502979627734,757,AES on DUK
FE,NWE,utilities_top50,0.26101111800542753,-2.541660162586772,0.6446561492444856,-0.6126318515309582,43.686165813047154,757,FE on NWE
AVA,FE,utilities_top50,0.2617410532218125,-2.5399469459660367,0.5080872256276735,16.262656063038907,23.22603359193758,757,AVA on FE
ETR,IDA,utilities_top50,0.26275397498891745,-2.5375738205702163,0.432771226647396,6.131753801438516,44.765687434638636,757,ETR on IDA
ORA,VST,utilities_top50,0.265004753048635,-2.5323181906112326,-0.14144358936607318,70.95182481212322,55.57143097607831,757,ORA on VST
AVA,TXNM,utilities_top50,0.2656062195905444,-2.530917813803366,0.5279789865976736,11.100451394860134,28.218244552296817,757,AVA on TXNM
EVRG,SO,utilities_top50,0.26855340858455934,-2.5240803085449044,0.6334174955515347,17.943476588569595,33.198748068075,757,EVRG on SO
EIX,EXC,utilities_top50,0.2688451917023633,-2.5234055438691456,0.8549976643065755,24.608145064291772,43.805326736102415,757,EIX on EXC
ES,XEL,utilities_top50,0.26910578016474906,-2.52280324632177,1.1286585670584381,6.480991144388236,23.78780218482553,757,ES on XEL
ES,FE,utilities_top50,0.26926782476782685,-2.522428868587954,-0.11181943723170326,69.29957082303821,30.463943845319893,757,ES on FE
ORA,WEC,utilities_top50,0.2696385247482093,-2.521572874139746,0.6122748834129786,23.40422622245024,56.11611208849779,757,ORA on WEC
AEE,NFG,utilities_top50,0.2697801690262618,-2.5212459632473947,0.33282117056932137,51.871573064054694,32.207610098443155,757,AEE on NFG
ATO,OGS,utilities_top50,0.27110763872379784,-2.518186588796307,0.7285811804115206,38.95415395221357,19.241131429613905,757,ATO on OGS
ED,UGI,utilities_top50,0.2720864795533773,-2.5159357287537487,0.27541609673949613,55.20609021955756,25.75719745915724,757,ED on UGI
ORA,OTTR,utilities_top50,0.2723383150724693,-2.515357315773588,0.1942785838337689,60.288875184229596,58.50036991587011,757,ORA on OTTR
LNT,SWX,utilities_top50,0.27239378035060513,-2.5152299613730884,-0.14236703941380607,51.61056470957729,40.43177146213099,757,LNT on SWX
PPL,SO,utilities_top50,0.2728554173884813,-2.514170517513314,0.20631283038203602,13.394391300309323,40.18026431861423,757,PPL on SO
PPL,SRE,utilities_top50,0.2739465878607488,-2.5116700260100506,0.33093189308449433,5.160631004200894,24.694596687932876,757,PPL on SRE
D,SRE,utilities_top50,0.2740130250909076,-2.5115179483165457,0.48783239291248065,32.555661625508414,16.096397911592693,757,D on SRE
AVA,UGI,utilities_top50,0.27519388148937407,-2.50881810704072,0.20317875779210748,25.08266000882332,31.005371230979705,757,AVA on UGI
AWK,CPK,utilities_top50,0.2757070408247594,-2.5076467223455152,1.210462351525677,13.419849942633068,56.60258484271209,757,AWK on CPK
ES,OTTR,utilities_top50,0.2758197412667006,-2.5073896130982396,0.1586913062112581,59.34441118465571,34.547926782946625,757,ES on OTTR
OGS,WTRG,utilities_top50,0.27644175184984987,-2.5059715643724605,-0.16654236813479673,71.14323789163566,23.59584599087997,757,OGS on WTRG
ED,PPL,utilities_top50,0.27954281679841375,-2.4989261790770803,1.399587273888662,31.85873380142284,30.950693043214198,757,ED on PPL
AWR,OTTR,utilities_top50,0.2798713605489718,-2.4981821020174433,0.7836070195689459,38.784953451239325,30.269575629464487,757,AWR on OTTR
EVRG,NEE,utilities_top50,0.28050774152104246,-2.496742108425163,0.18218412166170875,37.23244013966023,35.54088156756387,757,EVRG on NEE
DUK,LNT,utilities_top50,0.2805099500657328,-2.4967371138593033,1.4514962930491846,9.898694518977221,47.10291710142766,757,DUK on LNT
BKH,ED,utilities_top50,0.2837293147476031,-2.4894776648936268,0.9232423323087802,-5.9632516189579405,24.10651640256637,757,BKH on ED
PPL,XEL,utilities_top50,0.28385098448483154,-2.4892041251315615,0.09083328373721387,18.25357616766564,42.56542458413841,757,PPL on XEL
OGS,SO,utilities_top50,0.2839390691008644,-2.4890061287183154,-0.14885904414079978,71.97904608176593,23.287933060123734,757,OGS on SO
ES,UGI,utilities_top50,0.28416779602211123,-2.4884921408383365,-0.4673998015382568,81.00902373696299,24.1514899448389,757,ES on UGI
NWE,PCG,utilities_top50,0.28533142365067493,-2.485880479441436,0.4326769066271686,42.66596516284245,28.9855745907685,757,NWE on PCG
ETR,SO,utilities_top50,0.286460872365832,-2.4833506157360143,0.6222963587661229,12.730813430972482,43.91549770713901,757,ETR on SO
FE,OGE,utilities_top50,0.2867650909307401,-2.4826700433756677,0.9102887519570674,4.784983529793189,42.8827842891428,757,FE on OGE
AVA,POR,utilities_top50,0.2871315458883438,-2.481850717323444,0.6033774412124484,8.63469275473329,23.259544078460817,757,AVA on POR
NEE,OGS,utilities_top50,0.2877368290798014,-2.480498550871927,-1.1959111651009953,134.37735104796053,23.670688043178952,757,NEE on OGS
EIX,EVRG,utilities_top50,0.2883391430729542,-2.4791544153203446,0.6456847860189573,15.792373134753236,42.75152733569472,757,EIX on EVRG
ORA,PPL,utilities_top50,0.28848497415723134,-2.47882918469352,1.7417952713127736,28.2069624151899,59.24106472102881,757,ORA on PPL
EVRG,UGI,utilities_top50,0.28911831015946055,-2.4774176675228223,0.20805250770410613,40.82810899433391,38.1426147013915,757,EVRG on UGI
IDA,UGI,utilities_top50,0.28932189775246137,-2.476964255324067,0.7210193253452379,59.16700940405477,29.725920905255926,757,IDA on UGI
ATO,NWE,utilities_top50,0.29000159487869226,-2.4754516302813867,0.7504844120892232,50.37127265489335,20.670564645361473,757,ATO on NWE
AEE,SO,utilities_top50,0.2902816571239765,-2.4748288754615557,0.9174483275604088,22.26694868656868,26.134710673616866,757,AEE on SO
ORA,POR,utilities_top50,0.29140107056248243,-2.4723426499692702,0.20487935791420878,60.51919510845515,59.344916632720555,757,ORA on POR
ATO,TXNM,utilities_top50,0.2932627387477005,-2.4682181714619325,0.5406740295622834,65.29007534075917,21.415889490205046,757,ATO on TXNM
SRE,WTRG,utilities_top50,0.29453652131336294,-2.4654034579470165,0.7800279586823465,25.34717244262809,28.80283075385569,757,SRE on WTRG
LNT,NRG,utilities_top50,0.29495020816990797,-2.46449058824398,0.3921583658255677,30.816294618894535,56.745895253698144,757,LNT on NRG
PPL,SR,utilities_top50,0.29513902581035617,-2.4640741354765345,0.12276615782559147,16.18430808206991,45.488927481942525,757,PPL on SR
AVA,BKH,utilities_top50,0.2964104283151155,-2.4612732824026002,0.4394498989676239,8.258022931334658,19.608527839681884,757,AVA on BKH
OGE,POR,utilities_top50,0.29860256268834406,-2.4564575594142513,0.6255624225604383,4.144989496913241,38.65554092973609,757,OGE on POR
NI,NWE,utilities_top50,0.2996374253580399,-2.4541899984528044,0.27849733384564906,7.623117708759927,31.65590639164338,757,NI on NWE
EIX,NJR,utilities_top50,0.29974248742474846,-2.4539599970650636,0.4585086916520418,31.868955737657366,43.691030700403715,757,EIX on NJR
CWEN,WTRG,utilities_top50,0.30095027179374884,-2.4513186499937865,0.9627371787265341,-17.7913267638691,43.80822692553807,757,CWEN on WTRG
ED,IDA,utilities_top50,0.3011824593275404,-2.4508114434852657,0.4406522998266974,27.767848841328057,32.339629058174935,757,ED on IDA
PPL,WEC,utilities_top50,0.3022169123657108,-2.448553940860539,0.07707952281754453,17.380714644858138,42.894485150077394,757,PPL on WEC
NEE,PNW,utilities_top50,0.3030212579352971,-2.446801104910128,-0.90385263789631,114.4515574028405,43.68655071425266,757,NEE on PNW
SR,WEC,utilities_top50,0.3043858568613256,-2.443832315215729,-0.2307172769617894,72.74649345423431,27.764261530294778,757,SR on WEC
PPL,WTRG,utilities_top50,0.30449094693865225,-2.443603940488401,0.23798036993757016,14.289651735169343,39.76961025165192,757,PPL on WTRG
EVRG,PEG,utilities_top50,0.3048086125060727,-2.442913833025979,0.6283197641978113,18.03688316357346,35.629417789949756,757,EVRG on PEG
ED,NJR,utilities_top50,0.30497767652584074,-2.4425466884621816,0.4276930046134572,50.45959116233704,26.94567611727491,757,ED on NJR
CNP,IDA,utilities_top50,0.3070298920443573,-2.438097503945072,0.3241710004659889,-5.83379952792618,57.00796712930619,757,CNP on IDA
ES,NRG,utilities_top50,0.307884237900526,-2.4362493214372627,0.13627898983424466,61.6306514835077,33.730957533164,757,ES on NRG
EIX,XEL,utilities_top50,0.3099509208404793,-2.431788180295586,0.12563134010370708,39.877291004822894,49.05035593896945,757,EIX on XEL
EIX,TXNM,utilities_top50,0.3103872566729974,-2.43084803541364,0.8824490692405659,12.156438628397769,37.377619706084026,757,EIX on TXNM
CMS,POR,utilities_top50,0.3122702304278605,-2.4267977379449865,0.2609828070819409,39.88996444193746,33.71287660268427,757,CMS on POR
PNW,UGI,utilities_top50,0.31383182508461493,-2.4234470402127553,0.5136321920151632,47.39908825644511,38.68342793239626,757,PNW on UGI
ATO,ETR,utilities_top50,0.313902502264611,-2.4232955652549286,0.8874967092060294,49.21746515378798,19.13514542720938,757,ATO on ETR
NI,ORA,utilities_top50,0.31418877472928286,-2.4226821829267076,-0.021800246276014887,22.455921777408324,25.89296269644642,757,NI on ORA
AEE,AWR,utilities_top50,0.3143873791916272,-2.422256788748993,0.5205546094068049,28.06762178347654,34.73013471442436,757,AEE on AWR
ES,EXC,utilities_top50,0.3147240687258574,-2.4215359006564823,0.2585963247751549,59.295306140678974,35.27246728347906,757,ES on EXC
MDU,PEG,utilities_top50,0.3149965095911998,-2.4209528263602036,0.2340622927308838,-2.372209476865163,37.61190148850914,757,MDU on PEG
OGS,PEG,utilities_top50,0.31505049662268547,-2.4208373105925385,-0.11592307964499915,70.46646000098656,24.864692446392958,757,OGS on PEG
NWE,ORA,utilities_top50,0.3152361953642289,-2.4204400389365337,0.018258858353187694,46.66354536011569,35.08070485408252,757,NWE on ORA
AWK,LNT,utilities_top50,0.31588839230991217,-2.419045591733427,4.383873165785707,-67.06353542290563,58.87233571342139,757,AWK on LNT
AVA,PPL,utilities_top50,0.3161844286626586,-2.418413063028017,0.9743454285971654,9.198580788027504,32.37864709638202,757,AVA on PPL
EVRG,NJR,utilities_top50,0.3167844736675641,-2.4171317718451104,0.22171338158898485,40.475717345836706,42.117628577688244,757,EVRG on NJR
AEE,OTTR,utilities_top50,0.3172877535669574,-2.416057928643324,0.4539396987385507,46.35164241705528,34.83210005600434,757,AEE on OTTR
POR,VST,utilities_top50,0.3180799309673267,-2.414369180158632,0.7091038005947592,25.001649962194627,46.59657187987746,757,POR on VST
EVRG,VST,utilities_top50,0.3203402210784402,-2.4095607967461325,-0.032195258546354376,48.14342088046821,37.73277075427728,757,EVRG on VST
IDA,NRG,utilities_top50,0.32359983497937106,-2.4026522595030726,1.0443077076250802,49.62590859160135,31.785295999602436,757,IDA on NRG
EVRG,ORA,utilities_top50,0.326376285454107,-2.3967911319047324,0.07218991043212333,42.614249543742346,39.8249320423618,757,EVRG on ORA
EIX,PCG,utilities_top50,0.328757689732608,-2.391780651289688,0.19027760021799744,44.18614738073049,43.53635591407897,757,EIX on PCG
NI,NRG,utilities_top50,0.3296205681384957,-2.3899688891421316,0.1097298662042019,17.51705801026429,31.12297000339936,757,NI on NRG
ED,OTTR,utilities_top50,0.3296325236304132,-2.3899438003431923,0.3630609649236507,49.069537971596965,25.453657630871973,757,ED on OTTR
PPL,TXNM,utilities_top50,0.32994954467407644,-2.389278663702524,0.3957546615609084,7.637762527058109,29.10437664704316,757,PPL on TXNM
BKH,NWE,utilities_top50,0.3300384361120956,-2.389092209478401,1.0584962136858884,2.503323018093397,20.471055426160117,757,BKH on NWE
ETR,PEG,utilities_top50,0.33010304396729295,-2.3889567043005746,0.5356366261154127,16.657502024252214,50.544706335866884,757,ETR on PEG
AVA,OGE,utilities_top50,0.33151397883748895,-2.386000202575569,0.515101673876795,17.221136388152686,30.317075936523,757,AVA on OGE
NEE,WTRG,utilities_top50,0.33161411245504396,-2.3857905772896886,2.379503779267109,-30.842684279066884,42.72209232292827,757,NEE on WTRG
NWE,OGE,utilities_top50,0.33357588693995366,-2.38168889286552,1.198130491186929,14.362825332894777,23.535638957817124,757,NWE on OGE
LNT,SR,utilities_top50,0.3337275935992609,-2.381372113728597,-0.10159537137928973,48.813967208153684,44.69736947118041,757,LNT on SR
AEE,PCG,utilities_top50,0.33454452042497274,-2.379667288154149,-0.5330422201853123,71.60715787265532,27.791627742923904,757,AEE on PCG
OGE,XEL,utilities_top50,0.3351753049616755,-2.3783520689952002,-0.1972069928055513,38.385225541376784,44.41410774113518,757,OGE on XEL
CMS,EIX,utilities_top50,0.3354142754009586,-2.377854063441225,0.34107696414672817,33.98482330664078,29.736143413916313,757,CMS on EIX
NEE,PCG,utilities_top50,0.3357210343284496,-2.377214998207921,-1.4963305484268687,74.75661735500049,89.59106096860799,757,NEE on PCG
ATO,PNW,utilities_top50,0.3370517183474492,-2.3744455133621796,0.5605358106047149,50.46100328233274,21.8073794030269,757,ATO on PNW
DTE,EXC,utilities_top50,0.34043822748308217,-2.3674168656170256,2.336182461346177,27.111745281014883,48.739927474937694,757,DTE on EXC
LNT,PNW,utilities_top50,0.34127353817858685,-2.3656874259917005,-0.05480699360248957,46.65016811401155,49.32411610712449,757,LNT on PNW
ES,MDU,utilities_top50,0.3416383208925109,-2.3649326926088565,2.1843464384906235,47.08317919234941,32.64893975905904,757,ES on MDU
CMS,PEG,utilities_top50,0.3445249004536983,-2.3589713415067606,0.49766609908605197,26.46860242009652,28.90085531835598,757,CMS on PEG
LNT,MDU,utilities_top50,0.34456623425579835,-2.358886119054593,2.6348494620611076,20.42825412740797,39.40888490360037,757,LNT on MDU
DUK,WTRG,utilities_top50,0.34629376528211153,-2.3553277591556303,1.4436387957345833,19.459433728101285,49.75150453044548,757,DUK on WTRG
EVRG,PPL,utilities_top50,0.3468719472434396,-2.3541383301090124,1.3689481838899054,16.0110757719045,45.962423682276125,757,EVRG on PPL
NJR,XEL,utilities_top50,0.3489123468059231,-2.3499468017790437,-0.3820874885522165,52.01458809147049,29.041264730472868,757,NJR on XEL
ES,POR,utilities_top50,0.3513584461438797,-2.3449338954398664,0.07036839628200944,63.23091460766172,34.60793687042969,757,ES on POR
DTE,NEE,utilities_top50,0.3515564823023224,-2.3445286163521417,0.49638740020404376,58.80522373420971,50.92938005559864,757,DTE on NEE
NEE,SWX,utilities_top50,0.35282615705535847,-2.341932226963008,-1.0394252617915212,118.43704083984994,38.92583912781557,757,NEE on SWX
NRG,OGS,utilities_top50,0.3535588110750131,-2.34043555817687,-0.04290057672105932,34.22307882654372,40.11017107784116,757,NRG on OGS
ED,SR,utilities_top50,0.35382192183458305,-2.3398983497863814,0.4565438061365421,38.617838748696535,33.65806829349873,757,ED on SR
AVA,ORA,utilities_top50,0.3569303897691391,-2.333562480753286,0.061904857409332076,27.41420360337033,33.39348207460024,757,AVA on ORA
ETR,POR,utilities_top50,0.3574940278157158,-2.332415757984582,0.5986087819224075,18.986965015549494,47.83780761905317,757,ETR on POR
ORA,SRE,utilities_top50,0.35756006930273954,-2.3322814384846877,0.9241653982663545,18.411181528532694,59.12835516979541,757,ORA on SRE
IDA,SRE,utilities_top50,0.3612294953854188,-2.324831979575972,1.1141128299438066,22.27076986499533,39.72648835347283,757,IDA on SRE
ATO,D,utilities_top50,0.36500721013112597,-2.317190016156848,0.749987303625554,42.14831086211418,30.16930407047186,757,ATO on D
EIX,PEG,utilities_top50,0.3656158095279157,-2.3159614001206474,0.5042427752072641,22.810096925148294,48.15259680732128,757,EIX on PEG
NI,WEC,utilities_top50,0.3661906643146136,-2.3148015385715524,8.525299865844373e-05,20.960007140352364,28.85384347481127,757,NI on WEC
EVRG,FE,utilities_top50,0.3678913571268191,-2.3113736793058024,0.6348946933607192,28.32658043205349,37.65118536257253,757,EVRG on FE
EIX,WEC,utilities_top50,0.3688366911947698,-2.309470571555444,0.19339059373369838,32.30207753906087,51.21591805926657,757,EIX on WEC
ETR,LNT,utilities_top50,0.3692049588468672,-2.308729625748011,0.7293107172800538,10.349889372982556,47.36781694074463,757,ETR on LNT
NWE,PNW,utilities_top50,0.37093899736605784,-2.3052440282483286,0.6650228963141643,5.358531809808155,35.90688087329459,757,NWE on PNW
EIX,WTRG,utilities_top50,0.3717891791747309,-2.3035370111220885,0.5662389989749317,25.68050101652885,48.38237180453994,757,EIX on WTRG
AEE,EVRG,utilities_top50,0.374449132748097,-2.298204365095382,0.9214898897187275,21.330989109528037,40.53745801375503,757,AEE on EVRG
OGS,ORA,utilities_top50,0.37513995175904735,-2.2968213913547593,-0.04757063398402902,68.27251294580506,25.54022572408071,757,OGS on ORA
ED,NFG,utilities_top50,0.3758080802924171,-2.295484605051357,0.06587757633485904,61.47328672201366,27.53383015846333,757,ED on NFG
OGS,SWX,utilities_top50,0.3780331803015633,-2.291037979643514,0.711629387064209,22.69754587414781,26.754109492098394,757,OGS on SWX
BKH,PPL,utilities_top50,0.3787204833093085,-2.2896661156407223,2.078191698156046,5.342450668683155,41.913657102703006,757,BKH on PPL
CNP,ED,utilities_top50,0.3791996549573039,-2.2887101356655704,0.3432175119239071,-1.1056254045334821,77.23252015786541,757,CNP on ED
NRG,SO,utilities_top50,0.3802904627787449,-2.2865352722760948,0.24327345326548933,20.06387026924627,40.7188503720993,757,NRG on SO
LNT,NFG,utilities_top50,0.3814383221488708,-2.284248697298044,0.20014567718095652,35.16100101070863,54.91942892322125,757,LNT on NFG
NWE,XEL,utilities_top50,0.38145243038500903,-2.2842206061052472,-0.11653333659304949,54.047677145875404,28.272035808835355,757,NWE on XEL
AVA,EIX,utilities_top50,0.3828246091573856,-2.2814899153523864,0.41608713854902213,12.299225597600445,25.914511033925972,757,AVA on EIX
EIX,SO,utilities_top50,0.3837475143440944,-2.279654932899496,0.4407541378738915,25.893569160561263,48.89216237731375,757,EIX on SO
NI,OGS,utilities_top50,0.3838185215028418,-2.2795138056851467,0.20073838410131248,7.913870422880524,42.41372901241403,757,NI on OGS
AVA,ETR,utilities_top50,0.3838588612260425,-2.2794336336332934,0.45952614456379454,12.429341924423854,29.99736061412439,757,AVA on ETR
DUK,PEG,utilities_top50,0.38434255132703676,-2.2784725300983335,1.4529331029155,4.281119509490821,30.747648480147387,757,DUK on PEG
CWEN,PNW,utilities_top50,0.38456567741449954,-2.2780292929628856,-0.4912509381613692,49.028033988522296,43.555933495287036,757,CWEN on PNW
ED,EXC,utilities_top50,0.3848402900656053,-2.2774838817029783,0.6539693666607513,47.36149261102393,29.2089585822116,757,ED on EXC
EIX,OGS,utilities_top50,0.38539090761352895,-2.2763906359806723,0.474987735170539,15.608233241557617,44.254427536335385,757,EIX on OGS
AVA,NWE,utilities_top50,0.3862493473827595,-2.274687116660338,0.5225562453189433,6.607995171288867,20.378567282409627,757,AVA on NWE
AVA,ED,utilities_top50,0.38626873202003253,-2.274648661728748,0.3980328903319967,6.130141013503362,41.54547793703196,757,AVA on ED
AVA,NRG,utilities_top50,0.38632155252891615,-2.2745438800785567,0.22449347819964752,24.587660411626263,32.967829883746134,757,AVA on NRG
NRG,WEC,utilities_top50,0.3864382833244698,-2.2743123323011667,-0.04247148995227906,34.55010722202283,41.42047622499401,757,NRG on WEC
AEE,EXC,utilities_top50,0.38913718642996387,-2.2689643381942837,0.985375005341926,39.923341078751456,37.979875685598586,757,AEE on EXC
POR,XEL,utilities_top50,0.3911968972465544,-2.264889970670611,-0.037335483468157196,40.10070925137189,44.97080159358882,757,POR on XEL
SR,VST,utilities_top50,0.39161145519981366,-2.2640706444198964,1.2356089037430866,32.93251977554397,41.53504778991729,757,SR on VST
LNT,ORA,utilities_top50,0.3916845088552263,-2.263926287052946,0.11693121899264833,35.15307651108622,61.35544928947334,757,LNT on ORA
AEE,DTE,utilities_top50,0.3923548673517234,-2.262601973380236,0.4970689938088247,21.94535755568953,26.590610550506383,757,AEE on DTE
AVA,SR,utilities_top50,0.3953899468435659,-2.256613757060781,0.36996653330497603,10.993971873234486,38.30339941931367,757,AVA on SR
NJR,NWE,utilities_top50,0.3969425671637309,-2.253555192402791,0.6942903380913148,-1.3698356702603736,46.473907354030665,757,NJR on NWE
AWK,DUK,utilities_top50,0.39757220799151116,-2.252315737413464,2.564123301972014,-63.881691606181214,56.837144396332405,757,AWK on DUK
CNP,NFG,utilities_top50,0.39914452544965234,-2.2492228399279104,0.39702636694113097,5.060560336657838,74.00990162449085,757,CNP on NFG
ES,NFG,utilities_top50,0.3995308994928079,-2.24846328700092,-0.1571742134136439,72.182839248824,31.218280793196524,757,ES on NFG
AEE,NRG,utilities_top50,0.400728323406656,-2.2461105229154987,0.460620436486206,50.66624347007973,35.37110566188799,757,AEE on NRG
NI,PCG,utilities_top50,0.4010550155353223,-2.24546893024157,0.17265013271530333,18.87326281315145,23.5558686922291,757,NI on PCG
ES,PPL,utilities_top50,0.40182094739146823,-2.243965227687761,0.9420725538926671,44.21213380727425,43.04808847855659,757,ES on PPL
AEE,SWX,utilities_top50,0.40200938404954,-2.243595392859576,-0.19142029184300466,76.52997919160427,25.85942807979874,757,AEE on SWX
CNP,NJR,utilities_top50,0.40264940205839633,-2.242339585444953,0.6205410396538524,1.1030129653682164,38.45323141685221,757,CNP on NJR
ES,IDA,utilities_top50,0.4035152691526479,-2.240641417134141,0.2745375432566087,43.27814979022176,45.50388876536859,757,ES on IDA
NRG,XEL,utilities_top50,0.4040208999357521,-2.239650171759758,-0.0029774333839822317,31.590388528748257,43.91942150243765,757,NRG on XEL
VST,WTRG,utilities_top50,0.4045623369967254,-2.238589067733367,-0.1811935299907024,25.180444903949315,38.513465498491676,757,VST on WTRG
IDA,PEG,utilities_top50,0.4049610367050477,-2.237807920243055,1.1681382390137718,27.58837231755767,30.21534804739673,757,IDA on PEG
DTE,OTTR,utilities_top50,0.4051922634883591,-2.2373549774471946,0.9012365069106811,49.59705460695962,52.86848653814652,757,DTE on OTTR
EVRG,SRE,utilities_top50,0.4065543310183036,-2.2346881280497377,0.6877209066903841,10.398242087260877,39.315920053945476,757,EVRG on SRE
SO,VST,utilities_top50,0.40729302763373704,-2.233242695245132,-0.6283813359846987,58.37442613506341,40.251869189452755,757,SO on VST
AVA,VST,utilities_top50,0.40837841345110854,-2.2311200058179637,0.15705645492817194,28.735518483245865,33.314503895250354,757,AVA on VST
ED,NEE,utilities_top50,0.409002627773023,-2.229899827529069,-0.05608616127397264,67.27605334575557,25.16475099627255,757,ED on NEE
ETR,XEL,utilities_top50,0.4094221413607553,-2.2290800293457713,0.5179851287555133,14.538430919284455,62.569576477264576,757,ETR on XEL
NRG,PCG,utilities_top50,0.41290549978606805,-2.222280357833469,0.019894412566965416,31.192425884852923,44.41311432049048,757,NRG on PCG
EIX,LNT,utilities_top50,0.41469040808543706,-2.2188011035787776,0.38330936989906733,29.955631594058712,50.97499568734343,757,EIX on LNT
BKH,SWX,utilities_top50,0.4156917923534231,-2.216850571767436,0.6367635204264771,15.345468961558495,39.82998931148386,757,BKH on SWX
AWK,PNW,utilities_top50,0.4159870621859892,-2.2162756277345,-1.5084710840527398,218.5932012440706,45.72066146589286,757,AWK on PNW
CMS,XEL,utilities_top50,0.41694911125855083,-2.2144029461973074,0.6659015085745532,14.77712566375255,25.381871932480028,757,CMS on XEL
SO,SWX,utilities_top50,0.4172035440387468,-2.213907831841817,-0.17791140401425265,57.31775551329255,38.7973965679336,757,SO on SWX
DUK,MDU,utilities_top50,0.4187553322462883,-2.210889490678253,5.156271745373358,28.068826964081453,23.945454610727417,757,DUK on MDU
FE,NEE,utilities_top50,0.4195050832784858,-2.209432000409563,-0.09404163332278324,35.597974758351796,52.99657591916249,757,FE on NEE
AEE,PNW,utilities_top50,0.4222351555471004,-2.204129283578542,-0.10531543010878297,71.88399922337527,29.435139553783465,757,AEE on PNW
CMS,ED,utilities_top50,0.42259961479001135,-2.203421898795044,0.33131189389819465,28.605160300787716,42.30467113440468,757,CMS on ED
ETR,PNW,utilities_top50,0.42338978435849184,-2.2018886557300434,0.2161075217515909,27.986692918882834,60.47585644154063,757,ETR on PNW
LNT,NJR,utilities_top50,0.42671984990912565,-2.1954330135583193,-0.12461774963941752,47.11785986899423,50.96896410542474,757,LNT on NJR
AES,OGS,utilities_top50,0.42715994655452555,-2.1945805531474014,-0.2828283321001835,34.106480085000484,43.17236374966603,757,AES on OGS
CWEN,LNT,utilities_top50,0.4293802141138018,-2.1902823621931264,0.8591068600411427,-19.47019474746626,56.89992059415659,757,CWEN on LNT
NRG,WTRG,utilities_top50,0.42943215064544027,-2.1901818666723356,0.27840985820597114,21.200536068517007,43.05805967688693,757,NRG on WTRG
CNP,PEG,utilities_top50,0.4298756091675326,-2.189323876247288,0.44517308846110626,-0.013589169985234326,83.17973297947599,757,CNP on PEG
AVA,SWX,utilities_top50,0.4346296850918866,-2.180135365365737,0.18039815565410425,20.915067181526158,41.71182958943487,757,AVA on SWX
CMS,TXNM,utilities_top50,0.43548180919556684,-2.17849018321666,0.6102383406378524,26.097872641612675,32.20514534612255,757,CMS on TXNM
FE,SR,utilities_top50,0.4374245473053344,-2.174741287228237,0.5312578637764555,0.6205425876040531,37.199831225878235,757,FE on SR
DTE,UGI,utilities_top50,0.43829734415592236,-2.1730578996911225,0.8559380922948371,59.266712394199125,53.82900988017362,757,DTE on UGI
OGS,UGI,utilities_top50,0.4401865500693257,-2.1694158734733078,0.3205907405477894,54.66845875460559,28.955581958345203,757,OGS on UGI
WTRG,XEL,utilities_top50,0.441618187616091,-2.166657487072945,0.6412412336543436,2.988635899720318,54.00185642146223,757,WTRG on XEL
AVA,EXC,utilities_top50,0.4428442212781041,-2.164296262425782,0.43432425500874716,20.52724583868273,36.931097432795866,757,AVA on EXC
AES,MDU,utilities_top50,0.44308142024144687,-2.163839545709871,2.5715375115156394,-6.452736431926765,50.280504284954255,757,AES on MDU
ES,LNT,utilities_top50,0.44393747810072537,-2.162191522721336,1.1586955504239087,15.924505598373369,34.34954342478866,757,ES on LNT
NJR,POR,utilities_top50,0.4450648002822865,-2.1600219395497144,0.7074181930718746,4.917289804010174,43.19516611950741,757,NJR on POR
CPK,EXC,utilities_top50,0.4467522190418141,-2.156775783799198,3.7540634900576877,-6.329761464120698,75.21990651415739,757,CPK on EXC
TXNM,WEC,utilities_top50,0.4471328008711011,-2.1560438624228406,0.23252892418114582,21.847664310527264,46.89974123744589,757,TXNM on WEC
OGS,OTTR,utilities_top50,0.4476653673092772,-2.155019782216572,0.07226926336650911,62.029886452370164,29.24183380861767,757,OGS on OTTR
EVRG,SWX,utilities_top50,0.4492194019008468,-2.152032370243519,0.1515389961240487,38.534320209474615,49.25120308801388,757,EVRG on SWX
ED,OGS,utilities_top50,0.4495697320644689,-2.151359084187766,0.56070497657304,27.642520593745402,27.27136919808709,757,ED on OGS
EIX,SWX,utilities_top50,0.450043581506116,-2.150448510993753,0.36328600539862504,24.886302624478713,50.908722286355676,757,EIX on SWX
AEE,MDU,utilities_top50,0.4506016458067153,-2.1493762515651293,3.212523743003201,37.450092737012156,24.127498670601184,757,AEE on MDU
AVA,OTTR,utilities_top50,0.4510895585193524,-2.1484389077142376,0.23576660461858787,21.883324277212797,38.065619491994575,757,AVA on OTTR
BKH,XEL,utilities_top50,0.4523184631559815,-2.14607853572875,-0.07807231233139113,57.328327189680245,34.16142385999715,757,BKH on XEL
LNT,UGI,utilities_top50,0.4523719870384682,-2.1459757481964683,0.007421334156383775,42.90357313601822,58.02757210344696,757,LNT on UGI
ED,ORA,utilities_top50,0.4539257871818,-2.1429924042273467,-0.01662503398782745,65.23665246894687,26.70005384341901,757,ED on ORA
BKH,NFG,utilities_top50,0.4563348124075486,-2.1383691365865496,0.2876752595698573,41.74404810947167,40.36686661796162,757,BKH on NFG
AVA,NJR,utilities_top50,0.45681804411009325,-2.137442043311931,0.35835041983234256,20.21490693972639,29.791097090376997,757,AVA on NJR
NI,WTRG,utilities_top50,0.457826732378018,-2.135507154813194,0.06587630533043641,18.544953004434653,33.70259300324866,757,NI on WTRG
CWEN,DUK,utilities_top50,0.4583781037345977,-2.134449673681528,0.5312225601585204,-20.930304278339943,58.14399924972514,757,CWEN on DUK
IDA,PPL,utilities_top50,0.45982365697927297,-2.131677788008479,2.625552177694575,21.968163138187652,39.00355322239167,757,IDA on PPL
OGE,WEC,utilities_top50,0.46019410693155854,-2.130967566741403,-0.09962437350416875,35.31092686541042,55.01963735235356,757,OGE on WEC
NI,PPL,utilities_top50,0.46051519229180593,-2.1303520270826186,0.48067318531272807,9.89313161706569,37.54093326456335,757,NI on PPL
CPK,DTE,utilities_top50,0.4605483841024587,-2.1302883985420347,1.4080241920328467,-32.6101686967897,53.52192443612846,757,CPK on DTE
PNW,TXNM,utilities_top50,0.4607702974560052,-2.1298630018810627,0.6904697631501682,37.120371098546265,55.25789176110908,757,PNW on TXNM
BKH,NEE,utilities_top50,0.46079342409344254,-2.1298186703021966,-0.06396651033308527,56.83874822766227,34.546942017380985,757,BKH on NEE
AVA,WTRG,utilities_top50,0.4610747323154717,-2.1292794442400114,0.348100806111201,18.849714883014343,39.80549897829537,757,AVA on WTRG
AES,DTE,utilities_top50,0.46194827913459774,-2.1276051613680096,0.33918046232943044,-13.761443982981158,51.28872917083327,757,AES on DTE
AVA,AWR,utilities_top50,0.46198850701543015,-2.12752806496367,0.1998914774064125,17.406614183031447,39.656785569665004,757,AVA on AWR
AEE,SR,utilities_top50,0.46274590697392154,-2.126076615939579,-0.1779411873529364,75.07730033290136,26.355136015832294,757,AEE on SR
EIX,ES,utilities_top50,0.4633892169535299,-2.124843952972602,0.1990051579663407,33.37553764817311,53.63588064562,757,EIX on ES
NI,SO,utilities_top50,0.4657738251767005,-2.120275874015806,0.05890369861087175,18.213314666705315,33.97152579394489,757,NI on SO
AVA,CNP,utilities_top50,0.4660565014115663,-2.1197344772017273,0.3427616098064215,24.482352563427064,32.50850456968946,757,AVA on CNP
ED,NRG,utilities_top50,0.4665899162609884,-2.1187129139742646,-0.0022479962519109417,64.17128987257325,27.199476515086342,757,ED on NRG
AWK,WTRG,utilities_top50,0.46683249132987964,-2.118248375407127,4.597137028733174,-46.89863027272663,58.47206594627006,757,AWK on WTRG
NWE,SRE,utilities_top50,0.46715089516459907,-2.117638646931174,0.7134277330115272,9.373694035101304,34.91925559286699,757,NWE on SRE
AVA,XEL,utilities_top50,0.4673734097246169,-2.117212558209698,0.10217007206914831,26.2641823083479,37.62455071682854,757,AVA on XEL
MDU,WTRG,utilities_top50,0.46773311835450093,-2.116523787166974,0.20688756964033295,1.0167469966731348,51.292170992543426,757,MDU on WTRG
AVA,NFG,utilities_top50,0.46872831316502506,-2.1146183602105917,0.07677043606582501,28.582527563375578,33.52637541592639,757,AVA on NFG
EVRG,OGS,utilities_top50,0.46875964127783176,-2.11455838262293,0.10305960561471247,40.84601317524804,47.78183444148877,757,EVRG on OGS
DUK,NRG,utilities_top50,0.46878258242972864,-2.1145144620038243,1.165156469456943,35.89588969340236,48.385756068895105,757,DUK on NRG
AES,PEG,utilities_top50,0.4688797267416057,-2.11432848157757,0.6687581280225113,-15.693085956057589,56.042799986744534,757,AES on PEG
ED,SWX,utilities_top50,0.4697808539293328,-2.112603404681511,0.48869666467831224,35.03525371101405,24.667209949764455,757,ED on SWX
MDU,NRG,utilities_top50,0.46987960269650075,-2.1124143762774397,0.21939920504675267,1.7244750077373607,53.306407685135945,757,MDU on NRG
NRG,POR,utilities_top50,0.46996776052105754,-2.112245623351919,0.2959014938866918,20.149492476534068,44.77663003766553,757,NRG on POR
FE,OGS,utilities_top50,0.4702664730811564,-2.111673836977643,0.4973643737618389,-2.065953414298543,43.99565166112564,757,FE on OGS
LNT,OGE,utilities_top50,0.4703926355500683,-2.1114323467918608,0.04568962960501787,41.863906795992484,59.92219463920281,757,LNT on OGE
DUK,NFG,utilities_top50,0.4721379958895872,-2.1080918736780827,0.66796114588062,45.8812155892812,54.147820755099914,757,DUK on NFG
BKH,CWEN,utilities_top50,0.4724054458642201,-2.1075800531485727,-0.24352583806957553,57.50186721636535,33.452451235481,757,BKH on CWEN
AEE,PEG,utilities_top50,0.4730352186910668,-2.1063749090168655,0.971080942974519,19.536493991153023,27.00310178957935,757,AEE on PEG
AVA,PEG,utilities_top50,0.4730569094846606,-2.1063334025039997,0.28798056497533653,18.118730558229867,34.58831775236372,757,AVA on PEG
AWR,IDA,utilities_top50,0.47435796323609625,-2.1038439239038813,0.7791722186984632,6.982561476056721,34.43494188520844,757,AWR on IDA
POR,PPL,utilities_top50,0.47486606991533203,-2.1028717769156473,1.4716065554065332,4.2336997917685,54.61169188341082,757,POR on PPL
IDA,NJR,utilities_top50,0.4750308028884008,-2.102556606961188,0.8394685141795072,55.6778686241334,38.05154567032329,757,IDA on NJR
ATO,SRE,utilities_top50,0.47766694848641866,-2.097513649823414,0.8571667134377147,40.025964472069695,16.205537756621904,757,ATO on SRE
TXNM,XEL,utilities_top50,0.47795208738314043,-2.096968235587354,0.30896725607274206,22.640616932386855,52.890728289135026,757,TXNM on XEL
NRG,ORA,utilities_top50,0.479623674297798,-2.0937710134452177,0.0813243449116416,25.87652979981681,43.95298919797369,757,NRG on ORA
AVA,SO,utilities_top50,0.47991045200509186,-2.0932225277628893,0.3098779050529589,17.16171379078568,36.6943595660164,757,AVA on SO
ETR,TXNM,utilities_top50,0.4802035842403787,-2.09266189682402,0.8157503554251126,10.073587458575712,49.37362065967117,757,ETR on TXNM
CWEN,ES,utilities_top50,0.4809355476410485,-2.091262012427545,0.644179873955295,-24.866261547726303,31.701810508321127,757,CWEN on ES
ED,NWE,utilities_top50,0.4821146093231087,-2.089007142090438,0.659611640811107,32.49783317353333,27.546865533003047,757,ED on NWE
ES,EVRG,utilities_top50,0.4836129939185334,-2.0861417232917208,0.781857364844366,28.739305268607158,47.45971442694746,757,ES on EVRG
IDA,VST,utilities_top50,0.4845906230131747,-2.0842722261599236,0.7537235495779305,68.49284526867524,42.06168652805443,757,IDA on VST
FE,IDA,utilities_top50,0.48521739982330114,-2.083073673877135,0.40054914755938115,-2.7525563560112265,59.41167068647161,757,FE on IDA
MDU,NFG,utilities_top50,0.48555754896554215,-2.0824232291344447,0.11307769204369114,4.111198743698419,68.74732887011874,757,MDU on NFG
NJR,PCG,utilities_top50,0.48559099033078496,-2.082359281564796,0.6989498102947093,23.42124002401998,32.20347828891469,757,NJR on PCG
MDU,SO,utilities_top50,0.48672290999422674,-2.0801948020871746,0.1843608890215505,0.0046135157870051575,32.21333521777569,757,MDU on SO
CNP,NRG,utilities_top50,0.4890765242402033,-2.0756941766759067,0.5529159720516004,3.5146920490385187,62.36018232393345,757,CNP on NRG
AVA,NI,utilities_top50,0.49222434487224664,-2.069674604442683,1.261652169626013,5.19216787416283,33.76031782104013,757,AVA on NI
AVA,PCG,utilities_top50,0.49315494386314035,-2.0678949120976116,-0.010823026279804278,31.775504150155,32.09665120634244,757,AVA on PCG
DTE,OGS,utilities_top50,0.4948344484694703,-2.064682817947729,-0.13105540064756138,95.43062490425851,50.15671131505072,757,DTE on OGS
OGE,UGI,utilities_top50,0.49582091164659214,-2.0627960519139665,0.44147493644812014,13.743221177351835,58.5763843823115,757,OGE on UGI
AWK,SWX,utilities_top50,0.4962594837228684,-2.0619571783993864,-1.7136102736954009,223.9884359789195,42.29461034958269,757,AWK on SWX
NWE,WEC,utilities_top50,0.49715388584503084,-2.060246347656328,-0.01098148020017056,48.717020904358144,33.39120986393009,757,NWE on WEC
ETR,NWE,utilities_top50,0.4971784463182378,-2.060199366414457,0.4329533598067704,21.071399100214688,72.25671409524332,757,ETR on NWE
OGS,PCG,utilities_top50,0.49719181547918695,-2.0601737927777877,0.5876803913829162,57.89758484147435,22.80136342321667,757,OGS on PCG
SR,WTRG,utilities_top50,0.49727846840373924,-2.0600080353148194,-0.10386158219965723,59.63421736892328,40.68057863404466,757,SR on WTRG
EVRG,WEC,utilities_top50,0.49822871778582084,-2.0581902447479172,0.3504971330509579,21.828096732798357,57.46340024831503,757,EVRG on WEC
AVA,CWEN,utilities_top50,0.500749450132862,-2.053367502058654,-0.014432030926614865,31.898222778565454,32.076320157296315,757,AVA on CWEN
EVRG,PNW,utilities_top50,0.5014821449524118,-2.0519654804982186,0.10002940760693946,41.14658435889613,47.96198952451812,757,EVRG on PNW
CWEN,SO,utilities_top50,0.5019288784450854,-2.051110599667528,0.7337917286471115,-16.700338858147266,53.11141815908841,757,CWEN on SO
AVA,DTE,utilities_top50,0.5026695621915601,-2.049693120439739,0.16246848173837358,17.524300834998645,33.14245516680287,757,AVA on DTE
FE,ORA,utilities_top50,0.5030666350629771,-2.048933177959606,-0.01132946925341694,31.047794086016605,65.04203415823346,757,FE on ORA
SR,SWX,utilities_top50,0.5040164413297401,-2.047115242450248,0.7557109022115257,10.870621968105311,48.80367094199959,757,SR on SWX
AVA,MDU,utilities_top50,0.5042237544920845,-2.046718416991189,1.6911131590932524,17.065242516783528,22.07611481218244,757,AVA on MDU
SWX,TXNM,utilities_top50,0.5070374035043393,-2.04133169051176,0.37402571621564823,44.92181346467016,45.54926199159295,757,SWX on TXNM
CNP,CPK,utilities_top50,0.5076646505333506,-2.0401305500722895,0.06801636893364361,14.789681686587796,116.57584049555703,757,CNP on CPK
NJR,VST,utilities_top50,0.5081698296920762,-2.039163083784894,1.076694579557243,11.953422521223954,45.97512999611456,757,NJR on VST
BKH,ES,utilities_top50,0.5087474012073211,-2.038056891013364,-0.017480679151544016,54.36938930923059,37.02034550606952,757,BKH on ES
NI,PEG,utilities_top50,0.5094139671246225,-2.0367801316336,0.14170180510142194,14.310961503636875,34.41879969356985,757,NI on PEG
DTE,ORA,utilities_top50,0.5095568987272779,-2.0365063392254448,0.23131056433312566,71.10319219276808,65.80370428649704,757,DTE on ORA
AEE,ORA,utilities_top50,0.509649555773235,-2.0363288468882472,0.12386918228621467,56.68094848790651,37.23892248804559,757,AEE on ORA
AVA,AWK,utilities_top50,0.5097227167395593,-2.036188699095626,0.013397534270338296,30.008848865770144,33.69579144385372,757,AVA on AWK
NEE,SO,utilities_top50,0.510082025581162,-2.035500380284961,1.8099658007223924,-27.974402223651897,65.89170497227879,757,NEE on SO
AEE,CMS,utilities_top50,0.5102855265493551,-2.035110521079256,1.3185434650465384,-0.5742478683432473,44.88282180140494,757,AEE on CMS
AWR,CMS,utilities_top50,0.5103787971047771,-2.0349318327038706,1.4636286952557502,-1.7237828780661708,34.69124305141225,757,AWR on CMS
MDU,NEE,utilities_top50,0.5105457992824859,-2.034611881996486,0.06245478024867726,5.084984468901835,63.62199134210072,757,MDU on NEE
EXC,IDA,utilities_top50,0.5108465387956045,-2.03403568882775,0.35885960418176266,-3.992579702774854,41.6921494074994,757,EXC on IDA
EIX,SR,utilities_top50,0.5109191765362098,-2.0338965163525677,0.39550542368449143,24.417016659923203,53.25191607107261,757,EIX on SR
BKH,NRG,utilities_top50,0.5109926645040879,-2.0337557131462645,0.5701247354476852,35.296087232832676,42.05993694039181,757,BKH on NRG
AVA,NEE,utilities_top50,0.5115839838868794,-2.0326226797743074,0.02193575050897798,30.40236416902795,33.11530176114824,757,AVA on NEE
ES,PEG,utilities_top50,0.5118707177657352,-2.0320732248244675,0.6602428785163007,34.90479760737471,39.07796228281288,757,ES on PEG
PEG,SO,utilities_top50,0.5122600847936672,-2.0313270549533313,0.6213071153966935,17.929275817788657,48.42862951087572,757,PEG on SO
CNP,OTTR,utilities_top50,0.5129723653560028,-2.0299619316254636,0.33733651095286865,6.928761391794941,97.05414507596035,757,CNP on OTTR
ED,MDU,utilities_top50,0.5151790667769135,-2.0257315332967294,0.8027284637394995,57.18031946058877,28.221841551371774,757,ED on MDU
NRG,TXNM,utilities_top50,0.5168846697621605,-2.022460525920931,0.46324715236217395,13.408492348605757,42.79549931860966,757,NRG on TXNM
ED,EVRG,utilities_top50,0.5170056089784875,-2.0222285451801714,0.5265390041440509,39.06520075287251,35.21796618883564,757,ED on EVRG
NEE,SR,utilities_top50,0.5180060573457945,-2.020309297890939,-0.9714478503794995,110.83998232561684,44.65353130346108,757,NEE on SR
PNW,PPL,utilities_top50,0.5182855266903031,-2.0197730938301395,1.2833473986362887,34.422683214970995,67.94141187463373,757,PNW on PPL
NRG,VST,utilities_top50,0.5219250352783709,-2.0127870511997368,0.5296557130327469,21.624057607601795,52.832291574696875,757,NRG on VST
ED,ES,utilities_top50,0.5246713038988934,-2.0075115099718674,0.09194738392418236,58.03997144362097,32.339419380348936,757,ED on ES
EVRG,XEL,utilities_top50,0.5281360790869125,-2.0008502437977937,0.4073513124834049,26.096660453387265,56.60513187668731,757,EVRG on XEL
AVA,CPK,utilities_top50,0.5292698612534056,-1.9986690536315728,0.07435923875253199,24.96981211524176,35.74011310600973,757,AVA on CPK
AVA,D,utilities_top50,0.5292960759539903,-1.998618612740007,0.21481056099039147,18.990430747062696,46.118157021165324,757,AVA on D
AWR,CPK,utilities_top50,0.5298863123389183,-1.9974828079832807,0.29346798277402647,44.8853802621167,38.549284281572476,757,AWR on CPK
BKH,PCG,utilities_top50,0.53131539997185,-1.9947319432046773,0.4921072903467654,47.251451114410834,31.634242794743162,757,BKH on PCG
AVA,LNT,utilities_top50,0.5316891432965363,-1.9940123210951044,0.28448458993670256,19.370710752173384,39.27451934887689,757,AVA on LNT
DUK,EVRG,utilities_top50,0.5317661731459095,-1.9938639939245641,1.267664440976811,12.247128592283076,65.70168948914244,757,DUK on EVRG
AVA,DUK,utilities_top50,0.5329332511305896,-1.9916162487946114,0.18384820542338023,18.311451726040946,38.833500040676725,757,AVA on DUK
AVA,IDA,utilities_top50,0.5337992543237828,-1.9899478162373667,0.33613597265004025,3.9291280204830112,36.23295166810723,757,AVA on IDA
POR,WEC,utilities_top50,0.5367054203317548,-1.9843453060181522,0.05923707218837276,33.78793742934791,57.47392085192622,757,POR on WEC
FE,SWX,utilities_top50,0.5368239866782268,-1.9841166152094398,0.4408532408724984,4.053754217308678,50.169709564681526,757,FE on SWX
EVRG,SR,utilities_top50,0.5369277024871227,-1.9839165603381799,0.23257438313163548,34.565600555093816,56.6110798785174,757,EVRG on SR
FE,XEL,utilities_top50,0.540037539484295,-1.9779146196660329,-0.15505237436780972,38.43844268435692,47.0270806042742,757,FE on XEL
AVA,CMS,utilities_top50,0.5408057892466621,-1.9764308514401614,0.3396913168346801,14.713247904462069,45.14336924124341,757,AVA on CMS
DTE,PCG,utilities_top50,0.5408385811942304,-1.976367508762445,-0.19323244573514006,89.25166787474333,59.320274323628304,757,DTE on PCG
LNT,PEG,utilities_top50,0.5426982928781574,-1.972773886769312,0.7563539388766527,7.619607855613943,53.21961045606582,757,LNT on PEG
EXC,NRG,utilities_top50,0.5430937085424307,-1.9720094684739586,0.5721486849161266,7.611512247162833,49.32771769381287,757,EXC on NRG
ED,PCG,utilities_top50,0.5443969113845694,-1.9694892637084511,0.22206939332171063,61.408528196264086,25.92843713804779,757,ED on PCG
PEG,UGI,utilities_top50,0.5448082204129578,-1.9686935773445169,0.4239215175632865,33.27644291772896,50.12086221945894,757,PEG on UGI
ED,SRE,utilities_top50,0.545287866031941,-1.967765523747742,0.6295912769844695,30.09173623012452,27.193734170526,757,ED on SRE
CNP,D,utilities_top50,0.5467784160902809,-1.964880322644036,-0.18903160743759176,32.030137083199925,60.49362081844858,757,CNP on D
NJR,OGE,utilities_top50,0.5470211160132311,-1.9644103670431516,1.0581308820988231,2.2661436713163026,40.74039091229409,757,NJR on OGE
EVRG,POR,utilities_top50,0.5476318322867977,-1.9632275832324735,0.7378411541742007,19.409808247394686,44.754620934322766,757,EVRG on POR
BKH,ORA,utilities_top50,0.5478964640777485,-1.9627149708212646,0.03028820024378072,51.147501510245064,39.54567978362036,757,BKH on ORA
EVRG,OGE,utilities_top50,0.5500351836953756,-1.9585699397682914,0.5229213050423833,32.90502820522363,43.679594582671776,757,EVRG on OGE
DUK,NEE,utilities_top50,0.5502406307814945,-1.9581715590031337,0.506607419999498,43.838398622101856,40.906465129632835,757,DUK on NEE
ED,XEL,utilities_top50,0.5507335996088156,-1.9572154976720988,0.07176749765549646,60.321462761467004,29.97861423249618,757,ED on XEL
IDA,PCG,utilities_top50,0.5510092999189388,-1.9566807133142818,0.01396758940488338,82.28293489352615,40.35265105819332,757,IDA on PCG
IDA,MDU,utilities_top50,0.5530740400122549,-1.9526735304617384,4.058589107060082,47.463236518384676,26.509721579752174,757,IDA on MDU
AWR,ETR,utilities_top50,0.553887959509852,-1.9510928439386603,1.3332696452243527,15.476775793791838,29.736856110489814,757,AWR on ETR
NRG,OGE,utilities_top50,0.5557857109406866,-1.9474049009656254,0.4081711306768283,20.004559712213364,48.6542413400221,757,NRG on OGE
CNP,POR,utilities_top50,0.5562418199707112,-1.9465180287954607,0.473012345604428,2.856657522085551,81.53904519403564,757,CNP on POR
NWE,WTRG,utilities_top50,0.5571490297472628,-1.9447534307386025,0.19645143037999646,40.690562660165675,41.917817559921595,757,NWE on WTRG
AES,LNT,utilities_top50,0.5573312484182117,-1.9443989045799879,0.5686024307059573,-8.814910980411938,79.04376837500095,757,AES on LNT
FE,SRE,utilities_top50,0.5573754246668495,-1.9443129500509668,0.5046428771067631,3.014124577411567,64.8620888101776,757,FE on SRE
NJR,SWX,utilities_top50,0.560801724297749,-1.9376404591041558,0.5103912148631259,1.5387937717812916,54.825307914810125,757,NJR on SWX
AES,SO,utilities_top50,0.5621264282005471,-1.9350575002712067,0.5308190187932276,-9.092140063600512,54.93798360730169,757,AES on SO
LNT,NI,utilities_top50,0.5632602404504982,-1.9328452972770502,0.542961846471936,31.759363609047593,82.82467945439491,757,LNT on NI
BKH,WEC,utilities_top50,0.5640551405236641,-1.9312935411992467,0.02961195749922952,51.04427197194841,40.102353894297806,757,BKH on WEC
OGE,PCG,utilities_top50,0.5650920893796941,-1.9292682528072234,0.3753974161194111,23.44975147838485,57.28202802315471,757,OGE on PCG
PEG,WTRG,utilities_top50,0.5655620324478094,-1.9283500122119626,0.720630656935236,20.479881175121573,58.45636448686581,757,PEG on WTRG
AWR,LNT,utilities_top50,0.5668115463757154,-1.9259073565126323,1.2464990753309315,17.449058290719822,30.849184734907375,757,AWR on LNT
AWR,EXC,utilities_top50,0.5669068803469484,-1.9257209185591453,1.2293752951899763,39.75972923812288,40.970296555461246,757,AWR on EXC
OGS,TXNM,utilities_top50,0.5690162696287109,-1.921593116610345,0.34975434632630825,51.41284238600616,33.8711953223083,757,OGS on TXNM
DUK,EXC,utilities_top50,0.5715560062897623,-1.9166163913613936,1.7340558450063122,28.135703207343703,73.39401590055121,757,DUK on EXC
AEE,PPL,utilities_top50,0.5728462096777789,-1.914085264407054,1.3023966601365597,35.142261765667385,49.764086028071425,757,AEE on PPL
DTE,SO,utilities_top50,0.574679979885609,-1.9104842997098568,1.308341981779708,25.761927267882555,46.881678796162774,757,DTE on SO
BKH,CPK,utilities_top50,0.5765158899746535,-1.906874969540058,0.08544221377015764,45.5478660823201,43.88868325793305,757,BKH on CPK
CNP,VST,utilities_top50,0.5766491326287992,-1.9066128547326266,0.8643311826395734,4.886896500442116,56.1221913319017,757,CNP on VST
NRG,SR,utilities_top50,0.5782832462024138,-1.9033963871709407,0.10219289309578124,25.72952703319186,49.254384045927445,757,NRG on SR
AWK,SR,utilities_top50,0.5801892121928218,-1.8996404584851123,-1.7155574107735327,217.82780399448293,42.057011483929095,757,AWK on SR
CWEN,XEL,utilities_top50,0.5804225832442425,-1.8991802454014137,0.7621764483526257,-22.54056051960289,51.5662229117237,757,CWEN on XEL
AES,TXNM,utilities_top50,0.5812748963836497,-1.8974988486443787,0.6940462622473953,-11.289140830796812,81.72513993378514,757,AES on TXNM
ED,WTRG,utilities_top50,0.5816437467623259,-1.8967708993557317,0.26670470665905693,54.29778930916068,33.07223222082381,757,ED on WTRG
IDA,NI,utilities_top50,0.582655763512574,-1.8947726774098737,3.2212449024011063,14.914793457658828,40.44751695975858,757,IDA on NI
ED,SO,utilities_top50,0.5829890261764966,-1.8941143471678121,0.24427841987797463,52.683927447110044,33.9999965381229,757,ED on SO
AES,CPK,utilities_top50,0.5830192528594518,-1.8940546295797467,0.20959179852620446,-3.096521580010787,58.46837795514361,757,AES on CPK
DTE,VST,utilities_top50,0.584131996927862,-1.8918553533665101,-0.06394075001016057,88.09337420897194,60.03356286781641,757,DTE on VST
OGE,OGS,utilities_top50,0.584640063451842,-1.8908506184849954,0.4242981201292804,0.41194010820542165,42.90048519329673,757,OGE on OGS
AVA,EVRG,utilities_top50,0.5847983453146673,-1.890537532213375,0.4690793252045544,9.340916149911335,34.54789567685894,757,AVA on EVRG
NJR,WEC,utilities_top50,0.5848773639701039,-1.890381217837005,-0.2928619012874004,53.3843029632707,28.30690748512654,757,NJR on WEC
ED,ETR,utilities_top50,0.5856883103249829,-1.8887765006131585,0.7153146265986718,34.18994649402137,30.26953607140095,757,ED on ETR
SO,SR,utilities_top50,0.5860480347295628,-1.8880643736204863,-0.015549705724201796,47.60435794172196,54.03848746336274,757,SO on SR
ES,ETR,utilities_top50,0.5874079516411937,-1.8853705540081271,1.0136962793251194,23.526964951205414,44.281925892121215,757,ES on ETR
NRG,SWX,utilities_top50,0.5879284184511562,-1.8843388735026338,0.07838395224368337,26.771693610144805,49.02056428138227,757,NRG on SWX
NRG,PNW,utilities_top50,0.5909264577264679,-1.8783883754335553,0.04365313141585809,28.640377700800244,48.00661253658302,757,NRG on PNW
AWR,PPL,utilities_top50,0.5927474790227412,-1.8747674653338795,1.7595523729538658,30.692765647246773,51.85122198999357,757,AWR on PPL
CNP,DTE,utilities_top50,0.5929584544414686,-1.8743476366217262,0.20992182067739856,2.6507047896078904,106.79208465518812,757,CNP on DTE
ED,LNT,utilities_top50,0.5944798445544519,-1.871318127634885,0.29394320047794575,51.418963908233906,34.13211680242512,757,ED on LNT
NRG,SRE,utilities_top50,0.5946752139112096,-1.870928832738846,0.22448849203064933,19.30731430152187,51.29374738574241,757,NRG on SRE
DUK,OGS,utilities_top50,0.596028791901464,-1.8682300337730284,-0.3557033064189139,95.64946106996705,33.65996513536388,757,DUK on OGS
AEE,CNP,utilities_top50,0.596535806636563,-1.8672183883856253,0.2021291213048214,60.921748615733904,36.88063471683291,757,AEE on CNP
IDA,NEE,utilities_top50,0.5992918413267805,-1.861712044896492,0.18096658803031482,72.20648886687157,41.84348423773654,757,IDA on NEE
SO,UGI,utilities_top50,0.5993860718771545,-1.8615235609241991,-0.001033461401846146,46.76979954555861,55.71666734739188,757,SO on UGI
CNP,ES,utilities_top50,0.5996829849423424,-1.8609295671223505,-0.1535669911800228,31.01710708758339,63.692479092516294,757,CNP on ES
FE,NJR,utilities_top50,0.6003849513237004,-1.8595246584843335,0.47416017217858547,15.150545317343845,61.53643068709392,757,FE on NJR
BKH,OGS,utilities_top50,0.600424129470788,-1.859446223640142,0.6832518040520451,8.79082594923768,55.189844428445326,757,BKH on OGS
AEE,OGE,utilities_top50,0.6007967227591117,-1.8587001622768056,-0.056468566169319445,66.72635718854943,34.53936388518945,757,AEE on OGE
FE,PPL,utilities_top50,0.6009371964714031,-1.85841882491087,1.1006834216140253,4.917495951201805,77.10708891173621,757,FE on PPL
OGE,ORA,utilities_top50,0.6026380134366485,-1.855009836381854,-0.022874321400152817,29.56366567616255,77.81008986688926,757,OGE on ORA
NWE,PEG,utilities_top50,0.603008903265778,-1.8542658018284532,0.3808909243777055,30.021928926925785,47.60786330044008,757,NWE on PEG
CNP,PCG,utilities_top50,0.603749902021449,-1.852778594238461,0.38280160560900506,16.25421161184887,79.13015071579416,757,CNP on PCG
CNP,MDU,utilities_top50,0.6038172341600477,-1.852643409773445,1.2266193643355066,10.320168694049146,122.96001726424632,757,CNP on MDU
AVA,ES,utilities_top50,0.6056487719355051,-1.848963168627498,0.10687367384907524,24.59978583154163,40.25060479576399,757,AVA on ES
IDA,ORA,utilities_top50,0.6056887141752527,-1.8488828445483523,0.09356837421915568,76.05852770859994,42.571462163285474,757,IDA on ORA
DUK,OTTR,utilities_top50,0.6057082284892812,-1.8488436001286233,0.7385106768955392,41.945868715845236,60.33319732263381,757,DUK on OTTR
CNP,WEC,utilities_top50,0.6059052898339256,-1.8484472607804185,-0.12948044868469635,30.395948453921868,70.01793948545814,757,CNP on WEC
UGI,VST,utilities_top50,0.6059218576765821,-1.8484139356156042,1.282279718692349,8.546310903892264,79.85254047917745,757,UGI on VST
AEE,UGI,utilities_top50,0.6074960035818602,-1.8452454237178697,0.03695065875573995,63.95188466560388,35.72546052579903,757,AEE on UGI
MDU,TXNM,utilities_top50,0.6080464586192933,-1.8441363998422262,0.2696619654385013,-1.8716594636210346,48.98539874896277,757,MDU on TXNM
OGE,OTTR,utilities_top50,0.6084442973687725,-1.8433345187339083,0.2780351860630484,16.489676399285074,95.23385827026388,757,OGE on OTTR
PEG,PPL,utilities_top50,0.6085876486735858,-1.8430455107566748,1.5488627643812556,11.28623818480052,67.7709799797342,757,PEG on PPL
NWE,PPL,utilities_top50,0.6086455799058852,-1.8429287060950341,1.6318126502391932,10.319610080489657,49.802014122635406,757,NWE on PPL
MDU,PCG,utilities_top50,0.6088769610136173,-1.8424621200275495,-0.05722899683451291,9.314756903095562,67.0203615994118,757,MDU on PCG
ED,PEG,utilities_top50,0.6099693240786863,-1.8402580249270484,0.3406610307814755,48.100818131009106,30.84743286715714,757,ED on PEG
CNP,XEL,utilities_top50,0.6102110322622047,-1.8397700276776912,-0.16302593552086847,29.479523891711626,72.44055520583228,757,CNP on XEL
CNP,ORA,utilities_top50,0.6117392393082011,-1.8366821516932257,-0.030017177855043868,22.94597231660041,108.20922077595176,757,CNP on ORA
CNP,PPL,utilities_top50,0.6117590883518166,-1.8366420164035764,1.0842995470284085,-4.083867482599405,72.569828760493,757,CNP on PPL
MDU,UGI,utilities_top50,0.6124383839846771,-1.8352680179922467,0.10572417962821634,5.206629721762321,77.20837181298899,757,MDU on UGI
AEE,NJR,utilities_top50,0.6124614454242876,-1.835221356851247,-0.1421232900756083,69.67814787381676,32.28682119423462,757,AEE on NJR
OGS,PPL,utilities_top50,0.6140033049523211,-1.8320993684736144,1.1088735208544267,39.477103163782914,37.263811635597484,757,OGS on PPL
AWK,OTTR,utilities_top50,0.6143138482660799,-1.8314700267069293,1.3280131530209496,67.08989524095911,130.52776716715002,757,AWK on OTTR
AWK,NFG,utilities_top50,0.6145770872246025,-1.8309364064091167,1.0493039419033297,80.22246056456092,130.00220105940613,757,AWK on NFG
SR,UGI,utilities_top50,0.6160857572893506,-1.8278755529377633,0.6230286689991746,35.696090979690176,41.715953583057036,757,SR on UGI
AES,ES,utilities_top50,0.6163105890056494,-1.8274190263830805,0.32570234607742143,-5.752029102286184,88.0059653076447,757,AES on ES
IDA,SO,utilities_top50,0.6171587905437177,-1.8256958401260097,0.8387671533956751,43.25128362462369,49.277358755560975,757,IDA on SO
AES,NRG,utilities_top50,0.6177690007162212,-1.8244552752015644,0.5955328749409544,-3.003300419851038,90.41783808208342,757,AES on NRG
AVA,WEC,utilities_top50,0.6190561991944742,-1.8218359580928019,0.1290494604866488,22.17480827588516,43.492595886086974,757,AVA on WEC
CNP,SO,utilities_top50,0.6192068006557542,-1.8215292829818779,0.06021008210750841,18.08082846755843,128.39590454897044,757,CNP on SO
CNP,WTRG,utilities_top50,0.6202126650338653,-1.8194798330153248,0.014234090122596688,20.371652730588075,121.04662733545595,757,CNP on WTRG
AEE,FE,utilities_top50,0.6218639316439487,-1.8161109122993693,0.01690006380066681,64.63357650841482,35.898625892216984,757,AEE on FE
AES,WTRG,utilities_top50,0.6221116503716977,-1.8156050326165836,0.6178793986081285,-6.9939612450135815,72.28000168368068,757,AES on WTRG
NWE,SO,utilities_top50,0.6225877526619475,-1.8146324021446552,0.2238361139141335,37.44991386698683,44.23371800701054,757,NWE on SO
CNP,LNT,utilities_top50,0.6229351848071982,-1.8139223352215315,0.08050661534278852,17.421515810661738,129.49742145789824,757,CNP on LNT
MDU,ORA,utilities_top50,0.6247454922581352,-1.8102184178768261,0.03949764614068793,5.922020979711359,76.06385055830002,757,MDU on ORA
LNT,NWE,utilities_top50,0.6252129064054437,-1.8092609575693848,0.127881206825283,37.01630063774088,79.10712654989302,757,LNT on NWE
DTE,FE,utilities_top50,0.6264164711549592,-1.8067934058930009,0.29709309935079364,77.91506735386476,69.44058653141983,757,DTE on FE
CWEN,SWX,utilities_top50,0.626638565415844,-1.8063377277575972,-0.5067953627467896,47.73626127812337,45.325909786915915,757,CWEN on SWX
AES,AWK,utilities_top50,0.6271723607101314,-1.8052420865154726,0.13170582349447318,-0.36101576343573427,74.02840168635522,757,AES on AWK
OGS,POR,utilities_top50,0.6289571557284617,-1.8015742012507432,0.878690149151179,31.51333820945827,32.55551353031822,757,OGS on POR
NRG,NWE,utilities_top50,0.6290086837290902,-1.8014682036346938,0.22278733581213708,20.75958994281045,52.63234154988514,757,NRG on NWE
AES,SWX,utilities_top50,0.6298802728589318,-1.7996743784638196,-0.24823638901127032,30.48037272069279,59.98332438107495,757,AES on SWX
ES,TXNM,utilities_top50,0.629903146355876,-1.7996272796251784,0.7786727928232724,35.61595945935832,43.490367426808554,757,ES on TXNM
BKH,TXNM,utilities_top50,0.633465045114785,-1.792278609427594,1.0156015007714232,13.699750373220022,52.02740699667583,757,BKH on TXNM
LNT,VST,utilities_top50,0.634627920021843,-1.7898731733201108,-0.6389309948584295,54.9766326141953,36.79191256308203,757,LNT on VST
CNP,EXC,utilities_top50,0.6348480000900404,-1.7894175794732678,0.8927457691513142,-1.9560722407977642,71.41722849934962,757,CNP on EXC
ED,WEC,utilities_top50,0.6352568764734071,-1.7885708535250475,0.1785815993681108,50.99652915340918,38.5479104762496,757,ED on WEC
EVRG,TXNM,utilities_top50,0.6357141970692524,-1.787623343315117,0.700768909224657,20.27998118171539,51.822722596300785,757,EVRG on TXNM
NI,SRE,utilities_top50,0.6366512459370187,-1.7856803612727192,0.2086914879658776,9.69328893896744,38.60751797587922,757,NI on SRE
OGE,WTRG,utilities_top50,0.6369287005235418,-1.7851046577741942,0.02339228874131326,27.140819969319995,87.20739702491477,757,OGE on WTRG
CNP,DUK,utilities_top50,0.6376913374697326,-1.7835212839657864,0.14597797051604927,10.308370727824926,138.1694851290039,757,CNP on DUK
AEE,VST,utilities_top50,0.6377561247009993,-1.7833867098965397,-0.9109123642946807,82.01585025874364,22.421896715350385,757,AEE on VST
CNP,TXNM,utilities_top50,0.6379950487085319,-1.782890337391617,0.49597396742387634,1.5963113594775116,94.32301014645752,757,CNP on TXNM
AWR,D,utilities_top50,0.638102813393239,-1.782666407952613,1.1968728143484801,0.722760402014855,65.68384078029653,757,AWR on D
CNP,NEE,utilities_top50,0.6386369535052587,-1.7815560806362911,-0.03926076182496984,23.117656075739493,114.12249268589356,757,CNP on NEE
NFG,NRG,utilities_top50,0.6395234188134563,-1.7797118486507764,1.0552703769529608,6.711218937339096,56.62028341850154,757,NFG on NRG
FE,UGI,utilities_top50,0.640394354385319,-1.7778980655958805,0.2734115834259194,21.443825016236673,63.548601967375745,757,FE on UGI
NJR,PPL,utilities_top50,0.6413554103981545,-1.7758944437719402,1.1236982218781888,6.008140946484085,72.77034008769631,757,NJR on PPL
PNW,POR,utilities_top50,0.6416043953801236,-1.7753749853256247,0.7228407168245308,36.42149167008652,61.85106039870765,757,PNW on POR
OGE,SO,utilities_top50,0.6449089787764891,-1.7684659457229628,0.03638340728006666,26.300182529296585,90.4943618274092,757,OGE on SO
EVRG,NI,utilities_top50,0.6463188541820977,-1.765509827115848,1.5411682411373795,15.23460671612507,60.99790029408911,757,EVRG on NI
CPK,WTRG,utilities_top50,0.6466511331573827,-1.7648123848284853,2.6724825776217074,-8.468142768801073,89.67564587007581,757,CPK on WTRG
BKH,EXC,utilities_top50,0.64692326211629,-1.7642409823755845,1.1548741513602578,23.656764278387783,51.17142335016014,757,BKH on EXC
NFG,PEG,utilities_top50,0.6472520011054397,-1.7635504565592104,0.8478233655519398,0.06249104073525376,80.41638106535731,757,NFG on PEG
BKH,PEG,utilities_top50,0.6479910898426474,-1.7619969501517028,0.5932786617848272,25.35267257539138,52.42789071050576,757,BKH on PEG
AVA,PNW,utilities_top50,0.6493206612116791,-1.7591986840643277,0.25568301191078335,15.283963310732354,38.90192575883022,757,AVA on PNW
UGI,WEC,utilities_top50,0.6494575199713197,-1.7589103806971234,-0.31889350560516105,55.69491948108873,58.77513464409307,757,UGI on WEC
NJR,TXNM,utilities_top50,0.6506247388324795,-1.7564495180491724,0.5315996304669203,11.209728796405281,70.04276712461893,757,NJR on TXNM
CNP,EVRG,utilities_top50,0.6523027283416452,-1.7529053755698543,0.2604389211614094,8.51170518541202,139.19040288651075,757,CNP on EVRG
BKH,IDA,utilities_top50,0.65231453961014,-1.752880401515498,0.6531522866650232,-0.6367217895263088,36.37537143638471,757,BKH on IDA
BKH,SRE,utilities_top50,0.6529247233499521,-1.7515896953080028,0.8740039704148166,6.005728952679126,40.09944331166123,757,BKH on SRE
NJR,NRG,utilities_top50,0.6531181609752058,-1.7511803090148885,0.5755823720521716,13.80182994489225,60.72353626204884,757,NJR on NRG
AEE,IDA,utilities_top50,0.6539415710273659,-1.749436515186993,0.48549213544941766,25.11527848695709,55.3941982349482,757,AEE on IDA
IDA,POR,utilities_top50,0.654405753877534,-1.7484526574397021,1.3818684906725374,29.755146978911064,35.36378241870089,757,IDA on POR
BKH,D,utilities_top50,0.6558242010753655,-1.7454424761816936,0.17529630088242945,42.89096344199158,48.014225872241234,757,BKH on D
ES,SRE,utilities_top50,0.6558535143392117,-1.7453802091889492,0.7134041504908982,27.378145453936114,46.87057871518903,757,ES on SRE
OGE,PEG,utilities_top50,0.656029124520549,-1.7450071289161138,0.2566824466422052,15.9450216004663,117.5967148824913,757,OGE on PEG
CNP,EIX,utilities_top50,0.6562115563619239,-1.7446194642595705,0.34675908137858646,4.773017409163829,100.67187607705621,757,CNP on EIX
CNP,CWEN,utilities_top50,0.6563923869498257,-1.7442351096681783,-0.08978101157710418,22.47448103619016,116.522987533655,757,CNP on CWEN
DTE,SWX,utilities_top50,0.6577707327611608,-1.741302397902615,0.15315986971129705,77.79992593048026,72.66104049005705,757,DTE on SWX
NJR,PNW,utilities_top50,0.6579595093070978,-1.7409003161406162,0.47813393951490946,1.300200052761783,77.62997922353819,757,NJR on PNW
EXC,PEG,utilities_top50,0.6583826672078814,-1.7399986465529775,0.5505401723501923,-0.26098595260066193,65.64225730241505,757,EXC on PEG
AWK,EXC,utilities_top50,0.6604299257715895,-1.735629026828144,2.986381069917388,45.63095097121223,153.9763429406476,757,AWK on EXC
OGE,PPL,utilities_top50,0.6607897166536236,-1.7348598377448798,1.215743286034984,-0.00611898107655024,76.41436920945938,757,OGE on PPL
AVA,OGS,utilities_top50,0.661155101225096,-1.7340783014151135,0.28049803542775154,13.405781868730157,44.14689343176344,757,AVA on OGS
EIX,NWE,utilities_top50,0.6622321908908815,-1.7317721786638853,0.6376080864080783,15.94426434065846,48.76197298880467,757,EIX on NWE
POR,SWX,utilities_top50,0.6642113292925282,-1.7275257011180243,0.4541437947855539,11.124349173796979,64.49037870822002,757,POR on SWX
FE,VST,utilities_top50,0.666229819869036,-1.7231825960982385,0.7701824927836048,16.009381225735307,55.98977455602563,757,FE on VST
DTE,WTRG,utilities_top50,0.6669643478488149,-1.7215990443063,1.542310403176247,30.22091841176394,55.82494845588852,757,DTE on WTRG
MDU,OTTR,utilities_top50,0.6671154171115257,-1.7212731509489705,0.11712686722121803,3.771812031943295,81.1250530710193,757,MDU on OTTR
CNP,OGE,utilities_top50,0.6679200154531613,-1.7195362420134506,0.8352175942211665,-2.4917721308993444,61.08005462093171,757,CNP on OGE
FE,WEC,utilities_top50,0.6680061101605341,-1.7193502675812478,-0.006007779484568543,30.714469950034207,65.54828409240913,757,FE on WEC
CPK,OTTR,utilities_top50,0.6685102292431466,-1.7182608475409855,1.6680648174259867,20.700459105672174,90.74222152489597,757,CPK on OTTR
DTE,SR,utilities_top50,0.6719779889831237,-1.710745108684975,0.19582006974115726,75.97911427666186,75.5204859458006,757,DTE on SR
CNP,NWE,utilities_top50,0.6722077240574333,-1.7102458400806897,0.4172464399441752,0.9040491719985064,96.43388884782411,757,CNP on NWE
AES,CWEN,utilities_top50,0.6726722885091904,-1.7092357093084674,0.573517022714918,5.6257189176530575,95.92701118487547,757,AES on CWEN
BKH,DUK,utilities_top50,0.6745150419528367,-1.7052219612438364,0.23154283169130457,36.4254539724275,50.627330602677084,757,BKH on DUK
PNW,SRE,utilities_top50,0.6745578160271055,-1.705128661471699,0.614635209403156,30.78578879588739,58.83458701220642,757,PNW on SRE
CNP,FE,utilities_top50,0.6769520573957257,-1.6998965863527544,0.32864710924289575,10.945492565047836,126.36553159065106,757,CNP on FE
BKH,MDU,utilities_top50,0.6776507312488078,-1.698366166515572,2.326594097601722,33.15963469850065,47.8433125470397,757,BKH on MDU
NFG,OTTR,utilities_top50,0.678478365205709,-1.6965511210091175,0.6578944109378903,12.644676846049714,62.4541221054846,757,NFG on OTTR
AWR,DUK,utilities_top50,0.679102952940893,-1.6951798183358575,0.660634154070473,23.317253560273816,38.51500697842654,757,AWR on DUK
AES,NFG,utilities_top50,0.6796959171391439,-1.6938767065065414,0.31262622497563086,3.2482312083141136,129.34782327740604,757,AES on NFG
DTE,NI,utilities_top50,0.6805866505061025,-1.691916927343028,2.197289978282924,40.840193520376175,103.12225795601948,757,DTE on NI
EIX,PNW,utilities_top50,0.6811936784716578,-1.6905797729214485,0.3383522952319858,24.84276357280458,69.7188323133544,757,EIX on PNW
CNP,ETR,utilities_top50,0.6816465258072704,-1.6895814071640076,0.17886350304544146,13.415705112086092,157.3598273883773,757,CNP on ETR
BKH,OTTR,utilities_top50,0.6857568450367539,-1.6804863663841685,0.5270678454401235,31.3960218196754,46.69860396115837,757,BKH on OTTR
CWEN,WEC,utilities_top50,0.686384767456993,-1.679091586378004,0.4930596312782572,-18.585646760278355,56.560116021444536,757,CWEN on WEC
NWE,TXNM,utilities_top50,0.6866620879255209,-1.6784751267210987,0.8177178254870409,16.093525991282277,48.66877316599641,757,NWE on TXNM
NJR,PEG,utilities_top50,0.6866694429084855,-1.6784587733911436,0.38553637402083085,13.786989813478844,70.9531074188036,757,NJR on PEG
AWK,SO,utilities_top50,0.6882080124676807,-1.675033486829648,3.5139785884576287,-42.15981715353553,72.08784482573238,757,AWK on SO
BKH,EVRG,utilities_top50,0.6894327265310213,-1.6723006541363996,0.7681237545507468,16.695069274493143,50.55845640812858,757,BKH on EVRG
DTE,LNT,utilities_top50,0.6907903229534226,-1.669264728711384,1.59182897093556,18.232486494487723,50.67763691610571,757,DTE on LNT
DTE,NJR,utilities_top50,0.692235947604086,-1.6660242581494404,0.7792496149528053,62.05540963400308,78.48713418809886,757,DTE on NJR
NJR,WTRG,utilities_top50,0.6925236821310125,-1.6653783256724939,-0.13671533943568043,36.919483745119216,52.932939001128915,757,NJR on WTRG
DTE,IDA,utilities_top50,0.6946222346373604,-1.6606576106260242,0.9941464656728796,4.939529065173505,42.242543755743704,757,DTE on IDA
CWEN,DTE,utilities_top50,0.6947879972910034,-1.6602839939281226,0.3390203240732216,-11.869506667872345,144.2824889900043,757,CWEN on DTE
UGI,XEL,utilities_top50,0.6954051294608269,-1.6588920739617168,-0.3712967634985815,51.84681475281263,67.78066061455502,757,UGI on XEL
CWEN,PEG,utilities_top50,0.6959782439800272,-1.657598087873698,0.7139124725504773,-15.935827899703602,111.21213485471638,757,CWEN on PEG
AEE,NWE,utilities_top50,0.6981240982417225,-1.6527415216131092,0.09168580638012509,60.752424492669604,40.54555251547429,757,AEE on NWE
DTE,EVRG,utilities_top50,0.7002612578440255,-1.6478861389849122,1.387766219642756,20.924830877897485,56.9638975207547,757,DTE on EVRG
FE,NRG,utilities_top50,0.703326293709025,-1.6408898273626982,0.23235029163969947,22.970019998296845,72.02674816818859,757,FE on NRG
NJR,ORA,utilities_top50,0.7035377134022762,-1.6404057850148106,-0.03458368747661136,34.257636465462966,57.14850345262403,757,NJR on ORA
CPK,PEG,utilities_top50,0.7036850809826336,-1.640068277173546,2.8550535915749755,-44.33313423058259,40.35769731164433,757,CPK on PEG
NI,TXNM,utilities_top50,0.7042635825319787,-1.6387424760162956,0.22618371728943742,12.165375127047328,38.44280524488292,757,NI on TXNM
POR,SO,utilities_top50,0.7057332443127534,-1.635367900150374,0.3206620898575566,23.14808152872733,72.39398909125016,757,POR on SO
AEE,NI,utilities_top50,0.7058148545722188,-1.6351802381229295,0.5955146811975943,52.65948536031077,46.54457254603139,757,AEE on NI
CNP,SWX,utilities_top50,0.7073181700297468,-1.6317182148073102,0.3490629493879069,0.13421390172508454,76.3884250552407,757,CNP on SWX
DUK,IDA,utilities_top50,0.7084517745797232,-1.6291010793136953,0.7419823069383998,11.342835084303996,84.15760368297467,757,DUK on IDA
SR,TXNM,utilities_top50,0.7091299906647728,-1.627532582698848,0.5445142235329494,34.62950403458948,58.133126120972975,757,SR on TXNM
POR,SRE,utilities_top50,0.7092047031234887,-1.6273596719960481,0.6445069244540953,3.320085233380195,49.85831622498967,757,POR on SRE
AWR,NRG,utilities_top50,0.7104633720503605,-1.6244429305455286,0.6335737368858533,51.31156819041562,42.872923239014405,757,AWR on NRG
MDU,OGS,utilities_top50,0.7110145838852187,-1.6231633584780674,-0.012456496215551328,9.4309273297587,67.14398670319216,757,MDU on OGS
NJR,SO,utilities_top50,0.7116398071436587,-1.6217103171442873,-0.03103170032863741,33.3447675802011,59.177479121747375,757,NJR on SO
CWEN,PCG,utilities_top50,0.7122070595326698,-1.6203904673000842,-0.6152957892420989,25.053559815126068,110.50699219630542,757,CWEN on PCG
CPK,NFG,utilities_top50,0.7149525837750323,-1.613981467066182,1.7149081131761992,21.36576848719225,82.30459780702954,757,CPK on NFG
NWE,OTTR,utilities_top50,0.7151443826344909,-1.6135324362753436,0.31600113252618905,34.82844852808847,51.00271998840357,757,NWE on OTTR
BKH,LNT,utilities_top50,0.7153417488497312,-1.6130701917555947,0.32531391446928765,39.182063262121005,50.359736925131166,757,BKH on LNT
AES,XEL,utilities_top50,0.7170155471148243,-1.609142676355638,0.4245362822599712,-6.638975816466813,99.02186981200764,757,AES on XEL
AWK,NRG,utilities_top50,0.7189111254363372,-1.6046786624252276,2.0511460124592795,57.5960696694819,120.5135312924219,757,AWK on NRG
OGS,SRE,utilities_top50,0.7189963498851923,-1.6044775561965903,0.5719627801982795,34.12595787296757,33.49077565925082,757,OGS on SRE
NJR,OGS,utilities_top50,0.7191512543875187,-1.6041119342302497,0.4299813497931842,3.9362496766366966,93.83373716009176,757,NJR on OGS
AES,ATO,utilities_top50,0.7198806317401937,-1.6023888157961517,-0.14756349646239666,28.455288177232273,85.04604968265868,757,AES on ATO
AES,CMS,utilities_top50,0.7214165284250602,-1.5987518330377917,0.48786312319203207,-8.59985578571853,100.00303239528078,757,AES on CMS
BKH,WTRG,utilities_top50,0.7218858421551986,-1.5976381864663436,0.37336828415403234,39.49386068041481,50.47874349363141,757,BKH on WTRG
FE,PCG,utilities_top50,0.7235754686653109,-1.5936197462425996,0.15592165976462963,28.38342204070992,64.56859333860433,757,FE on PCG
LNT,PPL,utilities_top50,0.7239157945769455,-1.5928086161830297,1.242928161749965,14.510262327212173,89.92621556792449,757,LNT on PPL
AWK,DTE,utilities_top50,0.7243603155121665,-1.5917482671973389,1.7256257163312614,-27.901693077370854,94.17823681626406,757,AWK on DTE
AES,ORA,utilities_top50,0.7245443082972101,-1.5913090825031635,0.187005601640066,2.9379377395911273,113.42319790964866,757,AES on ORA
IDA,XEL,utilities_top50,0.725035684844332,-1.5901353394505235,0.34303737886463825,64.38844760365428,58.171778869835286,757,IDA on XEL
FE,NFG,utilities_top50,0.7272844995472427,-1.5847478356077196,0.07772662883425342,27.17372005289328,68.0600888075206,757,FE on NFG
AWK,MDU,utilities_top50,0.7273371933929187,-1.584621283072974,10.97132615018674,27.487368706545812,98.56394923762468,757,AWK on MDU
NJR,SR,utilities_top50,0.7279208200693653,-1.583218644039374,0.5837694268666385,-0.6896514633028877,38.631708333602916,757,NJR on SR
NJR,SRE,utilities_top50,0.7284624567600156,-1.5819153259707284,0.2963665898964377,15.885500863737324,71.24662631179875,757,NJR on SRE
BKH,SO,utilities_top50,0.7298745770662753,-1.5785101283484662,0.34656324463257865,37.02003424342415,51.42640021179981,757,BKH on SO
FE,PEG,utilities_top50,0.732111235565586,-1.573094858244011,0.14923032934299676,23.26473327322111,78.5584127536851,757,FE on PEG
AEE,EIX,utilities_top50,0.7353724000653471,-1.5651502851726378,0.32827036588008174,49.88298066012322,42.40978328580614,757,AEE on EIX
MDU,SRE,utilities_top50,0.7354450118835936,-1.5649727241900224,0.18201278371193183,-1.2108772229020364,59.432498811421105,757,MDU on SRE
LNT,POR,utilities_top50,0.7358619102859538,-1.5639526922141158,0.3333562664765938,30.430809571334965,89.10298893908593,757,LNT on POR
AWK,PEG,utilities_top50,0.7368566988680355,-1.5615147779907828,3.4798349587387807,-41.36625354153468,92.92395297822108,757,AWK on PEG
FE,OTTR,utilities_top50,0.7377156007158794,-1.5594053717302048,0.3446356866919175,16.005362258123935,73.9138667630204,757,FE on OTTR
AWR,SO,utilities_top50,0.7379100382499031,-1.5589272625558794,1.0672716637010493,21.346611571137203,34.819023402325385,757,AWR on SO
AEE,POR,utilities_top50,0.7382170136998191,-1.558171989758476,0.3323385344141544,52.471578759090676,47.98098699940432,757,AEE on POR
AWR,WTRG,utilities_top50,0.7397632653230091,-1.554359393961074,1.4715409670287316,17.139996986235687,34.63261362786842,757,AWR on WTRG
POR,WTRG,utilities_top50,0.7400285837958149,-1.5537038056170243,0.37235608014004906,24.448584576438243,71.81295963039821,757,POR on WTRG
MDU,VST,utilities_top50,0.7400392560935327,-1.553677426339094,-0.0362867267728004,9.293034306398775,70.20957276070766,757,MDU on VST
DTE,POR,utilities_top50,0.7400641739148073,-1.5536158330686904,0.9354889095317003,51.234581801666884,87.8689372829362,757,DTE on POR
BKH,CMS,utilities_top50,0.7404268052621907,-1.5527190504149562,0.37070928644440626,34.740098016941566,56.67831190394379,757,BKH on CMS
IDA,LNT,utilities_top50,0.7431450645799541,-1.5459721609140116,0.970121468683489,40.59807330096949,56.271080505868674,757,IDA on LNT
CPK,LNT,utilities_top50,0.7435315957916039,-1.545009193983201,2.615477038430082,-23.08014410400962,89.65445458295245,757,CPK on LNT
PEG,POR,utilities_top50,0.7439718770584361,-1.5439112240422836,0.4551004613679589,29.6118377189599,83.31521182015368,757,PEG on POR
MDU,NJR,utilities_top50,0.7456137432195871,-1.5398063882739392,0.11244044953120841,5.034755126609796,102.33414013644847,757,MDU on NJR
MDU,XEL,utilities_top50,0.7469298540513029,-1.53650405103727,0.11598610587910523,2.5133347601509746,83.91766575233618,757,MDU on XEL
MDU,SWX,utilities_top50,0.7506722871628005,-1.527054492485739,-0.002512957466542946,8.770441057499738,75.4185883814995,757,MDU on SWX
AES,WEC,utilities_top50,0.7512169390085668,-1.525671833200025,0.24044662677788883,-1.927235046772086,110.8100270561853,757,AES on WEC
ED,TXNM,utilities_top50,0.7513630111648697,-1.5253006875244413,0.594099730653765,40.983998354423946,30.749744647852452,757,ED on TXNM
NEE,WEC,utilities_top50,0.7534742570790351,-1.519920856727633,1.2746042227175087,-36.91196318432541,67.32453929975766,757,NEE on WEC
CPK,NRG,utilities_top50,0.7553885252616706,-1.5150175765306755,2.4652832210493205,12.267290628071793,76.3951372106685,757,CPK on NRG
MDU,WEC,utilities_top50,0.7557605105044879,-1.5140619193358285,0.076717130273986,2.9915735402400117,70.84085009630137,757,MDU on WEC
CPK,EVRG,utilities_top50,0.7560138260751025,-1.5134106000524155,2.319515483344078,-20.52631849997353,91.51197054804233,757,CPK on EVRG
IDA,OGE,utilities_top50,0.7567235625365661,-1.5115834315569527,1.4039637203747954,43.140416318387516,36.89183535510677,757,IDA on OGE
AEE,ED,utilities_top50,0.7568746401140325,-1.5111940514890023,0.2687674374726411,47.917041399938476,50.81158576144909,757,AEE on ED
NEE,OTTR,utilities_top50,0.7570152428432873,-1.5108315292642753,0.6274257676186339,30.640868741485026,184.9512375281311,757,NEE on OTTR
AWK,CMS,utilities_top50,0.757382106314578,-1.5098849942915602,4.543664282590745,-104.39643149875889,70.9263902029463,757,AWK on CMS
NEE,VST,utilities_top50,0.7578314871922767,-1.5087243040410834,-2.3243449166555905,99.66519953889232,75.10426378955249,757,NEE on VST
OGE,TXNM,utilities_top50,0.7593187675256446,-1.5048729388777082,0.45377105014420976,10.344222157806906,101.77075075973406,757,OGE on TXNM
CNP,SRE,utilities_top50,0.7593873309399587,-1.504695021761382,0.264458074565742,6.609491781980453,142.5247625727409,757,CNP on SRE
IDA,WTRG,utilities_top50,0.7596981260009257,-1.503888119943903,1.0125722832636193,45.234762521908415,50.86501410527658,757,IDA on WTRG
FE,TXNM,utilities_top50,0.7605082950212035,-1.5017815402143264,0.3405705880726348,17.021905444454426,91.9740376899064,757,FE on TXNM
DTE,ES,utilities_top50,0.7613032771737998,-1.4997099564414265,0.7041192841201821,40.49755910697427,85.49353618320937,757,DTE on ES
AES,NEE,utilities_top50,0.7618013288663367,-1.4984098388914446,0.2633612714944953,0.8057368192103792,84.18426462748205,757,AES on NEE
AWR,EIX,utilities_top50,0.7622530096370577,-1.497229239580323,0.9115589226209693,28.846108131649935,36.87219238831579,757,AWR on EIX
MDU,PPL,utilities_top50,0.7635337766155537,-1.4938736184031356,0.4454953462706046,-1.6417672281296578,60.673941146079905,757,MDU on PPL
CPK,SO,utilities_top50,0.7647354349258197,-1.4907144562384944,2.2733467450928604,-16.488076333764646,69.38431194778308,757,CPK on SO
DTE,WEC,utilities_top50,0.7659859107456346,-1.4874157115565576,0.6393448452607376,39.99481454246494,77.79856529154098,757,DTE on WEC
SR,SRE,utilities_top50,0.7663924400243538,-1.4863407985876051,0.6028909562308847,23.250134646857564,61.908736259188366,757,SR on SRE
OGE,SRE,utilities_top50,0.7668342844714902,-1.4851711118476325,0.3950921956426198,6.658755204962436,91.20367588738789,757,OGE on SRE
AEE,BKH,utilities_top50,0.7669436040993731,-1.4848814868832303,0.20671907637259498,54.14420036047955,46.25419520633446,757,AEE on BKH
NEE,NWE,utilities_top50,0.7674778075614759,-1.483464910946116,-0.6136329747316911,86.01682727452744,87.79384967394367,757,NEE on NWE
AES,IDA,utilities_top50,0.7700900377343938,-1.4765067798731515,0.22064548959341693,-2.4762768156437223,147.04724684547438,757,AES on IDA
DTE,ED,utilities_top50,0.7702192178378805,-1.4761613301226284,0.5327864996056259,52.75720405649322,80.54091635349265,757,DTE on ED
AES,EVRG,utilities_top50,0.7714680452615601,-1.472815076388022,0.3524400668421885,-1.0410763749427348,132.7638874891368,757,AES on EVRG
FE,LNT,utilities_top50,0.7737672808545615,-1.4666222118606638,0.11028937551363359,25.51538499571023,76.06114038101846,757,FE on LNT
AEE,ES,utilities_top50,0.7737832161261637,-1.4665791445611094,0.7339570449744749,16.766871126711845,47.79997649947267,757,AEE on ES
DTE,PPL,utilities_top50,0.7739249283143763,-1.466196058115609,3.2094428224869938,12.974132560423078,70.20750529834007,757,DTE on PPL
CWEN,SR,utilities_top50,0.7754513059904302,-1.4620595952745596,-0.5004222865485319,45.52640489434753,47.848376112207156,757,CWEN on SR
NEE,NFG,utilities_top50,0.7771252621297232,-1.4575013902639677,0.46607351280424336,38.02890498343419,188.34712026333602,757,NEE on NFG
AES,OTTR,utilities_top50,0.7782342160884537,-1.4544689514722107,0.23031049158181982,6.18135656505067,159.96312064242224,757,AES on OTTR
NWE,POR,utilities_top50,0.7806148570486384,-1.4479241845309105,1.0097848420708464,9.403390641476506,25.162273534854148,757,NWE on POR
POR,SR,utilities_top50,0.7808708954076726,-1.4472174223044545,0.5647179100406786,6.613966210996478,57.585793709562154,757,POR on SR
AWK,EVRG,utilities_top50,0.7822343935961096,-1.4434441350465694,2.76453275701675,-9.374664395212475,145.65661717718993,757,AWK on EVRG
BKH,ETR,utilities_top50,0.782982670314543,-1.4413665193055458,0.7774423595978066,20.70862647536898,68.50526574581767,757,BKH on ETR
EVRG,NWE,utilities_top50,0.7845697314109565,-1.4369436825305977,0.4435946111693206,26.293989157228896,69.83604085213159,757,EVRG on NWE
AWR,NFG,utilities_top50,0.7849289602792083,-1.4359394756070445,0.22237928435073254,62.35810471480866,43.10987433592313,757,AWR on NFG
MDU,NI,utilities_top50,0.7864437324811142,-1.4316922489773514,0.27177041671461244,2.9229721898759573,104.0193753070933,757,MDU on NI
AES,UGI,utilities_top50,0.7870968546184243,-1.429854561578983,0.15285153133658744,10.780116788805142,172.64208125234924,757,AES on UGI
FE,WTRG,utilities_top50,0.7875235304556993,-1.428651918691227,0.1893041551033189,23.315676702083607,81.6450536421566,757,FE on WTRG
AWR,NEE,utilities_top50,0.7883961329618159,-1.4261871529478989,0.3840646192292136,49.48251411334102,35.576819967657336,757,AWR on NEE
DTE,OGE,utilities_top50,0.7886469730233022,-1.4254773223038721,0.909877794920396,61.432016971231825,82.134360180377,757,DTE on OGE
AES,VST,utilities_top50,0.788922396220604,-1.424697251933932,-0.4317004737339498,23.711796357574844,98.41636591054886,757,AES on VST
DTE,EIX,utilities_top50,0.7894760957129376,-1.4231268876296577,0.8701491554801057,46.453446166852856,81.93203860931494,757,DTE on EIX
AES,EXC,utilities_top50,0.7904613090879946,-1.420325571886744,0.674692835742764,-1.5531341579031028,154.20906157108564,757,AES on EXC
FE,SO,utilities_top50,0.7918977637656532,-1.4162247056420036,0.16447889749252745,22.58647098788978,83.0644250231407,757,FE on SO
BKH,DTE,utilities_top50,0.7928094026815949,-1.4136118330166387,0.298159645819565,27.304358750300114,56.821245420685344,757,BKH on DTE
NJR,OTTR,utilities_top50,0.7946122849879603,-1.4084207015726504,0.3483453979792336,17.47260687267523,77.86604939316038,757,NJR on OTTR
AWK,ES,utilities_top50,0.7967162781429603,-1.402321833094271,3.030548115933214,-77.68575719100619,46.98137301965922,757,AWK on ES
DTE,TXNM,utilities_top50,0.7976772790768387,-1.3995213192513747,2.0730012843061014,6.247945797929387,45.801175052591994,757,DTE on TXNM
AES,PNW,utilities_top50,0.7991657922733266,-1.395164865327913,-0.09238897683634968,21.628116891553415,115.21251433725773,757,AES on PNW
AWK,NWE,utilities_top50,0.7996679431969798,-1.3936900360875257,-0.9661099265132045,168.35847495818516,80.59778138697332,757,AWK on NWE
PEG,SR,utilities_top50,0.8008521132639224,-1.3902016403859205,0.07266164458035107,42.911212226246896,73.82500158633981,757,PEG on SR
AWR,CWEN,utilities_top50,0.8018690897612497,-1.3871939321410065,0.755217440604421,57.93942763459944,33.39987783591512,757,AWR on CWEN
DTE,PNW,utilities_top50,0.8019400971668488,-1.3869835156932737,0.292204964290474,68.21189467117333,96.55330881182374,757,DTE on PNW
LNT,WEC,utilities_top50,0.8057475305730827,-1.3756207563689187,0.5613968618905472,1.9486332371178825,60.602837530813275,757,LNT on WEC
FE,MDU,utilities_top50,0.8061416802373862,-1.3744353369073796,0.9207548554948406,22.335815265753084,76.21126723302538,757,FE on MDU
AES,PPL,utilities_top50,0.8064416714561573,-1.3735319346674628,0.9103300804618886,-5.254572149501693,141.6817444858439,757,AES on PPL
CWEN,NWE,utilities_top50,0.8071260486074249,-1.371467184321599,-0.3838727000725533,35.986269353943364,91.98175224845262,757,CWEN on NWE
CPK,NEE,utilities_top50,0.8096963163546578,-1.3636649638269238,1.0353610848289987,31.141058228465585,75.05361769320356,757,CPK on NEE
AES,PCG,utilities_top50,0.8115305126034966,-1.3580501044701891,-0.2207571008146464,18.39263309003624,138.45391826339767,757,AES on PCG
AEE,ATO,utilities_top50,0.8118553220577205,-1.3570516385752263,0.2147875524905987,46.603046206481324,55.977185794273716,757,AEE on ATO
AWR,PNW,utilities_top50,0.8121586041348996,-1.356118208437237,-0.19466950579940587,83.68334970638861,34.98378361262966,757,AWR on PNW
AES,SR,utilities_top50,0.8123380054151308,-1.3555655343428918,-0.10823476558545506,21.757754813553248,115.03780567528332,757,AES on SR
PEG,XEL,utilities_top50,0.8125902618662876,-1.3547877631323104,0.4502104198013562,23.259570075656885,102.47179372313485,757,PEG on XEL
AES,OGE,utilities_top50,0.8150190756470976,-1.3472594935108027,-0.11173475847348524,18.845084386513722,148.97575993828548,757,AES on OGE
AES,CNP,utilities_top50,0.8152717276122687,-1.3464722138351395,0.23289610948286985,10.850117496446844,182.57320031006958,757,AES on CNP
AES,FE,utilities_top50,0.8156835318762717,-1.3451873018182632,-0.1773319850721901,21.084924948645757,121.13402842941721,757,AES on FE
AEE,AVA,utilities_top50,0.8162582077927687,-1.343390650988458,0.6186342368310469,45.568955995469274,50.153457336416515,757,AEE on AVA
MDU,OGE,utilities_top50,0.8163171216591983,-1.3432062298470604,0.11002147465396758,5.540313475167679,99.86491061171438,757,MDU on OGE
DTE,XEL,utilities_top50,0.820341307408115,-1.3305040044465004,1.0041435167883261,34.0325214156112,95.99472110673797,757,DTE on XEL
SO,WEC,utilities_top50,0.8209582015397217,-1.3285381405077479,0.6330467977128285,0.2842286574144017,61.54645325492478,757,SO on WEC
AWR,NI,utilities_top50,0.821177535966189,-1.3278379666795668,1.623044201526351,37.197901147538424,65.35630050901308,757,AWR on NI
CPK,IDA,utilities_top50,0.8224821354986028,-1.323660020488933,1.4427753030060928,-29.200064714814754,117.7660155506434,757,CPK on IDA
BKH,PNW,utilities_top50,0.823001652163704,-1.3219898819345828,0.6598461699950183,10.995721513600094,75.4345091595191,757,BKH on PNW
AWR,PCG,utilities_top50,0.8235146342477543,-1.3203371401604658,-0.8649697586904702,81.7129132297726,30.842680019802405,757,AWR on PCG
AES,AVA,utilities_top50,0.8236549427564177,-1.3198844620124157,0.36911615003835774,4.036020869733666,144.88550595419832,757,AES on AVA
DUK,PCG,utilities_top50,0.8275151169690818,-1.3073226403201534,-0.5243272201305708,78.87725896612677,55.24067133158892,757,DUK on PCG
CPK,CWEN,utilities_top50,0.8278925888208323,-1.3060829087954502,2.2764350580493837,49.70736978617579,61.471954784888794,757,CPK on CWEN
DUK,SWX,utilities_top50,0.8293187125180738,-1.3013803957921064,-0.161424009129794,82.12169286779609,53.985114041910705,757,DUK on SWX
UGI,WTRG,utilities_top50,0.8295164631131601,-1.3007259782084744,-0.1313330662804072,37.12210555969208,111.62941445020003,757,UGI on WTRG
MDU,POR,utilities_top50,0.8337615737159664,-1.2865359722819978,0.15263258735312515,2.800387178122646,83.83675937038582,757,MDU on POR
AWR,DTE,utilities_top50,0.8338313785384903,-1.2863003327035254,0.43531170825895327,33.39450077510737,46.2616738640052,757,AWR on DTE
DUK,UGI,utilities_top50,0.8356741658896656,-1.2800519669879873,0.37775717630729916,60.32132126636597,72.61876083549689,757,DUK on UGI
CPK,MDU,utilities_top50,0.8364744964230318,-1.277321465489641,10.01195620434585,3.4471248807397132,69.12960171798056,757,CPK on MDU
AES,AWR,utilities_top50,0.8366666644362741,-1.276664308480029,0.18109354670471622,2.817679475230884,144.64878358293493,757,AES on AWR
AES,D,utilities_top50,0.8369659694100061,-1.2756395853908664,0.28208195462877084,-0.900188562716492,158.61289721917097,757,AES on D
SO,TXNM,utilities_top50,0.8370606297271725,-1.2753151967882421,1.0794960929636261,4.732852396861682,63.76328404981135,757,SO on TXNM
MDU,SR,utilities_top50,0.8400860112949673,-1.2648699177635985,0.05259439048373552,5.6853345942266005,106.54866124218587,757,MDU on SR
NEE,OGE,utilities_top50,0.8411391589569182,-1.2611978700019857,-1.2444924201148773,91.4634773622115,124.63156251667212,757,NEE on OGE
AES,NJR,utilities_top50,0.8411765665046629,-1.2610670915901236,0.10625451102785535,12.327512749539993,195.3676042772667,757,AES on NJR
DUK,EIX,utilities_top50,0.8421821622433376,-1.2575424501816204,0.5388671754151819,47.467487736224555,97.15033997751209,757,DUK on EIX
CPK,OGS,utilities_top50,0.843791518646775,-1.2518649266202768,-1.0030449497080705,154.97991617190527,42.86079043679142,757,CPK on OGS
AWR,MDU,utilities_top50,0.8443448549338222,-1.249902274107635,3.07282211497393,44.73632783340274,40.15625462842007,757,AWR on MDU
AEE,D,utilities_top50,0.845075239685529,-1.2473032424190376,1.081004952362078,1.466330829609773,51.40318505849398,757,AEE on D
CNP,SR,utilities_top50,0.8476520034461398,-1.2380562953501453,0.2933621832356945,4.520310671815612,141.91171560164284,757,CNP on SR
FE,PNW,utilities_top50,0.8480039369502597,-1.2367837963874633,0.31185641843847683,10.318934774192313,104.95463667463714,757,FE on PNW
AEE,XEL,utilities_top50,0.8485064868078442,-1.2349626646468594,0.9598771566811793,14.599568751457547,46.333370348162184,757,AEE on XEL
AWR,PEG,utilities_top50,0.849051578761471,-1.2329819571875822,0.9614464506045236,26.070866547588892,38.48744673060332,757,AWR on PEG
IDA,WEC,utilities_top50,0.8495480787267018,-1.2311728823611583,0.33156347308824446,58.12254112650831,64.77259501897517,757,IDA on WEC
AES,POR,utilities_top50,0.8513663182093103,-1.2245071271045094,0.0770237507967947,12.779166509262495,192.54775672546816,757,AES on POR
AES,EIX,utilities_top50,0.8536002794570572,-1.2162278405977707,0.1384951186171587,9.277411080587674,203.0108394520045,757,AES on EIX
PEG,TXNM,utilities_top50,0.853931272914476,-1.2149925780594717,0.9986404269606644,8.109499315843587,44.69459411237428,757,PEG on TXNM
NEE,NRG,utilities_top50,0.8549664175610558,-1.2111149159949506,1.0376434357953348,24.00005658444948,180.93937725593685,757,NEE on NRG
AWK,WEC,utilities_top50,0.8570345052982977,-1.2033008487512962,2.513510131965188,-62.36730568222399,95.4374656265173,757,AWK on WEC
DUK,POR,utilities_top50,0.8573235177653566,-1.2022016144979129,0.6200272676710012,48.87641185882468,123.63222370305054,757,DUK on POR
AES,ED,utilities_top50,0.8574709166451517,-1.2016403044481436,-0.1247860188283136,23.715304748841437,124.93834685245969,757,AES on ED
PEG,VST,utilities_top50,0.8586915174215856,-1.1969740479521902,0.15475844931989577,44.10072858561457,67.21411865794668,757,PEG on VST
AEE,TXNM,utilities_top50,0.8598226823594546,-1.192620528817004,0.9468711755561109,28.302113172259354,51.06770951531115,757,AEE on TXNM
AEE,ETR,utilities_top50,0.8611185215399009,-1.1875981120242847,0.9143168934957802,26.913297915156953,57.71925146362548,757,AEE on ETR
CWEN,EXC,utilities_top50,0.8612030909551098,-1.1872690177490979,0.6097903514584473,1.9861430362953671,303.5434783917799,757,CWEN on EXC
AES,NWE,utilities_top50,0.8616129374535617,-1.185671825164348,0.044486668537350976,13.585032399880461,201.49160862076712,757,AES on NWE
CNP,OGS,utilities_top50,0.8620597615917891,-1.183926141006069,0.21495337884709015,6.918153854964875,168.93144956757143,757,CNP on OGS
AWK,XEL,utilities_top50,0.8625691570526335,-1.1819303764345452,3.726870492164833,-74.18021131049994,83.60567726718809,757,AWK on XEL
AES,NI,utilities_top50,0.8626159548109342,-1.1817467251497917,-0.18514908190970888,19.5983269965093,142.16880284535318,757,AES on NI
CWEN,OTTR,utilities_top50,0.8630643682696924,-1.1799843995517925,0.2761281798701191,6.162478000202709,277.4384308750562,757,CWEN on OTTR
DUK,PNW,utilities_top50,0.8630944760124695,-1.1798659035940822,-0.052834092453793655,75.90163794698226,64.09153817082357,757,DUK on PNW
DUK,VST,utilities_top50,0.8632324312010544,-1.1793226772272059,-0.6815943807968762,85.14449375496154,53.61249820653696,757,DUK on VST
SO,XEL,utilities_top50,0.8637295578246083,-1.1773614252307554,0.8354496151446057,2.7429503014558834,86.5368257783311,757,SO on XEL
MDU,PNW,utilities_top50,0.8645115219033731,-1.1742645819359672,0.03775330075787741,6.20526960128752,113.45591643439182,757,MDU on PNW
AWK,IDA,utilities_top50,0.8654892026731866,-1.1703720004587985,1.2013412467697568,23.017674139419874,276.5643867962981,757,AWK on IDA
LNT,SRE,utilities_top50,0.8669353712976492,-1.1645714139110908,0.6677467058088833,7.073295907080866,71.97349475492288,757,LNT on SRE
DUK,ORA,utilities_top50,0.8680625490266713,-1.1600142651842016,0.23084048585892114,56.74711469231025,71.77038210880988,757,DUK on ORA
ED,PNW,utilities_top50,0.8685282238851824,-1.158122190936711,0.44075163047573096,35.89834445507177,37.57283555139881,757,ED on PNW
AEE,SRE,utilities_top50,0.8722543991923661,-1.142779575120778,0.7131233048026392,26.624127791497887,53.89950690601037,757,AEE on SRE
OGE,PNW,utilities_top50,0.8729627749890129,-1.139820928149445,0.398700554783779,2.4890435034303824,128.47568429539186,757,OGE on PNW
AES,BKH,utilities_top50,0.8732209460590372,-1.1387392210557206,0.07708752530309683,11.614063425052429,222.45906129398102,757,AES on BKH
AWR,SRE,utilities_top50,0.8743061624399691,-1.1341721193490486,0.9904086709789441,17.727759939474986,60.195574844243026,757,AWR on SRE
DTE,SRE,utilities_top50,0.8744141166772792,-1.1337160006242697,1.3495466586958305,14.010135804696244,93.11103330156794,757,DTE on SRE
AEE,WEC,utilities_top50,0.8753558951251559,-1.1297229288974286,0.6784171682383286,15.363785396204811,49.05208093075291,757,AEE on WEC
NEE,NI,utilities_top50,0.8765229460382682,-1.1247395503102116,-1.7011319148453241,92.28330583118246,108.21880294674598,757,NEE on NI
DUK,PPL,utilities_top50,0.8777984757589541,-1.1192475830099062,2.0783592419964925,24.64238389440568,118.96652621625476,757,DUK on PPL
AWK,OGE,utilities_top50,0.8780152795704179,-1.1183093207335284,-2.1035861052506397,180.97267629635968,101.53060136903075,757,AWK on OGE
NEE,XEL,utilities_top50,0.8784214536162274,-1.11654773841656,1.8981655058764126,-43.33750814516008,64.82505828582688,757,NEE on XEL
AWK,AWR,utilities_top50,0.8806746295193916,-1.106684622667554,1.9257922994021999,-15.097571769522563,91.58346403736758,757,AWK on AWR
AWK,ORA,utilities_top50,0.8819310694509481,-1.1011160894334948,0.9038591155874994,60.308290587150175,154.9855410312731,757,AWK on ORA
DUK,SR,utilities_top50,0.8825409142277028,-1.0983951348780094,-0.036837116406601006,74.57708175135897,67.10838100738651,757,DUK on SR
CWEN,D,utilities_top50,0.8833521638930459,-1.0947569143007296,0.6838819158622615,-22.69104110810131,83.10813136342477,757,CWEN on D
AWK,D,utilities_top50,0.8842218845963503,-1.0908324858612242,3.643223360026882,-92.54076376733715,79.8931624871279,757,AWK on D
DTE,ETR,utilities_top50,0.8844576439789418,-1.0897643473859249,1.291313570112662,32.913237621026326,111.67620324188803,757,DTE on ETR
AES,SRE,utilities_top50,0.8858132390449878,-1.0835863148041043,0.3341849698631753,-2.335364332088492,199.06761987063632,757,AES on SRE
AWK,NI,utilities_top50,0.886235964582704,-1.0816469544683196,-2.2077154387584583,168.35851840471628,103.56388029362168,757,AWK on NI
NEE,PEG,utilities_top50,0.8862739278104443,-1.0814724870408874,1.7010805887658116,-23.277637702979682,132.93746955149211,757,NEE on PEG
SO,SRE,utilities_top50,0.8863537688331155,-1.081105399335245,0.8783556525741139,-0.7100746359952441,71.02383341771414,757,SO on SRE
AWK,FE,utilities_top50,0.8865513743787028,-1.0801959116239197,-1.2461231635634122,159.79564330945144,106.25031829978926,757,AWK on FE
DTE,NWE,utilities_top50,0.8866546946074141,-1.0797198358761018,0.714177903521409,52.692022936269375,148.29744537468272,757,DTE on NWE
AWR,WEC,utilities_top50,0.8875229392453788,-1.0757044049910434,0.7058692743110875,19.431253468021406,58.10160784268161,757,AWR on WEC
AWK,VST,utilities_top50,0.8903624270685668,-1.0623837721816398,-4.495288957705062,205.32644450193885,63.439730824759906,757,AWK on VST
CWEN,EVRG,utilities_top50,0.8908661902445729,-1.0599895240004966,0.4651504307217352,-4.522112580754297,210.46149645013696,757,CWEN on EVRG
DUK,ES,utilities_top50,0.8909210209076941,-1.059728353106578,0.7825961549614544,20.936604963372766,126.5731127966756,757,DUK on ES
DUK,NJR,utilities_top50,0.8910411907719913,-1.0591555596963145,0.21259999965156676,65.74019235435445,81.34472826220325,757,DUK on NJR
AWR,CNP,utilities_top50,0.8939424584045286,-1.0451577285753864,0.3188638745362909,64.56446536085673,47.17814610001151,757,AWR on CNP
AWK,BKH,utilities_top50,0.8946028369900938,-1.0419251760898194,-0.3429507729622484,140.3218426023931,135.57008950802876,757,AWK on BKH
AWK,ED,utilities_top50,0.8946262886904446,-1.0418100561347947,-0.42052185521787916,149.02669079969138,127.46671647339505,757,AWK on ED
MDU,NWE,utilities_top50,0.895585467526451,-1.0370823834763163,0.12281334504504825,2.736845813114914,175.91354038370116,757,MDU on NWE
AES,ETR,utilities_top50,0.8960590373026858,-1.0347342272498907,0.3006297355976668,3.145694478185877,238.19962358903393,757,AES on ETR
IDA,SR,utilities_top50,0.8976844766194412,-1.0266028110581105,0.5881716795299219,49.622433201535124,79.76659678791829,757,IDA on SR
DUK,SRE,utilities_top50,0.9020973522232902,-1.003940357838126,0.906292254662429,23.56539230447053,124.68559258855186,757,DUK on SRE
POR,TXNM,utilities_top50,0.9024130448213368,-1.0022847604284855,0.6940320703817497,11.12964963337373,70.07536781377522,757,POR on TXNM
DUK,XEL,utilities_top50,0.902765475995108,-1.0004308781560385,0.9839937103796662,20.705379795297503,144.76162859922658,757,DUK on XEL
AWK,PPL,utilities_top50,0.9039172870243591,-0.9943301778126296,2.926240845779664,54.65999907968208,270.5293862703378,757,AWK on PPL
PEG,WEC,utilities_top50,0.9047321583934367,-0.98997473466574,0.2881196360860941,25.825084101251857,86.65376290978836,757,PEG on WEC
IDA,OGS,utilities_top50,0.9049254301102478,-0.9889368435938585,0.3961589906359673,56.69324802976525,72.40642870996085,757,IDA on OGS
EXC,NEE,utilities_top50,0.905630214961405,-0.9851360672543228,0.08936287067355096,20.53675491069823,139.1269531971666,757,EXC on NEE
AWK,EIX,utilities_top50,0.906196513678873,-0.9820637246988096,0.4953341684785659,99.04148315580352,206.39588166942656,757,AWK on EIX
IDA,SWX,utilities_top50,0.9072518404504968,-0.9762937520340508,0.5314691355023244,50.84298250121929,63.480743380563595,757,IDA on SWX
DUK,OGE,utilities_top50,0.907276718676901,-0.9761570234066471,0.18695920127547877,67.28598165604697,78.74821701210567,757,DUK on OGE
DUK,FE,utilities_top50,0.9074275938192267,-0.9753271217280819,0.2091765136408276,66.18842223247488,82.70051466976149,757,DUK on FE
EXC,UGI,utilities_top50,0.9077956057646484,-0.973297744927227,0.40144393949018586,12.631611619070418,77.1910438109194,757,EXC on UGI
CWEN,MDU,utilities_top50,0.9082853376818596,-0.9705858562779589,2.182402435195189,-1.2199900324819541,255.12395858046224,757,CWEN on MDU
PEG,SWX,utilities_top50,0.9085117610685931,-0.9693276411551965,0.10218179869583842,40.88965697415853,77.9810124734796,757,PEG on SWX
AWR,BKH,utilities_top50,0.9090907043844052,-0.9660977355030882,0.5250791078264379,43.28385316243616,62.43044078898054,757,AWR on BKH
LNT,XEL,utilities_top50,0.911111620458353,-0.9546760431753268,0.7663185771207286,2.790103362654755,97.58181128337084,757,LNT on XEL
AWR,FE,utilities_top50,0.9113810916273726,-0.9531353950332203,0.8147137635802716,46.562732408189675,49.10230414780261,757,AWR on FE
DUK,NI,utilities_top50,0.911557159117441,-0.9521264745873794,1.0847103661386568,49.77863116768609,121.90852878544378,757,DUK on NI
AWK,POR,utilities_top50,0.9127140030010636,-0.9454518257128113,-0.1235584235436185,126.78283716334433,166.53608719913544,757,AWK on POR
DUK,TXNM,utilities_top50,0.9138545870957242,-0.9387919760056476,1.421039624525049,17.2278036563435,91.93701806849296,757,DUK on TXNM
AWR,ED,utilities_top50,0.9140650875357921,-0.9375541165100968,0.7742758290319447,21.595506267247167,62.41134210576648,757,AWR on ED
IDA,TXNM,utilities_top50,0.916269238738153,-0.9244238551584482,1.3990127467080764,28.01618427142435,43.505633840707404,757,IDA on TXNM
AWR,OGE,utilities_top50,0.9173159234643102,-0.9180777282408739,0.4910263773975991,57.478033069162144,50.312764318992734,757,AWR on OGE
CWEN,ORA,utilities_top50,0.9174649389260268,-0.9171682579402999,0.24931962318803616,0.557903138903028,238.5162738678826,757,CWEN on ORA
AWR,POR,utilities_top50,0.917572879929299,-0.9165085320249271,0.9282563932473461,35.82831120460632,63.523937484177594,757,AWR on POR
IDA,PNW,utilities_top50,0.9177129060292231,-0.9156515228001292,0.3857623189643324,57.76856777426452,72.2521928997314,757,IDA on PNW
NEE,ORA,utilities_top50,0.9195315439073302,-0.904397368458608,0.5546295524056796,18.717867128773214,170.77712423515175,757,NEE on ORA
AWR,UGI,utilities_top50,0.9199059580540111,-0.9020513681512209,0.0019368940141369,71.16452076524298,46.447594352908716,757,AWR on UGI
AWR,VST,utilities_top50,0.9208119298152058,-0.8963325889348981,-0.06342002890103464,72.40164984147766,45.88396709609765,757,AWR on VST
DUK,ETR,utilities_top50,0.921103041013356,-0.8944821628482914,1.0632168539720672,28.062838920598665,149.80375722476114,757,DUK on ETR
LNT,TXNM,utilities_top50,0.9220240259031154,-0.8885860738706278,0.7888092506905124,12.450399808579157,91.21419725851437,757,LNT on TXNM
AWR,ES,utilities_top50,0.9241381567393022,-0.8748031791150414,0.786813259080927,19.36475581461945,54.158603714097815,757,AWR on ES
AWR,OGS,utilities_top50,0.9257586351949854,-0.8639940772903082,0.028963417655624553,69.34381593605228,48.372403838907324,757,AWR on OGS
AWK,CNP,utilities_top50,0.9258930894434068,-0.8630873404606031,-0.5377404828477766,133.30697336693373,170.42314687771636,757,AWK on CNP
CWEN,NFG,utilities_top50,0.926176166667639,-0.8611732673852656,0.24171840776749193,7.954208484308071,323.60766968367517,757,CWEN on NFG
CNP,PNW,utilities_top50,0.9262713300741334,-0.8605282595483685,0.3014259924611808,1.6075501824016036,213.20833092844217,757,CNP on PNW
AWR,NJR,utilities_top50,0.9267822645649145,-0.8570517925926232,-0.08990859955034712,74.09465852706074,44.37664349993948,757,AWR on NJR
AWR,SR,utilities_top50,0.9280792019756278,-0.8481238638203518,0.06108169281675208,67.81769139785537,50.44578275341123,757,AWR on SR
CWEN,NRG,utilities_top50,0.9315048287206132,-0.8237908009536618,0.4330694205526606,3.981530903589817,314.46128236634394,757,CWEN on NRG
EXC,MDU,utilities_top50,0.932280798978673,-0.8181187870172734,1.6352873539192165,11.49842286271817,123.08262752714015,757,EXC on MDU
NEE,POR,utilities_top50,0.9348631138216241,-0.7987861283497136,-0.1978156685988952,64.1605642796614,220.67640843553139,757,NEE on POR
AWR,SWX,utilities_top50,0.9350659189958179,-0.7972368912323048,0.09226363446894499,65.73966659566435,52.016833543412034,757,AWR on SWX
PEG,SRE,utilities_top50,0.9354422258198996,-0.7943499216210421,0.6173778352175442,13.617796085717554,87.90657054259162,757,PEG on SRE
DUK,ED,utilities_top50,0.9355316749596898,-0.7936613034656507,0.2931054264790899,53.73271218617519,112.17744896728641,757,DUK on ED
PEG,PNW,utilities_top50,0.9361360865224466,-0.7889840608107758,0.10626261583157197,40.16754472962556,89.15071256172912,757,PEG on PNW
CWEN,FE,utilities_top50,0.9367017533983277,-0.7845678755261966,-0.4340941078369258,30.73606538266733,203.32999854938035,757,CWEN on FE
EXC,WTRG,utilities_top50,0.9371602774510457,-0.7809601432563109,0.3074613653033212,14.295340824105999,201.30926315707214,757,EXC on WTRG
AWK,NJR,utilities_top50,0.938045951056619,-0.7739189556339904,-1.5581553983090852,171.76749626362516,103.20553848511955,757,AWK on NJR
AWR,ORA,utilities_top50,0.9384846836271534,-0.7703948329550392,0.25752080158521246,53.630108614817665,47.58760724989403,757,AWR on ORA
CWEN,IDA,utilities_top50,0.939131433874274,-0.7651551109256587,0.17716179922836078,2.987071604254008,446.7611916951911,757,CWEN on IDA
AWK,UGI,utilities_top50,0.9398099701074165,-0.7595994206430621,-0.5538393608307838,139.95716636314918,175.2400742939925,757,AWK on UGI
DUK,WEC,utilities_top50,0.941007653605297,-0.7496425627607197,0.6816106934649474,22.505199590864823,117.961621098217,757,DUK on WEC
AWR,XEL,utilities_top50,0.9416702499975893,-0.7440489841815988,0.7912012627232573,29.563648096473518,64.40804561577173,757,AWR on XEL
CWEN,OGE,utilities_top50,0.9417287288310879,-0.7435523301345663,-0.6491046655596201,35.76979096243425,203.7617219111547,757,CWEN on OGE
OTTR,PEG,utilities_top50,0.942017874877942,-0.7410894510034141,1.024264184992554,-6.705557067862182,87.86556932720423,757,OTTR on PEG
CWEN,ED,utilities_top50,0.9421327789243673,-0.740107382573274,-0.2643509967435252,34.539527210836944,218.76657022448418,757,CWEN on ED
EXC,NI,utilities_top50,0.9422680925658667,-0.738948422396799,1.1291474969132544,1.922202751298083,210.855929199393,757,EXC on NI
CPK,PNW,utilities_top50,0.9454010588863718,-0.7113397329942401,-0.5844369064145162,127.15626368872411,86.58898282247378,757,CPK on PNW
CWEN,VST,utilities_top50,0.9460371204095972,-0.7055437611606022,-1.0329495085666998,36.72531170535042,110.10777992310048,757,CWEN on VST
EXC,ORA,utilities_top50,0.9465311452816185,-0.7009950912646438,0.036494832970119656,23.10243365176306,183.68212002851087,757,EXC on ORA
AWR,TXNM,utilities_top50,0.9470853476385657,-0.6958423414452454,1.0307649639377374,31.119646289149546,59.68216565951521,757,AWR on TXNM
AWK,ETR,utilities_top50,0.9475792534242647,-0.6912046998870568,2.6021196185929023,13.264073077358447,412.52286448333905,757,AWK on ETR
EXC,LNT,utilities_top50,0.9488974140757562,-0.6786105543724168,0.32423537617614623,11.607639938765132,213.50310004934585,757,EXC on LNT
EXC,WEC,utilities_top50,0.9489538758131449,-0.6780638631904861,0.0349407418551982,23.032297365915912,195.89897468602427,757,EXC on WEC
AWK,SRE,utilities_top50,0.9496113249737622,-0.6716530640378624,1.7858396032650456,25.604543558472134,426.75573933200195,757,AWK on SRE
NI,PNW,utilities_top50,0.9502433087961152,-0.665410840782305,0.18881546291025147,8.88456719339038,50.0317143409514,757,NI on PNW
EXC,SO,utilities_top50,0.9503586243989244,-0.6642632413350745,0.2796042996902478,12.528500920711679,205.95936537289384,757,EXC on SO
EXC,XEL,utilities_top50,0.9513251372915117,-0.654537601986686,0.05774638465109615,22.555371474829926,216.5297033657952,757,EXC on XEL
NEE,PPL,utilities_top50,0.9514004364159234,-0.6537717232499545,1.5526079002615751,20.84994083093984,455.6430897620226,757,NEE on PPL
EXC,OGS,utilities_top50,0.9516408642376356,-0.6513182340136954,0.027234913013448478,23.825340052723615,205.07887109479697,757,EXC on OGS
CWEN,ETR,utilities_top50,0.9531781663836371,-0.6353319767480816,0.42418437939654896,-0.14268851116303904,573.6527613672403,757,CWEN on ETR
CWEN,NI,utilities_top50,0.9540668403841579,-0.6258452700554079,-1.034430810875864,39.282610837549484,135.0420918376107,757,CWEN on NI
EXC,VST,utilities_top50,0.9545646314925657,-0.6204490193950717,0.3907330010045204,18.359594692082094,176.93953590247986,757,EXC on VST
AWK,TXNM,utilities_top50,0.958318241032471,-0.5776869084969138,3.012075373047642,4.870066857932004,398.2882157377961,757,AWK on TXNM
AEE,AEP,utilities_top50,0.9584530778982866,-0.576077510286391,0.8150099448111073,8.857691494134752,79.69964171724082,757,AEE on AEP
DUK,NWE,utilities_top50,0.9588220417934252,-0.5716456341883743,0.3208854544165974,57.14694239322871,129.05057096990208,757,DUK on NWE
CWEN,POR,utilities_top50,0.9605588790172459,-0.550210083054738,-0.20139166922211188,25.274469550673164,383.50814806427854,757,CWEN on POR
AWR,NWE,utilities_top50,0.9611725547096641,-0.5423985079173994,0.34554221365299476,54.67172584066999,64.9362956331423,757,AWR on NWE
NEE,UGI,utilities_top50,0.962242398491822,-0.5284635195441065,-0.4294307089567816,70.48535137928552,264.2549250640626,757,NEE on UGI
EXC,NJR,utilities_top50,0.9623600086037215,-0.5269061788663383,0.41454676184696704,12.374462206242686,223.6821699062835,757,EXC on NJR
CWEN,PPL,utilities_top50,0.9646668305978382,-0.4952668552061884,0.47324709570975715,6.692403932227719,919.569290557638,757,CWEN on PPL
NEE,NJR,utilities_top50,0.9665328230886182,-0.46800670877358136,-0.9060753300009117,85.51570741517575,123.27305195954355,757,NEE on NJR
NFG,NI,utilities_top50,0.9668442226742151,-0.46329761730822167,1.2686107205176458,13.284141588690677,301.57301163240555,757,NFG on NI
IDA,NWE,utilities_top50,0.9692731218193361,-0.42482105604112785,0.9725986234940486,35.85388075065148,85.61938087389487,757,IDA on NWE
EXC,PPL,utilities_top50,0.9712603960264591,-0.3907529562278771,1.0172112497378472,2.1630001472713607,171.72849924342086,757,EXC on PPL
CPK,ES,utilities_top50,0.9719732928195672,-0.3778849651958875,1.3007730301646412,4.020359015024024,360.1466239379576,757,CPK on ES
CPK,PPL,utilities_top50,0.9721021486523029,-0.37551977705017364,3.3141499501422857,13.412892464011195,533.3768998502806,757,CPK on PPL
CWEN,EIX,utilities_top50,0.9737491631749688,-0.3441504219276127,0.07848860789412239,13.945304103369967,891.7739118254242,757,CWEN on EIX
NFG,OGS,utilities_top50,0.974022291430968,-0.33873173998190964,-0.18156037417897128,51.68756917971133,139.88583945052548,757,NFG on OGS
NEE,SRE,utilities_top50,0.9754224669966914,-0.30988291163015136,0.8688096758359471,9.686077186324697,1463.1893452340764,757,NEE on SRE
CWEN,NJR,utilities_top50,0.975752063977639,-0.30281447910616,-0.4184497760619171,30.940690841696867,182.62949072934748,757,CWEN on NJR
EXC,FE,utilities_top50,0.9759146350959579,-0.29928663914774406,0.273107616832797,17.328248043887,327.140806514909,757,EXC on FE
CWEN,TXNM,utilities_top50,0.9760572824662307,-0.29616814658513235,0.5722339711212862,-4.671362022601041,762.892972667185,757,CWEN on TXNM
CPK,ORA,utilities_top50,0.9769304717636886,-0.27659096270551026,0.469994038046243,57.64429254836615,330.0348089731496,757,CPK on ORA
CWEN,UGI,utilities_top50,0.9777700682594901,-0.25692271189812327,-0.19112117349777066,23.76670289220701,635.1841433565103,757,CWEN on UGI
CPK,PCG,utilities_top50,0.9780755938336212,-0.24954477274224154,-0.8328794411556487,99.85683775771501,208.5616777048716,757,CPK on PCG
EXC,PCG,utilities_top50,0.9784498865063836,-0.2403364096965349,0.20129637150909999,23.155933802084995,137.0649669958389,757,EXC on PCG
NFG,PPL,utilities_top50,0.978586292243812,-0.23693259978467537,1.0995407090578584,14.552361287218748,478.4039983669469,757,NFG on PPL
NEE,TXNM,utilities_top50,0.9792711212062318,-0.2194381170002553,1.4840327472801078,-1.1273078438677093,1044.2179753177086,757,NEE on TXNM
CPK,SWX,utilities_top50,0.9794498118228954,-0.21475756278678823,-0.43445269825227845,115.59921922421024,120.99875830246388,757,CPK on SWX
CWEN,SRE,utilities_top50,0.9828425226004627,-0.11493350753513351,0.24431995514510615,4.396930973509443,2566.883449530073,757,CWEN on SRE
NFG,POR,utilities_top50,0.9828722153663345,-0.11395152930474531,0.4181133977107731,23.937546462121315,439.80120022246984,757,NFG on POR
EXC,PNW,utilities_top50,0.9834247004824981,-0.09526571132896867,0.08928173631269305,19.883354155251176,1281.6200395674518,757,EXC on PNW
NFG,SO,utilities_top50,0.9837096199269016,-0.08530731227636788,0.22295386554774005,29.462101079381924,369.41703062005564,757,NFG on SO
EXC,SWX,utilities_top50,0.983858058204454,-0.08002756392968449,0.16821702841874756,15.591450272272349,1391.385514671662,757,EXC on SWX
NFG,PCG,utilities_top50,0.9841638453095859,-0.06894500461102321,0.43519766212205824,34.606360669740276,291.5527603794495,757,NFG on PCG
EXC,SR,utilities_top50,0.9848588044878929,-0.042654116590420336,0.14742202789810632,17.367588513490492,inf,757,EXC on SR
CPK,ETR,utilities_top50,0.9848776402804383,-0.04191887972001751,1.4985551009853648,27.09835923824954,1062.2183471912294,757,CPK on ETR
NFG,UGI,utilities_top50,0.9850805239682835,-0.033919348347954556,0.7942816989156648,14.230914440214654,177.328364176225,757,NFG on UGI
NFG,WTRG,utilities_top50,0.985279631086183,-0.02592225622105492,0.16699334983040612,33.74426024724227,438.23702184846013,757,NFG on WTRG
EXC,POR,utilities_top50,0.9854142729793851,-0.020429307541552543,0.44115816282220316,8.77278024921148,292.6497297161979,757,EXC on POR
NFG,PNW,utilities_top50,0.9856553992983564,-0.010414044319251284,-0.05180677610307309,43.19711686798736,320.9782408542991,757,NFG on PNW
CPK,SR,utilities_top50,0.9866972887894548,0.03575844099059601,-0.1779112924203623,99.69045002623399,185.32319064557421,757,CPK on SR
CPK,WEC,utilities_top50,0.9879112101497737,0.09670695541031699,1.0433627945867914,13.199342560281721,550.5682968247826,757,CPK on WEC
NFG,XEL,utilities_top50,0.988101516265828,0.10710734535627371,-0.07593273320549487,43.88066677383196,404.24768269072496,757,NFG on XEL
NFG,SRE,utilities_top50,0.9883106059413017,0.11883735049542724,0.06378026284885968,36.436922775855564,654.2852623365054,757,NFG on SRE
NFG,TXNM,utilities_top50,0.9883648421834167,0.12193406062036506,0.4781895215045408,21.275645467175867,838.0592862671548,757,NFG on TXNM
NFG,WEC,utilities_top50,0.9884912481325445,0.12924104494048103,-0.1548961394753017,51.24825566114767,257.1535731397402,757,NFG on WEC
NFG,OGE,utilities_top50,0.9889965456086897,0.15979081153774627,0.5789573143875445,23.671007840015996,723.6222093463607,757,NFG on OGE
CPK,EIX,utilities_top50,0.9891925232150337,0.1722673308065764,0.8659696520643271,49.498631341206135,347.62765439685285,757,CPK on EIX
NFG,VST,utilities_top50,0.989355935786077,0.1829644962103702,0.5163057091625481,30.3198736907842,522.7111238473834,757,NFG on VST
CPK,XEL,utilities_top50,0.9898061478233321,0.21395111804126168,1.5986715765728583,5.576469241738557,1670.1170524974477,757,CPK on XEL
CPK,D,utilities_top50,0.9898932806921896,0.2202270465696904,1.3019613698550982,13.065246343819515,1813.4629735724643,757,CPK on D
OTTR,WTRG,utilities_top50,0.9902428471970605,0.24642045385120787,0.7528467089408388,13.729824986567888,356.6452913535997,757,OTTR on WTRG
OTTR,PPL,utilities_top50,0.990291880130732,0.2502330594441108,1.9633898808904993,-3.829047287248191,384.1087457964416,757,OTTR on PPL
CPK,OGE,utilities_top50,0.9907012495999776,0.2835519725916342,0.04955990500316125,88.37231334423936,292.36604745675066,757,CPK on OGE
NFG,NJR,utilities_top50,0.9908199585680395,0.2937550184834706,0.7688635919502586,15.359680796509428,485.9433493133457,757,NFG on NJR
NFG,ORA,utilities_top50,0.9909459555730467,0.3048786342334576,-0.06847370545494295,44.56112668671778,347.63653353570606,757,NFG on ORA
CPK,FE,utilities_top50,0.990992802219656,0.30909546231016166,0.15936694592044223,84.93540566429297,322.5726851842968,757,CPK on FE
OTTR,SO,utilities_top50,0.9912398855733504,0.33211639366727247,0.6382568529614316,11.5711633576979,295.7721963105508,757,OTTR on SO
CPK,ED,utilities_top50,0.9915382243597414,0.36185923175422613,0.16537502714040422,79.15937808666821,373.79957880679814,757,CPK on ED
EXC,SRE,utilities_top50,0.9916102534839428,0.36939872311487265,0.2894335433274722,9.961755241578283,1255.6680191481278,757,EXC on SRE
CPK,VST,utilities_top50,0.9916363163959947,0.3721639848467165,-1.5762206428679997,118.95258001343434,146.14528784716046,757,CPK on VST
CPK,SRE,utilities_top50,0.9917541407816433,0.3849232536042523,1.2930388976893696,19.913406963175834,2063.751833787317,757,CPK on SRE
EXC,OGE,utilities_top50,0.9918537721087798,0.3960604722199775,0.5287025084663705,10.792211757473165,323.9805033291382,757,EXC on OGE
CPK,UGI,utilities_top50,0.9921164528059672,0.42713517043451077,0.857470981884825,62.06807605332345,288.48867752018737,757,CPK on UGI
NFG,SR,utilities_top50,0.9926559726274033,0.5009218399913757,0.1300772061420034,32.621681428250994,inf,757,NFG on SR
NFG,SWX,utilities_top50,0.9928101030706956,0.5253066048396662,0.2067543768493055,27.58539192918261,inf,757,NFG on SWX
OTTR,UGI,utilities_top50,0.9928616594841595,0.5338890625206512,0.6850208439486911,19.27832230161255,543.0085845201228,757,OTTR on UGI
NFG,NWE,utilities_top50,0.99302463804779,0.562668274916458,0.20859578783945534,29.888090169055562,inf,757,NFG on NWE
CPK,TXNM,utilities_top50,0.9933883012141533,0.6393283323827159,2.51629806235743,-8.150019137240132,1265.297422326271,757,CPK on TXNM
OTTR,POR,utilities_top50,0.9935822808391895,0.6918614616753035,1.0719760272866508,0.5215425049271479,inf,757,OTTR on POR
EXC,TXNM,utilities_top50,0.9939027224674646,0.8351054265739016,0.5409679737506897,4.546952422350655,1706.7140407847196,757,EXC on TXNM
CPK,NJR,utilities_top50,0.993911728034583,0.8428417707765529,0.6263593893205764,69.78262852697635,545.7506461766585,757,CPK on NJR
EXC,NWE,utilities_top50,0.993919554771038,0.8502346371697825,0.284791179093649,11.95151507053569,inf,757,EXC on NWE
OTTR,SR,utilities_top50,1.0,1.853168092279493,0.3204466360244824,23.514718587062756,inf,757,OTTR on SR
OTTR,VST,utilities_top50,1.0,0.9270137670352044,0.669585725509993,28.999873936634145,882.5871556743339,757,OTTR on VST
OTTR,SWX,utilities_top50,1.0,1.8235437355645256,0.383515396433331,18.591318653703805,inf,757,OTTR on SWX
OTTR,SRE,utilities_top50,1.0,1.1484449134125887,0.6192053344145302,7.9531369712897435,inf,757,OTTR on SRE
OTTR,PNW,utilities_top50,1.0,0.9984416108852292,-0.0034573731247168945,41.62223247689822,565.786877190896,757,OTTR on PNW
OTTR,WEC,utilities_top50,1.0,1.2188377552040353,0.14233896757568576,30.956347903345492,12139.158382909656,757,OTTR on WEC
OTTR,XEL,utilities_top50,1.0,1.150167355717395,0.12654157436094587,34.73752432039435,3884.8746686411355,757,OTTR on XEL
OTTR,PCG,utilities_top50,1.0,1.222243003033412,0.18029000708559118,39.21538963648349,797.7880023226072,757,OTTR on PCG
OTTR,TXNM,utilities_top50,1.0,1.7279848952848382,0.9744335668293546,3.485454395621652,inf,757,OTTR on TXNM
CPK,NWE,utilities_top50,1.0,1.284544653412891,0.35317471258545835,72.83899203820006,1242.8766825674384,757,CPK on NWE
CPK,POR,utilities_top50,1.0,1.1314847653513345,1.1014941938330483,47.7548914380701,1428.2541971074816,757,CPK on POR
CPK,NI,utilities_top50,1.0,0.9314523618157499,1.4627814760194389,59.090960066291004,692.9328730296955,757,CPK on NI
