ticker_a,ticker_b,direction,signal_date,entry_date,exit_date,holding_days,exit_reason,entry_price_a,entry_price_b,exit_price_a,exit_price_b,qty_a,qty_b,gross_pnl,slippage_cost,commission_cost,net_pnl
SRE,UGI,-1,2022-01-04,2022-01-05,2022-01-25,13,signal,58.48730621889843,36.661705471571636,56.993895758272885,35.02152126105912,0.015329580871099436,0.0027990826208626383,0.020273291283493002,0.0019709459722467033,0.0009854729861233811,0.017316872325122915
AEP,AWR,-1,2022-01-05,2022-01-06,2022-02-15,27,signal,75.39395008007955,90.49915052967751,73.56441817501452,77.75404768107532,0.008799130495377247,0.003715732823723844,-0.029323248289469216,0.0019358587286949043,0.0009679293643474756,-0.03222703638251159
AEP,EIX,-1,2022-01-05,2022-01-06,2022-02-11,25,signal,75.39395008007955,52.60873826626981,74.55208225706566,48.94857174976775,0.008989080342412616,0.006119153103775634,-0.01286019300071818,0.0019693088003072266,0.0009846544001536693,-0.015814156201179076
AEP,ETR,-1,2022-01-05,2022-01-06,2022-01-31,16,signal,75.39395008007955,46.91183904131907,75.40984241495542,46.77151952182171,0.008069293090485732,0.008343440756586473,0.000699534746459105,0.001998522252383572,0.0009992611261917948,-0.002298248632116262
AEE,AWK,-1,2022-01-07,2022-01-10,2022-02-16,26,signal,76.6132068445812,155.73531768736115,73.3846592989577,132.87966314362515,0.008968003592138049,0.0020069755525918983,-0.014992704300900488,0.0019244096203235716,0.0009622048101617836,-0.017879318731385842
AEP,AWK,-1,2022-01-07,2022-01-10,2022-02-02,16,signal,76.58174609268815,155.73531768736115,74.65017919395177,142.56216859436557,0.011015962749479507,0.000999705190884481,0.010072988349986165,0.001964184873941438,0.0009820924369708388,0.007126711039073887
AEP,CPK,-1,2022-01-07,2022-01-10,2022-01-27,12,signal,76.58174609268815,125.82103627526548,75.1904124712542,121.42595240698677,0.010907319893398458,0.0013036462482509481,0.011423847809193814,0.0019777615174030533,0.0009888807587016429,0.008457205533089119
AEP,NEE,-1,2022-01-07,2022-01-10,2022-02-02,16,signal,76.58174609268815,75.41920303001254,74.65017919395177,67.91711316253004,0.011304389815432872,0.0017708611478494567,0.010513449566752101,0.0019634238628491655,0.0009817119314247014,0.007568313772478234
AEP,NI,-1,2022-01-07,2022-01-10,2022-01-27,12,signal,76.58174609268815,23.925592788746126,75.1904124712542,23.70643419219272,0.00865992760946526,0.014063597635162298,0.010950914641236712,0.001984224519217582,0.0009921122596088917,0.007974577862410239
AEP,NRG,-1,2022-01-07,2022-01-10,2022-01-26,11,signal,76.58174609268815,35.79914027320469,74.92030694091859,35.506852948598834,0.011812647843790457,0.0026412847892352638,0.020831982216529318,0.0019780006673573427,0.0009890003336787707,0.0178649812154932
AEP,WTRG,-1,2022-01-07,2022-01-10,2022-02-15,25,signal,76.58174609268815,44.799869736279554,73.56441817501452,39.38632075019453,0.008800616403321465,0.007269756555872413,-0.010867456626753421,0.001933381038896334,0.0009666905194482428,-0.013767528185097997
D,ES,-1,2022-01-07,2022-01-10,2022-02-11,23,signal,64.83022983979573,73.68365155815157,63.379354677624725,70.54053127412244,0.010165761926748285,0.004622896582998992,0.0021890152470174853,0.0019700837839477544,0.000985041891973899,-0.000766110428904168
SO,WTRG,-1,2022-01-10,2022-01-11,2022-02-16,25,signal,57.630028416319334,44.65332921570567,54.829903485031856,39.195965354017055,0.008833666130618568,0.010993500158801373,-0.03334496433340403,0.0019151973796917763,0.0009575986898459666,-0.03621776040294178
ES,WEC,1,2022-01-11,2022-01-12,2022-02-01,13,signal,71.68793065555784,80.39252359375438,73.99286781598488,82.4327208312875,0.007149388933483641,0.006063985876854618,0.006136069799805717,0.002028904807072047,0.0010144524035360814,0.0030927125891975892
CPK,DUK,1,2022-01-12,2022-01-13,2022-02-11,20,signal,121.76898248446338,86.14398436798395,117.8263371862899,83.44868848099999,0.0034924122739209704,0.006670021133764397,0.006176296220396041,0.0019679585235226416,0.0009839792617613462,0.0032243584351120532
PCG,SWX,-1,2022-01-12,2022-01-13,2022-02-02,13,signal,12.292998918262375,56.867460423272846,11.953593095706177,57.34767824600031,0.03605541889988332,0.009792655140996417,0.018932736069416835,0.001992709429563457,0.0009963547147817738,0.015943671925071606
PCG,PPL,-1,2022-01-13,2022-01-14,2022-01-24,5,signal,12.420641170380048,25.581866287732776,11.904399752625123,25.1813643332636,0.06608091977841643,0.006981094625834319,0.033279602944899025,0.0019618372739207924,0.0009809186369604862,0.03033684703401775
PCG,TXNM,-1,2022-01-13,2022-01-14,2022-01-24,5,signal,12.420641170380048,39.46300699657301,11.904399752625123,38.981412036537435,0.07333618823441419,0.002237384814550224,0.03874111940951797,0.0019594548729894613,0.0009797274364948207,0.03580193710003369
AWK,CWEN,1,2022-01-19,2022-01-20,2022-03-08,32,signal,145.70652764295352,26.093307235408624,142.2316361710966,26.910078613546958,0.003989128364603304,0.016054664004609576,-0.024975229306690765,0.001999548872204673,0.0009997744361023866,-0.027974552614997823
CMS,WTRG,-1,2022-01-19,2022-01-20,2022-05-04,72,signal,54.789515091541496,41.63620918260187,58.71742485304215,38.919085303874986,0.01143682437138582,0.00896160950327241,-0.06725262048503419,0.0020199967770679053,0.0010099983885340372,-0.07028261565063613
CWEN,NEE,-1,2022-01-19,2022-01-20,2022-02-18,21,signal,26.093307235408624,73.23926533057119,24.889069055849593,65.75907821246217,0.017204351952207368,0.007525783070310383,-0.03365297162805927,0.0019231564727403097,0.0009615782363701988,-0.036537706337169774
EXC,NFG,-1,2022-01-19,2022-01-20,2022-02-16,19,signal,34.11764997770169,53.13268415832603,35.406482385524875,53.321780645904994,0.017655207726488778,0.007480139475175759,-0.019316397856423063,0.0020237379269694897,0.0010118689634848236,-0.022352004746877374
NWE,SR,-1,2022-01-20,2022-01-21,2022-02-11,15,signal,46.458171608684324,52.735277704937985,45.80946051614463,52.28758488273385,0.011818369917674827,0.008549133386910367,0.005827635304399106,0.001988313296451514,0.000994156648225818,0.002845165359721774
FE,POR,-1,2022-01-25,2022-01-26,2022-03-04,26,signal,33.97569151051873,42.60936233302232,35.13249151760285,42.87048135270781,0.014216899609712433,0.012133577019244675,-0.011258132723544523,0.0020196691091414532,0.001009834554570758,-0.014287636387256735
AWK,NEE,-1,2022-01-26,2022-01-27,2022-02-01,3,signal,141.20302000904746,64.43156695103464,145.20142322154737,68.46102441327251,0.0038120432656601803,0.0071649717469973815,0.015672836297476848,0.0020439734644190346,0.0010219867322095845,0.012606876100848229
D,NEE,-1,2022-01-28,2022-01-31,2022-02-11,9,signal,63.301011479613464,64.08874952486335,63.379354677624725,66.5836951975337,0.013514082348907398,0.002244267463089996,0.006545828328030145,0.002005239362079825,0.0010026196810399444,0.003537969284910375
D,ORA,-1,2022-01-28,2022-01-31,2022-02-11,9,signal,63.301011479613464,63.25791642262697,63.379354677624725,65.82398565480322,0.014714386260793614,0.0010702175224158678,0.003595653327943401,0.0020021731483796748,0.0010010865741898664,0.0005923936053738599
CNP,UGI,-1,2022-01-31,2022-02-01,2022-04-27,59,signal,25.025551352721706,36.25524498954751,28.005341810278555,28.726974720054965,0.021930053657105025,0.012442050635051797,-0.15704275915073812,0.0019713253577944316,0.0009856626788972921,-0.15999974718742985
D,EVRG,-1,2022-01-31,2022-02-01,2022-02-11,8,signal,64.7658383969265,53.6912193212938,63.379354677624725,52.38639979303287,0.011283640856559708,0.005005334041204233,0.011090436084182512,0.001976909344546649,0.0009884546722733294,0.008125072067362534
D,EXC,-1,2022-01-31,2022-02-01,2022-02-14,9,signal,64.7658383969265,34.70355104064834,64.01644460305769,35.596796835791096,0.014766139058272433,0.0012316902845469126,0.01415407464583673,0.0019882195085738994,0.0009941097542869428,0.011171745382975887
D,FE,-1,2022-01-31,2022-02-01,2022-02-14,9,signal,64.7658383969265,34.51389358199385,64.01644460305769,34.572097370591266,0.014474867507718302,0.0017861282251858581,0.012938851168006691,0.0019875158610227817,0.0009937579305113846,0.009957577376472525
D,IDA,-1,2022-01-31,2022-02-01,2022-02-11,8,signal,64.7658383969265,95.79140661559116,63.379354677624725,92.28996682392038,0.01250298659565082,0.0019794305501266204,0.01237883449109464,0.001974504026638617,0.000987252013319317,0.009417078451136707
D,MDU,-1,2022-01-31,2022-02-01,2022-02-11,8,signal,64.7658383969265,9.727944006627768,63.379354677624725,8.96603199755264,0.01361859163863393,0.012049276788939392,0.011671884518602953,0.0019704176179808726,0.0009852088089904467,0.008716258091631632
D,NI,-1,2022-01-31,2022-02-01,2022-02-14,9,signal,64.7658383969265,25.033018889845163,64.01644460305769,24.916914829547068,0.014517616834324234,0.0023517739044375888,0.012593456841949343,0.0019870953837497858,0.0009935476918748868,0.00961281376632467
D,NWE,-1,2022-01-31,2022-02-01,2022-02-14,9,signal,64.7658383969265,46.72854326407207,64.01644460305769,46.5064542335868,0.014792883109642647,0.0008775890539897132,0.012877688043580247,0.0019868961499524417,0.0009934480749762165,0.009897343818651589
D,OGS,-1,2022-01-31,2022-02-01,2022-02-14,9,signal,64.7658383969265,66.13974093152396,64.01644460305769,63.9776098672396,0.01528702258949725,0.00013518392221561684,0.013150015090879458,0.0019863005931921775,0.0009931502965960797,0.010170564201091201
D,OTTR,-1,2022-01-31,2022-02-01,2022-02-14,9,signal,64.7658383969265,56.525044253673556,64.01644460305769,53.95254360675288,0.014593831895318566,0.0009540193522336134,0.010467146863471466,0.0019848352131509274,0.0009924176065754554,0.007489894043745084
D,PNW,-1,2022-01-31,2022-02-01,2022-02-14,9,signal,64.7658383969265,57.06648614393383,64.01644460305769,56.95247403880762,0.01539055466429491,3.894166280435392e-05,0.013515630698503166,0.0019864843698354116,0.0009932421849176958,0.010535904143750057
D,POR,-1,2022-01-31,2022-02-01,2022-02-14,9,signal,64.7658383969265,43.30325805647724,64.01644460305769,42.65612364602617,0.014163545492766837,0.0018901496307716706,0.011377393419396645,0.0019865011949124324,0.0009932505974562084,0.008397641627028005
D,WEC,-1,2022-01-31,2022-02-01,2022-02-25,17,signal,64.7658383969265,82.4327208312875,63.072892850963235,76.38881709357133,0.009940551440396633,0.004317496050649843,-0.007309226695092531,0.0019564915375666625,0.000978245768783353,-0.010243964001442545
D,XEL,-1,2022-01-31,2022-02-01,2022-02-11,8,signal,64.7658383969265,59.61518522656095,63.379354677624725,57.59452302657799,0.01022853677236643,0.005656511731320026,0.00472554090279137,0.001973740634864394,0.0009868703174322122,0.0017649299504947636
AEP,AVA,1,2022-02-01,2022-02-02,2022-02-03,1,signal,74.65017919395177,35.088259494310684,75.81517718568317,35.03909285492276,0.009267264252428655,0.00879437427265504,0.013239875713020623,0.0020111416415909793,0.0010055708207955777,0.010223163250634066
AEP,NI,1,2022-02-01,2022-02-02,2022-02-28,17,signal,74.65017919395177,24.751674089473923,75.40582389021921,24.802369414150437,0.008709875612753099,0.014144712472675737,0.007872405212099996,0.0020079046914322483,0.0010039523457162343,0.004860548174951514
AEP,SRE,1,2022-02-01,2022-02-02,2022-02-04,2,signal,74.65017919395177,59.17799516837112,75.20021635520617,59.196373058177215,0.0077803320404649795,0.007086371610153516,0.006153975942691244,0.002004736750113729,0.0010023683750569386,0.003146870817520577
DTE,PEG,1,2022-02-01,2022-02-02,2022-02-15,9,signal,101.84515215496323,56.42895558357017,101.89123025504836,55.543841615151564,0.004727367345214516,0.009188589528341106,0.010342796183104137,0.001992019135832526,0.0009960095679163229,0.007354767479355288
EVRG,OTTR,-1,2022-02-02,2022-02-03,2022-02-11,6,signal,54.723684985856615,55.758551663511106,52.4912774702962,53.65465439100886,0.012192610369398813,0.005962128429608018,0.016634751765726798,0.0019595824841414067,0.0009797912420707864,0.013695378039514605
PCG,PNW,1,2022-02-03,2022-02-04,2022-02-17,9,signal,11.776501787755873,57.70964593217704,11.4976844640749,56.27481188197841,0.035825405905578214,0.01001470355485343,0.006356027949262341,0.0019753340804911645,0.000987667040245639,0.003393026828525537
ATO,FE,-1,2022-02-09,2022-02-10,2022-02-11,1,signal,96.07313078738095,34.9243692718179,94.51031895309735,34.88782576268329,0.00786594543064615,0.0069802569387750184,0.014024349622431763,0.0019864400987930526,0.0009932200493966048,0.011044689474242106
AEP,FE,1,2022-02-10,2022-02-11,2022-04-25,49,signal,74.55208225706566,34.88782576268329,85.39026185059481,38.4542685996228,0.010592450325463238,0.006044761118734821,0.09538219612744694,0.002137612157462357,0.0010688060787312585,0.09217577789125332
AEP,SRE,1,2022-02-10,2022-02-11,2022-03-04,14,signal,74.55208225706566,59.26052847714946,79.59504052413347,64.88965552584794,0.007781709536380741,0.007087626241434005,0.0014251475142082748,0.002079459662517995,0.0010397298312590647,-0.0016940419795687849
PCG,POR,1,2022-02-10,2022-02-11,2022-02-17,4,signal,11.245231547081906,42.46651091865147,11.4976844640749,41.22979094628625,0.05182069890747403,0.009829593720627208,0.027240023160509465,0.002001281686166485,0.0010006408430832995,0.024238100631259682
PCG,PPL,1,2022-02-10,2022-02-11,2022-03-03,13,signal,11.245231547081906,24.55076991111763,11.3111317104233,21.935852612270136,0.07230526805229612,0.007638663625022119,0.026725468917844396,0.001986066289607307,0.0009930331448036655,0.02374636948343342
PCG,TXNM,1,2022-02-10,2022-02-11,2022-03-16,22,signal,11.245231547081906,38.79168800519972,11.3994984202501,39.49237099062003,0.08052396940887059,0.0024566739927474085,0.012716605979904448,0.0020157746715492677,0.001007887335774646,0.009692943972580534
PCG,VST,1,2022-02-10,2022-02-11,2022-03-16,22,signal,11.245231547081906,20.497537867302263,11.3994984202501,20.668333058594694,0.04388877584969975,0.02470768193387412,0.004561598239903817,0.0020109672846793988,0.0010054836423397159,0.0015451473128847027
AEP,AES,1,2022-02-14,2022-02-15,2022-04-27,49,signal,73.56441817501452,17.99206289108499,84.50653221715932,17.713110933906393,0.012471814282815009,0.00463267439618556,0.1398972896634785,0.0021369818786792553,0.0010684909393396563,0.13669181684545958
AEP,AVA,1,2022-02-14,2022-02-15,2022-02-28,8,signal,73.56441817501452,34.30958436683557,75.40582389021921,35.43530931370525,0.009426638522143684,0.008945615991799685,0.009316171937690847,0.0020282089749320154,0.001014104487466077,0.006273858475292754
AEP,CNP,1,2022-02-14,2022-02-15,2022-04-25,47,signal,73.56441817501452,24.086205558975468,85.39026185059481,28.4789500651758,0.012131126658085079,0.004498997603360886,0.1258627761898424,0.002164915728235511,0.0010824578641177958,0.12261540259748908
AEP,CPK,1,2022-02-14,2022-02-15,2022-04-25,47,signal,73.56441817501452,117.98954916155714,85.39026185059481,123.68148405788922,0.01141458811045338,0.0013642751024959623,0.12936600689160907,0.002144237340343815,0.0010721186701719496,0.1261496508810933
AEP,CWEN,1,2022-02-14,2022-02-15,2022-04-27,49,signal,73.56441817501452,25.45085067086431,84.50653221715932,25.138540710078058,0.012601589975301874,0.0029006327295572907,0.14093275859714002,0.0021388274810149425,0.0010694137405075,0.13772451737561758
AEP,EXC,1,2022-02-14,2022-02-15,2022-02-28,8,signal,73.56441817501452,35.647328166608176,75.40582389021921,35.86267588321372,0.010316391952345948,0.006777421007598465,0.01955866933163141,0.002021508368750714,0.0010107541843754255,0.016526406778505268
AEP,NJR,1,2022-02-14,2022-02-15,2022-04-25,47,signal,73.56441817501452,34.22101991087142,85.39026185059481,39.29724162314424,0.012842299026870624,0.0016408432341265373,0.1457038578538098,0.00216212117849002,0.0010810605892450514,0.1424606760860747
AEP,NRG,1,2022-02-14,2022-02-15,2022-04-25,47,signal,73.56441817501452,34.67188006519834,85.39026185059481,33.732622909497,0.012307502710371674,0.0027519333626342493,0.15027610625774168,0.0021447300652380954,0.0010723650326190924,0.14705901115988448
AEP,OGE,1,2022-02-14,2022-02-15,2022-04-25,47,signal,73.56441817501452,30.170424315606667,85.39026185059481,34.85845745395555,0.010734633707524038,0.006989981683640652,0.09633780166688508,0.0021609672964500626,0.0010804836482250723,0.09309635072220994
AEP,ORA,1,2022-02-14,2022-02-15,2022-04-25,47,signal,73.56441817501452,66.00865606784032,85.39026185059481,78.1419396834127,0.012337422882003632,0.001412209348806915,0.1309304906644612,0.002164792855996103,0.0010823964279980944,0.127683301380467
AEP,POR,1,2022-02-14,2022-02-15,2022-02-25,7,signal,73.56441817501452,42.112009530790296,74.088714276203,40.89936280522625,0.009695570368068491,0.0068193392600096915,0.015350478563561273,0.00199767939662326,0.0009988396983116802,0.012353959468626333
AEP,SR,1,2022-02-14,2022-02-15,2022-04-25,47,signal,73.56441817501452,52.51580427600598,85.39026185059481,63.68631544714588,0.011550446213830352,0.0028752458941492223,0.10664601872330441,0.002170213795716493,0.0010851068978582833,0.10339069802972962
AEP,SWX,1,2022-02-14,2022-02-15,2022-02-28,8,signal,73.56441817501452,56.372331096291134,75.40582389021921,58.5521321472073,0.011914853614921785,0.002203953447409388,0.019164165459820127,0.0020282659583092284,0.0010141329791546827,0.016121766522356216
AEP,UGI,1,2022-02-14,2022-02-15,2022-04-25,47,signal,73.56441817501452,29.978678830634085,85.39026185059481,29.444898729521878,0.013130348926233373,0.0011676112893373293,0.15805737358912117,0.0021566721095795877,0.0010783360547898342,0.15482236542475175
AEP,VST,1,2022-02-14,2022-02-15,2022-04-25,47,signal,73.56441817501452,20.229295049653263,85.39026185059481,23.628065144817615,0.013438204082126249,0.0006130469454282944,0.15899760617901745,0.0021631110483010833,0.0010815555241505815,0.1557529396065658
D,ES,-1,2022-02-14,2022-02-15,2022-04-20,44,signal,63.77587057243275,68.60287371847616,71.25543721050549,78.11454109240897,0.010525671915246849,0.0047865662290133585,-0.031075701875654754,0.0021235367912498153,0.001061768395624989,-0.03426100706252956
EVRG,OTTR,1,2022-02-14,2022-02-15,2022-03-04,12,signal,51.45685181433182,55.82440977550691,51.438127727442186,54.63490413746998,0.012701534904951482,0.006210990104837064,0.009143178127375945,0.0019929950230727234,0.0009964975115364146,0.006153685592766807
AEP,NEE,1,2022-02-15,2022-02-16,2022-04-27,48,signal,72.90879437919777,65.90820355882119,84.50653221715932,65.25685622497717,0.012023424574989785,0.001883499754659908,0.14281120215413284,0.0021398634754035014,0.001069931737701787,0.13960140694102754
AEP,OTTR,1,2022-02-15,2022-02-16,2022-04-25,46,signal,72.90879437919777,53.94358786837159,85.39026185059481,56.02589994508082,0.011139682441965384,0.003493314585291079,0.13391310603847192,0.002147693146084365,0.0010738465730422363,0.1306915663193453
AEP,AWK,1,2022-02-16,2022-02-17,2022-04-25,45,signal,72.43200966715844,133.65672776216783,85.39026185059481,149.20716750828996,0.011834148756169562,0.0010739560590653614,0.1388210094256699,0.002171614453403542,0.001085807226701819,0.13556358774556454
AEP,MDU,1,2022-02-16,2022-02-17,2022-02-25,5,signal,72.43200966715844,9.111876545540467,74.088714276203,8.834529014160188,0.010950976963187458,0.022759696910059465,0.026467906053024924,0.0020130262916030275,0.0010065131458015732,0.023448366615620324
ATO,ED,-1,2022-02-16,2022-02-17,2022-02-22,2,signal,94.69729207795771,69.78389949969132,95.03930419454528,72.60095683712096,0.006344698584183807,0.005717240989439916,0.015953717891648525,0.0020178860043801373,0.0010089430021901166,0.012926888885078272
AEP,ETR,1,2022-02-17,2022-02-18,2022-03-28,25,signal,72.62783159433405,44.664858101700545,82.2377358108908,49.20357904485914,0.00841865534130324,0.008704672305570663,0.04351529030220885,0.0021208973367070802,0.001060448668353557,0.04033394429714821
AEP,PPL,-1,2022-02-18,2022-02-22,2022-04-19,39,signal,72.83110578614982,21.98708456065991,86.69363190699926,25.20266499826737,0.009048653153795138,0.015493514740328763,-0.0734420021349908,0.002174545659216939,0.0010872728296084915,-0.07670382062381624
DTE,PEG,-1,2022-02-18,2022-02-22,2022-03-18,18,signal,103.02719358133308,55.27084424030677,110.45702016045823,56.88108799066345,0.004751654608593338,0.009235796711040927,-0.018381888459195635,0.002050197313035216,0.0010250986565176643,-0.021457184428748517
NWE,SR,-1,2022-02-18,2022-02-22,2022-02-25,3,signal,47.5765790825144,51.51837541736648,47.17196607488527,53.159718832147696,0.011784925274121337,0.008524940311147115,0.020769688500512806,0.002008999799561752,0.0010044998997809536,0.0177561888011701
AEE,AWK,1,2022-02-24,2022-02-25,2022-02-28,1,signal,73.11514604465052,135.08434949531772,74.02760095581904,137.95324678473057,0.009680234389247228,0.0021663677498535384,0.0046335716005973596,0.0020158807562925037,0.0010079403781462386,0.0016097504661586172
D,EXC,1,2022-02-24,2022-02-25,2022-02-28,1,signal,63.072892850963235,35.103214320254494,63.6873290709515,35.86267588321372,0.015165098503216257,0.001264968751607687,0.010369401909549894,0.0020121112546745757,0.0010060556273373544,0.007351235027537964
D,NI,1,2022-02-24,2022-02-25,2022-02-28,1,signal,63.072892850963235,24.77009005143724,63.6873290709515,24.802369414150437,0.014919468219123414,0.0024168716137254105,0.011100063053923437,0.0020110164725808885,0.0010055082362905123,0.008083538345052037
PCG,SWX,1,2022-02-24,2022-02-25,2022-04-08,30,signal,10.950079154084413,57.7418434157961,12.145721066630939,67.274503719993,0.03754102041461005,0.010196144651160111,-0.05016909142684891,0.0021416744976421997,0.0010708372488211777,-0.05338160317331229
SO,WTRG,1,2022-02-24,2022-02-25,2022-03-04,5,signal,54.07467758001794,40.44192960994789,56.01416454001574,40.96505314098113,0.009578449481355045,0.011920383262999103,0.01436634209600128,0.002024897213725041,0.0010124486068625706,0.011328996275413668
AEP,AWR,-1,2022-02-25,2022-02-28,2022-05-20,58,signal,75.40582389021921,75.38364371091353,85.00045428107764,72.28558604437137,0.009321157167085498,0.0039361763823169025,-0.09955123453864058,0.0020763247127448415,0.001038162356372518,-0.10266572160775794
AEP,IDA,-1,2022-02-25,2022-02-28,2022-05-13,53,signal,75.40582389021921,90.60035824736732,84.74301259844971,94.59913150020782,0.008392926813806196,0.004049182891886193,-0.06008061324211823,0.0020939639888241436,0.0010469819944121527,-0.06322155922535454
AEP,MDU,-1,2022-02-25,2022-02-28,2022-04-25,39,signal,75.40582389021921,8.900954875016259,85.56121332577116,9.095328941907015,0.01064261063151024,0.022118811236586405,-0.10166946804225184,0.0021110642368359156,0.001055532118418061,-0.10483606439750583
AEP,POR,-1,2022-02-25,2022-02-28,2022-04-27,41,signal,75.40582389021921,41.54370960713088,84.67571446384031,43.21441020653334,0.009553679706587076,0.006719541050957889,-0.07523639602047583,0.0020988281734661083,0.0010494140867331613,-0.0783846382806751
ATO,FE,-1,2022-02-25,2022-02-28,2022-04-18,34,signal,96.6839528086114,34.241696406767524,107.55697483762145,39.33291921566753,0.007865559777079657,0.0069799147089684155,-0.047866137855226615,0.0021199659009793004,0.0010599829504897612,-0.05104608670669568
PCG,PNW,1,2022-02-25,2022-02-28,2022-03-17,13,signal,10.989434204043533,58.77955512891819,11.644965205846836,60.744486387403064,0.03646141319523977,0.010192494267999112,0.005917572344845842,0.0020435362149255377,0.0010217681074628205,0.002852268022457484
SRE,UGI,-1,2022-02-25,2022-02-28,2022-04-26,40,signal,61.86690783457408,30.516895451026066,72.67624115414179,28.94399189082623,0.014815811670071281,0.0027052716775743204,-0.1622501166334583,0.002154061561247772,0.0010770307806239365,-0.16548120897533003
AEP,WTRG,-1,2022-02-28,2022-03-01,2022-05-17,54,signal,76.77392071023384,40.782985734669566,85.53251421718171,39.86761067776153,0.009049287643958988,0.007475171642615573,-0.08403006703132052,0.0020715506373188606,0.001035775318659451,-0.08713739298729882
AEP,AVA,-1,2022-03-03,2022-03-04,2022-04-25,35,signal,79.59504052413347,36.223650808855645,85.56121332577116,35.93450899302967,0.008770729263355722,0.008323176472049356,-0.0526851915387238,0.00204907320140535,0.001024536600702728,-0.05575880134083188
AEP,EIX,-1,2022-03-03,2022-03-04,2022-04-22,34,signal,79.59504052413347,52.50372999043155,86.84689059653721,59.12708551482044,0.008667015590384181,0.0058999133760258456,-0.02167352850417114,0.0021011452799640368,0.001050572639982054,-0.02482524642411723
AEP,EXC,-1,2022-03-03,2022-03-04,2022-04-25,35,signal,79.59504052413347,36.48378478709942,85.56121332577116,41.310390205204754,0.009650736805082199,0.0063401145152006564,-0.024889653745737834,0.0020870786260316796,0.0010435393130158975,-0.028020271684785412
AEP,SWX,-1,2022-03-03,2022-03-04,2022-03-21,11,signal,79.59504052413347,61.571096820221655,80.03533651728341,66.8490656235233,0.010982678607041932,0.002031524109323965,0.007900757171284642,0.0020140656838517753,0.001007032841925873,0.004879658645506994
ATO,ED,-1,2022-03-03,2022-03-04,2022-04-05,22,signal,101.41791919039298,75.56275968824058,107.10863833436085,81.83891790585145,0.005898263904985153,0.0053149563713203694,0.001858673361169419,0.0020665295753375125,0.0010332647876688304,-0.001241121001836924
D,EVRG,-1,2022-03-03,2022-03-04,2022-03-16,8,signal,65.26139291549669,51.54110696213175,65.80679381029739,53.83874128601517,0.011342098290150345,0.00503126529743901,0.0073908069044966935,0.0020167896209028592,0.0010083948104514652,0.004365622473142369
D,MDU,-1,2022-03-03,2022-03-04,2022-04-25,35,signal,65.26139291549669,8.817920320054341,69.30368457175526,9.095328941907015,0.013676012606446943,0.012100080950854712,-0.049868749275528645,0.0020570155935164466,0.0010285077967582313,-0.052954272665803326
AEP,NI,-1,2022-03-04,2022-03-07,2022-05-13,48,signal,81.58343812491995,26.394710485640974,84.74301259844971,25.93115053910266,0.008032973049764918,0.013045432465569107,-0.029409436598009896,0.0020186799728882437,0.0010093399864441657,-0.03243745655734231
CMS,CWEN,-1,2022-03-04,2022-03-07,2022-03-10,3,signal,58.15755017208031,26.510301759660074,56.58714015593,27.98282010163299,0.01437693361300787,0.006156053414862261,0.03362775510691198,0.0019851729919666524,0.000992586495983388,0.03064999561896194
D,EXC,-1,2022-03-04,2022-03-07,2022-04-25,34,signal,67.16055411188216,37.58135335665451,69.30368457175526,41.310390205204754,0.014212736028857595,0.0011855291904329288,-0.024005830804588707,0.0020330346608354024,0.0010165173304177424,-0.027055382795841854
D,FE,-1,2022-03-04,2022-03-07,2022-04-25,34,signal,67.16055411188216,35.79019101770027,69.30368457175526,38.377436894129055,0.013958739699938043,0.0017224405648471324,-0.023426428292962046,0.0020325946906205516,0.0010162973453103205,-0.02647532032889292
D,IDA,-1,2022-03-04,2022-03-07,2022-03-16,7,signal,67.16055411188216,96.72270374502129,65.80679381029739,97.24624668668457,0.01211749672037311,0.0019184010968794555,0.019391912409719856,0.0019833610415447515,0.000991680520772436,0.016416870847402665
D,NEE,-1,2022-03-04,2022-03-07,2022-03-16,7,signal,67.16055411188216,71.5589391569325,65.80679381029739,72.20104727446808,0.01264228619052782,0.00209948931965532,0.020445578568952523,0.0019828542681126528,0.0009914271340563836,0.017471297166783487
D,NI,-1,2022-03-04,2022-03-07,2022-04-25,34,signal,67.16055411188216,26.394710485640974,69.30368457175526,26.60970837988147,0.013986149353204125,0.0022656791020041543,-0.02745835368984614,0.002028672769384371,0.001014336384692224,-0.030501362843922734
D,NWE,-1,2022-03-04,2022-03-07,2022-04-25,34,signal,67.16055411188216,49.324579940801485,69.30368457175526,50.26685758965547,0.0142549554417678,0.000845676449146817,-0.02772388114398803,0.0020294860512049782,0.0010147430256025286,-0.030768110220795536
D,OGS,-1,2022-03-04,2022-03-07,2022-04-25,34,signal,67.16055411188216,75.2023404910484,69.30368457175526,75.56372846567808,0.014729246472602427,0.00013025147950098103,-0.029490002028237785,0.002029623419805394,0.0010148117099027373,-0.03253443715794592
D,ORA,-1,2022-03-04,2022-03-07,2022-03-16,7,signal,67.16055411188216,69.93921081194046,65.80679381029739,77.0121932901398,0.013829428104676137,0.0010058520974164373,0.0278228066016179,0.0019867015792000993,0.000993350789600105,0.024842754232817697
D,OTTR,-1,2022-03-04,2022-03-07,2022-04-25,34,signal,67.16055411188216,56.716913605152335,69.30368457175526,55.9139600850507,0.014098060543572412,0.0009216100804781555,-0.02892633911312493,0.002027653921221194,0.0010138269606106383,-0.03196781999495676
D,PNW,-1,2022-03-04,2022-03-07,2022-04-25,34,signal,67.16055411188216,61.48666566254448,69.30368457175526,63.99745122105798,0.014840493935234525,3.7549881942636166e-05,-0.029680955951478002,0.00202987893937954,0.0010149394696898108,-0.032725774360547355
D,POR,-1,2022-03-04,2022-03-07,2022-03-17,8,signal,67.16055411188216,44.600221070872195,65.9125168276664,44.733698557627186,0.013666091273581394,0.0018237635052638056,0.019280754764714324,0.0019815319566708926,0.0009907659783355172,0.016308456829707912
D,WEC,-1,2022-03-04,2022-03-07,2022-03-16,7,signal,67.16055411188216,81.1273923651914,65.80679381029739,80.91396525026308,0.009762881610162333,0.004240328421172177,0.014296867838381801,0.0019852673467513748,0.0009926336733757392,0.011318966818254688
D,XEL,-1,2022-03-04,2022-03-07,2022-03-16,7,signal,67.16055411188216,61.05706574830051,65.80679381029739,60.32555124693816,0.009904972780453993,0.005477576703092914,0.01138396408865521,0.0019819319408358946,0.0009909659704180013,0.008411066177401314
PCG,POR,1,2022-03-04,2022-03-07,2022-03-17,8,signal,10.881212988937344,44.511109740061265,11.644965205846836,44.8232555116965,0.051754823185377614,0.009817098104050966,0.038506376384312375,0.002042881103629277,0.001021440551814688,0.03544205472886841
AEE,AWK,-1,2022-03-07,2022-03-08,2022-03-21,9,signal,78.14308339782224,142.51638419145914,77.07429682571217,142.85511663170982,0.009084005439446657,0.0020329359426845134,0.012387634282317013,0.001990149894922741,0.0009950749474613861,0.009402409439932886
CWEN,NEE,1,2022-03-07,2022-03-08,2022-03-09,1,signal,26.910078613546958,74.37103080410216,28.100157226984308,72.81404609159169,0.016821355580015362,0.00735824711069738,0.03348381817526924,0.0020084043882377615,0.001004202194118884,0.0304712115929126
PCG,PPL,1,2022-03-07,2022-03-08,2022-03-15,5,signal,10.399133005119575,22.335148606663,11.046028180018716,22.646069384011962,0.07842709857771689,0.008285402174131151,0.05021262743087893,0.002054619464244213,0.0010273097321221525,0.04713069823451257
AWK,CWEN,1,2022-03-09,2022-03-10,2022-03-25,11,signal,138.74091839760868,27.98282010163299,143.27980737092716,28.20345239949383,0.003978756107140199,0.01601291977045129,0.01654797944453857,0.0020218145067323412,0.0010109072533661875,0.013515257684440042
D,XEL,-1,2022-03-17,2022-03-18,2022-04-21,23,signal,67.10372748618849,60.23889799835477,70.71870904908795,64.87973020473703,0.00995515201404624,0.005505326461421009,-0.008377540814050323,0.0020608538237771703,0.0010304269118886406,-0.011468821549716133
AEP,SRE,1,2022-03-18,2022-03-21,2022-04-05,11,signal,80.03533651728341,68.19174626978779,85.51772105737012,73.19796724989529,0.007035961226200177,0.006408394349260457,0.008562921309157822,0.0020709144980584704,0.0010354572490292745,0.005456549562070077
CPK,DUK,1,2022-03-18,2022-03-21,2022-05-05,32,signal,120.49074675774801,88.50096370662126,117.77531475378684,92.63547941999079,0.0034534669320714297,0.006595640953870437,-0.034629915518415585,0.0020175202770736445,0.0010087601385368851,-0.03765619593402612
CMS,CWEN,-1,2022-03-25,2022-03-28,2022-04-28,22,signal,59.87572013931592,28.18777299176739,61.18681071157337,24.9866144982036,0.013890179651369851,0.005947630432020612,-0.03525278460689152,0.001997806655022993,0.0009989033275115793,-0.038249494589426086
AEE,AWK,-1,2022-03-28,2022-03-29,2022-05-02,23,signal,80.37022656737824,148.06640779661984,81.75633124062169,139.9094338875166,0.008806399518000153,0.001970809707801388,-0.02628716435491786,0.0019952705377743406,0.0009976352688872057,-0.029280070161579404
EXC,NFG,-1,2022-03-29,2022-03-30,2022-04-25,17,signal,39.86685499952486,60.28191075039473,41.393093689099054,62.60917289050851,0.015285512961161634,0.006476149738388553,-0.006219688333067058,0.002037954838386164,0.0010189774191931393,-0.009276620590646361
D,NEE,-1,2022-03-30,2022-03-31,2022-04-27,18,signal,69.14088782805288,75.18282319629128,67.95372287152658,65.12647289585634,0.012242427550978048,0.0020330852744964907,-0.003948009084789615,0.0019636276548697603,0.0009818138274349851,-0.00689345056709436
D,ORA,-1,2022-03-30,2022-03-31,2022-04-25,16,signal,69.14088782805288,77.80048751443039,69.30368457175526,77.9858119317975,0.013357717936932295,0.0009715433278847912,6.11441169273458e-06,0.0020006566939329336,0.001000328346966548,-0.002994870629206747
D,IDA,-1,2022-04-01,2022-04-04,2022-04-25,14,signal,69.61971654136826,102.27575463682018,69.30368457175526,98.03296339319208,0.011646164136356397,0.0018437813163225973,-0.002154970985036038,0.0019872480485734973,0.0009936240242867985,-0.005135843057896334
D,POR,-1,2022-04-01,2022-04-04,2022-04-25,14,signal,69.61971654136826,46.098833301529154,69.30368457175526,44.58563213261339,0.013186483532827644,0.0017597590231541607,0.0034959783956906216,0.0019914974433885516,0.0009957487216943263,0.0005087322306077436
FE,POR,-1,2022-04-04,2022-04-05,2022-05-17,29,signal,38.610076709504,45.64084100615138,35.16361202373038,39.200444862376045,0.012892826029097984,0.01100353114352104,-0.02454774941761203,0.001884680517923584,0.0009423402589618561,-0.02737477019449747
AEP,SWX,-1,2022-04-06,2022-04-07,2022-04-19,7,signal,88.68723599892692,68.58671692717476,86.69363190699926,76.29012809882823,0.0098570544383371,0.001823311457512831,0.03568971197739838,0.001992930063567673,0.000996465031783861,0.032700316882046845
D,EVRG,-1,2022-04-06,2022-04-07,2022-04-21,9,signal,71.2267015100275,58.97452523057542,70.71870904908795,60.448763509350606,0.010263515871006575,0.004552814647740582,0.013926307313725985,0.002000584998653736,0.0010002924993269139,0.010925429815745336
NWE,SR,1,2022-04-07,2022-04-08,2022-05-12,23,signal,49.772731627621354,61.74781045916213,47.754320187403835,61.28571054988313,0.010589333762668216,0.007660077273446441,-0.015858734475744193,0.0019751769219772063,0.000987588460988673,-0.01882149985871007
AWK,CWEN,-1,2022-04-08,2022-04-11,2022-05-03,15,signal,153.607654497267,27.646909823009192,134.96550333190055,23.46895477413691,0.003774750988408884,0.015191879849672145,0.008764334068185872,0.001865846650449873,0.0009329233252249725,0.005965564092511027
EVRG,OTTR,-1,2022-04-08,2022-04-11,2022-05-03,15,signal,59.40683116202626,56.87845894751291,56.30184052477552,54.48992068306375,0.011461080605098893,0.005604413857199185,0.024150516077361472,0.0019503250534827637,0.00097516252674143,0.02122502849713728
PCG,PPL,-1,2022-04-08,2022-04-11,2022-04-19,5,signal,12.528648467363682,25.063827514542865,12.002783007367997,25.20266499826737,0.0658483761680025,0.006956527641077199,0.037558286147261845,0.001965072730559149,0.00098253636527961,0.03461067705142309
PCG,TXNM,-1,2022-04-08,2022-04-11,2022-04-25,9,signal,12.528648467363682,41.35276936160499,11.914236974429183,41.304691737195135,0.0724556582438405,0.0022105210726910424,0.04636510033000522,0.001953787778738253,0.000976893889369128,0.04343441866189784
SO,WTRG,-1,2022-04-08,2022-04-11,2022-05-20,28,signal,64.98594166081301,44.6584208788237,62.9613134713918,39.96338878164585,0.008293738405220874,0.010321559942006564,-0.029733758238984546,0.001934560410785899,0.0009672802053929642,-0.032635598855163414
AWK,NEE,-1,2022-04-11,2022-04-12,2022-05-06,17,signal,152.70404589532245,74.64367609495935,132.9374449418736,62.85944343259836,0.0034128043006220817,0.006414577350751447,-0.006274474559285592,0.0018568566300698008,0.0009284283150349336,-0.009059759504390327
PCG,POR,-1,2022-04-13,2022-04-14,2022-04-26,7,signal,11.929707959935946,45.665821505989314,11.687954809023049,43.3640006552717,0.04855522990106464,0.009210184212129147,-0.0074950796236753475,0.0019667346128711704,0.0009833673064356535,-0.010445181542982171
PCG,SWX,1,2022-04-14,2022-04-18,2022-05-04,12,signal,12.199551164669383,72.79785589879455,12.518829941110793,74.65033863949012,0.031270462649171875,0.008493060576360142,-0.0037240151428150105,0.0020252379371896757,0.001012618968594869,-0.006761872048599555
DTE,PEG,1,2022-04-20,2022-04-21,2022-04-27,4,signal,120.72037343190597,64.07384787141238,117.09088772959984,61.46718314281955,0.004077225039489903,0.007924907155876428,0.00782386484226877,0.00196451886758588,0.000982259433792999,0.004877086540889891
PCG,VST,1,2022-04-20,2022-04-21,2022-04-29,6,signal,12.199551536844655,24.41038076656655,12.66610911437829,23.553350755544475,0.03854571710416686,0.021699746682029217,0.038580434659952104,0.001999304125459465,0.0009996520627297912,0.03558147847176285
AEP,ETR,1,2022-04-22,2022-04-25,2022-05-04,7,signal,85.56121332577116,52.934554954433445,84.09865706487469,50.62786583200699,0.0071294390943623985,0.007371655985781468,0.008549927694259633,0.0019730148017274886,0.0009865074008638026,0.005590405491668342
D,WEC,1,2022-04-26,2022-04-27,2022-05-09,8,signal,67.95372287152658,87.77444194287703,67.80983729558713,85.8587535448984,0.009429761919480266,0.004095643998226709,0.008480537250143853,0.0019913662852464598,0.0009956831426232997,0.005493487822274094
ES,WEC,1,2022-04-26,2022-04-27,2022-05-11,10,signal,75.27858678542512,87.77444194287703,74.56768899412441,86.41589456241233,0.006678838018812482,0.0056648728718895125,0.004935597055806968,0.001987570051064932,0.0009937850255325453,0.001954241979209491
ATO,ED,1,2022-04-27,2022-04-28,2022-06-02,24,signal,104.66966431270677,81.45328179316243,105.02123517118879,85.6773048419663,0.0056168242564053495,0.005061349635938943,-0.017380859910965458,0.0020236858835286572,0.0010118429417643304,-0.020416388736258444
PCG,PNW,-1,2022-04-27,2022-04-28,2022-05-10,8,signal,12.4108236603984,61.64334919428537,11.992945600092547,61.96370304706728,0.033740543690889295,0.00943189712167988,0.019110242086638897,0.0019892645534524767,0.0009946322767263056,0.016126345256460117
PCG,POR,-1,2022-04-27,2022-04-28,2022-05-11,9,signal,12.4108236603984,42.859588448112405,11.678116942875727,39.35003789312579,0.048673801022362816,0.009232675339688837,0.005192600398200277,0.001931520284169327,0.0009657601420847316,0.0022953199719462185
AEP,POR,-1,2022-04-28,2022-04-29,2022-05-20,15,signal,86.61387935735532,40.9027125014801,85.00045428107764,40.31404918787126,0.008662464138640696,0.00609270827259507,0.012371128440807226,0.001981445417766015,0.0009907227088830897,0.009398960314158121
AEP,SRE,-1,2022-04-28,2022-04-29,2022-05-09,6,signal,86.61387935735532,72.23783010528784,84.8717374713342,71.64720309015908,0.0065604104864617,0.005975259973536712,0.00988479233852502,0.0019847764033562687,0.0009923882016781905,0.006907627733490561
D,XEL,1,2022-04-28,2022-04-29,2022-05-25,18,signal,68.05131015153306,64.56060201951291,68.92172930274116,66.01214091569669,0.009641165043300749,0.005331687648457871,0.0026694581196599907,0.0020167554300521955,0.001008377715026122,-0.0003556750254183269
PCG,PPL,-1,2022-04-28,2022-04-29,2022-05-20,15,signal,12.66610911437829,24.960581387700582,11.9535927956534,25.14255544971619,0.06530354192642056,0.00689896882669277,0.049738736128016735,0.0019534634537946467,0.0009767317268973598,0.04680854094732473
PCG,TXNM,-1,2022-04-28,2022-04-29,2022-05-20,15,signal,12.66610911437829,41.31622266750024,11.9535927956534,40.659528215842684,0.07174615585210864,0.002188875144325175,0.051628739970312705,0.001945855282555448,0.0009729276412777513,0.048709957046479506
D,ES,1,2022-04-29,2022-05-02,2022-05-17,11,signal,66.6688022832323,73.70608413421887,67.98027858942412,74.85946861112676,0.009984652403450301,0.004540536736050399,0.009876651960056965,0.002019001495561214,0.001009500747780689,0.006848149716715063
D,EVRG,1,2022-04-29,2022-05-02,2022-05-09,5,signal,66.6688022832323,56.681128291882345,67.80983729558713,56.57745120589883,0.010896727706766056,0.004833702421209356,0.014947542350409569,0.002012850335350063,0.0010064251676751177,0.011928266847384388
ATO,FE,1,2022-05-02,2022-05-03,2022-05-24,15,signal,100.6435580598199,35.88485554142327,102.7972852294301,35.93644214424002,0.007551775572813938,0.006701461929399125,0.017936423794573168,0.0020176652194485774,0.0010088326097243677,0.014909925965400224
CWEN,NEE,-1,2022-05-04,2022-05-05,2022-05-25,14,signal,25.20565765542156,64.2580618986361,26.50246792688176,66.26441998251283,0.01875767068869251,0.008205258814721433,-0.005821563749534013,0.0020408889150131644,0.0010204444575066343,-0.00888289712205381
CNP,UGI,1,2022-05-06,2022-05-09,2022-06-30,36,signal,27.27259029026648,30.045163973829954,25.89585699457489,31.16327903671259,0.022568992540229486,0.012804553621174787,-0.04340478608171489,0.0019836616759581057,0.0009918308379791006,-0.0463802785956521
PCG,VST,1,2022-05-06,2022-05-09,2022-05-10,1,signal,12.160195569549291,24.634069066833536,11.968983670821634,22.83423496823634,0.03841727471655801,0.02162743858962001,0.03353359006804404,0.001953628671624173,0.0009768143358121761,0.03060314706060769
AEP,SRE,-1,2022-05-10,2022-05-11,2022-05-20,7,signal,84.7278580037047,69.7476196121777,85.00045428107764,71.21403363273066,0.006744191387971881,0.006142648686020548,0.009179792006142037,0.002010567315882065,0.0010052836579410788,0.006163941032318893
AWK,CWEN,1,2022-05-10,2022-05-11,2022-06-24,30,signal,130.62344809624267,24.783220312077248,132.53149368422132,26.9703820676864,0.004341493963867128,0.017472796184351092,-0.02788532532280986,0.0020467378521637873,0.0010233689260819626,-0.03095543210105561
SRE,UGI,1,2022-05-10,2022-05-11,2022-05-24,9,signal,69.7476196121777,29.940677732863158,71.67783916536193,32.68255375543258,0.013306651047411952,0.0024297086790490384,0.021056874565305195,0.00203407649510461,0.001017038247552319,0.018005759822648265
AEP,EIX,-1,2022-05-13,2022-05-16,2022-06-09,17,signal,85.52435326127916,53.79496693930299,86.21904596024524,56.62715596555913,0.00818375300745059,0.005570941153990612,0.012113437759961668,0.0020206728221283323,0.001010336411064202,0.009082428526769134
ES,WEC,1,2022-05-16,2022-05-17,2022-05-27,8,signal,74.85946861112676,88.87221900229922,77.4249935944895,90.71632696318072,0.006656017420428964,0.005645516841942545,0.008692723317183763,0.002027486886892511,0.0010137434434463225,0.00565149298684493
AEE,AWK,-1,2022-05-24,2022-05-25,2022-06-02,5,signal,83.59308535775322,134.45192200028444,82.92028046982833,138.6212827924191,0.008792284066243774,0.001967650769884182,0.01612069930388848,0.0020013616355268036,0.001000680817763437,0.013118656850598239
AEP,AES,-1,2022-05-24,2022-05-25,2022-06-09,10,signal,87.65689654900582,17.688071182575413,86.21904596024524,18.41952169552265,0.010603516257438899,0.0039386922512998695,0.02011316375386567,0.001985933192620145,0.0009929665963100821,0.017134263964935444
AEP,AVA,-1,2022-05-24,2022-05-25,2022-06-09,10,signal,87.65689654900582,35.17788801980889,86.21904596024524,34.56948529249142,0.008258039121183607,0.00783664788353083,0.00908845749641611,0.001982469029381162,0.0009912345146906182,0.006114753952344331
AEP,AWK,-1,2022-05-24,2022-05-25,2022-06-09,10,signal,87.65689654900582,134.45192200028444,86.21904596024524,138.9570977274115,0.010006599961695404,0.000908104915776336,0.020467379412520213,0.001988211541864535,0.0009941057709322732,0.017485062099723406
AEP,CNP,-1,2022-05-24,2022-05-25,2022-06-09,10,signal,87.65689654900582,28.13097556423938,86.21904596024524,28.065806136836983,0.010186724318654299,0.0037778888628764926,0.016384332577173748,0.001983547872038481,0.0009917739360192498,0.013409010769116016
AEP,CPK,-1,2022-05-24,2022-05-25,2022-06-09,10,signal,87.65689654900582,122.73336794072915,86.21904596024524,118.48498175968935,0.009765709227043966,0.0011672005882078197,0.011062495070601638,0.001979583158275449,0.000989791579137739,0.008093120333188451
AEP,CWEN,-1,2022-05-24,2022-05-25,2022-06-30,24,signal,87.65689654900582,26.50246792688176,81.19023518505668,27.01919581695711,0.010656563405047136,0.002452926706698512,0.07211056947959243,0.0019306869940380039,0.0009653434970190315,0.0692145389885354
AEP,ETR,-1,2022-05-24,2022-05-25,2022-06-07,8,signal,87.65689654900582,51.36648403712705,87.73800130774399,52.23809581763296,0.00710211125707224,0.007343399707458289,0.007831070424916398,0.0020064917509685512,0.0010032458754843335,0.004821332798463513
AEP,FE,-1,2022-05-24,2022-05-25,2022-06-28,22,signal,87.65689654900582,36.322850322864596,81.6021509913554,32.17591164735357,0.009220653478845105,0.005261922022354382,0.035928992846283606,0.0019211500986368747,0.0009605750493184945,0.03304726769832824
AEP,IDA,-1,2022-05-24,2022-05-25,2022-06-09,10,signal,87.65689654900582,94.84145556514702,86.21904596024524,94.54630084588415,0.00749314204213704,0.0036150800830985403,0.011694551485581624,0.0019875407356679444,0.0009937703678339974,0.008713240382079683
AEP,MDU,-1,2022-05-24,2022-05-25,2022-06-09,10,signal,87.65689654900582,8.979561587337628,86.21904596024524,9.14676432548794,0.009399516490899864,0.019535256731260515,0.01876991972564894,0.0019884709892076906,0.0009942354946038676,0.01578721324183738
AEP,NEE,-1,2022-05-24,2022-05-25,2022-06-07,8,signal,87.65689654900582,66.39708148397932,87.73800130774399,70.7581694333338,0.010189990287736601,0.0015962876539236776,0.008141313828101486,0.0020062196807027017,0.0010031098403513864,0.005131984307047397
AEP,OGE,-1,2022-05-24,2022-05-25,2022-06-09,10,signal,87.65689654900582,33.97257364879236,86.21904596024524,33.84631829343668,0.009103805176699637,0.005928048703884563,0.014326444464045185,0.0019849807264407035,0.0009924903632203652,0.011348973374384116
AEP,ORA,-1,2022-05-24,2022-05-25,2022-06-09,10,signal,87.65689654900582,76.4750271787119,86.21904596024524,80.34997587038379,0.01036380598362882,0.0011862982925429852,0.021486528805243633,0.001988079253260451,0.0009940396266302364,0.018504409925352946
CMS,WTRG,-1,2022-05-24,2022-05-25,2022-06-02,5,signal,62.68965640990822,40.034665578894995,62.359978508275866,40.8601654134748,0.010627982788836853,0.00832782147108508,0.012381141770439842,0.0020027154592404516,0.0010013577296203095,0.00937706858157908
DTE,PEG,-1,2022-05-24,2022-05-25,2022-06-14,13,signal,116.39761583007834,59.22246786308979,106.08076479578052,54.5790733365951,0.004319469420792438,0.008395757847771398,0.007494952764872914,0.001916446239469221,0.0009582231197346588,0.004620283405669034
AEP,AWR,-1,2022-05-26,2022-05-27,2022-06-09,8,signal,87.71682677500867,71.45691142070612,86.21904596024524,72.08584069909175,0.008478197228269656,0.0035802078107190815,0.016938771122352057,0.0019885924552031373,0.0009942962276016146,0.013955882439547306
AEP,EXC,-1,2022-05-27,2022-05-31,2022-06-09,7,signal,88.02516803021983,42.39166685728602,86.21904596024524,40.981399095908195,0.008625527252481061,0.005666596410122308,0.00956273619726786,0.001975399295329315,0.0009876996476646783,0.006599637254273868
AEP,NJR,-1,2022-05-27,2022-05-31,2022-06-09,7,signal,88.02516803021983,39.382894348323056,86.21904596024524,39.774350460077144,0.010736507936136033,0.0013717891452530307,0.021907822526213094,0.001979383343353237,0.00098969167167662,0.018938747511183237
AEP,OTTR,-1,2022-05-27,2022-05-31,2022-06-06,4,signal,88.02516803021983,58.819167065531,87.83237982369694,60.126146528892285,0.009386139792844014,0.0029434177507970355,0.007657260541672375,0.002000736932452038,0.0010003684662260532,0.004656155142994284
AEP,POR,-1,2022-05-27,2022-05-31,2022-06-07,5,signal,88.02516803021983,40.21989601482299,87.73800130774399,41.95952652801047,0.008593020252296732,0.006043865202766742,0.01498875460111928,0.0020070328147736146,0.0010035164073868403,0.011978205378958823
AEP,SR,-1,2022-05-27,2022-05-31,2022-06-09,7,signal,88.02516803021983,64.9649833976635,86.21904596024524,64.06625350140453,0.009590594633659143,0.00238738117405886,0.017155343321963896,0.0019791695248247733,0.000989584762412398,0.014186589034726724
AEP,SWX,-1,2022-05-27,2022-05-31,2022-06-09,7,signal,88.02516803021983,80.64757197942664,86.21904596024524,80.15035762403507,0.009707212413622296,0.0017955943862327098,0.018619787349430376,0.001980172076551253,0.000990086038275635,0.015649529234603488
AEP,UGI,-1,2022-05-27,2022-05-31,2022-06-09,7,signal,88.02516803021983,34.1322429782423,86.21904596024524,35.004455921632605,0.010971475209638364,0.0009756342643617199,0.022645975202264426,0.001979190852566099,0.0009895954262830447,0.01967718892341528
AEP,VST,-1,2022-05-27,2022-05-31,2022-06-09,7,signal,88.02516803021983,24.748756009178706,86.21904596024524,24.923001099897785,0.01120558861241385,0.0005111956797637398,0.02230565751090076,0.0019779232733685096,0.0009889616366842511,0.019338772600848
AEP,SRE,-1,2022-06-03,2022-06-06,2022-06-14,6,signal,87.65689055331993,70.48415339887801,79.91159039918354,64.95284365564376,0.006584237360052436,0.005996961628388196,0.019741383223217175,0.0019155408684380173,0.0009577704342190118,0.016868071920560147
FE,POR,1,2022-06-03,2022-06-06,2022-07-28,36,signal,35.28962671053492,41.51076995113102,33.06455027408204,43.26268008388608,0.014140735136087745,0.012068573570375694,-0.05061765055817506,0.0019896223130962377,0.0009948111565481735,-0.05360208402781948
PCG,VST,1,2022-06-07,2022-06-08,2022-07-13,23,signal,11.992943546569663,25.389036162279126,9.818688918247593,20.897910755795888,0.03803971529302651,0.021414887248937836,0.015289870493018276,0.001820953328256294,0.0009104766641282113,0.012558440500633771
D,ES,1,2022-06-08,2022-06-09,2022-06-24,10,signal,66.41811098870076,76.46456541781347,63.31557621325786,69.52653408642199,0.009885432727824571,0.004495416429011773,0.0024582081065349856,0.0019387668827763604,0.0009693834413882684,-0.0004499422176296432
D,EVRG,1,2022-06-08,2022-06-09,2022-06-28,12,signal,66.41811098870076,58.00194824851366,64.51005951704066,54.95901188572671,0.010856971045732872,0.004816066680107377,-0.0040951683777378615,0.001965506777338477,0.000982753388669343,-0.007043428543745681
D,NEE,1,2022-06-08,2022-06-09,2022-06-30,14,signal,66.41811098870076,69.40973125957764,64.28915948885935,67.0775093974442,0.012838603983433027,0.0021320915802948235,-0.020391172821898944,0.0019690817888664376,0.0009845408944332747,-0.023344795505198655
AEE,AWK,1,2022-06-09,2022-06-10,2022-06-29,12,signal,78.411075220672,134.4011051333805,78.92242270436242,132.41493181935843,0.009221615939664031,0.0020637321959284718,0.010815896675202455,0.002001516754054542,0.0010007583770273395,0.007813621544120573
AEP,NEE,1,2022-06-09,2022-06-10,2022-06-30,13,signal,83.61883096235935,67.91047626220524,81.02801693293868,67.0775093974442,0.010617481748060539,0.0016632552683181834,-0.024149853912986782,0.0019726302308580956,0.0009863151154290927,-0.02710879925927397
AEP,NI,1,2022-06-09,2022-06-10,2022-07-01,14,signal,83.61883096235935,26.018194975647496,82.21848601838438,25.81734412657631,0.00794718208596381,0.012906109176733202,-0.0065496653346592704,0.0019869279319163088,0.0009934639659582288,-0.009530057232533808
AEP,OTTR,1,2022-06-09,2022-06-10,2022-06-30,13,signal,83.61883096235935,60.360543931119125,81.02801693293868,58.710752395145064,0.00975773276338638,0.003059946309896451,-0.0182612839614966,0.001970913454620334,0.0009854567273102108,-0.021217654143427144
AEP,POR,1,2022-06-09,2022-06-10,2022-07-01,14,signal,83.61883096235935,40.67140004055338,82.21848601838438,40.7484808026718,0.008915040377484765,0.00627035672403301,-0.010978488497182632,0.0019889670958037073,0.0009944835479019283,-0.013961939140888268
AEP,PPL,1,2022-06-09,2022-06-10,2022-06-13,1,signal,83.61883096235935,24.60158116214423,83.16055859657513,24.100167735181827,0.007955360501916404,0.01362152942610862,0.005174483520556848,0.0019901876484221034,0.0009950938242111386,0.0021892020479236064
CMS,CWEN,1,2022-06-09,2022-06-10,2022-06-29,12,signal,58.928594268757365,28.046243122299778,58.199342303284695,26.859553169699428,0.01410619179063534,0.006040124582955125,-0.0011353470816986124,0.001983865851909431,0.000991932925954773,-0.004111145859562817
D,EXC,1,2022-06-09,2022-06-10,2022-06-28,11,signal,64.48346554787449,39.44203767153473,64.51005951704066,37.67862470531513,0.014768360186460522,0.0012318755558625358,0.0045650851072094375,0.002000030463798823,0.001000015231899483,0.0015650394115111314
D,FE,1,2022-06-09,2022-06-10,2022-06-28,11,signal,64.48346554787449,33.72685733685492,64.51005951704066,32.24032788688781,0.014580459843678839,0.0017991578056999358,0.005061728713070059,0.0019994753502475095,0.0009997376751238194,0.0020625156876987304
D,IDA,1,2022-06-09,2022-06-10,2022-06-30,13,signal,64.48346554787449,92.35409394708695,64.28915948885935,92.42429944141715,0.012649442071155684,0.0020026168856657218,-0.0005995163540562157,0.0019989415919424306,0.0009994707959712322,-0.0035979287419698786
D,MDU,1,2022-06-09,2022-06-10,2022-06-30,13,signal,64.48346554787449,8.974948255785494,64.28915948885935,8.989539628375095,0.013818313616938895,0.012225984150558502,-0.0008643227533019891,0.001999053197855918,0.00099952659892798,-0.003862902550085887
D,NI,1,2022-06-09,2022-06-10,2022-06-28,11,signal,64.48346554787449,26.018194975647496,64.51005951704066,25.599290834426878,0.01456917428531039,0.0023601259273069272,0.0033772749886560554,0.0020011562921849087,0.0010005781460925229,0.0003755405503786239
D,NWE,1,2022-06-09,2022-06-10,2022-06-28,11,signal,64.48346554787449,48.15276161656577,64.51005951704066,48.702687891198096,0.014863573341715222,0.0008817827580453105,0.0019130780028671095,0.0020027120988852835,0.0010013560494427122,-0.0010909901454608862
D,OGS,1,2022-06-09,2022-06-10,2022-06-28,11,signal,64.48346554787449,72.19964252154631,64.51005951704066,70.23539418405575,0.015370864199172714,0.00013592533785587285,0.0026778685721769967,0.002002105164700549,0.0010010525823503436,-0.00032528917487389584
D,ORA,1,2022-06-09,2022-06-10,2022-06-28,11,signal,64.48346554787449,80.25246450769413,64.51005951704066,72.40991069809759,0.01423247053760007,0.0010351664749478756,0.010490784672915539,0.0019939380086110773,0.0009969690043056018,0.00749987765999886
D,OTTR,1,2022-06-09,2022-06-10,2022-06-28,11,signal,64.48346554787449,60.360543931119125,64.51005951704066,59.288921684047594,0.014626544083799629,0.0009561577940827935,0.003414754490969011,0.0020011366647468354,0.0010005683323734838,0.0004130494938486917
D,PNW,1,2022-06-09,2022-06-10,2022-06-28,11,signal,64.48346554787449,60.26538165839977,64.51005951704066,60.911549731776134,0.015486664284059558,3.9184842370442744e-05,0.0023889619837721273,0.002002430105415065,0.0010012150527076023,-0.0006146831743505401
D,POR,1,2022-06-09,2022-06-10,2022-06-30,13,signal,64.48346554787449,40.67140004055338,64.28915948885935,40.504628328955725,0.01431595197976549,0.0019104885399293264,-0.0004644726426679304,0.00199858812377848,0.0009992940618892556,-0.0034623548283356656
D,WEC,1,2022-06-09,2022-06-10,2022-06-30,13,signal,64.48346554787449,84.97785037820537,64.28915948885935,85.51057375415424,0.00986538081301626,0.004284847068469567,-0.002198635852205651,0.002000905609994743,0.0010004528049974083,-0.0051999942671978015
EVRG,OTTR,1,2022-06-09,2022-06-10,2022-07-12,20,signal,56.07942891382881,60.360543931119125,54.42884756270135,60.52656118633474,0.011686479377948682,0.005714632784146881,-0.018255952718699307,0.0019822598522676155,0.0009911299261338574,-0.02122934249710078
EXC,NFG,1,2022-06-09,2022-06-10,2022-06-30,13,signal,39.52100070991617,63.32601833003436,37.757273380508174,57.938590275367325,0.015074253781561426,0.006386643675741107,0.009760105870064487,0.0019393959211868221,0.0009696979605934496,0.006851011988284216
SRE,UGI,1,2022-06-09,2022-06-10,2022-07-05,15,signal,67.4503307255535,34.20068910625268,66.82552406830524,31.84585606191032,0.013580678381423955,0.0024797443032923846,-0.0006585793518488576,0.001987335083899684,0.0009936675419498617,-0.0036395819776984034
AEP,AVA,1,2022-06-10,2022-06-13,2022-07-05,14,signal,83.32704620137307,34.57758920335818,83.60591454469922,36.223155493609376,0.00861402030062723,0.008174464054600728,-0.00903273189596453,0.002016713022542776,0.0010083565112714518,-0.01205780142977876
PCG,POR,1,2022-06-10,2022-06-13,2022-07-19,24,signal,10.595902002263461,40.72958530596318,10.289986990553793,41.690254309637346,0.05458864101720023,0.010354629989038095,-0.024653322244768613,0.001993534586206991,0.0009967672931035785,-0.027643624124079183
PCG,PPL,1,2022-06-10,2022-06-13,2022-07-18,23,signal,10.595902002263461,24.05201555189475,10.221254003863276,23.791895130592007,0.07616826935031704,0.008046768985716768,-0.024472589545184144,0.0019705711698278006,0.000985285584913962,-0.02742844629992591
PCG,TXNM,1,2022-06-10,2022-06-13,2022-07-18,23,signal,10.595902002263461,39.59823119938308,10.221254003863276,41.06344596128218,0.0847844705272592,0.002586655939370913,-0.03358075666936413,0.001973581975413258,0.000986790987706697,-0.036541129632484085
AEP,AES,1,2022-06-13,2022-06-14,2022-06-30,11,signal,79.91159039918354,16.152499519145397,81.02801693293868,16.769432300963796,0.011649901578328226,0.004327373671236333,0.012353969001125661,0.0020174084404076084,0.0010087042202037975,0.009327856340514256
AEP,AWK,1,2022-06-13,2022-06-14,2022-06-30,11,signal,79.91159039918354,127.70329669088044,81.02801693293868,132.30579780907541,0.010937028883760093,0.0009925418954839036,0.009660494776381395,0.0020182807139252383,0.0010091403569626222,0.006633073705493535
AEP,AWR,1,2022-06-13,2022-06-14,2022-07-05,13,signal,79.91159039918354,68.17286432769414,83.60591454469922,75.50508021634089,0.009203959499363111,0.003886685671723539,0.007567838445639307,0.0020634470691807366,0.0010317235345904201,0.0044726678418681495
AEP,CNP,1,2022-06-13,2022-06-14,2022-06-29,10,signal,79.91159039918354,25.779294349085845,81.56759399132824,26.18130462292513,0.011185439616983765,0.004148276367703136,0.01887725993532842,0.0020217814684270396,0.0010108907342135426,0.015844587732687838
AEP,CPK,1,2022-06-13,2022-06-14,2022-06-30,11,signal,79.91159039918354,113.167435293099,81.02801693293868,115.7378964153451,0.010709951450602852,0.0012800567109046243,0.010683215835269079,0.002016677870237198,0.001008338935118597,0.007658199029913284
AEP,EIX,1,2022-06-13,2022-06-14,2022-06-28,9,signal,79.91159039918354,51.12240784656159,81.43910973063342,51.942783082924656,0.00872088629883798,0.005936584881928659,0.010470082017626878,0.002018986834477072,0.0010094934172385664,0.00744160176591124
AEP,ETR,1,2022-06-13,2022-06-14,2022-06-24,7,signal,79.91159039918354,47.405700902430695,79.22950075447831,45.94130870812867,0.0077581267450674805,0.008021702787804326,0.008438628193722946,0.0019834471613727374,0.0009917235806864303,0.005463457451663778
AEP,EXC,1,2022-06-13,2022-06-14,2022-06-28,9,signal,79.91159039918354,37.466515748601196,81.43910973063342,37.67862470531513,0.00957210130901173,0.00628845441296019,0.015304759630018115,0.002017027342782104,0.0010085136713910768,0.012279218615844934
AEP,IDA,1,2022-06-13,2022-06-14,2022-07-05,13,signal,79.91159039918354,88.51555580232805,83.60591454469922,95.54716984624693,0.008158004380893022,0.003935844134456838,0.004521398915233076,0.002058423242199741,0.0010292116210999446,0.0014337640519333907
AEP,MDU,1,2022-06-13,2022-06-14,2022-06-30,11,signal,79.91159039918354,8.786285325916438,81.02801693293868,8.989539628375095,0.010192557768688148,0.02118345480347836,0.00909056233012884,0.0020169487200787225,0.0010084743600393751,0.006065139250010742
AEP,NJR,1,2022-06-13,2022-06-14,2022-06-30,11,signal,79.91159039918354,37.34686449907734,81.02801693293868,37.931175697028294,0.011819172284419586,0.0015101197095074572,0.014328723816200048,0.0020158661273622512,0.0010079330636811202,0.011304924625156677
AEP,NRG,1,2022-06-13,2022-06-14,2022-06-28,9,signal,79.91159039918354,36.46754647231334,81.43910973063342,34.86445514401617,0.011364412187323902,0.002541060179387071,0.023447849064619337,0.0020149382196607943,0.0010074691098304151,0.020425441735128128
AEP,OGE,1,2022-06-13,2022-06-14,2022-06-30,11,signal,79.91159039918354,30.90206679732282,81.02801693293868,31.699379458896825,0.010002586518751584,0.0065133006360615885,0.007991578307876633,0.002017562377930775,0.0010087811889653892,0.004965234740980469
AEP,ORA,1,2022-06-13,2022-06-14,2022-06-29,10,signal,79.91159039918354,73.65008731330389,81.56759399132824,75.11674346946941,0.011328801334503242,0.0012967569733464068,0.01888093801239784,0.002022298905775888,0.0010111494528879717,0.01584748965373398
AEP,PPL,1,2022-06-13,2022-06-14,2022-06-28,9,signal,79.91159039918354,23.227666364998083,81.43910973063342,23.896052599795457,0.008358196543694307,0.014311283585665937,0.005224848840322777,0.0020230069947128676,0.0010115034973564587,0.0021903383482534513
AEP,SR,1,2022-06-13,2022-06-14,2022-06-30,11,signal,79.91159039918354,60.63576269467659,81.02801693293868,61.572806685659174,0.01053286910722482,0.002621941013663782,0.011317891272679388,0.002015590796368152,0.0010077953981840772,0.00829450507812716
AEP,SWX,1,2022-06-13,2022-06-14,2022-06-29,10,signal,79.91159039918354,75.66070674191752,81.56759399132824,75.59631992212444,0.010656308299580274,0.0019711536685691287,0.01979274374772842,0.002018942608579469,0.0010094713042897484,0.0167643298348592
AEP,UGI,1,2022-06-13,2022-06-14,2022-06-29,10,signal,79.91159039918354,32.666192761952374,81.56759399132824,32.211528237462645,0.012086126439438589,0.0010747542014555643,0.022524729374608927,0.002021407967835465,0.0010107039839177506,0.019492617422855713
AEP,VST,1,2022-06-13,2022-06-14,2022-06-29,10,signal,79.91159039918354,21.856564509918,81.56759399132824,21.858081752586177,0.012371667637196822,0.0005643918643061386,0.022509131228037972,0.002022461499437804,0.0010112307497189194,0.019475438978881248
AEP,WTRG,1,2022-06-13,2022-06-14,2022-07-05,13,signal,79.91159039918354,37.52552966702098,83.60591454469922,41.06411019757164,0.009020322370718759,0.0074512448543793165,0.009017745039652112,0.002060580275242953,0.001030290137621515,0.005926874626787645
CMS,WTRG,1,2022-06-13,2022-06-14,2022-07-01,12,signal,56.81900790858678,37.52552966702098,59.28261193697962,40.32256414558913,0.011601500670497918,0.00909064573213844,0.005209301913560067,0.0020546476715587424,0.001027323835779432,0.002127330406221893
CPK,DUK,-1,2022-06-13,2022-06-14,2022-06-24,7,signal,113.167435293099,88.1121932498245,111.2790338591416,87.90222033586852,0.003553728189802312,0.006787125995014212,0.007278013811444279,0.0019922610244862784,0.000996130512243182,0.0042896222747148185
D,XEL,1,2022-06-13,2022-06-14,2022-06-27,8,signal,63.04065979723044,59.20407663409065,63.59374902746491,59.679493708475114,0.010443747791728316,0.005775526179116572,0.005039698707782149,0.0020091580399986906,0.0010045790199993878,0.002025961647784071
ATO,FE,1,2022-06-14,2022-06-15,2022-06-27,7,signal,95.78553906361766,32.37709867959242,98.07923353853093,31.341489049211585,0.008035348031190815,0.0071305851718303165,0.02782728562030625,0.0020121495629604187,0.0010060747814802646,0.024809061275865567
AWK,NEE,1,2022-06-14,2022-06-15,2022-06-30,10,signal,122.4844832759482,64.28204770613084,132.04145056070564,67.0775093974442,0.0041100649122604626,0.007725121915574984,0.019745379977690852,0.002060906448703296,0.001030453224351694,0.016654020304635864
NWE,SR,1,2022-06-14,2022-06-15,2022-06-24,6,signal,45.984157087413095,60.86002410359821,46.755552750699884,60.03306103871971,0.011110245643418523,0.008036892788816337,0.01721859174011394,0.002001982939990491,0.0010009914699952937,0.014215617330128156
SO,WTRG,1,2022-06-15,2022-06-16,2022-07-13,17,signal,56.5517704979688,36.228247908630465,61.240610761921324,39.78166108742465,0.009839955887666119,0.012245828064375928,0.004713375358034587,0.0020898808256301603,0.001044940412815189,0.0015785541195892376
PCG,PNW,1,2022-06-23,2022-06-24,2022-07-11,10,signal,9.73996194669009,58.42552244559072,10.07397626157246,59.05968721712246,0.038345080794930174,0.010719058367691405,0.008029262600484456,0.0020191059104391396,0.0010095529552196334,0.005000603734825684
PCG,SWX,1,2022-06-23,2022-06-24,2022-07-08,9,signal,9.73996194669009,74.97131500996534,9.99542604067446,74.95734187688201,0.03320843588217106,0.009019414287460814,0.01061725311531531,0.002007660653866143,0.001003830326933161,0.007605762134516005
ES,WEC,1,2022-06-27,2022-06-28,2022-07-21,16,signal,71.29929508623795,85.5895764607218,69.87627136650559,82.87750200232948,0.0069494486367329585,0.005894400035744211,0.008070934307429457,0.0019741127720734764,0.0009870563860368308,0.0051097651493191495
DTE,PEG,-1,2022-06-28,2022-06-29,2022-08-10,29,signal,109.62903839123315,54.3936180755873,116.26077563512871,57.52906100605814,0.0046434288261117795,0.009025438128982936,-0.0004361996565254572,0.0020590540530567056,0.0010295270265283925,-0.0035247807361105553
NWE,SR,-1,2022-07-11,2022-07-12,2022-07-21,7,signal,47.19950187395696,58.57654025562429,45.26747030430768,57.61228326561524,0.01116353978002146,0.008075444525285285,0.015752058326212785,0.0019705508731123495,0.0009852754365562266,0.01279623201654421
CWEN,NEE,1,2022-07-12,2022-07-13,2022-07-18,3,signal,26.812053436739404,70.4210736537647,27.87243092698494,69.62868087318571,0.01735486358890673,0.007591622105137349,0.026430526254327326,0.002012273009374156,0.001006136504687125,0.023412116740266047
ATO,ED,-1,2022-07-19,2022-07-20,2022-08-05,12,signal,102.24803620886013,79.77212772935053,104.15788220423539,84.1235247466927,0.005741791990917249,0.00517395871336461,0.013581152842641234,0.002033142769586034,0.0010165713847930377,0.010531438688262163
PCG,SWX,-1,2022-07-19,2022-07-20,2022-07-29,7,signal,10.50599826335907,73.65352115098847,10.62541606727787,75.5314540902864,0.0327859890774254,0.008904677695832877,0.014828430013353426,0.0020212732694491436,0.0010106366347245937,0.011796520109179687
AEP,SRE,1,2022-07-20,2022-07-21,2022-08-05,11,signal,79.34521405343429,67.25312293719978,85.59287233094794,71.1391512768768,0.0071132963699092715,0.006478831647308538,0.021334416627909542,0.002069895071475443,0.0010349475357377983,0.0182295740206963
D,WEC,1,2022-07-20,2022-07-21,2022-07-26,3,signal,62.089696480145896,82.71191258773942,64.12553843580613,85.08755102411507,0.010205328124352214,0.004432496943119122,0.012278275834046002,0.0020318507744017293,0.001015925387200947,0.009230499672443325
CMS,WTRG,1,2022-07-21,2022-07-22,2022-07-29,5,signal,56.30255591484266,42.22710478980376,59.79802446334983,44.710765139130324,0.011189745944403527,0.008768005028166721,0.019398085660484916,0.0020614270771902744,0.001030713538595217,0.016305945044699423
SO,WTRG,1,2022-07-21,2022-07-22,2022-08-04,9,signal,61.26870836100265,42.22710478980376,66.45405163921899,45.58317012681869,0.008786439030738908,0.010934726018784105,0.010945468092997963,0.0020824204868949304,0.0010412102434475578,0.007821837362655475
SRE,UGI,-1,2022-07-25,2022-07-26,2022-09-01,27,signal,69.64321293198138,33.99113001693611,72.84031798658621,32.10661937923134,0.013172924582571027,0.0024052910888466006,-0.04461215588806584,0.0020358645225081644,0.0010179322612541238,-0.047665952671828125
AEP,AVA,-1,2022-07-26,2022-07-27,2022-09-16,36,signal,81.21644563575852,33.63927062024182,86.80981993367922,32.82329633202531,0.008834813672926219,0.008383990782233439,-0.05421589255474828,0.002041648081262352,0.0010208240406312133,-0.05727836467664184
ATO,FE,-1,2022-07-28,2022-07-29,2022-08-08,6,signal,108.217600731498,33.743963244880796,103.20155593148675,32.78547145796703,0.007233771290892791,0.00641926424381743,0.032088568748156694,0.0019564599357315164,0.000978229967865795,0.029153878844559382
NWE,SR,1,2022-07-28,2022-07-29,2022-08-23,17,signal,46.21482578027105,61.57436657470488,45.8840628327966,61.68931705093383,0.011018712468296187,0.007970679822992856,-0.0025635112901603798,0.0019973039647482073,0.0009986519823741969,-0.005559467237282784
AEE,AWK,-1,2022-07-29,2022-08-01,2022-08-05,4,signal,81.83180600486376,140.7175412442997,80.54242778228634,143.7036166352755,0.008820376394073435,0.0019739376334642718,0.019260778574835203,0.0019936507467722443,0.0009968253733862458,0.016270302454676713
PCG,VST,1,2022-07-29,2022-08-01,2022-08-08,5,signal,10.684445682359703,24.14429059428565,11.055845562263292,23.29834164253108,0.04118670625381981,0.02318652134450557,0.03690682868370428,0.0019954775011918153,0.0009977387505959705,0.0339136124319165
AEP,ETR,-1,2022-08-01,2022-08-02,2022-09-14,30,signal,84.87345723959368,49.97131385536593,88.39254911766149,51.265274825774675,0.007321938859733076,0.0075706957740276975,-0.013935330138772517,0.002035060583792962,0.0010175302918965486,-0.01698792101446203
AEP,EXC,-1,2022-08-01,2022-08-02,2022-09-01,22,signal,84.87345723959368,39.65810041771416,86.70602256062995,37.66813646191837,0.009010142511420691,0.005919271914099026,-0.026287168157583897,0.0020036443000517054,0.0010018221500259312,-0.029292634607661534
D,NWE,-1,2022-08-01,2022-08-02,2022-08-29,19,signal,67.73350814885882,45.01208771707906,67.8281367148676,45.43188269846453,0.014190639488859942,0.0008418608997471154,0.0010104177986666105,0.0019998486835064964,0.0009999243417532667,-0.0019893552265931526
D,WEC,-1,2022-08-01,2022-08-02,2022-08-09,5,signal,67.73350814885882,90.03430346362835,67.0165631705414,90.06118917356957,0.00935742638816405,0.00406422638798124,0.008810901008376365,0.0019928715376045496,0.0009964357688023663,0.0058215937019694495
EVRG,OTTR,1,2022-08-02,2022-08-03,2022-08-22,13,signal,57.28408165293052,69.61072360485778,60.210485978309876,73.3454719309164,0.010952873648721008,0.005355903074770684,0.014102163560985776,0.0020525767830670534,0.0010262883915336072,0.011023298386385116
AEP,AWK,-1,2022-08-03,2022-08-04,2022-08-31,19,signal,85.19033505616119,143.55481466502997,87.73524915468946,138.04962911589433,0.010173945879415934,0.0009232916576365921,-0.02895540058422441,0.0020193096132232148,0.0010096548066116564,-0.03198436500405928
AEP,CNP,-1,2022-08-03,2022-08-04,2022-08-31,19,signal,85.19033505616119,28.472398224623575,87.73524915468946,28.527081833089046,0.010435750172387005,0.003870243575731761,-0.02432126311257644,0.002025185745488719,0.0010125928727444042,-0.027359041730809563
AEP,CPK,-1,2022-08-03,2022-08-04,2022-09-01,20,signal,85.19033505616119,122.66879234894662,86.70602256062995,115.04063820126159,0.010007768438643759,0.0011961315800683996,-0.02228831723282608,0.0020046084109188985,0.0010023042054595453,-0.02529522984920452
AEP,CWEN,-1,2022-08-03,2022-08-04,2022-08-31,19,signal,85.19033505616119,29.843943381957317,87.73524915468946,29.522994712857464,0.010853258906233785,0.002498202057635726,-0.02639731588445242,0.0020250903465401154,0.001012545173270105,-0.029434951404262638
AEP,FE,-1,2022-08-03,2022-08-04,2022-08-31,19,signal,85.19033505616119,33.10563130816322,87.73524915468946,33.598328590534464,0.009601626014518003,0.0054793304500725115,-0.019709822074452103,0.0020258401167257945,0.0010129200583629515,-0.022748582249540846
AEP,IDA,-1,2022-08-03,2022-08-04,2022-09-01,20,signal,85.19033505616119,98.22840363292033,86.70602256062995,96.80009218074738,0.007540412433541345,0.0036378857698885427,-0.014619296608287645,0.002005646202600642,0.0010028231013004111,-0.0176277659121887
AEP,MDU,-1,2022-08-03,2022-08-04,2022-08-29,17,signal,85.19033505616119,9.610672523598087,87.74391099260733,10.413501474380492,0.009503014732389476,0.019750359786900776,-0.00637163416183284,0.0020388749571974884,0.001019437478598766,-0.009429946597629094
AEP,NI,-1,2022-08-03,2022-08-04,2022-09-16,30,signal,85.19033505616119,26.70304206446712,86.80981993367922,25.28078773154358,0.0077761922225092145,0.01262842410270459,-0.02856030505075065,0.0019939515563440376,0.0009969757781720801,-0.03155123238526677
AEP,NJR,-1,2022-08-03,2022-08-04,2022-08-31,19,signal,85.19033505616119,39.053916958604944,87.73524915468946,38.3553030733376,0.011079044404204279,0.0014155545680091415,-0.027158742336670184,0.0020254000423747874,0.0010127000211874425,-0.030196842400232415
AEP,NRG,-1,2022-08-03,2022-08-04,2022-08-31,19,signal,85.19033505616119,35.01091868654454,87.73524915468946,37.20137428058528,0.010741581311306559,0.0024017964223662057,-0.020044459904467363,0.0020309134060453662,0.0010154567030227252,-0.023090830013535454
AEP,OGE,-1,2022-08-03,2022-08-04,2022-08-31,19,signal,85.19033505616119,33.89909197235107,87.73524915468946,34.39619478334976,0.009317289821941967,0.006067061715473069,-0.01867021795954398,0.0020255308351258593,0.0010127654175629676,-0.021708514212232806
AEP,SR,-1,2022-08-03,2022-08-04,2022-09-01,20,signal,85.19033505616119,61.18994629005961,86.70602256062995,58.04419899634891,0.009951004058453014,0.0024770976836782413,-0.020869060734681637,0.002005875108321364,0.0010029375541607813,-0.023877873397163782
AEP,SWX,-1,2022-08-03,2022-08-04,2022-08-31,19,signal,85.19033505616119,65.32972879033339,87.73524915468946,67.42449934517121,0.010272432767261447,0.0019001461824368078,-0.02013348995888192,0.002028598743849355,0.0010142993719247182,-0.02317638807465599
AEP,UGI,-1,2022-08-03,2022-08-04,2022-08-31,19,signal,85.19033505616119,35.02313074339526,87.73524915468946,32.057963183420576,0.0113138915028534,0.001006083503133443,-0.029752167433314262,0.002023920727633487,0.0010119603638167923,-0.032788048524764545
AEP,VST,-1,2022-08-03,2022-08-04,2022-08-31,19,signal,85.19033505616119,24.09848751209033,87.73524915468946,22.60356275455185,0.011577574365927828,0.0005281655611958801,-0.028226803005362497,0.002026696998757617,0.0010133484993788563,-0.03126684850349897
D,EVRG,-1,2022-08-03,2022-08-04,2022-08-09,3,signal,68.23258500166014,56.67753483037173,67.0165631705414,58.027155624288966,0.010704635123972066,0.004748491667345044,0.02141822156596432,0.0019924884670622393,0.000996244233531183,0.018429488865370897
D,EXC,-1,2022-08-03,2022-08-04,2022-08-29,17,signal,68.23258500166014,38.1242247094852,67.8281367148676,38.236782172277536,0.01399036352802939,0.0011669803979733957,0.007782389452530926,0.0019926585392902704,0.0009963292696451237,0.004793401643595531
D,FE,-1,2022-08-03,2022-08-04,2022-08-29,17,signal,68.23258500166014,33.10563130816322,67.8281367148676,33.869280218468795,0.013815612658545529,0.0017047793843021498,0.008883502351088004,0.001993948561216133,0.0009969742806080575,0.005892579509263814
D,IDA,-1,2022-08-03,2022-08-04,2022-08-29,17,signal,68.23258500166014,98.22840363292033,67.8281367148676,98.27147915708625,0.011927973333489841,0.001888396395275544,0.006899597274496736,0.0019940052303001046,0.0009970026151500575,0.003908589429046573
D,MDU,-1,2022-08-03,2022-08-04,2022-08-12,6,signal,68.23258500166014,9.610672523598087,67.36906300950332,10.426975762133267,0.013021580297453069,0.011521061016934226,0.022645725741277274,0.001996625362305784,0.000998312681152926,0.019650787697818563
D,NI,-1,2022-08-03,2022-08-04,2022-08-29,17,signal,68.23258500166014,26.70304206446712,67.8281367148676,26.351338294616,0.013769873180750259,0.0022306435542050087,0.006776566941152265,0.0019918910710552294,0.0009959455355276052,0.0037887303345694305
D,OGS,-1,2022-08-03,2022-08-04,2022-08-29,17,signal,68.23258500166014,70.77766694275462,67.8281367148676,69.44387327364252,0.014508281448012552,0.00012829747449303057,0.0076887322196054824,0.0019920050028946327,0.0009960025014473023,0.004700724715263547
D,OTTR,-1,2022-08-03,2022-08-04,2022-08-29,17,signal,68.23258500166014,68.55760586927045,67.8281367148676,69.94544027977653,0.013740394169734108,0.000898228925704513,0.008797816080976822,0.001993944187568965,0.0009969720937844672,0.005806899799623391
D,PNW,-1,2022-08-03,2022-08-04,2022-08-29,17,signal,68.23258500166014,63.57178676373041,67.8281367148676,63.78166983493499,0.014606733452957679,3.695841385871281e-05,0.007907542650919952,0.001992117384828363,0.0009960586924141666,0.004919366573677421
D,POR,-1,2022-08-03,2022-08-04,2022-08-29,17,signal,68.23258500166014,44.05309327296161,67.8281367148676,43.923121361477016,0.013481817714194351,0.0017991718802067693,0.007211493660230408,0.00199263739123494,0.0009963186956174646,0.004222537573378003
PCG,SWX,-1,2022-08-03,2022-08-04,2022-09-07,23,signal,10.977297226049663,65.32972879033339,12.051974992306176,69.63143681860593,0.03482607148921831,0.009458764269431524,0.005340627752099661,0.0020785902722713946,0.0010392951361357739,0.0022227423436924926
AEP,PPL,-1,2022-08-04,2022-08-05,2022-09-01,19,signal,85.59287233094794,24.798773799996127,86.70602256062995,25.173694417887912,0.0078065403112625225,0.013366712739208936,-0.0016653717104146452,0.0020130242307228583,0.0010065121153615406,-0.004684908056499044
AWK,NEE,1,2022-08-04,2022-08-05,2022-09-19,30,signal,143.99131156347423,77.96174556779738,134.8870837754239,75.67407538810227,0.0034420080742473902,0.006469467654546256,-0.014582988244693926,0.0019538290797552404,0.0009769145398776256,-0.017513731864326792
CNP,UGI,-1,2022-08-04,2022-08-05,2022-10-31,60,signal,28.029940058567714,33.17852773893356,26.018483902782275,28.692238313401802,0.021338758193468654,0.012106578218345848,-0.00948927728625508,0.0019023600290135293,0.0009511800145068068,-0.012342817329775416
ES,WEC,-1,2022-08-04,2022-08-05,2022-08-22,11,signal,76.3887143039322,89.54222102352689,78.85470380329944,93.08351020512872,0.006564374314583086,0.005567786772319697,0.0055653675349223095,0.0020359026023187296,0.001017951301159425,0.0025115136314441547
FE,POR,1,2022-08-04,2022-08-05,2022-08-24,13,signal,32.86807906974968,44.16648111849777,34.27572064574753,45.12099476830662,0.014170855675540394,0.012094280292329349,0.010434693282651626,0.002031363289938426,0.0010156816449692972,0.007387648347743903
AWK,CWEN,1,2022-08-08,2022-08-09,2022-09-02,18,signal,141.97890814063896,30.084529800700622,138.29570390387198,29.869845188500882,0.003801752232830868,0.01530054917973127,-0.00873497670377589,0.0019828607602314433,0.0009914303801158246,-0.011709267844123157
AEP,AES,-1,2022-08-09,2022-08-10,2022-08-29,13,signal,87.27510878976302,20.354514946116943,87.74391099260733,21.295961837127876,0.010535672170269034,0.003913491461868817,0.0007521406013102001,0.002006942553403495,0.0010034712767017402,-0.0022582732287950353
AEP,AWR,-1,2022-08-09,2022-08-10,2022-09-14,24,signal,87.27510878976302,80.77222830076282,88.39254911766149,78.51634435695847,0.008234707373811663,0.003477385918836852,-0.015045908617062034,0.002000464551593359,0.0010002322757967288,-0.01804660544445212
AEP,EIX,-1,2022-08-09,2022-08-10,2022-08-31,15,signal,87.27510878976302,56.56703041370786,87.73524915468946,56.60222737174369,0.007947168442717267,0.005409890510493441,-0.0014633326738423195,0.0020030686242451727,0.0010015343121226163,-0.004467935610210108
AEP,NEE,-1,2022-08-09,2022-08-10,2022-08-31,15,signal,87.27510878976302,79.70008187824502,87.73524915468946,76.39650590773172,0.01001650548232621,0.0015691108220327542,-0.007794758034431156,0.0019979172602337925,0.0009989586301169043,-0.010791633924781854
AEP,ORA,-1,2022-08-09,2022-08-10,2022-08-31,15,signal,87.27510878976302,89.02216357889466,87.73524915468946,92.80138232161745,0.010251966849631897,0.001173496569516752,0.001725127883123536,0.0020075714204882264,0.0010037857102441227,-0.001286229247608813
CWEN,NEE,1,2022-08-09,2022-08-10,2022-08-16,4,signal,29.97060151635464,79.54084095541137,31.522400833970835,80.48233524425804,0.015439383571029516,0.006753724395877302,0.01963041805241962,0.002030186109644251,0.0010150930548222133,0.016585138887953155
AEP,WTRG,-1,2022-08-10,2022-08-11,2022-09-01,15,signal,87.43910572084086,45.022641869821655,86.70602256062995,43.00649610161553,0.008020502356753336,0.0066253426938812894,-0.005498012301122445,0.001979949119893882,0.0009899745599470386,-0.008467935980963365
PCG,PPL,-1,2022-08-10,2022-08-11,2022-09-26,31,signal,11.36022526507346,25.2154120687272,12.947263064310217,24.502401208888283,0.07126157174151015,0.007528402709607154,-0.11635627168862582,0.002106369187363377,0.001053184593681775,-0.11951582546967096
PCG,TXNM,-1,2022-08-10,2022-08-11,2022-09-26,31,signal,11.36022526507346,42.405781594710085,12.947263064310217,40.777052784697965,0.07896370770062383,0.0024090725842640954,-0.12712243904545054,0.0021196757667233694,0.0010598378833617727,-0.13030195269553568
PCG,POR,-1,2022-08-11,2022-08-12,2022-11-10,63,signal,11.762789407364634,45.305994162821115,14.855905997944001,38.47037437900827,0.0491163173690043,0.009316613920100277,-0.21351961569941993,0.0020877108531923904,0.0010438554265962774,-0.2166511819792086
AEP,OTTR,-1,2022-08-12,2022-08-15,2022-09-01,13,signal,89.57977651850146,73.55433589054816,86.70602256062995,68.26884090202012,0.008872134390180279,0.00278222980137405,0.01274949836545897,0.0019586287190063332,0.000979314359503281,0.009811555286949354
AEP,POR,-1,2022-08-12,2022-08-15,2022-09-01,13,signal,89.57977651850146,45.84413858068841,86.70602256062995,43.41121066755845,0.008204689350746709,0.005770734271600845,0.011499928627332647,0.0019614506211514024,0.000980725310575806,0.008557752695605438
AEE,AWK,-1,2022-08-15,2022-08-16,2022-08-31,11,signal,84.20500686579977,144.4263127875523,82.15417677724201,138.04962911589433,0.00857790435576211,0.0019196741122604474,0.007319952021964915,0.0019692822389529956,0.0009846411194765659,0.004366028663535354
D,EVRG,-1,2022-08-16,2022-08-17,2022-08-29,8,signal,69.78704276538707,59.84501643289694,67.8281367148676,58.5831819583745,0.010375902723396268,0.004602668568580583,0.016490596702342236,0.001972983952515622,0.0009864919762578367,0.013531120773568776
D,NEE,-1,2022-08-16,2022-08-17,2022-08-29,8,signal,69.78704276538707,79.97565190157215,67.8281367148676,77.53752302834694,0.012030061850786701,0.0019978179571226037,0.02066504573807982,0.0019702224351586754,0.0009851112175793505,0.017709712085341795
D,ORA,-1,2022-08-16,2022-08-17,2022-08-29,8,signal,69.78704276538707,93.7503295324056,67.8281367148676,91.9713905555651,0.013043114400693761,0.0009486613529842414,0.02583376844174939,0.0019711433812586196,0.0009855716906293115,0.02287705336986146
D,WEC,-1,2022-08-16,2022-08-17,2022-08-29,8,signal,69.78704276538707,92.74827732553098,67.8281367148676,90.69763832589608,0.00908263826072142,0.003944877208802134,0.011676108172679032,0.0019735921822126926,0.0009867960911063662,0.008715719899359972
D,XEL,-1,2022-08-16,2022-08-17,2022-08-29,8,signal,69.78704276538707,66.76510945209598,67.8281367148676,64.89427203777527,0.009368385815315449,0.005180837244583115,0.010630632055818308,0.0019713485532684106,0.0009856742766342326,0.007673609225915665
CWEN,NEE,-1,2022-08-18,2022-08-19,2022-08-22,1,signal,32.675843906845344,80.10011099076023,31.134282178901543,78.89322735598827,0.01476840292975367,0.006460214081472702,0.016939199682788866,0.0019695215954802494,0.0009847607977401984,0.013984917289568417
SO,WTRG,-1,2022-08-19,2022-08-22,2022-09-28,26,signal,69.05474404125317,45.08404572848115,62.926352293799646,37.97213521756191,0.007988820423434542,0.009942089421882353,-0.0198685237177292,0.0018801053873904324,0.0009400526936953178,-0.02268868179881495
EXC,NFG,1,2022-08-26,2022-08-29,2022-09-02,4,signal,38.31333228673655,64.39038821128497,38.52971925660652,62.54333661363169,0.015247803643053599,0.006460173094934017,0.01722341788224477,0.001991718818637439,0.0009958594093187547,0.014235839654288578
PCG,VST,-1,2022-08-26,2022-08-29,2022-11-03,47,signal,12.135900350882054,23.147732786514158,14.550914554746615,21.565321430688385,0.03973566613515345,0.02236964192531018,-0.12929966944492585,0.002060504079856912,0.0010302520399285268,-0.13239042556471128
PCG,PNW,-1,2022-09-02,2022-09-06,2022-10-31,39,signal,12.292998663920384,63.377694477013016,14.973962871500037,57.42583704807471,0.033328524290196636,0.009316720418095262,-0.14277025479891167,0.0020341175483360183,0.0010170587741680588,-0.14582143112141574
DTE,PEG,-1,2022-09-06,2022-09-07,2022-09-23,12,signal,115.22526922797917,55.60718610634671,110.39536506707721,55.16054516361652,0.004477951707317074,0.008703800056478103,0.019715042326201474,0.0019744382052731702,0.0009872191026366463,0.016753385018291655
AEP,EIX,-1,2022-09-07,2022-09-08,2022-09-14,4,signal,89.80420047257996,56.02248966194275,88.39254911766149,56.95630390426269,0.00781297071720122,0.005318537847336494,0.017988863053876075,0.0019931459648401435,0.0009965729824201646,0.014999144106615767
AEP,OTTR,-1,2022-09-07,2022-09-08,2022-09-16,6,signal,89.80420047257996,69.1955611719774,86.80981993367922,64.01848688528798,0.008962855384594666,0.002810679173663694,0.014244506977318194,0.0019574021188139704,0.00097870105940706,0.011308403799097163
AEP,PPL,-1,2022-09-07,2022-09-08,2022-09-14,4,signal,89.80420047257996,25.592291072474023,88.39254911766149,25.707009761542878,0.007481076575861192,0.012809438955345528,0.014020386741354068,0.001990232812125979,0.0009951164060630724,0.011035037523165016
CMS,WTRG,-1,2022-09-07,2022-09-08,2022-09-22,10,signal,61.155971861862064,42.750441754639716,57.7536217732883,39.62690876072769,0.010561680613919761,0.008275868745264509,0.012022227205719039,0.0019376413125803942,0.0009688206562902392,0.009115765236848405
SRE,UGI,-1,2022-09-07,2022-09-08,2022-09-19,7,signal,76.33283447175691,32.032750976829135,74.2719327894872,29.780990206967523,0.012157703746971458,0.0022199183104804434,0.022025358765328677,0.0019682516244957067,0.0009841258122478833,0.01907298132858509
NWE,SR,-1,2022-09-08,2022-09-09,2022-09-23,10,signal,45.316788636326784,59.2177153275211,44.16601438240697,57.62296996986851,0.011343518100254166,0.008205636647984063,0.0019417315743771382,0.001973803946687809,0.000986901973343946,-0.0010189743456546167
AEP,WTRG,-1,2022-09-09,2022-09-12,2022-09-21,7,signal,90.38251935979346,41.90823876976123,86.8703609571968,40.616262187704905,0.007996370008829601,0.0066054081476532595,0.02151299461523618,0.0019625091401453826,0.0009812545700727626,0.018569230905018032
EVRG,OTTR,-1,2022-09-12,2022-09-13,2022-09-27,10,signal,59.430729075785784,67.91515745823823,54.1569386711498,58.81652302458666,0.010791301190449486,0.005276894911816503,0.010793042211440701,0.0018945192871257543,0.0009472596435629358,0.00795126328075201
FE,POR,-1,2022-09-13,2022-09-14,2022-10-24,28,signal,34.85995744468425,42.90110437910334,31.179699858518486,37.335652769701234,0.013991352813066096,0.011941081503085677,-0.013083644220345796,0.0018820847179958902,0.0009410423589980171,-0.015906771297339705
AEP,SRE,1,2022-09-15,2022-09-16,2022-10-19,23,signal,86.80981993367922,75.03634431860758,73.77512857659718,63.6772616752547,0.006445996693492581,0.005871051226392048,-0.015482312053104352,0.001849509251397262,0.0009247546256986966,-0.018256575930200313
CMS,CWEN,1,2022-09-15,2022-09-16,2022-10-31,31,signal,58.661244654043166,29.98565916053217,50.92812001856181,27.73571739063607,0.013994813742094271,0.005992433661196845,-0.09286153071531136,0.0018794814049926324,0.0009397407024963381,-0.09568075282280034
EXC,NFG,1,2022-09-15,2022-09-16,2022-09-26,6,signal,37.320531267977515,62.15425412348935,35.901905286999174,56.509518166916074,0.01571263339335164,0.006657111665032164,0.017227780133401403,0.0019404925122674505,0.0009702462561338053,0.014317041365000147
ATO,FE,1,2022-09-16,2022-09-19,2022-10-26,27,signal,102.95542243399684,34.74988697051526,93.82047067921587,32.10448547255649,0.007478281435081884,0.006636243073078974,-0.048843054220489276,0.0019151585313162943,0.0009575792656581761,-0.05171579201746375
CWEN,NEE,-1,2022-09-16,2022-09-19,2022-09-20,1,signal,30.496191675541063,75.67407538810227,29.973749906183258,76.65501447870429,0.015724228084564883,0.006878325312179774,0.01696084086802447,0.0019986291491442174,0.0009993145745721894,0.013962897144308062
AEP,FE,1,2022-09-20,2022-09-21,2022-10-26,25,signal,86.8703609571968,35.23252308352517,75.95894734138493,32.10448547255649,0.009353684762332145,0.005337838576625566,-0.08348255882551887,0.001882404619239766,0.00094120230961996,-0.08630616575437859
CPK,DUK,-1,2022-09-20,2022-09-21,2022-11-02,30,signal,119.31026812636854,90.92200534960499,113.5449834518703,79.9839502022982,0.003414080986209032,0.006520419281664896,-0.04972824145248367,0.0019093154466426508,0.0009546577233213633,-0.05259221462244768
D,FE,1,2022-09-20,2022-09-21,2022-10-28,27,signal,66.45253463957839,35.23252308352517,55.819116081425044,31.731178214637975,0.014136668902487588,0.00174439616275427,-0.14236820220662516,0.0018451826977894442,0.0009225913488947829,-0.14513597625330937
D,IDA,1,2022-09-20,2022-09-21,2022-10-31,28,signal,66.45253463957839,97.925804121231,58.30199354782578,92.11801339820106,0.012209274377017023,0.001932931025068228,-0.08639571617500677,0.0018904174597046883,0.0009452087298524309,-0.08923134236456388
D,ORA,1,2022-09-20,2022-09-21,2022-10-28,27,signal,66.45253463957839,92.8892577517221,55.819116081425044,88.13427980555745,0.013670726705070236,0.0009943093109433983,-0.1387872432815,0.0018513969224343498,0.0009256984612172378,-0.14156433866515158
PCG,SWX,-1,2022-09-20,2022-09-21,2022-11-01,29,signal,13.098131233569154,70.42379399064858,14.816551246661865,63.6796705990273,0.031037351946912796,0.008429747687852665,-0.10818971730062382,0.001996748005465697,0.0009983740027329012,-0.11118483930882243
AEP,AES,1,2022-09-21,2022-09-22,2022-10-26,24,signal,85.01946883175755,21.295963007816862,75.95894734138493,21.27971937272184,0.01076972628396468,0.004000431218607641,-0.09561043593803169,0.0019039189583233834,0.0009519594791617949,-0.09846631437551687
AEP,AWK,1,2022-09-21,2022-09-22,2022-10-27,25,signal,85.01946883175755,130.72197738205296,74.3793546824741,128.417527335337,0.010329564049212677,0.0009374140993767928,-0.10585818110675059,0.001889335524105819,0.0009446677620529487,-0.10869218439290936
AEP,AWR,1,2022-09-21,2022-09-22,2022-10-31,27,signal,85.01946883175755,76.72876817016771,77.12424125716393,81.9908161261998,0.008520187709941058,0.0035979397231066033,-0.08424887821989974,0.0019524740942403393,0.0009762370471202613,-0.08717758936126033
AEP,CNP,1,2022-09-21,2022-09-22,2022-10-26,24,signal,85.01946883175755,28.68937108535138,75.95894734138493,25.14216322478987,0.010461888352275964,0.0038799372844853723,-0.07913429815178095,0.0018929220598822463,0.0009464610299412255,-0.08197368124160442
AEP,CPK,1,2022-09-21,2022-09-22,2022-10-27,25,signal,85.01946883175755,116.3187789731671,74.3793546824741,113.68291939577647,0.010116245051532595,0.0012090967384022165,-0.10256048359008424,0.0018905093024371425,0.0009452546512186169,-0.10539624754374
AEP,CWEN,1,2022-09-21,2022-09-22,2022-10-26,24,signal,85.01946883175755,28.69338123165417,75.95894734138493,26.896453222172514,0.01092349579944192,0.0025143691787419702,-0.09255630017440993,0.0018981278629698318,0.0009490639314850156,-0.09540349196886477
AEP,MDU,1,2022-09-21,2022-09-22,2022-10-26,24,signal,85.01946883175755,9.90667957588757,75.95894734138493,9.528635517520916,0.009474680955027927,0.019691472969109655,-0.07649345342875467,0.0019078526222406043,0.000953926311120393,-0.07935523236211567
AEP,NEE,1,2022-09-21,2022-09-22,2022-10-26,24,signal,85.01946883175755,74.70274033694686,75.95894734138493,67.76008145396554,0.010346759124521326,0.0016208458872107691,-0.08059761872909516,0.0018964345775517547,0.0009482172887759827,-0.08344227059542289
AEP,NJR,1,2022-09-21,2022-09-22,2022-10-26,24,signal,85.01946883175755,37.81229280112949,75.95894734138493,37.77279449018515,0.011139504962153131,0.0014232795319921725,-0.0989728073635673,0.0019006996006182752,0.0009503498003092395,-0.1018238567644948
AEP,NRG,1,2022-09-21,2022-09-22,2022-10-27,25,signal,85.01946883175755,38.20901535974165,74.3793546824741,39.649937721678626,0.010696726249634463,0.002391766918932139,-0.11536958807939755,0.0018911506783801909,0.000945575339190142,-0.11820631409696788
AEP,OGE,1,2022-09-21,2022-09-22,2022-10-26,24,signal,85.01946883175755,34.19386916984709,75.95894734138493,30.910310170538093,0.009326395644002446,0.0060729910774943024,-0.06266432081967574,0.0018966628352963693,0.0009483314176482688,-0.06550931507262038
AEP,ORA,1,2022-09-21,2022-09-22,2022-10-26,24,signal,85.01946883175755,92.62561314894238,75.95894734138493,87.28308769759349,0.010465989277001615,0.001197994754889545,-0.08652676176299469,0.001900241530707997,0.0009501207653540959,-0.08937712405905679
AEP,SR,1,2022-09-21,2022-09-22,2022-10-31,27,signal,85.01946883175755,57.57262051613046,77.12424125716393,58.53686634966072,0.010072481650262527,0.0025073370303333705,-0.08001798901191749,0.0019242351425785404,0.0009621175712893706,-0.08290434172578541
AEP,SWX,1,2022-09-21,2022-09-22,2022-10-26,24,signal,85.01946883175755,68.20648659236096,75.95894734138493,62.04852076168172,0.010249716113039145,0.0018959441628396765,-0.07929575374954624,0.0018968599912209878,0.0009484299956105833,-0.0821410437363778
AEP,UGI,1,2022-09-21,2022-09-22,2022-10-26,24,signal,85.01946883175755,28.97056380206973,75.95894734138493,28.093484674739948,0.01142683331564847,0.0010161268109235564,-0.10074448811262118,0.0018973570941363954,0.0009486785470683022,-0.10359052375382588
AEP,VST,1,2022-09-21,2022-09-22,2022-10-26,24,signal,85.01946883175755,23.107728777622007,75.95894734138493,20.935299325547117,0.011629292031043612,0.0005305249059736607,-0.10231959381817174,0.0018953286161215496,0.0009476643080608795,-0.10516258674235417
D,ES,1,2022-09-21,2022-09-22,2022-10-26,24,signal,64.9895795369942,73.83596416019329,55.60466467071826,63.46118535589968,0.010148648374349303,0.004615114167526516,-0.04550594726200885,0.0018574650943798615,0.0009287325471899745,-0.048292144903578686
D,EVRG,1,2022-09-21,2022-09-22,2022-10-31,27,signal,64.9895795369942,55.80317499649538,58.30199354782578,52.50938248206577,0.011147864185366401,0.00494510458131938,-0.056354153600189714,0.0019099982819976912,0.0009549991409989,-0.059219151023186305
D,EXC,1,2022-09-21,2022-09-22,2022-10-28,26,signal,64.9895795369942,36.23792199463342,55.819116081425044,32.58964490587312,0.014716616799075221,0.0012275594765353323,-0.12861746283825493,0.001862256593945069,0.0009311282969725709,-0.13141084772917255
D,MDU,1,2022-09-21,2022-09-22,2022-10-28,26,signal,64.9895795369942,9.90667957588757,55.819116081425044,9.596647294924768,0.013568791809011209,0.012005215556538244,-0.11883685421245575,0.0018732508458639682,0.0009366254229320249,-0.12164673048125174
D,NEE,1,2022-09-21,2022-09-22,2022-10-28,26,signal,64.9895795369942,74.70274033694686,55.819116081425044,68.5550631427497,0.01292944042647222,0.002147176679549985,-0.103499326678674,0.0018694851484665602,0.000934742574233324,-0.10630355440137389
D,NI,1,2022-09-21,2022-09-22,2022-10-28,26,signal,64.9895795369942,24.938564053337156,55.819116081425044,22.470935878658757,0.014499350039769232,0.0023488147844082873,-0.12530687973700058,0.0018628783931012695,0.0009314391965506675,-0.1281011973266525
D,NWE,1,2022-09-21,2022-09-22,2022-10-28,26,signal,64.9895795369942,44.0611322468043,55.819116081425044,44.5160690381787,0.014805777398331253,0.0008783540087675095,-0.13430910163128662,0.0018663344858414418,0.0009331672429207559,-0.13710860336004882
D,OGS,1,2022-09-21,2022-09-22,2022-10-28,26,signal,64.9895795369942,67.94646097307465,55.819116081425044,65.89691136214752,0.015261092020030266,0.00013495461686427655,-0.13781309289068575,0.0018615975885928864,0.0009307987942964776,-0.1406054892735751
D,OTTR,1,2022-09-21,2022-09-22,2022-10-28,26,signal,64.9895795369942,61.54438534534421,55.819116081425044,60.804911887503856,0.014502858262173351,0.0009480722776622407,-0.13042892047174506,0.0018679369373693572,0.0009339684686847131,-0.13323082587779914
D,PNW,1,2022-09-21,2022-09-22,2022-10-28,26,signal,64.9895795369942,61.061289863850455,55.819116081425044,56.38167006084274,0.015365866965180747,3.8879197215862203e-05,-0.13886942404242492,0.001860757563686061,0.0009303787818430644,-0.14166056038795405
D,POR,1,2022-09-21,2022-09-22,2022-10-28,26,signal,64.9895795369942,41.942625333746456,55.819116081425044,37.741320814238826,0.014178851591301937,0.0018921922560810925,-0.12021337878415346,0.0018635856985686826,0.0009317928492843759,-0.12300875733200652
D,WEC,1,2022-09-21,2022-09-22,2022-10-31,27,signal,64.9895795369942,86.58526083093027,58.30199354782578,79.66492100435387,0.009749532754552386,0.004234530590767876,-0.03399045523573846,0.0019059927203976417,0.0009529963601988694,-0.03684944431633497
D,XEL,1,2022-09-21,2022-09-22,2022-10-31,27,signal,64.9895795369942,63.50004342440934,58.30199354782578,57.082207131234824,0.009992391492943599,0.005525920369810744,-0.029462248925553165,0.0018982761183783975,0.0009491380591892604,-0.03230966310312082
AEP,IDA,1,2022-09-22,2022-09-23,2022-10-31,26,signal,84.88973797914672,96.0466942120788,77.12424125716393,92.11801339820106,0.00762257748951536,0.0036775264514221366,-0.042818370913457894,0.0019269019822033356,0.0009634509911017567,-0.04570872388676298
AEP,AVA,1,2022-09-23,2022-09-26,2022-10-31,25,signal,84.19780883963178,33.68319068322307,77.12424125716393,33.767036932339536,0.008612515464490251,0.008173036007245314,-0.05966588648188838,0.0019406021243342205,0.0009703010621671638,-0.06257678966838977
AEP,EXC,1,2022-09-23,2022-09-26,2022-10-26,22,signal,84.19780883963178,35.901905286999174,75.95894734138493,32.641433827983036,0.009283043130604305,0.006098555756549492,-0.054692836892070676,0.0019047027577818259,0.0009523513788909811,-0.05754989102874348
AEP,POR,1,2022-09-23,2022-09-26,2022-10-26,22,signal,84.19780883963178,41.408789450503654,75.95894734138493,37.57162014739411,0.008828653961376156,0.006209597196069487,-0.04700642335483485,0.0019043581034587306,0.0009521790517294296,-0.04986296051002301
AEE,AWK,1,2022-09-26,2022-09-27,2022-10-31,24,signal,77.13935746749375,126.37460237903426,72.82771350200615,133.25761901626123,0.009490156139738378,0.002123829586713399,-0.053561956880595125,0.0019745719508262073,0.000987285975413176,-0.056523814806834514
AEP,EIX,1,2022-09-26,2022-09-27,2022-10-25,20,signal,82.92642293990852,52.279246296249426,74.27577911869732,46.42058136999506,0.008441144325861325,0.00574615561697707,-0.03746245904988139,0.0018940735825998339,0.000947036791299958,-0.04030356942378118
AEP,ETR,1,2022-09-26,2022-09-27,2022-10-31,24,signal,82.92642293990852,47.49602139428551,77.12424125716393,46.94203682917881,0.007575619937695372,0.007832995460172573,-0.03766358643396626,0.001952178220478058,0.000976089110239102,-0.04059185376468342
AEP,NI,1,2022-09-26,2022-09-27,2022-10-25,20,signal,82.92642293990852,24.17513489478875,74.27577911869732,21.673690486838666,0.008187128319036101,0.013295778401255733,-0.035668685721533214,0.0018965947538350269,0.0009482973769175566,-0.03851357785228579
AEP,OTTR,1,2022-09-26,2022-09-27,2022-10-27,22,signal,82.92642293990852,58.81652302458666,74.3793546824741,60.650544330596915,0.009871041793630464,0.0030954791080762,-0.08812315102542867,0.0019224915932401498,0.0009612457966200782,-0.0910068884152889
AEP,PPL,1,2022-09-26,2022-09-27,2022-10-27,22,signal,82.92642293990852,24.118325119955884,74.3793546824741,22.63597157998304,0.008052735208866565,0.013788258820177033,-0.04647684757605229,0.0019113556410244093,0.0009556778205122129,-0.04934388103758892
CWEN,NEE,1,2022-09-26,2022-09-27,2022-10-12,11,signal,27.208178895436767,73.11597938233211,25.51054683632286,67.71543726458948,0.01689289328898951,0.007389540197503672,0.013160870232164026,0.001931264383372005,0.000965632191686084,0.010263973657105937
SRE,UGI,1,2022-09-26,2022-09-27,2022-10-28,23,signal,70.5379754018652,27.726282595252137,66.96466321997671,28.35596184842764,0.013238858014194221,0.0024173301083176583,-0.046872814899183955,0.0019559003345123397,0.0009779501672562312,-0.04980666540095252
AEP,WTRG,1,2022-09-27,2022-09-28,2022-10-31,23,signal,81.20526906908351,37.97213521756191,77.12424125716393,38.688589319853236,0.00888711483449475,0.007341208657438542,-0.03955836650944301,0.001969835356251585,0.0009849176781258787,-0.04251311954382048
AWK,NEE,1,2022-09-27,2022-09-28,2022-10-12,10,signal,124.37197371048325,73.35666934297164,116.4221292384443,67.71543726458948,0.0038129496228620843,0.007166675301572124,0.012045687936984233,0.0019291658118795528,0.0009645829059398112,0.009151939219164868
CMS,WTRG,1,2022-09-29,2022-09-30,2022-11-11,30,signal,53.02158696769678,37.359259824349515,52.290822980344316,40.704451446113694,0.012154847464584078,0.009524234438885972,-0.03871919940040354,0.00202351464715608,0.0010117573235780913,-0.04175447137113771
EXC,NFG,1,2022-09-29,2022-09-30,2022-11-02,23,signal,32.75366774628148,55.34798916926052,33.162089118636146,59.80484248272589,0.017795431876742478,0.007539549492771416,-0.02429345588924073,0.0020411755409105304,0.0010205877704552997,-0.027355219200606563
ATO,ED,1,2022-09-30,2022-10-03,2022-10-06,3,signal,93.95384076257683,76.00309752583074,93.86576216938174,74.98578809984195,0.006157054500114992,0.005548153926495987,0.007096016793765411,0.001994132206099999,0.000997066103050075,0.004104818484615337
EVRG,OTTR,1,2022-09-30,2022-10-03,2022-10-28,19,signal,51.39685871538965,56.96775110129832,51.158561122593774,60.804911887503856,0.012621424867809782,0.006171816678026162,-0.024668665956968868,0.0020212421432555,0.0010106210716278416,-0.02770052917185221
PCG,PPL,-1,2022-10-04,2022-10-05,2022-11-09,25,signal,13.510516566864013,23.01207422594912,14.629622876034679,23.58586059264049,0.06268525802290748,0.006622361180355289,-0.06427915120757807,0.002072495977254782,0.0010362479886274235,-0.06738789517346028
PCG,TXNM,-1,2022-10-04,2022-10-05,2022-11-10,26,signal,13.510516566864013,40.84991341265093,14.855905997944001,42.16206061440529,0.06770907285113069,0.0020657093728428185,-0.08629249973665022,0.002092056492272518,0.0010460282461363408,-0.08943058447505908
NWE,SR,-1,2022-10-07,2022-10-10,2022-10-14,4,signal,41.332783324313084,52.38393080169969,42.69075455568155,55.022419716292745,0.01262154280257395,0.009130129934960804,0.008991204207856478,0.002041149607049345,0.0010205748035247348,0.005929479797282398
ATO,ED,-1,2022-10-11,2022-10-12,2022-10-26,10,signal,92.11793540530941,70.88390447226493,94.00829944934442,75.23661196836488,0.0064094268180279815,0.005775567938592468,0.015060114372127476,0.0020369065112553096,0.00101845325562772,0.012004754605244448
AWK,NEE,-1,2022-10-13,2022-10-14,2022-11-03,14,signal,118.9284934487487,65.91112525018097,124.60936340592156,68.40917172485722,0.004118483353974422,0.007740944898901962,-0.002016557628695948,0.0020427706106487626,0.0010213853053244275,-0.0050807135446691385
ES,WEC,1,2022-10-20,2022-10-21,2023-01-12,56,signal,61.1227390218006,74.56915718173526,73.58977483193573,86.41170694498916,0.008040315056941446,0.006819653736056745,0.021657793465010636,0.0021809864627653306,0.001090493231382777,0.01838631377086253
AWK,CWEN,-1,2022-10-24,2022-10-25,2022-11-02,6,signal,124.46980837121825,25.90531833100842,129.64127394240546,27.608506340242766,0.004371605544817093,0.017593983388826367,0.009410658146122942,0.002052404169438327,0.0010262020847192081,0.006332051891965408
NWE,SR,1,2022-10-25,2022-10-26,2022-11-16,15,signal,42.28235741241088,56.70019490283825,44.67667265536801,58.24266524429345,0.012005266909279715,0.008684330315249263,0.0173912571322749,0.0020421855222899545,0.0010210927611450451,0.0143279788488399
EVRG,OTTR,-1,2022-11-03,2022-11-04,2022-11-15,7,signal,52.421420763627125,50.96135642415182,49.51152366486587,50.66118443896883,0.012925096672676854,0.006320310745023697,0.03767333795688447,0.001959816871160485,0.0009799084355803088,0.03473361265014367
CPK,DUK,1,2022-11-04,2022-11-07,2022-12-08,22,signal,98.53929091375646,80.00964168131732,110.40924029484354,86.29420344658479,0.003977707577925369,0.007596867588290173,0.0015667300351473873,0.002094526013574869,0.0010472630067875236,-0.0015750589852150051
D,ES,1,2022-11-07,2022-11-08,2022-12-21,30,signal,52.31070484598836,63.96237572262178,49.922584236362496,71.15840579172706,0.012288853575029337,0.005588375924041522,-0.06755001758580742,0.002011368092261455,0.0010056840461307656,-0.07056706972419965
D,EVRG,1,2022-11-07,2022-11-08,2022-12-05,18,signal,52.31070484598836,52.07392153464894,50.03933487950751,49.69270408113714,0.013265915990015613,0.0058846556476475475,-0.014162544007293346,0.0019566144142011107,0.0009783072071005753,-0.01709746562859503
D,WEC,1,2022-11-07,2022-11-08,2022-12-19,28,signal,52.31070484598836,78.42125737419408,48.94681573347413,83.26545454729226,0.011580323296610682,0.005029700856954677,-0.06133401684563677,0.001985769284016137,0.000992884642008112,-0.06431267077166102
D,XEL,1,2022-11-07,2022-11-08,2022-12-20,29,signal,52.31070484598836,57.12554369523928,49.27207056878756,60.884764217376706,0.011921618805921068,0.006592807762514065,-0.05902026640320433,0.001988991379538886,0.0009944956897695078,-0.06200375347251273
D,EXC,1,2022-11-09,2022-11-10,2022-12-13,22,signal,50.98826819199678,33.59287857193843,50.631481428190696,37.6981281287244,0.018607343142003113,0.0015520972461922087,-0.01100908715740556,0.0020015131172783644,0.0010007565586392403,-0.014011356833323165
D,FE,1,2022-11-09,2022-11-10,2022-12-13,22,signal,50.98826819199678,32.62738259879742,50.631481428190696,36.76428534269286,0.018192594409448034,0.002244877636824443,-0.01377322842092719,0.0020044889191449936,0.001002244459572555,-0.01677996179964474
D,IDA,1,2022-11-09,2022-11-10,2022-12-13,22,signal,50.98826819199678,91.2753778005534,50.631481428190696,98.54566954634205,0.015290004404351338,0.002420661783327154,-0.021040950639383986,0.0020132379332947602,0.0010066189666474358,-0.024060807539326184
D,MDU,1,2022-11-09,2022-11-10,2022-12-13,22,signal,50.98826819199678,10.12049274855015,50.631481428190696,10.697980013135972,0.016694332131852993,0.01477058964691587,-0.012482181659373147,0.002003962487371716,0.0010019812436859268,-0.015488125390430789
D,NEE,1,2022-11-09,2022-11-10,2022-12-13,22,signal,50.98826819199678,72.48306148654329,50.631481428190696,79.00306239531467,0.015876404034402526,0.002636575394862905,-0.020842224839352722,0.0020127399475100205,0.00100636997375507,-0.023861334760617813
D,NI,1,2022-11-09,2022-11-10,2022-12-13,22,signal,50.98826819199678,22.62089652697155,50.631481428190696,25.2576216759288,0.018313187151167715,0.0029666353741593797,-0.012353097631757941,0.002003007245714595,0.001001503622857362,-0.015357608500329899
D,NWE,1,2022-11-09,2022-11-10,2022-12-13,22,signal,50.98826819199678,43.611943989923134,50.631481428190696,49.35024738829003,0.018682089541195386,0.0011083165577318508,-0.011023889164621162,0.0020014897736164183,0.0010007448868082722,-0.014026123825045853
D,OGS,1,2022-11-09,2022-11-10,2022-12-13,22,signal,50.98826819199678,70.0151426820452,50.631481428190696,69.88999098452142,0.01939597139048536,0.00017151956650794312,-0.004903754577914197,0.001995005320465467,0.0009975026602327946,-0.00789626255861246
D,ORA,1,2022-11-09,2022-11-10,2022-12-05,16,signal,50.98826819199678,97.15631347982179,50.03933487950751,89.56301268185938,0.017238155015967666,0.001253778120625098,-0.00486191591013377,0.0019756292265616475,0.0009878146132808548,-0.007825359749976273
D,OTTR,1,2022-11-09,2022-11-10,2022-12-13,22,signal,50.98826819199678,50.06201636101268,50.631481428190696,55.63026300722299,0.018445681542261862,0.001205820190521802,-0.011293599124723334,0.0020018801307436066,0.0010009400653718645,-0.014296419320838805
D,PNW,1,2022-11-09,2022-11-10,2022-12-13,22,signal,50.98826819199678,61.03415775776066,50.631481428190696,67.9600407982699,0.019572568004038494,4.952312376348469e-05,-0.005330882235749983,0.0019953423247719877,0.0009976711623860552,-0.008323895722908026
D,POR,1,2022-11-09,2022-11-10,2022-12-13,22,signal,50.98826819199678,38.47037437900827,50.631481428190696,42.17897848855037,0.017832811290655635,0.0023798194946221094,-0.013184235851354219,0.0020040835363273734,0.00100204176816375,-0.016190361155845344
AEP,AES,-1,2022-11-10,2022-11-11,2022-12-19,25,signal,79.52103067781107,23.954454766207792,82.15087220134211,23.957263806394828,0.011300755242666997,0.004197682733489728,-0.027679298806397395,0.002028105118538589,0.0010140525592693833,-0.030721456484205364
AEP,AVA,-1,2022-11-10,2022-11-11,2022-12-06,16,signal,79.52103067781107,31.953544787101794,82.36040284514391,35.13169534296273,0.009099731046951418,0.008635389951939427,0.0036594346854348647,0.002052388374531029,0.001026194187265562,0.0005808521236382736
AEP,AWK,-1,2022-11-10,2022-11-11,2022-12-16,24,signal,79.52103067781107,135.03526950000196,82.86675489492838,141.77071010622905,0.010888155526310977,0.0009881066091408973,-0.027731842694684233,0.002041589550945094,0.001020794775472584,-0.030794227021101912
AEP,CNP,-1,2022-11-10,2022-11-11,2022-12-19,25,signal,79.52103067781107,26.542464641357334,82.15087220134211,27.1712515518417,0.011181374758889697,0.0041467688583564245,-0.024767381919882196,0.002030427732269101,0.0010152138661346315,-0.027813023518285927
AEP,CPK,-1,2022-11-10,2022-11-11,2022-12-19,25,signal,79.52103067781107,101.2241371828266,82.15087220134211,106.9128329393242,0.010906685261327763,0.0013035703968295113,-0.01923263187917595,0.002034606520407864,0.0010173032602040092,-0.022284541659787823
AEP,CWEN,-1,2022-11-10,2022-11-11,2022-12-19,25,signal,79.52103067781107,28.646915636918198,82.15087220134211,26.277777343214073,0.011602544872747379,0.0026706726270263347,-0.03481759051130171,0.0020224565643170165,0.0010112282821585921,-0.03785127535777732
AEP,EIX,-1,2022-11-10,2022-11-11,2022-12-16,24,signal,79.52103067781107,50.39329517095004,82.86675489492838,55.02367392577615,0.008781891782491561,0.005978113256403723,0.00035540750312335057,0.002056266895512705,0.0010281334477563928,-0.002728992840145747
AEP,EXC,-1,2022-11-10,2022-11-11,2022-12-16,24,signal,79.52103067781107,33.80689014413439,82.86675489492838,36.37132330915653,0.009824331047161796,0.006454158385238074,-0.014269966087719882,0.002048278398336537,0.001024139199168307,-0.017342383685224727
AEP,FE,-1,2022-11-10,2022-11-11,2022-12-16,24,signal,79.52103067781107,33.43844157939432,82.86675489492838,35.347756375516624,0.01013543156307554,0.0057839556242051445,-0.020823260997487478,0.002043705780619793,0.0010218528903099423,-0.023888819668417216
AEP,IDA,-1,2022-11-10,2022-11-11,2022-12-19,25,signal,79.52103067781107,93.29262914967902,82.15087220134211,94.4458820074169,0.008027945816412453,0.0038730971421475882,-0.01462055676235385,0.002025008146826794,0.0010125040734134836,-0.017658068982594127
AEP,MDU,-1,2022-11-10,2022-11-11,2022-12-20,26,signal,79.52103067781107,10.310786141535209,82.08976698222156,10.081749271689494,0.009900167168221933,0.02057577190282651,-0.028123991269811827,0.0020195379462154524,0.0010097689731077835,-0.03115329818913506
AEP,NEE,-1,2022-11-10,2022-11-11,2022-12-19,25,signal,79.52103067781107,74.37888906409438,82.15087220134211,75.24340362794085,0.010960029336414066,0.0017169162111385246,-0.02531004875033557,0.0020287924282511535,0.0010143962141256615,-0.028353237392712387
AEP,NI,-1,2022-11-10,2022-11-11,2022-12-19,25,signal,79.52103067781107,23.09217345464242,82.15087220134211,24.100018657223217,0.008542297556538837,0.013872568124436142,-0.006447767635684255,0.0020357199531710938,0.0010178599765856364,-0.009501347565440986
AEP,NJR,-1,2022-11-10,2022-11-11,2022-12-19,25,signal,79.52103067781107,40.18642566316748,82.15087220134211,42.74803686803762,0.011802185833237932,0.0015079493735391917,-0.02514198069041318,0.0020331176706308365,0.0010165588353155052,-0.02819165719635952
AEP,NRG,-1,2022-11-10,2022-11-11,2022-12-20,26,signal,79.52103067781107,41.15488551632157,82.08976698222156,28.8853587476429,0.011262074250488247,0.0025181776182966018,-0.057829757937518,0.001996388748655399,0.0009981943743277624,-0.060824341060501164
AEP,OGE,-1,2022-11-10,2022-11-11,2022-12-19,25,signal,79.52103067781107,32.969857555658855,82.15087220134211,33.671576428746825,0.00989629763255576,0.006444089390673436,-0.01947437814496191,0.0020293771530536606,0.0010146885765268882,-0.02251844387454246
AEP,ORA,-1,2022-11-10,2022-11-11,2022-12-19,25,signal,79.52103067781107,98.2411735929954,82.15087220134211,83.7236295146841,0.01100901801254671,0.001260152813695019,-0.04523718960856282,0.0020091071123591276,0.001004553556179647,-0.048250850277101597
AEP,OTTR,-1,2022-11-10,2022-11-11,2022-12-19,25,signal,79.52103067781107,51.56068086786997,82.15087220134211,52.861862483065906,0.010443483335278721,0.0032749921594656213,-0.02117296687633296,0.0020303796612799723,0.0010151898306400668,-0.024218536368253
AEP,POR,-1,2022-11-10,2022-11-11,2022-12-19,25,signal,79.52103067781107,39.42982951711724,82.15087220134211,40.88377892023156,0.009319166530515552,0.006554597179905081,-0.012944820656485887,0.0020330577927868097,0.0010165288963934782,-0.015994407345666175
AEP,PPL,-1,2022-11-10,2022-11-11,2022-11-15,2,signal,79.52103067781107,24.26282038743725,78.32706526752213,23.865186243694335,0.008257431606052986,0.014138749284691065,0.006220934146717856,0.0019838958966778486,0.000991947948338972,0.003245090301701035
AEP,SR,-1,2022-11-10,2022-11-11,2022-12-20,26,signal,79.52103067781107,59.89857574619763,82.08976698222156,56.35025818375625,0.010582430128165371,0.0026342782099357787,-0.03451429586572704,0.0020164322300504894,0.001008216115025311,-0.03753894421080284
AEP,SWX,-1,2022-11-10,2022-11-11,2022-12-20,26,signal,79.52103067781107,57.04248617962977,82.08976698222156,55.07909550425514,0.01109366440605457,0.002052053739166924,-0.03050277672383275,0.0020229049617940618,0.0010114524808970966,-0.03353713416652391
AEP,UGI,-1,2022-11-10,2022-11-11,2022-12-19,25,signal,79.52103067781107,30.193318375271804,82.15087220134211,30.29747965464272,0.01215319662028873,0.001080718391804083,-0.02981823798194817,0.002030174123394254,0.0010150870616972127,-0.032863499167039636
AEP,VST,-1,2022-11-10,2022-11-11,2022-12-19,25,signal,79.52103067781107,23.51428997370885,82.15087220134211,22.941560728549796,0.01239583244226093,0.0005654942556555247,-0.030892652530801885,0.002030297442772482,0.0010151487213863263,-0.03393809869496069
AEP,WTRG,-1,2022-11-10,2022-11-11,2022-11-14,1,signal,79.52103067781107,40.704451446113694,78.85960147687031,41.063725076139406,0.008834625661172133,0.007297849931823549,0.010461380367973906,0.0019959759399049578,0.0009979879699525207,0.007467416458116427
ATO,ED,-1,2022-11-10,2022-11-11,2022-12-05,15,signal,101.57243342246912,79.26221466905126,105.53776097479398,84.82741057386626,0.005779466525434732,0.00520790743293631,0.008117105399058012,0.002051558131670862,0.0010257790658354925,0.005039768201551657
ATO,FE,-1,2022-11-10,2022-11-11,2022-12-16,24,signal,101.57243342246912,33.43844157939432,105.3825210082679,35.347756375516624,0.007615113346940573,0.006757668006752714,-0.014070927661054358,0.0020408056539992776,0.0010204028269996917,-0.017132136142053327
PCG,PNW,1,2022-11-10,2022-11-11,2022-12-15,23,signal,14.649298671659887,61.92982637661008,16.033920321311847,67.66089248852077,0.031285218082832814,0.008745530631928615,-0.004709757874380577,0.002093266089369118,0.0010466330446846077,-0.007849657008434303
SO,WTRG,1,2022-11-10,2022-11-11,2022-12-02,14,signal,57.075767770628836,40.62312387079679,58.67489990414617,42.45271515209915,0.009291534867852582,0.01156331794012382,-0.0042616242664806694,0.002036129442817252,0.001018064721408707,-0.007315818430706628
FE,POR,1,2022-11-14,2022-11-15,2022-11-30,10,signal,32.22125830781547,38.97846205572471,33.867797980296636,40.397124746651265,0.015269742901993129,0.013032138275691597,0.008697634340711684,0.00204360521871184,0.001021802609355945,0.005632226512643898
DTE,PEG,-1,2022-11-15,2022-11-16,2022-11-22,4,signal,100.62878805285571,50.0540945347579,100.1256110057573,50.76514307058707,0.005052481958924516,0.00982051518947477,0.011529572262458931,0.002004416363285161,0.0010022081816425969,0.008522947717531173
CMS,CWEN,-1,2022-11-16,2022-11-17,2023-01-13,38,signal,52.16670459941631,28.143351866767894,56.819542179452526,27.63196685092211,0.015562367458851832,0.00666364385599766,-0.07374917863472398,0.002067677131044499,0.0010338385655223378,-0.07685069433129081
AEE,AWK,-1,2022-11-18,2022-11-21,2022-12-08,12,signal,76.4279685421045,135.17293262335826,77.20052306680606,140.65352319816833,0.009369876252119538,0.0020969118015631855,0.006271444738401934,0.0020178699770154063,0.0010089349885077604,0.0032446397728787676
AEP,ETR,-1,2022-11-21,2022-11-22,2022-12-16,17,signal,81.5598212437766,49.73452288652254,82.86675489492838,50.623200421713534,0.007517988515061595,0.007773406056854249,-0.0009011833006479534,0.0020162775440146774,0.0010081387720073647,-0.0039255996166699956
AEP,PPL,-1,2022-11-21,2022-11-22,2022-12-16,17,signal,81.5598212437766,24.8138561578764,82.86675489492838,25.582659655435407,0.008058899023950971,0.013798812784202813,0.00209664056230161,0.0020205113572803295,0.001010255678640189,-0.0009341264736189084
AEP,WTRG,-1,2022-11-21,2022-11-22,2022-12-20,19,signal,81.5598212437766,41.76399971610931,82.08976698222156,41.01085470325806,0.008612805600387706,0.007114615284702354,-0.007924271233865519,0.0019983854101437238,0.0009991927050719144,-0.010921849349081157
CNP,UGI,1,2022-11-21,2022-11-22,2022-11-23,1,signal,27.27110260345252,33.4319861069929,27.561356182664017,32.47361354686705,0.021630724940132934,0.012272226013948544,0.020034654281228748,0.001994894282984794,0.0009974471414924608,0.017042312856751493
AEP,AWR,-1,2022-11-23,2022-11-25,2023-01-04,26,signal,83.07583024644318,91.07359151505409,83.17229641986718,87.6674078183218,0.00822507100459877,0.003473316633422267,-0.01063597952001484,0.001988216096291534,0.000994108048145773,-0.013618303664452148
CNP,UGI,-1,2022-11-23,2022-11-25,2022-12-08,9,signal,28.02403597071885,31.96504780524633,27.634715572853903,31.762025944508856,0.021659371590177466,0.012288478736169459,0.007926255645217994,0.0019886502988753774,0.0009943251494377104,0.004943280196904906
EXC,NFG,-1,2022-11-23,2022-11-25,2023-01-24,39,signal,34.74613371373089,58.26728296108044,36.45285360516015,53.08073012271205,0.016822874733617675,0.0071274975253942646,-0.06368773681488386,0.001991340644801434,0.000995670322400811,-0.0666747477820861
SRE,UGI,-1,2022-11-23,2022-11-25,2022-12-16,15,signal,72.78591690878193,31.96504780524633,71.07632250590535,31.057599765112794,0.01270816667705482,0.0023204292920905338,0.021594628117671082,0.0019744865091315495,0.0009872432545658446,0.018632898353973686
AWK,CWEN,-1,2022-12-01,2022-12-02,2023-01-13,28,signal,139.49055667629818,27.961900043680725,145.14665440142386,27.63196685092211,0.0039674139989578075,0.015967272270714757,-0.025691284040202114,0.0020169303738578927,0.001008465186929011,-0.028716679600989017
NWE,SR,-1,2022-12-01,2022-12-02,2023-01-05,22,signal,47.230340588935356,59.52031500326902,50.00535971332077,59.72432846530574,0.011075397330514582,0.008011684331355632,-0.02706770055562704,0.002032247389532903,0.0010161236947665185,-0.030116071639926464
DTE,PEG,1,2022-12-02,2022-12-05,2022-12-09,4,signal,100.5836216716464,52.718649102779295,103.10758339884778,52.68708109567971,0.0049247738011028155,0.009572288691309336,0.01474424060013876,0.002012121933664638,0.0010060609668323716,0.011726057699641752
CWEN,NEE,1,2022-12-06,2022-12-07,2023-01-06,20,signal,27.17845313319291,76.30064718964809,25.890865716149815,75.01698674179508,0.01651220223583566,0.007223012664772265,-0.010019757662532427,0.0019692504918909126,0.0009846252459454587,-0.012973633400368799
FE,POR,-1,2022-12-06,2022-12-07,2022-12-19,8,signal,35.484630289048845,40.99956029243411,35.135652811034724,40.88377892023156,0.014189078216599756,0.01210983253026448,0.005543211492558201,0.0019936357886812016,0.0009968178943406082,0.002552757809536391
AEP,SRE,-1,2022-12-07,2022-12-08,2023-01-12,23,signal,84.10393266800284,72.26425660158952,85.18897705256516,72.65131513524607,0.006669286697889612,0.006074425059251707,-0.002875975169035605,0.002009338855305195,0.0010046694276526326,-0.005889983451993433
CMS,WTRG,-1,2022-12-08,2022-12-09,2023-01-13,23,signal,54.70233482032371,42.37325190175676,56.819542179452526,43.1345375654874,0.01137312998677321,0.008911700176704665,-0.015264567598909165,0.0020303573214245814,0.0010151786607123276,-0.018310103581046074
PCG,PPL,-1,2022-12-12,2022-12-13,2023-01-04,14,signal,15.503713352707297,26.259741404272262,15.495396063673251,25.82019006723115,0.05467270693488201,0.005775878148227343,-8.845378273114211e-05,0.001995612474057609,0.0009978062370288832,-0.0030818724938176346
PCG,TXNM,-1,2022-12-12,2022-12-13,2023-01-04,14,signal,15.503713352707297,43.41408694954004,15.495396063673251,43.32734270568767,0.05937391638016222,0.0018114153746950725,0.002334365790650456,0.0019976656240138315,0.0009988328120069897,-0.0006621326453703654
PCG,POR,-1,2022-12-14,2022-12-15,2023-01-04,12,signal,16.033920321311847,41.53411672744284,15.495396063673251,42.08087736225944,0.041805170257064275,0.007929801174281784,0.02882996895001243,0.0019811675478520656,0.000990583773926092,0.025858217628234273
PCG,VST,-1,2022-12-14,2022-12-15,2023-01-24,25,signal,16.033920321311847,22.983319875098175,15.475718861094212,21.463000866786775,0.03451160087311401,0.019428695398610592,-0.008322415123392619,0.0019509737959868497,0.0009754868979934699,-0.011248875817372939
CPK,DUK,1,2022-12-15,2022-12-16,2022-12-20,2,signal,106.21251546520033,88.25733402998915,107.90831464363035,86.70139524480972,0.0036385552984083205,0.00694913396049504,0.018977607244042644,0.0019949211057877997,0.0009974605528939402,0.015985225585360904
PCG,SWX,-1,2022-12-15,2022-12-16,2023-01-09,14,signal,15.798269190090425,56.340614232793435,15.672488026576612,56.71042855521804,0.03215339739508321,0.008732865735820956,0.009272991174258234,0.0019991606140650356,0.0009995803070325534,0.0062742502531606455
SO,WTRG,-1,2022-12-15,2022-12-16,2023-01-06,13,signal,61.15755985337129,41.4726295067255,62.31360667108991,42.676316323338746,0.008866826852349623,0.011034768686978223,0.00505530528959462,0.0020233666626230115,0.001011683331311567,0.002020255295660042
D,EXC,-1,2022-12-27,2022-12-28,2023-02-03,25,signal,51.68230507169409,37.66329365090082,51.6186295572888,36.08452046954934,0.018224059934311844,0.0015201263835801005,0.0007551608012946595,0.001994669177085595,0.0009973345885428363,-0.002236842964333772
D,FE,-1,2022-12-27,2022-12-28,2023-02-03,25,signal,51.68230507169409,36.33570454593628,51.6186295572888,35.099677251899934,0.01778941313051919,0.002195127028621822,0.0004139862650548165,0.0019944731542542683,0.0009972365771271736,-0.0025777234663266254
D,IDA,-1,2022-12-27,2022-12-28,2023-02-03,25,signal,51.68230507169409,98.1161198421474,51.6186295572888,96.89668401473173,0.014869460973687536,0.0023540827697496663,7.12732750186365e-05,0.0019951055687243468,0.0009975527843622172,-0.0029213850780679274
D,MDU,-1,2022-12-27,2022-12-28,2023-02-03,25,signal,51.68230507169409,10.56780965957696,51.6186295572888,10.707373129471486,0.016373379918171723,0.014486621806386924,0.00506398263468371,0.0019995960394918206,0.000999798019745945,0.0020645885754459444
D,NEE,-1,2022-12-27,2022-12-28,2023-02-06,26,signal,51.68230507169409,75.59154735245043,50.28158520122806,66.83921826106689,0.015558173766554677,0.002583727275585381,0.0011333870548344178,0.0019543753101650928,0.0009771876550826225,-0.0017981759104132974
D,NI,-1,2022-12-27,2022-12-28,2023-02-03,25,signal,51.68230507169409,24.654131538864405,51.6186295572888,24.463165484132524,0.017945626756463603,0.002907092616251198,0.002584132139460889,0.0019965911320834083,0.0009982955660417419,-0.0004107545586642613
D,NWE,-1,2022-12-27,2022-12-28,2023-02-03,25,signal,51.68230507169409,50.02221382045084,51.6186295572888,49.19071704011932,0.018281987982552945,0.001084580498591361,0.002258442910487171,0.001996153113935857,0.0009980765569679653,-0.0007357867604166511
D,OGS,-1,2022-12-27,2022-12-28,2023-02-03,25,signal,51.68230507169409,66.68258599886943,51.6186295572888,72.87286674933881,0.0191120073862662,0.00016900845830268858,0.004261055246345044,0.001997878538609204,0.0009989392693046388,0.0012642374384312012
D,ORA,-1,2022-12-27,2022-12-28,2023-01-26,19,signal,51.68230507169409,85.4193802855441,51.96126082854527,89.5111468760185,0.01725904975508381,0.001255297852099593,0.0023302562312890445,0.002008381705935266,0.0010041908529676647,-0.0006823163276138862
D,OTTR,-1,2022-12-27,2022-12-28,2023-02-03,25,signal,51.68230507169409,53.864364003350516,51.6186295572888,59.902203690593296,0.018098987080365336,0.0011831562850901103,0.010300426498151022,0.002004256211266262,0.0010021281056331714,0.007294042181251588
D,PNW,-1,2022-12-27,2022-12-28,2023-02-03,25,signal,51.68230507169409,66.53261796876765,51.6186295572888,66.8569424886219,0.019267000882584803,4.874996827511544e-05,0.0032394521772605798,0.001996805174961082,0.0009984025874805774,0.00024424441481892033
D,POR,-1,2022-12-27,2022-12-28,2023-02-03,25,signal,51.68230507169409,42.28503243057212,51.6186295572888,41.491076753730106,0.017430283793260986,0.002326101504238664,0.0012584983913484895,0.0019954375987834526,0.0009977187993917662,-0.0017346580068267293
D,WEC,-1,2022-12-27,2022-12-28,2023-02-03,25,signal,51.68230507169409,84.25577775229196,51.6186295572888,82.40812274610894,0.011325999142176713,0.0049192398288178205,-0.006378029658476107,0.0019898396163220583,0.0009949198081610593,-0.009362789082959224
PCG,PNW,-1,2022-12-27,2022-12-28,2023-01-12,10,signal,16.15174304927806,66.53261796876765,15.54458827589529,65.25663345048092,0.02877864456051683,0.008044838200680244,0.009180412257962525,0.001972409837748319,0.0009862049188742107,0.006221797501339995
ATO,ED,1,2022-12-30,2023-01-03,2023-01-12,7,signal,102.57925333328627,83.8871251178743,106.68470137170549,86.98722670496836,0.0056134498907923725,0.005058308977483715,0.009403492548833834,0.00203903739502514,0.0010195186975126306,0.006344936456296063
ATO,FE,1,2022-12-30,2023-01-03,2023-01-12,7,signal,102.57925333328627,35.90380635163471,106.68470137170549,36.79000376019655,0.007442149303520385,0.006604179341609105,0.02673823393354593,0.0020374832919968985,0.0010187416459985104,0.02368200899555052
AEP,ETR,-1,2023-01-03,2023-01-04,2023-01-19,10,signal,83.00611800544188,48.12407778768603,80.57944504932442,47.22431942966015,0.007530202586321957,0.0077860350912460855,0.013242020459730372,0.001974231638648645,0.0009871158193243612,0.010280673001757366
D,ES,-1,2023-01-03,2023-01-04,2023-01-09,3,signal,52.5413122823115,72.71761950320227,51.42643595762573,72.9228780133716,0.011678242214448251,0.005310699425938286,0.016097491561442436,0.0019876295504829083,0.00099381477524148,0.013116047235718048
D,XEL,-1,2023-01-03,2023-01-04,2023-01-10,4,signal,52.5413122823115,62.114367598005956,51.34287218786785,63.222835531991464,0.011506204694635968,0.006363078442853379,0.0228356314382695,0.0019928659820045375,0.0009964329910023334,0.01984633246526263
AWK,NEE,-1,2023-01-04,2023-01-05,2023-01-18,8,signal,142.73217839394368,75.06186584328675,145.12828410638437,76.99053992243557,0.0035233903742431802,0.006622430734852355,0.0063513023556378695,0.002021207659252274,0.0010106038296261812,0.0033194908667594143
CNP,UGI,1,2023-01-04,2023-01-05,2023-02-17,30,signal,26.75295069761319,31.58639052447629,26.709518754311286,31.87314673863371,0.02238901960576632,0.012702445692095275,-0.0026118428766893458,0.002003060990619002,0.0010015304953095473,-0.005616434362617895
CPK,DUK,1,2023-01-04,2023-01-05,2023-01-12,5,signal,108.17054235763742,89.78766608298187,114.02868266286049,91.64809150428891,0.003575053765478262,0.006827854875023726,0.010273653246093292,0.002033201471694923,0.0010166007358474994,0.00722385103855087
AEE,AWK,1,2023-01-05,2023-01-06,2023-01-10,2,signal,77.45039096944012,142.10033246847797,79.60230524208978,145.09159165976953,0.009157014690043848,0.0020492748947774937,0.015601882890183438,0.0020266846483016805,0.001013342324150862,0.012561855917730895
AEP,EIX,1,2023-01-05,2023-01-06,2023-01-10,2,signal,82.72706187984265,55.32681563193894,85.04492634037221,56.90646599682637,0.008309454571944121,0.005656510209914035,0.012353835793435594,0.002028954771821588,0.0010144773859108408,0.009310403635703166
AEP,AWR,-1,2023-01-09,2023-01-10,2023-01-13,3,signal,85.04492634037221,85.59430608756544,83.5040575782103,87.10867156993095,0.008248166808479663,0.0034830696239723682,0.01997575959747469,0.001991776605968037,0.0009958883029841134,0.01698809468852254
AEP,SWX,-1,2023-01-09,2023-01-10,2023-01-13,3,signal,85.04492634037221,56.84152460859611,83.5040575782103,58.446994328802724,0.010456550798871655,0.0019342034678733113,0.021202931254838443,0.0019854536685086034,0.0009927268342544045,0.018224750752075435
AEP,EIX,1,2023-01-13,2023-01-17,2023-02-02,12,signal,82.74451711576575,57.91327078985897,82.46593783477245,57.42984986857771,0.008188350073503398,0.005574070523173417,0.0024092517707036245,0.0019957341391024265,0.0009978670695512835,-0.0005843494379500856
AEP,PPL,1,2023-01-13,2023-01-17,2023-02-01,11,signal,82.74451711576575,26.963843383728616,81.22001648438068,25.96884442797233,0.0077593492459085405,0.01328591005462741,0.0033658541813174937,0.001975520375216074,0.0009877601876080771,0.0004025736184933425
FE,POR,-1,2023-01-13,2023-01-17,2023-01-25,6,signal,36.69083276383449,41.39428224266896,35.07565286070384,40.15761727252458,0.013884897942294288,0.011850226365253723,0.009734736812305259,0.0019628885330819535,0.0009814442665410632,0.006790404012682242
DTE,PEG,1,2023-01-17,2023-01-18,2023-02-10,17,signal,104.58235781009483,55.30990311281934,99.51758645303264,52.69589463458065,0.0047149479687657566,0.009164449971574671,0.0020279528775247017,0.001952136375677544,0.0009760681878387871,-0.0009002516859916293
AEP,AWK,1,2023-01-18,2023-01-19,2023-02-01,9,signal,80.57944504932442,139.90263438305533,81.22001648438068,143.10970136730043,0.010728704028868245,0.0009736362906301221,0.0057614399107711,0.0020114553770478345,0.0010057276885239142,0.0027442568451993515
AEP,AWR,1,2023-01-18,2023-01-19,2023-02-01,9,signal,80.57944504932442,86.40337666329488,81.22001648438068,86.09908076513692,0.008545384136659798,0.003608579773262532,0.008577141010472304,0.0020051360077655758,0.0010025680038827757,0.005569436998823952
AEP,CNP,1,2023-01-18,2023-01-19,2023-02-01,9,signal,80.57944504932442,27.53413972467139,81.22001648438068,27.207469379363392,0.011022856283645098,0.004087980069786769,0.010403633950939411,0.002007285221896508,0.001003642610948249,0.0073927061180946545
AEP,CPK,1,2023-01-18,2023-01-19,2023-02-02,10,signal,80.57944504932442,111.03302572030296,82.46593783477245,116.37197159400469,0.010662921089562979,0.0012744356276025177,0.015339749293907346,0.002028368421932108,0.0010141842109661048,0.012297196661009133
AEP,CWEN,1,2023-01-18,2023-01-19,2023-02-01,9,signal,80.57944504932442,27.406271044497654,81.22001648438068,27.218843886131328,0.011518928067329756,0.002651425719055932,0.009884246148160337,0.0020086006776190496,0.0010043003388095204,0.006871345131731767
AEP,EXC,1,2023-01-18,2023-01-19,2023-02-01,9,signal,80.57944504932442,36.65811583880196,81.22001648438068,36.496390336802556,0.009559695583741456,0.006280304390796469,0.00914554860885419,0.002006195309765308,0.0010030976548826558,0.006136255644206226
AEP,FE,1,2023-01-18,2023-01-19,2023-02-01,9,signal,80.57944504932442,35.989357786278966,81.22001648438068,34.92136056630367,0.009895362385615449,0.005646956083482357,0.014371128271424106,0.0020015083891869435,0.0010007541945934756,0.011368865687643686
AEP,MDU,1,2023-01-18,2023-01-19,2023-02-02,10,signal,80.57944504932442,10.256105189198838,82.46593783477245,10.71168168651469,0.009819728442485074,0.020408594031504478,0.011256166767767918,0.0020289956899750706,0.0010144978449875739,0.008212673232805274
AEP,NEE,1,2023-01-18,2023-01-19,2023-01-27,6,signal,80.57944504932442,75.31507702872612,80.75823486942038,68.29275119922875,0.010833173667368438,0.0016970439509488887,0.01584558048903143,0.001991523747433705,0.0009957618737168553,0.01285829486788087
AEP,NI,1,2023-01-18,2023-01-19,2023-02-02,10,signal,80.57944504932442,23.8963110058915,82.46593783477245,24.867129904587408,0.008379065090143368,0.01360748095143577,0.004626366265571615,0.002029720095515129,0.0010148600477576332,0.0015817861222988529
AEP,NJR,1,2023-01-18,2023-01-19,2023-02-01,9,signal,80.57944504932442,43.308895889943216,81.22001648438068,43.49220250480987,0.0116227707385008,0.0014850257487517902,0.00918246898392212,0.0020094690956242727,0.0010047345478121318,0.006168265340485716
AEP,NRG,1,2023-01-18,2023-01-19,2023-02-02,10,signal,80.57944504932442,28.867059993709844,82.46593783477245,32.29580540905343,0.01149953672112807,0.002571273758976432,0.014909777696016646,0.002032227748297585,0.0010161138741488435,0.011861436073570219
AEP,OGE,1,2023-01-18,2023-01-19,2023-02-01,9,signal,80.57944504932442,33.3802998448621,81.22001648438068,33.835844247104916,0.009779312733176115,0.006367913311805174,0.005373800615123861,0.0020103194869296416,0.001005159743464834,0.0023583213847293855
AEP,ORA,1,2023-01-18,2023-01-19,2023-02-02,10,signal,80.57944504932442,88.58240256959071,82.46593783477245,92.46258889155543,0.011031594716245766,0.0012627370675002084,0.017938649491217186,0.0020272807445851134,0.001013640372292605,0.014897728374339466
AEP,OTTR,1,2023-01-18,2023-01-19,2023-03-14,37,signal,80.57944504932442,55.93001936481281,79.00059827524586,63.733814980404794,0.010198284644017779,0.003198099827126836,-0.0390487456759845,0.002010100544515744,0.001005050272257878,-0.04206389649275812
AEP,SR,1,2023-01-18,2023-01-19,2023-02-02,10,signal,80.57944504932442,59.453044988193916,82.46593783477245,63.071816649404944,0.010491707222759852,0.0026116946095758055,0.012372037855857302,0.002030634313958408,0.0010153171569792594,0.009326086384919635
AEP,SWX,1,2023-01-18,2023-01-19,2023-02-02,10,signal,80.57944504932442,57.23665865639809,82.46593783477245,59.170376804274845,0.010977320584538517,0.0020305330075824457,0.01880834613356841,0.002026188573911317,0.0010130942869557053,0.01576906327270139
AEP,UGI,1,2023-01-18,2023-01-19,2023-02-01,9,signal,80.57944504932442,32.106908898534485,81.22001648438068,32.75069154118203,0.011996607542142866,0.0010667937675266012,0.009008144130878859,0.002010243332619867,0.001005121666309926,0.0059927791319490656
AEP,VST,1,2023-01-18,2023-01-19,2023-02-01,9,signal,80.57944504932442,20.39461761727037,81.22001648438068,21.850062939942156,0.012280444995882907,0.0005602303140521297,0.009061762884082688,0.0020106452001466386,0.0010053226000733104,0.006045795083862739
AEP,WTRG,1,2023-01-18,2023-01-19,2023-01-31,8,signal,80.57944504932442,41.416201907988516,81.10673741244418,40.91637091739992,0.008714970570727777,0.007199008744077533,0.010195438527544943,0.0020018134289785097,0.0010009067144892672,0.007192718384077165
AWK,CWEN,1,2023-01-18,2023-01-19,2023-01-26,5,signal,140.18271973717555,27.406271044497654,142.0271128964079,26.782689062480888,0.003992773257643467,0.01606933325757516,0.019382390079224127,0.00199759971401392,0.000998799857006987,0.01638599050820322
CWEN,NEE,-1,2023-01-18,2023-01-19,2023-02-21,22,signal,27.406271044497654,75.46585796371856,26.33846636124955,67.59183895642042,0.01655296917923073,0.007240845546434021,-0.03741376119459833,0.001925456255689205,0.0009627281278446421,-0.04030194557813217
AEP,AES,1,2023-01-19,2023-01-20,2023-02-01,8,signal,79.65404643391922,22.572351395517778,81.22001648438068,23.169104337564526,0.011367847742001218,0.00422260434447539,0.01730381476292293,0.0020219572264081704,0.0010109786132041312,0.014270878923310628
AEP,SRE,1,2023-01-19,2023-01-20,2023-02-02,9,signal,79.65404643391922,69.99432558759538,82.46593783477245,72.06171966825204,0.006974010117018422,0.006351968919209419,0.008511106639237091,0.0020329705058181823,0.001016485252909156,0.005461650880509752
D,ES,-1,2023-01-19,2023-01-20,2023-02-03,10,signal,51.67395917332768,68.35694888334932,51.6186295572888,70.9050835020087,0.012080203431984215,0.005493491935976883,0.016679397013127845,0.002012847016175755,0.0010064235080879283,0.01366012648886416
EVRG,OTTR,1,2023-01-19,2023-01-20,2023-02-15,18,signal,50.567965289345004,56.19484481120158,51.64875095526309,56.07802409736002,0.012816574851405324,0.006267244091023195,0.016597840581001447,0.0020137262669037556,0.001006863133451932,0.013577251180645759
NWE,SR,1,2023-01-19,2023-01-20,2023-02-15,18,signal,47.13225745865333,59.664990684771446,47.03809158387437,60.31108915502572,0.011075590510815003,0.008011824073483146,-0.00421515469316492,0.0020042152538033296,0.001002107626901743,-0.007221477573869992
ES,WEC,1,2023-01-20,2023-01-23,2023-01-31,6,signal,68.25414914633383,81.24486869566768,69.8192444239371,81.50391440856524,0.007290467738229238,0.006183646436303854,0.011821441904651828,0.0020130123754289932,0.001006506187714536,0.008801923341508299
D,XEL,-1,2023-01-23,2023-01-24,2023-02-03,8,signal,52.63304803806244,59.99713311237553,51.6186295572888,60.78408573525523,0.011650697619026745,0.006442984879140265,0.018881822048940962,0.001992815220481064,0.000996407610240584,0.01589259921821931
CPK,DUK,-1,2023-01-24,2023-01-25,2023-03-21,38,signal,113.01476804105585,86.88331704887618,120.0427135219045,84.7841725902676,0.0035855509816698455,0.006847903096239301,-0.03756263040254165,0.002011164252996655,0.0010055821264983466,-0.04057937678203665
AWK,NEE,-1,2023-01-25,2023-01-26,2023-02-15,14,signal,142.0271128964079,67.42191228662026,136.9476945799387,67.77999431554683,0.0037207038632679906,0.006993293675181393,0.023386696810271366,0.0019835126689418826,0.0009917563344709489,0.020411427806858534
PCG,PNW,-1,2023-01-25,2023-01-26,2023-02-01,4,signal,15.67062833908596,62.831639424007896,15.54458848927534,64.05181288200419,0.030090711472222385,0.008411615933764273,0.016062858271023023,0.002006599015131562,0.0010032995075658112,0.013052959748325649
ATO,FE,-1,2023-01-31,2023-02-01,2023-02-10,7,signal,106.62091426278002,34.92136056630367,104.59723960567433,34.11031674381056,0.007262903904683415,0.0064451165881223346,0.011449468387334155,0.0019789858124768874,0.0009894929062384662,0.008480989668618802
ATO,ED,-1,2023-02-01,2023-02-02,2023-03-01,18,signal,108.76244842694129,83.92297989856738,102.77321767706722,78.91667951682983,0.005422428701012643,0.004886178786968015,0.009957208702560161,0.0019427107138914141,0.0009713553569457579,0.007043142631722989
PCG,PNW,1,2023-02-01,2023-02-02,2023-02-09,5,signal,15.46588100515039,66.10602895287545,15.21896890053257,63.28926897513829,0.029456524571235605,0.008234334095604699,0.017890341286297715,0.001969371039092232,0.0009846855195461423,0.014936284727659342
AEE,AWK,1,2023-02-03,2023-02-06,2023-02-16,8,signal,75.9957811713714,142.5776103779462,75.93302045419063,135.3167751020515,0.009271306949175976,0.00207485269117019,0.016468474675339947,0.001985184936339827,0.000992592468169993,0.013490697270830129
AEP,AWR,1,2023-02-03,2023-02-06,2023-02-16,8,signal,80.26515651724276,89.76497019026495,79.13251987988374,84.70402745316682,0.008465304993231334,0.0035747636249636567,0.01047660527182926,0.001973045848978859,0.0009865229244894747,0.007517036498360927
AEP,IDA,1,2023-02-03,2023-02-06,2023-02-15,7,signal,80.26515651724276,94.81858650591376,79.36115026011856,90.67263615605174,0.007938009655522512,0.0038297072768340456,0.010679268755514707,0.0019775029289600963,0.000988751464480111,0.007713014362074499
AEP,POR,1,2023-02-03,2023-02-06,2023-03-14,25,signal,80.26515651724276,41.29447961425781,79.00059827524586,40.777604254457486,0.0091526188664695,0.006437456570227014,-0.00626062897551511,0.0019860279670001263,0.0009930139835000727,-0.00923967092601531
D,MDU,1,2023-02-03,2023-02-06,2023-03-16,27,signal,50.28158520122806,10.515927103862982,47.145270043249965,10.036998832335161,0.016794074989901403,0.014858838809254784,-0.0436136510543224,0.0019415429128993235,0.0009707714564497494,-0.04652596542367147
D,NI,1,2023-02-03,2023-02-06,2023-02-07,1,signal,50.28158520122806,24.134960335961935,51.14020315885071,24.29076127268874,0.018468926703443918,0.002991864323174345,0.017409669035311656,0.0020180521738283174,0.0010090260869142133,0.014382590774569125
D,OGS,1,2023-02-03,2023-02-06,2023-03-16,27,signal,50.28158520122806,72.19254151109203,47.145270043249965,67.59029030944414,0.019657798914311974,0.00017383492068549252,-0.05891358298167953,0.0019394377531493014,0.0009697188765747325,-0.06182273961140356
D,ORA,1,2023-02-03,2023-02-06,2023-03-16,27,signal,50.28158520122806,89.3449556340507,47.145270043249965,80.66049465728723,0.01762544336469971,0.0012819466605624328,-0.042210842215097084,0.0019350872277483669,0.0009675436138742614,-0.045113473056719706
D,OTTR,1,2023-02-03,2023-02-06,2023-03-16,27,signal,50.28158520122806,60.367899277141,47.145270043249965,63.15343007832636,0.01845643695687483,0.0012065232871283455,-0.05929888609559262,0.001947124673164445,0.0009735623365823023,-0.06221957310533936
D,PNW,1,2023-02-03,2023-02-06,2023-02-07,1,signal,50.28158520122806,65.36375123667197,51.14020315885071,65.0362353735513,0.019842488419587696,5.020608484160057e-05,0.019072586776594746,0.002019026606406495,0.0010095133032033054,0.016044046866984945
FE,POR,1,2023-02-03,2023-02-06,2023-02-15,7,signal,33.7717152432562,41.29447961425781,34.8879110417992,40.06671545139397,0.014489287551643932,0.012366049651342428,0.03335645348989988,0.002000979002760444,0.001000489501380237,0.030354984985759198
AEP,NJR,1,2023-02-08,2023-02-09,2023-02-21,7,signal,79.07065783195598,45.47346845221505,80.4427518762788,44.93228141094257,0.011791400805385861,0.0015065713850696888,0.019011356004493933,0.0020171082748490256,0.0010085541374245653,0.01598569359222034
AEP,NRG,1,2023-02-08,2023-02-09,2023-02-21,7,signal,79.07065783195598,32.20351589667003,80.4427518762788,31.535468829877853,0.011600993113000582,0.0025939592083496156,0.01966641035932368,0.0020158699602290057,0.001007934980114558,0.016642605418980116
D,EXC,1,2023-02-08,2023-02-09,2023-03-16,24,signal,49.97238933977354,34.998161887492685,47.145270043249965,36.52326888404453,0.018923374909773496,0.0015784584538467508,-0.05395532286392469,0.0019506335305741604,0.00097531676528716,-0.05688127315978601
D,FE,1,2023-02-08,2023-02-09,2023-03-16,24,signal,49.97238933977354,34.17079478341348,47.145270043249965,34.34309452465467,0.0184695409123133,0.0022790514878369243,-0.05065846088657538,0.0019498146061868742,0.0009749073030935105,-0.05358318279585576
D,IDA,1,2023-02-08,2023-02-09,2023-03-30,34,signal,49.97238933977354,93.19028766285999,47.204372506551046,97.10869172155304,0.015458147087208482,0.0024472815641836303,-0.05041001190968672,0.0019678374519974885,0.00098391872599882,-0.053361768087683024
D,NI,1,2023-02-08,2023-02-09,2023-03-16,24,signal,49.97238933977354,23.95618102072767,47.145270043249965,24.85503134866743,0.018584900754313627,0.0030106514801533364,-0.05329603430288553,0.0019518223138582616,0.0009759111569292115,-0.056223767773673
D,NWE,1,2023-02-08,2023-02-09,2023-03-16,24,signal,49.97238933977354,47.57625477050051,47.145270043249965,47.96534291940669,0.01895815190273548,0.0011246939809096365,-0.052085987856884904,0.0019485743128817912,0.0009742871564409777,-0.05500884932620767
D,PNW,1,2023-02-08,2023-02-09,2023-03-16,24,signal,49.97238933977354,63.162816889273884,47.145270043249965,67.3194414687187,0.019967076932046666,5.05213225927603e-05,-0.054713613462020395,0.0019456931990146445,0.0009728465995074041,-0.05763215326054244
D,POR,1,2023-02-08,2023-02-09,2023-03-16,24,signal,49.97238933977354,40.64483801628983,47.145270043249965,41.077374340630996,0.018066187903598943,0.002410964007061513,-0.0501665729174503,0.001951525029168323,0.0009757625145842391,-0.05309386046120287
AEP,AES,1,2023-02-09,2023-02-10,2023-02-21,6,signal,78.3657781964513,21.754648924492702,80.4427518762788,22.18988596456468,0.011577239451672734,0.0043003832137057775,0.024201502486369902,0.002027566921293564,0.0010137834606468317,0.021160152104429508
AEP,AWK,1,2023-02-09,2023-02-10,2023-02-21,6,signal,78.3657781964513,137.07866179920032,80.4427518762788,136.8647089160359,0.011020508637107317,0.00100011773289847,0.025127435977652067,0.0020241515276110196,0.001012075763805552,0.022091208686235497
AEP,CNP,1,2023-02-09,2023-02-10,2023-02-21,6,signal,78.3657781964513,26.046294929861098,80.4427518762788,26.644045098992503,0.011369218657579207,0.004216433389428386,0.023120911473328655,0.0020277173329949828,0.0010138586664975393,0.02007933547383613
AEP,CPK,1,2023-02-09,2023-02-10,2023-02-21,6,signal,78.3657781964513,110.71964339607776,80.4427518762788,112.62223744813838,0.010924904223411256,0.0013057479328144554,0.02223304868937541,0.0020266184131771357,0.00101330920658861,0.019193121069609662
AEP,CWEN,1,2023-02-09,2023-02-10,2023-02-21,6,signal,78.3657781964513,25.88280778103693,80.4427518762788,26.33846636124955,0.01186927327262627,0.002732068143632375,0.02543491725043168,0.002027639355878521,0.0010138196779393028,0.022393458216613857
AEP,EXC,1,2023-02-09,2023-02-10,2023-02-21,6,signal,78.3657781964513,34.91126084062462,80.4427518762788,37.16692317364424,0.009876969558425057,0.006488739598679001,0.007914051805805811,0.0020362514980125654,0.0010181257490063248,0.004859674558786921
AEP,FE,1,2023-02-09,2023-02-10,2023-02-21,6,signal,78.3657781964513,34.11031674381056,80.4427518762788,35.364641447801056,0.010227813751625844,0.00583667508422188,0.015951596993803926,0.0020297827768045802,0.0010148913884023428,0.012906922828597005
AEP,MDU,1,2023-02-09,2023-02-10,2023-02-21,6,signal,78.3657781964513,10.266360170129882,80.4427518762788,10.715109640556909,0.010035557068997412,0.020857156213714152,0.013515309464529134,0.0020313593753326547,0.0010156796876663807,0.010468270401530099
AEP,NEE,1,2023-02-09,2023-02-10,2023-02-21,6,signal,78.3657781964513,65.78199055852699,80.4427518762788,67.72715795333016,0.011286335163299284,0.0017680328411010765,0.022030738127519385,0.0020284368870861656,0.0010142184435431288,0.01898808279689009
AEP,OGE,1,2023-02-09,2023-02-10,2023-02-21,6,signal,78.3657781964513,32.68199626787823,80.4427518762788,32.84244191863055,0.010041163192213832,0.00653842028599691,0.021829241079286004,0.002023070511884072,0.00101153525594209,0.01879463531145984
AEP,ORA,1,2023-02-09,2023-02-10,2023-02-21,6,signal,78.3657781964513,88.84636828569045,80.4427518762788,89.33770709747786,0.011303584120216982,0.0012938704721616359,0.024867195484636295,0.0020256775596282184,0.0010128387798141512,0.021828679145193923
AEP,SR,1,2023-02-09,2023-02-10,2023-02-21,6,signal,78.3657781964513,60.82641246531414,80.4427518762788,61.33893271707237,0.01070158167404988,0.002663938535324399,0.022886547333101994,0.0020249663123689384,0.001012483156184514,0.01984909786454854
AEP,SWX,1,2023-02-09,2023-02-10,2023-02-21,6,signal,78.3657781964513,56.76304056894746,80.4427518762788,57.43654139844359,0.01126154525985232,0.0020831075480041727,0.02401330191093068,0.0020263434735416854,0.0010131717367708865,0.020973786700618106
AEP,UGI,1,2023-02-09,2023-02-10,2023-02-21,6,signal,78.3657781964513,31.792940762620393,80.4427518762788,32.07183159661621,0.012327796723112563,0.001096244639607693,0.02732657475993108,0.0020277980175661715,0.0010138990087831322,0.024284877733581775
AEP,VST,1,2023-02-09,2023-02-10,2023-02-21,6,signal,78.3657781964513,21.615625187386318,80.4427518762788,21.764042993517442,0.01261438467012297,0.000575464544459635,0.02814259925269191,0.0020282634908219046,0.0010141317454109983,0.02510020401645901
AEP,WTRG,1,2023-02-09,2023-02-10,2023-02-17,5,signal,78.3657781964513,40.22074210223575,79.7040894492303,40.363443624345955,0.00896498157548092,0.007405530544091275,0.012955030297628334,0.002013875054881334,0.001006937527440733,0.009934217715306268
D,EVRG,1,2023-02-09,2023-02-10,2023-03-30,33,signal,48.52669248772275,51.70013133616353,47.204372506551046,52.42273168945312,0.01399875162061461,0.006209735750344374,-0.02101131637155865,0.0019866698548736596,0.0009933349274368819,-0.02399132115386919
D,NEE,1,2023-02-09,2023-02-10,2023-03-30,33,signal,48.52669248772275,65.78199055852699,47.204372506551046,68.99592482453679,0.01683119555941817,0.0027951364793896644,-0.029251649412227756,0.0019879616922837597,0.0009939808461419382,-0.03223359195065346
D,WEC,1,2023-02-09,2023-02-10,2023-04-05,37,signal,48.52669248772275,79.6705256741748,47.82914915766513,84.27697877548371,0.012031336904818859,0.005225590338931991,-0.030447833991482615,0.0020159816410930454,0.0010079908205465954,-0.033471806453122255
D,XEL,1,2023-02-09,2023-02-10,2023-03-30,33,signal,48.52669248772275,59.52508450646901,47.204372506551046,59.31379493337211,0.012280592050046233,0.006791324560352611,-0.012821241446140986,0.0019826947351341204,0.000991347367567134,-0.01579528354884224
DTE,PEG,1,2023-02-16,2023-02-17,2023-03-13,15,signal,100.92432194400583,54.45627109188054,92.67692295062236,50.03100229836035,0.004836147222095293,0.009400025104341512,0.003630472767302273,0.001918470746116408,0.0009592353730582866,0.0007527666481275783
EVRG,OTTR,1,2023-02-17,2023-02-21,2023-03-14,15,signal,52.9105778156661,64.9212867240466,51.29673071751508,63.733814980404794,0.011815345307773511,0.005777647610384977,-0.010232808514519638,0.0019745589420311765,0.0009872794710156373,-0.013194646927566452
PCG,POR,1,2023-02-17,2023-02-21,2023-02-27,4,signal,15.269115585911168,42.19200155735542,15.572441908243743,41.754001283608524,0.042982929207834225,0.008153204027407547,0.018619067425558203,0.0020101079899456356,0.001005053994972874,0.015603905440639693
PCG,TXNM,1,2023-02-23,2023-02-24,2023-02-27,1,signal,15.101863384182547,43.67131791331265,15.572441908243743,43.94590389120683,0.0608996289670229,0.001857962737673618,0.03017876052314271,0.0020308735231816836,0.0010154367615908765,0.02713245023837015
PCG,SWX,-1,2023-02-24,2023-02-27,2023-03-23,18,signal,15.572441908243743,57.09059626464143,15.29863039122207,53.559345482543165,0.03217673947272635,0.00873920544628912,-0.020089661284776635,0.0019603029345108347,0.0009801514672554477,-0.023030115686542917
AWK,CWEN,1,2023-02-27,2023-02-28,2023-03-16,12,signal,128.1298357304181,25.31303152794579,129.36354264228584,25.077619736369293,0.004348227794251533,0.017499897188481457,0.011485603400353827,0.0020014825666654435,0.0010007412833327276,0.008483379550355656
SO,WTRG,-1,2023-02-27,2023-02-28,2023-05-17,55,signal,56.64596923100418,38.319955454904566,63.443550390885214,36.76877688878245,0.009583663936611291,0.011926872654135235,-0.08160005289336691,0.002046389746735886,0.0010231948733679915,-0.0846696375134708
AEP,AES,1,2023-02-28,2023-03-01,2023-03-14,9,signal,77.20270180718067,20.972840792913125,79.00059827524586,19.941948811486508,0.011775266488012014,0.004373940657731028,0.027698092425236992,0.0020183220446230218,0.0010091610223115508,0.02467060935830242
AEP,AVA,1,2023-02-28,2023-03-01,2023-03-14,9,signal,77.20270180718067,34.284677971477635,79.00059827524586,34.63882593068775,0.009116323465594765,0.008651135692609327,0.015346705451463088,0.0020202817413178444,0.001010140870658969,0.012316282839486273
AEP,AWK,1,2023-02-28,2023-03-01,2023-03-07,4,signal,77.20270180718067,125.79566862778759,78.7631924890615,129.08814144897323,0.011292667637571467,0.0010248163245420191,0.016270419093676648,0.002022496366931222,0.001011248183465646,0.01323667454327978
AEP,CNP,1,2023-02-28,2023-03-01,2023-03-14,9,signal,77.20270180718067,25.35806133218896,79.00059827524586,26.049309474253366,0.011555432788855076,0.004285493498512624,0.019838454906692612,0.002025322527321325,0.0010126612636606918,0.016800471115710595
AEP,CPK,1,2023-02-28,2023-03-01,2023-03-14,9,signal,77.20270180718067,117.77095776411554,79.00059827524586,115.25622012778376,0.01096302648973599,0.0013103043178801527,0.025023280645666286,0.002017822457243583,0.001008911228621825,0.02199654695980088
AEP,CWEN,1,2023-02-28,2023-03-01,2023-03-14,9,signal,77.20270180718067,25.574067158999785,79.00059827524586,25.11031413364199,0.012045565241513184,0.002772647011530291,0.02496461454843112,0.002022111905019323,0.001011055952509692,0.021931446690902103
AEP,EIX,1,2023-02-28,2023-03-01,2023-03-15,10,signal,77.20270180718067,55.604835326260286,79.29080719554449,57.18503378998761,0.008694484288237403,0.005918612192959559,0.010830618277047819,0.002028200680447256,0.0010141003402236737,0.0077883172563768905
AEP,EXC,1,2023-02-28,2023-03-01,2023-03-15,10,signal,77.20270180718067,35.12659153047712,79.29080719554449,36.040160506167716,0.009977518706601893,0.006554796017657426,0.01687376962018949,0.0020279173301454055,0.0010139586650727477,0.013831893624971338
AEP,FE,1,2023-02-28,2023-03-01,2023-03-14,9,signal,77.20270180718067,33.92023815071429,79.00059827524586,33.918895598733165,0.010362467618146827,0.0059135175929732955,0.020658423344160487,0.0020198402082945432,0.0010099201041472933,0.01762866303171865
AEP,IDA,1,2023-02-28,2023-03-01,2023-03-09,6,signal,77.20270180718067,92.28169025518733,78.94786178048122,92.49348035627399,0.008217493213785029,0.003964544630689969,0.015516920053532763,0.002015731124062686,0.0010078655620314324,0.012493323367438646
AEP,MDU,1,2023-02-28,2023-03-01,2023-03-14,9,signal,77.20270180718067,10.833866232299798,79.00059827524586,10.333726125803329,0.010033671220616783,0.02085323680655023,0.030477777976946722,0.0020087358504483586,0.0010043679252242175,0.027464674201274145
AEP,NEE,1,2023-02-28,2023-03-01,2023-03-14,9,signal,77.20270180718067,63.89841216936579,79.00059827524586,66.85446912623723,0.011475069279175198,0.0017975985158995597,0.017344685149379056,0.0020275022201332793,0.0010137511100666771,0.0143034318191791
AEP,NI,1,2023-02-28,2023-03-01,2023-03-15,10,signal,77.20270180718067,24.32267707742291,79.29080719554449,24.80129686432364,0.008571566267921344,0.013920100089915089,0.013261116750208642,0.0020252183781165585,0.0010126091890583235,0.01022328918303376
AEP,NJR,1,2023-02-28,2023-03-01,2023-03-14,9,signal,77.20270180718067,44.3780357536016,79.00059827524586,45.370055416593935,0.012077094300838552,0.0015430740578439841,0.022207597525154117,0.002024992144020854,0.0010124960720104591,0.019170109309122805
AEP,NRG,1,2023-02-28,2023-03-01,2023-03-14,9,signal,77.20270180718067,30.102879621637044,79.00059827524586,29.180277173158398,0.011924172967866905,0.0026662215872957887,0.02591897414786991,0.002020683119717873,0.0010103415598589727,0.022887949468293065
AEP,ORA,1,2023-02-28,2023-03-01,2023-03-14,9,signal,77.20270180718067,83.645409456322,79.00059827524586,87.73287455083147,0.011532738494268656,0.0013201007434630937,0.01736650987425715,0.0020277057784334716,0.0010138528892167731,0.014324951206606908
AEP,SR,1,2023-02-28,2023-03-01,2023-03-07,4,signal,77.20270180718067,59.3513115999279,78.7631924890615,58.52725146792895,0.01087965811422304,0.0027082670005606174,0.021225503426620204,0.0020161234553557,0.0010080617276778856,0.01820131824358662
AEP,SWX,1,2023-02-28,2023-03-01,2023-03-07,4,signal,77.20270180718067,55.436140057891485,78.7631924890615,53.69319302459555,0.011442936349755723,0.002116660416620308,0.02356154364312854,0.0020157211023360913,0.0010078605511680725,0.020537961989624376
AEP,UGI,1,2023-02-28,2023-03-01,2023-03-14,9,signal,77.20270180718067,30.570133517744672,79.00059827524586,29.66123293495178,0.012523993639620683,0.0011136913758623837,0.025552472513884966,0.0020233938425672972,0.0010116969212836798,0.02251738175003399
AEP,VST,1,2023-02-28,2023-03-01,2023-03-15,10,signal,77.20270180718067,21.062358477405393,79.29080719554449,23.670901351173487,0.012806163892536014,0.0005842134565745586,0.027246916523039316,0.0020302425436717333,0.001015121271835892,0.02420155270753169
CMS,CWEN,1,2023-02-28,2023-03-01,2023-03-14,9,signal,52.44542469604638,25.574067158999785,53.547257195577025,25.11031413364199,0.015784187801930135,0.006758625019384101,0.0225414515644155,0.0020155876655554416,0.0010077938327778201,0.019518070066082242
SRE,UGI,1,2023-02-28,2023-03-01,2023-03-29,20,signal,66.86256846500414,30.570133517744672,66.0812163836722,28.30615502193279,0.01381534721467611,0.002522593319083324,-0.003098370890958076,0.0019851823814692297,0.0009925911907346912,-0.006076144463161997
AEE,AWK,1,2023-03-01,2023-03-02,2023-03-08,4,signal,72.45301595244109,126.8255596042836,73.48383026878396,125.36568851166481,0.00992145122867965,0.0022203503664571674,0.015476472989792487,0.0020078737088956096,0.0010039368544478664,0.012464662426449011
AEP,ETR,1,2023-03-01,2023-03-02,2023-03-08,4,signal,75.86343554684515,45.0193285983528,78.20919998412309,45.86957683604281,0.00817106503997573,0.008448670325240173,0.014010768665410449,0.0020268419348097155,0.0010134209674049106,0.010970505763195823
AEP,OGE,1,2023-03-01,2023-03-02,2023-03-06,2,signal,75.86343554684515,30.225032509496163,78.2619731857139,31.019787962256864,0.01047243996903582,0.0068192511790391465,0.021730639013745376,0.002031734635505716,0.0010158673177529452,0.018683037060486712
AEP,WTRG,1,2023-03-01,2023-03-02,2023-03-03,1,signal,75.86343554684515,37.63156127446727,77.46175767160608,37.90237289854489,0.009354156542631942,0.0077270088518788735,0.014876285657678748,0.0020178941135523746,0.0010089470567762207,0.011849444487350152
PCG,VST,-1,2023-03-02,2023-03-03,2023-03-07,2,signal,15.650994782627748,20.37809947024173,16.469388760492954,23.800083205901455,0.036863258150683524,0.020752587416712195,0.042947264673447734,0.0021009165356117763,0.0010504582678059202,0.039795889870030035
CMS,WTRG,-1,2023-03-03,2023-03-06,2023-03-13,5,signal,53.52046160888672,37.39594877741485,52.087191135655736,36.92221561624631,0.012070400497591175,0.009458063907858185,0.014797197529450846,0.001977647409784569,0.0009888237048923244,0.011830726414773951
PCG,POR,-1,2023-03-03,2023-03-06,2023-03-15,7,signal,16.004467867966316,40.81186398860705,15.534749763052531,40.74741447532632,0.04209792327126776,0.007985331941924407,0.0212385406966291,0.001979034713885373,0.0009895173569427489,0.018269988625800978
PCG,PPL,-1,2023-03-03,2023-03-06,2023-03-14,6,signal,16.004467867966316,24.144150099700948,15.721678467812852,23.974719429621906,0.05385423991875795,0.005689411499354326,0.016247819193574986,0.001982371793919728,0.000991185896959964,0.013274261502695294
PCG,TXNM,-1,2023-03-03,2023-03-06,2023-03-13,5,signal,16.004467867966316,43.562676852301095,15.446206293176461,43.37779952582207,0.05764287729254336,0.001758603786565464,0.03382051250927276,0.001965835022915263,0.0009829175114576996,0.030871759974899795
NWE,SR,-1,2023-03-06,2023-03-07,2023-03-15,6,signal,48.54325250348304,58.52725146792895,47.65000730837038,59.04946801322931,0.011002697957829115,0.007959095299318037,0.01597868401233747,0.001994205677304515,0.0009971028386522697,0.012987375496380685
AEP,SRE,-1,2023-03-07,2023-03-08,2023-03-23,11,signal,78.20919998412309,66.45473045929367,76.4890168755446,63.79040990581803,0.007206979957421834,0.006564159202923592,-0.0031218454307401517,0.001969853663274746,0.000984926831637407,-0.006076625925652305
PCG,VST,1,2023-03-07,2023-03-08,2023-03-27,13,signal,16.056184110641478,25.288179060131863,15.425161933692294,22.63074912401046,0.033013476297154815,0.01858530925252894,0.03048684875569139,0.0019299272576378005,0.0009649636288189537,0.027591957869234632
ATO,ED,1,2023-03-09,2023-03-10,2023-04-10,20,signal,101.83591316863227,81.24820347457121,105.20912626253416,87.71763068202836,0.005713611657836884,0.005148565268231572,-0.011982143973876817,0.002052894594103591,0.0010264472970518404,-0.015061485865032247
CWEN,NEE,1,2023-03-09,2023-03-10,2023-04-18,26,signal,24.955009491302725,66.72088966136833,26.21851750802927,71.13735598943137,0.018468811131102904,0.008078901578235912,-0.010285858746891974,0.00205884711756532,0.0010294235587826953,-0.013374129423239988
ATO,FE,1,2023-03-10,2023-03-13,2023-03-16,3,signal,100.19102824119378,32.72793298305739,104.04440438853028,34.34309452465467,0.007742164400750866,0.006870413385901006,0.020778694914596482,0.00204205075976769,0.001021025379883918,0.017715618774944875
CNP,UGI,-1,2023-03-13,2023-03-14,2023-05-23,49,signal,25.99726290187724,29.66123293495178,26.249091826575086,23.699943569756716,0.02334549208839634,0.013245101868226465,-0.0829105469081198,0.0019264081690268504,0.0009632040845135004,-0.08580015916166016
ES,WEC,1,2023-03-13,2023-03-14,2023-03-31,13,signal,64.93778502135102,80.88926368855368,67.62051788207798,83.63182664637169,0.007487807625855586,0.006351026656157575,0.004707150730110757,0.0020374536087186105,0.0010187268043593597,0.0016509703170327866
AEE,AWK,-1,2023-03-15,2023-03-16,2023-03-23,5,signal,76.12571978231173,129.62252871364174,73.65249106871727,125.22550576533718,0.009507371369385537,0.0021276822329215684,0.016124685090057878,0.0019662488333436687,0.0009831244166719302,0.013175311840042279
AEP,AES,-1,2023-03-15,2023-03-16,2023-03-22,4,signal,81.07588125454045,19.49065217445121,78.20718301740438,19.375234184326466,0.011313543322811544,0.004202432885321578,0.03393552649136263,0.001965421062708514,0.0009827105313543066,0.030987394897299812
AEP,AWK,-1,2023-03-15,2023-03-16,2023-03-27,7,signal,81.07588125454045,129.62252871364174,78.80632865775956,131.3590113124192,0.01076326527596512,0.0009767727444210375,0.028099747923591295,0.0019758023930359137,0.0009879011965180165,0.025136044334037363
AEP,AWR,-1,2023-03-15,2023-03-16,2023-03-23,5,signal,81.07588125454045,79.91695244192378,76.4890168755446,77.32870811638037,0.008705418747271853,0.003676159843349626,0.03236553626827883,0.0019497609665151973,0.0009748804832576572,0.029440894818505977
AEP,ETR,-1,2023-03-15,2023-03-16,2023-03-22,4,signal,81.07588125454045,46.66082235728983,78.20718301740438,45.48957421115702,0.007730668086206415,0.007993311243353828,0.014782769020922997,0.0019679660853792838,0.000983983042689695,0.01183081989285402
AEP,OGE,-1,2023-03-15,2023-03-16,2023-03-27,7,signal,81.07588125454045,30.726090530128317,78.80632865775956,30.897457521689375,0.00988682530197849,0.006437921372365546,0.025519397810251813,0.0019774805547386697,0.0009887402773693832,0.02255317697814376
AEP,ORA,-1,2023-03-15,2023-03-16,2023-03-22,4,signal,81.07588125454045,80.66049465728723,78.20718301740438,79.43227758058607,0.011064314105267363,0.0012664823089096563,0.03214980783814311,0.0019651446683855937,0.0009825723341928474,0.029202090835564673
AEP,PPL,-1,2023-03-15,2023-03-16,2023-03-22,4,signal,81.07588125454045,24.09387058477459,78.20718301740438,23.699557146590553,0.008171907918054335,0.013992311743309713,0.01989578825693609,0.001970406970022611,0.0009852034850113625,0.01694017780190212
AEP,SWX,-1,2023-03-15,2023-03-16,2023-03-27,7,signal,81.07588125454045,53.22304353252864,78.80632865775956,54.76332643532987,0.010989958921844472,0.002032870787632055,0.030050137233758205,0.0019766513063771193,0.0009883256531886065,0.027085160274192478
AEP,WTRG,-1,2023-03-15,2023-03-16,2023-03-22,4,signal,81.07588125454045,38.14226545116258,78.20718301740438,36.948810872446984,0.008878391657707369,0.00733400286994232,0.018681541471474612,0.0019649142798518486,0.0009824571399259917,0.01573417005169677
CMS,WTRG,-1,2023-03-15,2023-03-16,2023-03-24,6,signal,54.995206483252446,38.14226545116258,52.11405655640593,35.98230811856889,0.011777491470122197,0.009228547720591404,0.01594500591057913,0.0019455565412832658,0.0009727782706416586,0.013026671098654206
EXC,NFG,-1,2023-03-15,2023-03-16,2023-03-22,4,signal,36.45029531984065,48.638351210029235,35.43407288549096,50.46244842780867,0.017521346218618044,0.007423425175081282,0.0333418459314075,0.0019952116157802473,0.0009976058078901887,0.030349028507737064
PCG,PNW,1,2023-03-15,2023-03-16,2023-04-10,16,signal,15.534747289165937,67.18493709015982,16.289208257998688,69.10966266256668,0.02913834786030663,0.008145390359798601,0.00834358358365816,0.002037478549526163,0.0010187392747631344,0.0052873657593688625
AEP,IDA,1,2023-03-22,2023-03-23,2023-04-03,7,signal,76.4890168755446,92.3356818823,79.55460846872317,97.09066897398277,0.00826414078251004,0.003987049835539211,0.008420937215845827,0.002044827210023795,0.0010224136050119158,0.005353696400810116
AEP,NEE,1,2023-03-22,2023-03-23,2023-03-30,5,signal,76.4890168755446,66.52251735454442,79.48426340895782,68.99592482453679,0.011514906170671345,0.001803839065328005,0.03206885698797527,0.002040503216539896,0.0010202516082699386,0.029008102163165437
ATO,FE,1,2023-03-22,2023-03-23,2023-03-30,5,signal,98.32560454208267,33.064892700416024,102.37530070569323,34.19592120414509,0.00783707624558015,0.006954638361688453,0.025912592231647047,0.0020407088461948768,0.0010203544230975288,0.02285152896235464
AEP,AES,1,2023-03-23,2023-03-24,2023-03-27,1,signal,75.46693632586953,18.499948301760192,78.64887345564617,19.15857560704534,0.012155061027524531,0.004515015917441647,0.03774628088551426,0.0020433536543570663,0.0010216768271785923,0.0346812504039786
AEP,CNP,1,2023-03-23,2023-03-24,2023-03-27,1,signal,75.46693632586953,24.974540322774057,78.64887345564617,26.122507482294193,0.011811538913182927,0.004380474028518807,0.034599142674145655,0.00204420877435771,0.001022104387178915,0.03153282951260903
AEP,CPK,1,2023-03-23,2023-03-24,2023-03-27,1,signal,75.46693632586953,112.13753238662227,78.64887345564617,117.2598571747162,0.011260288225947128,0.0013458331325612693,0.03097988480816573,0.00204415002559451,0.0010220750127973152,0.027913659769773905
AEP,CWEN,1,2023-03-23,2023-03-24,2023-03-27,1,signal,75.46693632586953,23.738611424126553,78.64887345564617,24.89778951440765,0.012366875895188237,0.0028466062658967606,0.03809531584718727,0.0020444178720324746,0.0010222089360162937,0.0350286890391385
AEP,EIX,1,2023-03-23,2023-03-24,2023-04-05,8,signal,75.46693632586953,55.68908358066251,80.74172968045698,60.22774087068301,0.008823101974844405,0.00600616634602328,0.021354591066379176,0.002074482074076744,0.0010372410370384278,0.018242867955264003
AEP,EXC,1,2023-03-23,2023-03-24,2023-03-27,1,signal,75.46693632586953,34.30255319298981,78.64887345564617,35.54826338533839,0.010209354163025623,0.006707101833482412,0.02617236356376932,0.0020419455964872076,0.0010209727982436472,0.023109445169038467
AEP,FE,1,2023-03-23,2023-03-24,2023-03-27,1,signal,75.46693632586953,32.6242597612923,78.64887345564617,34.19591635902137,0.010635156292789053,0.006069132002042952,0.026346419875413637,0.00204461253990987,0.0010223062699549926,0.023279501065548772
AEP,NJR,1,2023-03-23,2023-03-24,2023-03-27,1,signal,75.46693632586953,44.22844959319837,78.64887345564617,45.92756278674545,0.012338335291866382,0.0015764524670920188,0.038624933826922364,0.0020436978279350865,0.0010218489139676046,0.03555938708501968
AEP,NRG,1,2023-03-23,2023-03-24,2023-03-27,1,signal,75.46693632586953,28.363154959885033,78.64887345564617,29.421356093326448,0.012233936553659229,0.002735484114904476,0.03807647429984773,0.002043549727330638,0.0010217748636653797,0.03501114970885171
AEP,ORA,1,2023-03-23,2023-03-24,2023-03-27,1,signal,75.46693632586953,77.88554384768003,78.64887345564617,80.79781925359647,0.011860190592105213,0.0013575827134234297,0.03582803055939687,0.0020433044959500433,0.0010216522479750774,0.032763073815471756
AEP,POR,1,2023-03-23,2023-03-24,2023-03-27,1,signal,75.46693632586953,38.82692095591317,78.64887345564617,41.153974926562,0.009734478954018366,0.0068467054527809055,0.017089706745526644,0.0020478598324631366,0.0010239299162316262,0.014017916996831881
AEP,SR,1,2023-03-23,2023-03-24,2023-03-27,1,signal,75.46693632586953,57.25023561822427,78.64887345564617,59.92317171996593,0.011153609044857281,0.0027764614472445305,0.030113083764545225,0.0020443050511350373,0.0010221525255675733,0.027046626187842614
AEP,UGI,1,2023-03-23,2023-03-24,2023-03-27,1,signal,75.46693632586953,26.955663409857472,78.64887345564617,28.021754070705793,0.012854963078424356,0.001143122707454854,0.041729052586439615,0.0020440407079145794,0.0010220203539573498,0.03866299152456769
AEP,VST,1,2023-03-23,2023-03-24,2023-03-27,1,signal,75.46693632586953,22.90283058707513,78.64887345564617,22.63074912401046,0.013082599027670795,0.0005968243467030125,0.043833847167576594,0.0020434547260075224,0.0010217273630038202,0.04076866507856525
D,ES,1,2023-03-23,2023-03-24,2023-04-04,7,signal,44.253332774244434,63.46217469039751,47.07772679961543,67.05567601939705,0.013680351303450626,0.0062211617536057275,0.01834438144220564,0.002061431985266742,0.0010307159926334097,0.015252233464305489
D,EXC,1,2023-03-23,2023-03-24,2023-03-29,3,signal,44.253332774244434,34.30255319298981,46.43606504140985,35.9523148839493,0.021243477581265366,0.001771985543653408,0.04549656441310284,0.0020510942965232732,0.0010255471482616672,0.0424199229683179
D,FE,1,2023-03-23,2023-03-24,2023-03-29,3,signal,44.253332774244434,32.6242597612923,46.43606504140985,33.633202123302944,0.020730188431747502,0.002558004392898389,0.0447171121013453,0.002049539901155357,0.0010247699505777086,0.04164280224961223
D,NI,1,2023-03-23,2023-03-24,2023-03-29,3,signal,44.253332774244434,23.241071937774944,46.43606504140985,24.577379312902025,0.020842965435903946,0.003376445511866633,0.04303437957470275,0.0020517354135638956,0.0010258677067819808,0.03995677645435687
D,NWE,1,2023-03-23,2023-03-24,2023-03-29,3,signal,44.253332774244434,45.5219571161251,46.43606504140985,48.3573831652838,0.021316316231828992,0.0012645922811518977,0.044994081326645265,0.0020519279658733876,0.0010259639829367285,0.041916189377835145
D,OGS,1,2023-03-23,2023-03-24,2023-03-29,3,signal,44.253332774244434,65.82844962006743,46.43606504140985,69.37894664485836,0.022325499634899208,0.00019742553452773123,0.05008105925208719,0.0020514295913615114,0.0010257147956807885,0.04700391486504489
D,ORA,1,2023-03-23,2023-03-24,2023-03-29,3,signal,44.253332774244434,77.88554384768003,46.43606504140985,82.24956947043243,0.020048267169686985,0.0014581652566946115,0.03944823729332697,0.0020517081837208074,0.001025854091860442,0.03637067501774572
D,OTTR,1,2023-03-23,2023-03-24,2023-03-29,3,signal,44.253332774244434,62.94449705481296,46.43606504140985,65.98175604880596,0.020691932856962855,0.001352660803705264,0.04310754385216296,0.002050975527125543,0.001025487763562807,0.04003108056147461
D,PNW,1,2023-03-23,2023-03-24,2023-03-29,3,signal,44.253332774244434,63.98278166249042,46.43606504140985,67.50971121602147,0.022537152921757866,5.7024209249931e-05,0.05104288064875465,0.0020514301252628157,0.0010257150626314412,0.0479657354608604
D,POR,1,2023-03-23,2023-03-24,2023-03-30,4,signal,44.253332774244434,38.82692095591317,47.204372506551046,41.776872714678156,0.020244623855771544,0.00270168005077822,0.05384220989227896,0.002069346345708355,0.001034673172854244,0.05073819037371636
DTE,PEG,1,2023-03-27,2023-03-28,2023-04-26,20,signal,94.62032703588753,52.47247084878198,101.97577448631434,56.55756620930483,0.005085986275419416,0.009885637569272672,-0.0008963517792950973,0.0020777156083115903,0.001038857804155858,-0.004012925191762546
FE,POR,1,2023-03-28,2023-03-29,2023-04-06,6,signal,33.633202123302944,41.322140423004065,36.08886389934104,43.247580882041206,0.014513416893007017,0.012386643116154731,0.013849753513184852,0.0020594542168201014,0.001029727108410084,0.010760572187954665
NWE,SR,-1,2023-04-04,2023-04-05,2023-05-12,26,signal,49.94487665599464,59.89741422620836,50.67553677091825,59.049469573724636,0.01072041395776172,0.007754897631925885,-0.012407601887516396,0.0020011009844407034,0.0010005504922204042,-0.015409253364177504
AEE,AWK,-1,2023-04-05,2023-04-06,2023-05-09,22,signal,80.63062986080728,139.13139515761517,79.97379024799115,136.31272151170046,0.008943195595479955,0.0020014236990171267,0.002220484243417805,0.0019875993458725663,0.0009937996729363343,-0.0007609147753910956
AEP,AES,-1,2023-04-05,2023-04-06,2023-04-27,14,signal,83.82825463721433,20.64017231149401,81.37915242829074,19.80862612415099,0.010920448446646304,0.004056417195319545,0.025340437673881833,0.0019682415138047955,0.0009841207569024986,0.02238807540317454
AEP,AVA,-1,2023-04-05,2023-04-06,2023-04-19,8,signal,83.82825463721433,36.82211398738456,81.89902692347941,36.555797396701,0.008416062269196651,0.007986607426014545,0.016090362293075998,0.0019808277836472266,0.0009904138918236762,0.013119120617605095
AEP,AWK,-1,2023-04-05,2023-04-06,2023-04-27,14,signal,83.82825463721433,139.13139515761517,81.37915242829074,136.23264375392944,0.010359923394893314,0.0009401692281076179,0.02461764389605665,0.0019704494950233374,0.000985224747511774,0.02166196965352154
AEP,AWR,-1,2023-04-05,2023-04-06,2023-04-17,6,signal,83.82825463721433,85.09727922891726,81.98713795105172,83.60257932673133,0.00834644457598173,0.0035245707616974632,0.012077178456443405,0.0019785756502286346,0.0009892878251144038,0.009109314981100366
AEP,CNP,-1,2023-04-05,2023-04-06,2023-04-27,14,signal,83.82825463721433,27.906709722277146,81.37915242829074,27.777898252934623,0.010609919692655265,0.003934836772748889,0.027449900264096983,0.0019719746146338382,0.0009859873073170251,0.02449193834214612
AEP,CPK,-1,2023-04-05,2023-04-06,2023-04-27,14,signal,83.82825463721433,121.91648328042682,81.37915242829074,114.35937865002121,0.01015546950724624,0.0012137848574846804,0.017663648147912478,0.0019645645118732246,0.0009822822559367103,0.014716801380102541
AEP,CWEN,-1,2023-04-05,2023-04-06,2023-04-27,14,signal,83.82825463721433,26.27100858633254,81.37915242829074,24.122017338001477,0.011116893880248639,0.002558885529783466,0.0236929536398719,0.001965566890371473,0.0009827834451858401,0.020744603304314588
AEP,EXC,-1,2023-04-05,2023-04-06,2023-04-19,8,signal,83.82825463721433,37.884764146712016,81.89902692347941,37.47595275164283,0.009193208944661656,0.006039538601925994,0.01724548800425198,0.0019787267314825517,0.0009893633657413327,0.014277397907028096
AEP,FE,-1,2023-04-05,2023-04-06,2023-04-27,14,signal,83.82825463721433,36.1611138771175,81.37915242829074,35.259422900857736,0.009566860089497578,0.005459490686338607,0.02047790107320362,0.0019704563823979065,0.000985228191199047,0.017522216499606665
AEP,MDU,-1,2023-04-05,2023-04-06,2023-05-01,16,signal,83.82825463721433,10.326826739440783,81.3262976782574,10.061710960584689,0.009491877474617199,0.019727212937796963,0.02048812976630291,0.0019698562877819917,0.000984928143891092,0.017533345334629826
AEP,NEE,-1,2023-04-05,2023-04-06,2023-04-27,14,signal,83.82825463721433,71.20060006319166,81.37915242829074,67.00947285298254,0.010520249747612252,0.0016480236304560068,0.020823907687158187,0.0019658174725249527,0.0009829087362625722,0.017875181478370663
AEP,NI,-1,2023-04-05,2023-04-06,2023-04-27,14,signal,83.82825463721433,25.78654276568319,81.37915242829074,25.297093686975895,0.007952456683446803,0.012914675047030682,0.015128851868556902,0.0019735484423314253,0.000986774221165802,0.012168529205059675
AEP,NJR,-1,2023-04-05,2023-04-06,2023-04-27,14,signal,83.82825463721433,48.670823753191385,81.37915242829074,45.18225557534129,0.0110957545930035,0.0014176896063052293,0.024195109812712383,0.001966179575938685,0.0009830897879694453,0.021245840448804253
AEP,NRG,-1,2023-04-05,2023-04-06,2023-04-27,14,signal,83.82825463721433,32.101081648991254,81.37915242829074,30.963498420584692,0.010979029138067668,0.002454889288703601,0.026064783194343032,0.001968659562889166,0.0009843297814446867,0.02311179385000918
AEP,OGE,-1,2023-04-05,2023-04-06,2023-04-17,6,signal,83.82825463721433,33.815085522433094,81.98713795105172,33.23342786893926,0.009442045346130615,0.006148297727131335,0.015785589273306054,0.0019778864639856788,0.0009889432319929205,0.012818759577327456
AEP,ORA,-1,2023-04-05,2023-04-06,2023-04-27,14,signal,83.82825463721433,83.76998703982974,81.37915242829074,84.3074525395587,0.01069617538536706,0.001224343124180942,0.02882696963779699,0.001972900685382762,0.0009864503426914857,0.025867618609722743
AEP,OTTR,-1,2023-04-05,2023-04-06,2023-04-17,6,signal,83.82825463721433,65.26312881394139,81.98713795105172,67.96461552613287,0.009582425477456488,0.003004971358677048,0.027749540584392607,0.0019892869479557532,0.0009946434739779532,0.0247656101624589
AEP,POR,-1,2023-04-05,2023-04-06,2023-04-19,8,signal,83.82825463721433,43.247580882041206,81.89902692347941,43.066201126048675,0.00874892276167731,0.0061535185870023315,0.017743626948753435,0.0019810863914053213,0.0009905431957027277,0.014771997361645386
AEP,PPL,-1,2023-04-05,2023-04-06,2023-04-17,6,signal,83.82825463721433,25.35681915711404,81.98713795105172,25.44817544701009,0.007856330341426122,0.013451965489330935,0.017679487755974804,0.0019861452134546063,0.0009930726067273784,0.01470026993579282
AEP,SR,-1,2023-04-05,2023-04-06,2023-04-27,14,signal,83.82825463721433,61.78611008527347,81.37915242829074,58.01276883276914,0.010072808026302248,0.0025074182749321313,0.017172497139901884,0.0019645055667064266,0.0009822527833533118,0.014225738789842145
AEP,SWX,-1,2023-04-05,2023-04-06,2023-05-01,16,signal,83.82825463721433,54.29638462381231,81.3262976782574,49.885445760015216,0.010644455510042282,0.0019689611954420596,0.01991013225520481,0.0019631301758309106,0.000981565087915564,0.016965436991458336
AEP,UGI,-1,2023-04-05,2023-04-06,2023-04-27,14,signal,83.82825463721433,29.06733759205758,81.37915242829074,27.75706553992094,0.011561443927816049,0.001028097008464724,0.02893655719355639,0.0019684861086724814,0.0009842430543363458,0.02598382803054756
AEP,VST,-1,2023-04-05,2023-04-06,2023-04-27,14,signal,83.82825463721433,23.23770890146196,81.37915242829074,22.16247457105825,0.011768692664232517,0.0005368843221460117,0.03021413480596003,0.0019686800604722266,0.0009843400302362198,0.027261114715251587
AEP,WTRG,-1,2023-04-05,2023-04-06,2023-04-27,14,signal,83.82825463721433,39.93698185658276,81.37915242829074,37.995114162272856,0.008556575301495737,0.007068166199175313,0.009194939692294221,0.0019644558207717465,0.0009822279103859528,0.006248255961136522
D,EXC,-1,2023-04-05,2023-04-06,2023-04-27,14,signal,48.808526675507565,37.884764146712016,47.43422875756492,37.62497904969623,0.01922547670420861,0.0016036577184399866,0.027976358841464224,0.001971432611380487,0.0009857163056902823,0.025019209924393455
D,MDU,-1,2023-04-05,2023-04-06,2023-04-27,14,signal,48.808526675507565,10.326826739440783,47.43422875756492,9.844772252149832,0.017245812947705923,0.015258521524919418,0.0183130377049611,0.001967591648213443,0.0009837958241067546,0.015361650232640904
D,NI,-1,2023-04-05,2023-04-06,2023-04-27,14,signal,48.808526675507565,25.78654276568319,47.43422875756492,25.297093686975895,0.01885707681887783,0.0030547425023479177,0.026391031286145724,0.001970930778939547,0.0009854653894698165,0.02343463511773636
D,NWE,-1,2023-04-05,2023-04-06,2023-04-27,14,signal,48.808526675507565,51.35734732633509,47.43422875756492,49.27293847789712,0.019267407190764592,0.0011430405772865034,0.026065992617062245,0.001969398924060885,0.0009846994620304858,0.023111894230970875
D,OGS,-1,2023-04-05,2023-04-06,2023-04-27,14,signal,48.808526675507565,72.32188175804426,47.43422875756492,67.83337257881165,0.0202035339365834,0.0001786608833848454,0.028933266579447246,0.0019695129703597245,0.000984756485179903,0.02597899712390762
D,ORA,-1,2023-04-05,2023-04-06,2023-04-27,14,signal,48.808526675507565,83.76998703982974,47.43422875756492,84.3074525395587,0.018200310557733076,0.0013237583224382408,0.02769829297925588,0.0019741696455640835,0.0009870848227820884,0.02473703851090971
D,OTTR,-1,2023-04-05,2023-04-06,2023-04-27,14,signal,48.808526675507565,65.26312881394139,47.43422875756492,65.37181160209475,0.01882549092738719,0.001230648865140546,0.0279781941742545,0.0019726108385968227,0.0009863054192984612,0.025019277916359217
D,PNW,-1,2023-04-05,2023-04-06,2023-04-27,14,signal,48.808526675507565,70.05234181977163,47.43422875756492,68.23793161630493,0.020393822822538918,5.1601088392835467e-05,0.029903486236981174,0.001969923534364622,0.0009849617671823531,0.0269486009354342
D,POR,-1,2023-04-05,2023-04-06,2023-04-27,14,signal,48.808526675507565,43.247580882041206,47.43422875756492,43.5496990920376,0.01830727869756305,0.002443137990293778,0.027871800023951867,0.0019740285502934268,0.0009870142751467598,0.024910757198511678
EVRG,OTTR,-1,2023-04-05,2023-04-06,2023-04-13,4,signal,55.10481225150262,65.26312881394139,53.446037343985445,67.973786062097,0.011488779188537497,0.005617958332645858,0.03628133056937926,0.001995672459204987,0.0009978362296025718,0.033287821880571694
AWK,CWEN,-1,2023-04-06,2023-04-10,2023-04-18,6,signal,138.76141985173436,25.73152834842329,138.0441298842242,26.21851750802927,0.004126159991961821,0.016606162110001987,0.013051522016316163,0.002004847919509585,0.0010024239597549074,0.01004425013705167
CPK,DUK,1,2023-04-06,2023-04-10,2023-04-17,5,signal,120.64566828722249,86.70573026131827,119.83989630003123,85.92537996587487,0.0034930010176526484,0.006671145552310852,0.004382935999389194,0.0019916679679525913,0.0009958339839763364,0.0013954340474602663
D,FE,-1,2023-04-06,2023-04-10,2023-04-27,13,signal,48.55524128401512,36.00528155103878,47.43422875756492,35.259422900857736,0.018852883748801175,0.0023263541287632545,0.02137467412570684,0.0019754866339137516,0.0009877433169569148,0.018411444174836176
D,IDA,-1,2023-04-06,2023-04-10,2023-04-26,12,signal,48.55524128401512,99.81294697870509,48.13640144347502,100.82794961483167,0.015530336039113461,0.0024587102748912016,0.010995303413695522,0.001994982533053073,0.0009974912665265743,0.008002829614115874
D,NEE,-1,2023-04-06,2023-04-10,2023-04-27,13,signal,48.55524128401512,70.7939954098967,47.43422875756492,67.00947285298254,0.016570344855936052,0.0027518173156140793,0.010131048169948614,0.0019697987222930882,0.0009848993611465799,0.0071763500865089465
PCG,TXNM,-1,2023-04-06,2023-04-10,2023-05-16,26,signal,16.289208257998688,43.455735643947925,16.784223358382864,40.759881643284366,0.05672161582851224,0.0017304973842628929,-0.030721541983644185,0.0020216826661624164,0.001010841333081311,-0.03375406598288791
SRE,UGI,-1,2023-04-06,2023-04-10,2023-05-03,17,signal,69.45424852764357,29.000421954407805,69.7017415905406,27.172706687752356,0.013366522881569367,0.002440640889908445,-0.005771793914245874,0.0019971243889062443,0.0009985621944531894,-0.008767480497605309
PCG,PPL,-1,2023-04-12,2023-04-13,2023-05-16,23,signal,16.662315371429695,25.374607392986757,16.784223358382864,24.995490276787397,0.05166087790468668,0.005457694570772116,-0.006364203258328463,0.002002775798033331,0.0010013878990167752,-0.00936836695537857
PCG,SWX,-1,2023-04-12,2023-04-13,2023-05-16,23,signal,16.662315371429695,52.77952441703362,16.784223358382864,49.964625608385404,0.03225848333090964,0.008761407085807058,-0.02661594981275365,0.001979091320200209,0.0009895456601001996,-0.029584586793054056
D,EVRG,-1,2023-04-13,2023-04-14,2023-04-21,5,signal,49.07026063399722,53.28126320889894,48.796263540716744,54.7672804523302,0.013749311156818772,0.0060990859290178424,0.01483522763150377,0.0020046094802371253,0.0010023047401185865,0.011828313411148058
D,ES,-1,2023-04-17,2023-04-18,2023-04-26,6,signal,49.509293376381066,68.23998105337066,48.13640144347502,68.00873631128923,0.012413094050386514,0.005644874479992122,0.017717698959668376,0.001981209818696549,0.0009906049093483002,0.014745884231623527
FE,POR,1,2023-04-20,2023-04-21,2023-05-31,27,signal,35.39927204622017,44.300860179835716,32.360933431990006,41.79417069381051,0.013659180297041058,0.011657585036379769,-0.010350070434953531,0.0019291986571401774,0.0009645993285701299,-0.013243868420663838
CPK,DUK,1,2023-04-24,2023-04-25,2023-05-10,11,signal,117.97412730768762,86.47864693015845,118.74749228289201,86.48548441779795,0.003531275793351611,0.006744245044231819,0.004687297822231838,0.002002446497994319,0.0010012232489971704,0.0016836280752403486
AWK,CWEN,-1,2023-04-25,2023-04-26,2023-05-02,4,signal,138.55912268650906,24.42370152573571,134.74553816906868,24.56252966943539,0.004221273014614589,0.016988954409869448,0.020442665297333133,0.001985938880789409,0.0009929694403947131,0.01746375697614901
AWK,NEE,-1,2023-04-25,2023-04-26,2023-05-02,4,signal,138.55912268650906,69.37540283507347,134.74553816906868,69.12860713603992,0.003717984512445245,0.006988182486651434,0.014438243022271379,0.0019840482312942775,0.0009920241156471455,0.011462170675329956
CMS,CWEN,-1,2023-04-25,2023-04-26,2023-05-04,6,signal,55.451058378907625,24.42370152573571,54.96150976233,24.391217838892192,0.015162061436116146,0.006492236981306223,0.009202683776400024,0.0019910093688991007,0.0009955046844495501,0.006216169723051373
CWEN,NEE,1,2023-04-25,2023-04-26,2023-04-27,1,signal,24.42370152573571,69.23679064159681,24.122017338001477,67.1436259517873,0.01827612161624602,0.007994612469714725,0.013197972864585268,0.001977549238996796,0.000988774619498486,0.010231649006089985
PCG,POR,-1,2023-04-25,2023-04-26,2023-05-16,14,signal,16.91760093160282,43.654187538242134,16.784223358382864,43.739650415547125,0.03967184297260273,0.007525141628550312,0.007929126814866487,0.0019946724183140833,0.0009973362091571076,0.004937118187395296
PCG,VST,-1,2023-04-25,2023-04-26,2023-05-10,10,signal,16.91760093160282,22.46697130732404,17.14823761260063,24.037397445030052,0.03381813289549447,0.01903829977032907,0.02413597295224168,0.002037431303994308,0.0010187156519972619,0.02107982599625011
CMS,WTRG,-1,2023-04-27,2023-04-28,2023-05-16,12,signal,55.978383820924876,38.04452911770761,54.9615081632488,37.59894664542696,0.011652923001471862,0.009130938984441016,0.009764467119353828,0.001983479745314457,0.0009917398726572626,0.006789247501382108
ATO,ED,1,2023-05-02,2023-05-03,2023-06-02,21,signal,103.81161847038567,88.10974243828514,102.67199100006032,82.05913707936453,0.005459005918157556,0.004919138708131464,0.025506838998788254,0.0019643050750952455,0.0009821525375476635,0.022560381386145346
ES,WEC,1,2023-05-02,2023-05-03,2023-05-04,1,signal,66.78770380015,84.3026435841862,66.041722094829,83.54346212175221,0.007230836950571757,0.0061330686516085555,0.0012519208108557212,0.001989880862005123,0.0009949404310025626,-0.0017329004821519643
ATO,FE,-1,2023-05-04,2023-05-05,2023-05-30,16,signal,107.68526317173735,33.886100185574925,105.1525967861808,32.03802755368835,0.007255124280595998,0.006438212932929701,0.00844513141144015,0.0019686071425450685,0.0009843035712726145,0.0054922206976224675
D,EVRG,1,2023-05-11,2023-05-12,2023-06-07,17,signal,47.222736557450844,54.33454441557706,44.425866959582216,51.43896905895309,0.014024839718755821,0.0062213082248104125,-0.01926799370651897,0.0019433873361265745,0.0009716936680633362,-0.02218307471070888
D,ES,1,2023-05-12,2023-05-15,2023-06-07,16,signal,46.875882405864964,66.80092259867143,44.425866959582216,61.11723491122986,0.012947114258948586,0.005887721028554141,0.003678581883435443,0.0019352442855630687,0.0009676221427815806,0.0007757154550907938
D,NEE,1,2023-05-12,2023-05-15,2023-06-08,17,signal,46.875882405864964,70.76076737301192,45.31575516086871,67.72910526738228,0.017067184526511733,0.0028343268843925695,-0.016068296973712745,0.00196596119109641,0.0009829805955482666,-0.01901723876035742
D,XEL,1,2023-05-12,2023-05-15,2023-06-07,16,signal,46.875882405864964,61.3430064909656,44.425866959582216,56.8505502505853,0.012378309093468572,0.006845363335865611,0.0023646882369819967,0.0019392414789622383,0.0009696207394811522,-0.0005441739814613938
AEE,AWK,1,2023-05-15,2023-05-16,2023-06-13,19,signal,76.65578533251582,135.97085719999578,74.32616625479616,134.45624072165577,0.009342391084033511,0.0020907608160243424,-0.016621597519976942,0.0019759141966874797,0.0009879570983437648,-0.019585468815008188
D,EXC,1,2023-05-15,2023-05-16,2023-06-08,16,signal,46.32598876626309,36.03685747023574,45.31575516086871,35.302832462407075,0.020288639953297695,0.0016923395221005541,-0.01727404630765887,0.001980000049950831,0.0009900000249754926,-0.02024404638258519
D,FE,1,2023-05-15,2023-05-16,2023-06-08,16,signal,46.32598876626309,34.001668654733415,45.31575516086871,33.55380063684482,0.01981000251172274,0.0024444579273919893,-0.016937392991105717,0.0019805427424304757,0.0009902713712153133,-0.019908207104751507
D,MDU,1,2023-05-15,2023-05-16,2023-06-08,16,signal,46.32598876626309,10.058267429873734,45.31575516086871,10.556962506130372,0.018119934465262694,0.01603191516147799,-0.024309384176119296,0.001991019702226068,0.0009955098511131085,-0.027295913729458474
D,NI,1,2023-05-15,2023-05-16,2023-06-08,16,signal,46.32598876626309,25.306111455811067,45.31575516086871,24.660954948915666,0.019847860915355214,0.0032152440646648255,-0.015997107558224966,0.0019795329040851193,0.0009897664520426316,-0.018966406914352717
D,NWE,1,2023-05-15,2023-05-16,2023-06-08,16,signal,46.32598876626309,49.98740357328672,45.31575516086871,50.13861796237959,0.02030531703375172,0.0012046146673731037,-0.018713859482467718,0.0019814092242342544,0.0009907046121171996,-0.02168597331881917
D,OGS,1,2023-05-15,2023-05-16,2023-06-08,16,signal,46.32598876626309,70.86727852463228,45.31575516086871,73.88718803604243,0.02131877092587348,0.00018852298109089233,-0.02012530239444797,0.0019809587642897752,0.0009904793821449629,-0.023096740540882708
D,ORA,1,2023-05-15,2023-05-16,2023-06-08,16,signal,46.32598876626309,82.39849648701204,45.31575516086871,86.12044569731628,0.019128221385821653,0.0013912478126459182,-0.022514753092024338,0.0019873726609710603,0.0009936863304856065,-0.025495812083481006
D,OTTR,1,2023-05-15,2023-05-16,2023-06-08,16,signal,46.32598876626309,71.65992616345046,45.31575516086871,71.56250414178263,0.01961980406548891,0.0012825742340853215,-0.017713965678429634,0.0019816687449567914,0.0009908343724784642,-0.02068646879586489
D,PNW,1,2023-05-15,2023-05-16,2023-06-08,16,signal,46.32598876626309,69.99081407374037,45.31575516086871,70.46317227056865,0.021525291046013275,5.446396468244698e-05,-0.01979105378083322,0.0019802450998935668,0.000990122549946858,-0.022761421430673646
D,POR,1,2023-05-15,2023-05-16,2023-06-08,16,signal,46.32598876626309,43.739650415547125,45.31575516086871,43.221620548937096,0.01918550472426319,0.002560338771761178,-0.016074682306428043,0.001980827350063265,0.0009904136750316984,-0.019045923331523006
ES,WEC,-1,2023-05-15,2023-05-16,2023-05-23,5,signal,66.25741157034342,82.4229319685354,63.40280657734295,79.6437794149757,0.007344107949985263,0.006229143119943016,0.005614569208534662,0.0019617809936507274,0.000980890496825422,0.0026718977180585123
AEP,AES,1,2023-05-16,2023-05-17,2023-06-16,21,signal,78.39349321744442,17.88660268133341,75.31751743215051,18.4798049319227,0.011769436575063762,0.0043717751276938655,-0.03682780783705839,0.001968040919208459,0.0009840204596043654,-0.03977986921587121
AEP,AVA,1,2023-05-16,2023-05-17,2023-06-15,20,signal,78.39349321744442,36.12839941226851,74.82059684086067,34.003562897958446,0.008878287300850395,0.008425246037780422,-0.011867784224488215,0.001951145879867605,0.0009755729399338901,-0.014794503044289711
AEP,AWK,1,2023-05-16,2023-05-17,2023-06-16,21,signal,78.39349321744442,133.8919282723456,75.31751743215051,137.1596292677703,0.011052396686085375,0.0010030115923654558,-0.03530373893933566,0.001970707615320665,0.000985353807660463,-0.038259800362316784
AEP,AWR,1,2023-05-16,2023-05-17,2023-06-15,20,signal,78.39349321744442,82.63665065663746,74.82059684086067,79.85084313204435,0.008830314311472793,0.003728901253160828,-0.019202987649651677,0.001958809188384911,0.0009794045941925306,-0.02214120143222912
AEP,CNP,1,2023-05-16,2023-05-17,2023-06-16,21,signal,78.39349321744442,26.527556073875378,75.31751743215051,26.967492241194776,0.011342608669157334,0.004206564703896554,-0.034771730109521934,0.001968479452284071,0.0009842397261421681,-0.03772444928794817
AEP,CPK,1,2023-05-16,2023-05-17,2023-06-16,21,signal,78.39349321744442,114.618610548441,75.31751743215051,119.06086071145732,0.010866241234372954,0.001298736514214983,-0.03721989564193057,0.001973711764149567,0.0009868558820749038,-0.040180463288155034
AEP,CWEN,1,2023-05-16,2023-05-17,2023-06-16,21,signal,78.39349321744442,25.639329434506696,75.31751743215051,24.961998371124263,0.011873277378340137,0.0027329898082881056,-0.032707461143526184,0.0019633136712648557,0.0009816568356325634,-0.0356524316504236
AEP,ETR,1,2023-05-16,2023-05-17,2023-06-21,23,signal,78.39349321744442,46.23387912679356,74.53664424913273,44.525834754413225,0.007925960868227841,0.008195238938718607,-0.014615501037015042,0.0019559012108977523,0.0009779506054489917,-0.017549352853361785
AEP,FE,1,2023-05-16,2023-05-17,2023-06-20,22,signal,78.39349321744442,33.32967316861209,75.35301580618135,34.13970148554708,0.010271753673351596,0.005861750144500386,-0.03400451774078815,0.001974700880938905,0.00098735044046952,-0.03696656906219658
AEP,IDA,1,2023-05-16,2023-05-17,2023-06-16,21,signal,78.39349321744442,97.67763930735578,75.31751743215051,96.11202266577631,0.007968946246743637,0.003844632691851342,-0.016523116438121897,0.001969948328047361,0.0009849741640237735,-0.01947803893019303
AEP,MDU,1,2023-05-16,2023-05-17,2023-06-20,22,signal,78.39349321744442,10.013502787340084,75.35301580618135,10.361232796025966,0.010086000255508506,0.0209619935848482,-0.03597762372993639,0.001977746428263449,0.000988873214131799,-0.038944243372331634
AEP,NEE,1,2023-05-16,2023-05-17,2023-06-16,21,signal,78.39349321744442,68.68672390651311,75.31751743215051,67.97464129298208,0.011225121284761455,0.0017584435327897313,-0.03131033947151531,0.0019657047208225063,0.0009828523604113798,-0.0342588965527492
AEP,NI,1,2023-05-16,2023-05-17,2023-06-16,21,signal,78.39349321744442,24.873218458339586,75.31751743215051,24.787463444129394,0.00842109797873563,0.013675741756752326,-0.022756790654030804,0.001973539385462227,0.000986769692731225,-0.025717099732224257
AEP,NJR,1,2023-05-16,2023-05-17,2023-06-16,21,signal,78.39349321744442,43.663225740257054,75.31751743215051,42.79186493126012,0.011919014505334483,0.0015228764154777508,-0.03337191436535349,0.001963710812229158,0.000981855406114712,-0.03631748058369737
AEP,NRG,1,2023-05-16,2023-05-17,2023-06-16,21,signal,78.39349321744442,31.685189314597284,75.31751743215051,32.479988814110285,0.01170863998350768,0.002618028836551445,-0.036128604033759025,0.00196769704323633,0.0009838485216183024,-0.03908014959861365
AEP,OGE,1,2023-05-16,2023-05-17,2023-06-16,21,signal,78.39349321744442,31.94381774177116,75.31751743215051,31.98158466670509,0.010087093154607702,0.006568328115608126,-0.029305368846577386,0.001970350995883418,0.0009851754979418362,-0.03226089534040264
AEP,ORA,1,2023-05-16,2023-05-17,2023-06-16,21,signal,78.39349321744442,82.26144645085161,75.31751743215051,85.67841150833902,0.011397219094984368,0.001304588446896431,-0.03754437017352667,0.0019709329197814575,0.0009854664598908617,-0.040500769553198986
AEP,OTTR,1,2023-05-16,2023-05-17,2023-06-16,21,signal,78.39349321744442,71.45651994658562,75.31751743215051,70.60820242001199,0.009925972385754413,0.0031127048988152948,-0.025923577702584293,0.0019679108807756696,0.0009839554403879612,-0.028875444023747924
AEP,POR,1,2023-05-16,2023-05-17,2023-06-16,21,signal,78.39349321744442,43.40292000975082,75.31751743215051,42.494915466019286,0.009185013741866331,0.006460241371660077,-0.020420213263147025,0.001966738075355779,0.0009833690376780245,-0.02337032037618083
AEP,SR,1,2023-05-16,2023-05-17,2023-06-16,21,signal,78.39349321744442,57.875688120067025,75.31751743215051,55.63341526923373,0.010783233596055406,0.0026842641010341177,-0.0251879479528783,0.001962164957540616,0.0009810824787704299,-0.028131195389189345
AEP,SWX,1,2023-05-16,2023-05-17,2023-06-22,24,signal,78.39349321744442,50.14365622006016,76.13387241226953,56.46849001041133,0.011415551205817474,0.0021115948418057823,-0.03716120386229274,0.0019890995518961705,0.000994549775948162,-0.040144853190137074
AEP,UGI,1,2023-05-16,2023-05-17,2023-06-16,21,signal,78.39349321744442,22.873493164560756,75.31751743215051,23.82381638402756,0.012445360080748395,0.0011066989165167968,-0.03736871655589534,0.001964631369074803,0.0009823156845375383,-0.040315663609507675
AEP,VST,1,2023-05-16,2023-05-17,2023-06-16,21,signal,78.39349321744442,23.518183286609826,75.31751743215051,24.480522327101927,0.012596180552116155,0.0005746340779129081,-0.03733482317256364,0.001963716000108445,0.0009818580000543614,-0.04028039717272645
AEP,WTRG,1,2023-05-16,2023-05-17,2023-06-20,22,signal,78.39349321744442,36.76877688878245,75.35301580618135,37.04810434939065,0.009198069926303653,0.00759807337164271,-0.02811386527178772,0.0019750091067724505,0.0009875045533862944,-0.031076378931946466
CMS,CWEN,1,2023-05-16,2023-05-17,2023-06-08,15,signal,53.489972405694694,25.639329434506696,53.99576613146053,25.284998399219877,0.015521679094193358,0.006646221521517773,0.012212556168608169,0.002006825716949528,0.0010034128584748023,0.009202317593183839
CWEN,NEE,-1,2023-05-16,2023-05-17,2023-05-25,6,signal,25.639329434506696,68.8242348652849,24.11309364479139,66.89221234524128,0.017940103965496473,0.007847626639945536,0.014176667171938282,0.001957629825853102,0.0009788149129266164,0.011240222433158564
D,IDA,1,2023-05-16,2023-05-17,2023-06-07,14,signal,44.79477300259801,97.67763930735578,44.425866959582216,94.3417332472066,0.016603160700009528,0.0026285562466884997,0.004629693371331719,0.0019860829739565167,0.0009930414869783214,0.0016505689103968805
D,WEC,1,2023-05-16,2023-05-17,2023-06-07,14,signal,44.79477300259801,80.19512856540246,44.425866959582216,77.87853128089897,0.012560262385402216,0.0054553194125351355,0.009987208381835866,0.0019829869404967126,0.000991493470248436,0.007012727971090717
EVRG,OTTR,1,2023-05-16,2023-05-17,2023-06-06,13,signal,52.301317513252734,71.45651994658562,51.047644048931694,67.0967900747296,0.011464479039577037,0.005606075675481278,0.012029856806614963,0.001961594374516316,0.0009807971872582174,0.009087465244840429
SRE,UGI,1,2023-05-16,2023-05-17,2023-06-08,15,signal,65.87913342456446,22.873493164560756,67.14993602603201,24.709331961488644,0.014286928021574451,0.0026087009336372277,0.015391432405024715,0.0020247214917814764,0.001012360745890764,0.012354350167352474
AEP,EXC,1,2023-05-17,2023-05-18,2023-06-22,23,signal,76.88199984486225,34.5692090498254,76.13387241226953,36.295043606263114,0.010046374537002967,0.0066000313047240204,-0.016901586341365328,0.0020049441471310108,0.0010024720735655314,-0.01990900256206187
AEP,PPL,1,2023-05-17,2023-05-18,2023-06-21,22,signal,76.88199984486225,24.258758497291293,74.53664424913273,23.852296448905516,0.008447107364190362,0.01446352072908574,-0.01195770543550846,0.001974892826409073,0.0009874464132045848,-0.014920044675122118
EXC,NFG,1,2023-05-17,2023-05-18,2023-06-15,19,signal,34.63841667555078,45.84826474953275,35.70972320173437,46.201901081483676,0.018502003462448506,0.007838908984438429,0.01907236750894409,0.0020231734719055585,0.0010115867359528263,0.016037607301085707
AWK,CWEN,1,2023-05-18,2023-05-19,2023-05-25,4,signal,131.9565449292359,25.182511360179333,132.47826223923286,24.11309364479139,0.00428677091192153,0.017252557542724745,0.022670742632844312,0.001984069372163633,0.0009920346860818456,0.019694638574598834
CPK,DUK,-1,2023-05-18,2023-05-19,2023-06-16,19,signal,116.9515164625542,82.45532153086339,119.06086071145732,81.337610206604,0.0036444550339797556,0.00696040163391348,-0.013466942375109986,0.0020001876188199146,0.0010000938094099636,-0.016467223803339863
DTE,PEG,1,2023-05-22,2023-05-23,2023-06-05,8,signal,97.36112210008528,55.24494181003898,97.50628610408778,54.206939238901455,0.004883980924370542,0.0094929995283141,0.012553504057776076,0.001990767913125288,0.0009953839565627247,0.009567352188088064
PCG,TXNM,1,2023-05-23,2023-05-24,2023-06-01,5,signal,16.085697124437452,41.01081668614242,16.534669858956367,41.25455970355024,0.057729845143487384,0.0017612570543959964,0.027517919055448616,0.0020280867268929036,0.0010140433634464987,0.024475788965109217
AEP,SRE,1,2023-05-24,2023-05-25,2023-06-22,18,signal,75.0148543107783,65.77455669619656,76.13387241226953,67.26176917291554,0.00741247367030653,0.006751324070114031,0.000272596401224217,0.002018557578770894,0.0010092787893855105,-0.0027552399669321876
CMS,WTRG,1,2023-05-24,2023-05-25,2023-06-06,7,signal,52.37051832686701,36.27781204725347,54.07685325503992,36.6187774772644,0.012380368337400444,0.0097009469537755,0.0198424108273765,0.0020250434592313953,0.0010125217296157313,0.01680484563852937
AEP,EIX,1,2023-05-25,2023-05-26,2023-06-22,17,signal,73.192156696696,55.85843081340939,76.13387241226953,59.724358362806264,0.008994284950161384,0.006122696045928409,0.004839494049740885,0.002050763982042659,0.0010253819910213857,0.0017633480766768399
ES,WEC,1,2023-05-30,2023-05-31,2023-06-05,3,signal,59.45974518946688,77.0559620529885,60.95159431907706,77.5666557650059,0.008011326172986862,0.0067950658748392526,0.010496828449540275,0.002015335886370982,0.0010076679431855102,0.007473824619983783
CWEN,NEE,-1,2023-06-06,2023-06-07,2023-06-09,2,signal,25.30887016352975,66.96526485615674,25.04482021662038,67.93867229338004,0.018315729105327323,0.008011938165655708,0.014638268688361072,0.0020031211934705044,0.0010015605967353186,0.01163358689815525
PCG,PNW,1,2023-06-08,2023-06-09,2023-06-29,13,signal,16.725189550124455,71.06410998484935,16.55431193566069,69.79868209153533,0.027327059158878914,0.007639059197916927,0.006982593004270009,0.0019854970959282963,0.00099274854796421,0.004004347360377502
ES,WEC,1,2023-06-09,2023-06-12,2023-06-23,8,signal,61.56212863772063,80.26626294764128,61.86573015800794,79.9547040430208,0.007713120760830719,0.006542133292133148,0.0063801823540977805,0.002000207282571771,0.0010001036412859736,0.003379871430240036
NWE,SR,-1,2023-06-09,2023-06-12,2023-06-26,9,signal,50.13199880787459,57.2735298544489,48.54061933071664,54.48299959762728,0.01092047256072424,0.007899615363206885,-0.0027051172635204554,0.0019603825107582305,0.0009801912553791734,-0.00564569102965786
FE,POR,-1,2023-06-12,2023-06-13,2023-07-21,26,signal,33.504212547360964,42.43436224223533,34.89175723560364,42.51716955679518,0.014343566709110554,0.012241682516824573,-0.016867663973614465,0.002020974969153863,0.001010487484576974,-0.0198991264273453
DTE,PEG,-1,2023-06-15,2023-06-16,2023-06-26,5,signal,103.2762181853594,56.213664154324164,99.68004617823543,55.28530461342503,0.004705151444553329,0.009145408455817794,0.01040496069599918,0.0019746539771956246,0.0009873269885978747,0.00744297973020568
PCG,POR,-1,2023-06-16,2023-06-20,2023-07-21,22,signal,17.094336966687166,41.525982890506825,17.463065232893012,42.51716955679518,0.04003134767902069,0.007593334170898137,-0.0052127359297954885,0.00202154191090723,0.0010107709554536591,-0.008245048796156378
CNP,UGI,-1,2023-06-21,2023-06-22,2023-08-01,27,signal,27.13421177815495,22.730516476306303,27.372736201752556,22.786600717633117,0.02497210346221589,0.014167962404413847,-0.0031558223680440553,0.0020060347937024044,0.0010030173968512673,-0.006164874558597727
AWK,CWEN,-1,2023-06-22,2023-06-23,2023-06-27,2,signal,137.48614039399786,24.017849334414784,129.80865907460677,23.730163524765683,0.004270045479810501,0.017185244293229658,0.02980119550262455,0.001961952016944427,0.00098097600847228,0.02685826747720784
CWEN,NEE,1,2023-06-22,2023-06-23,2023-07-20,18,signal,24.017849334414784,68.32891550631076,22.787899706633823,65.56484261164039,0.01854832513688719,0.008113683775219923,0.001567849233120533,0.001954541432182966,0.0009772707160914948,-0.0013639629151539277
AWK,NEE,1,2023-06-26,2023-06-27,2023-07-07,7,signal,129.80865907460677,67.66639228205507,130.59337793869176,65.95586885560667,0.0038912099921308866,0.007313770519449574,0.017554460811236336,0.0019905791171090014,0.0009952895585545094,0.014568592135572824
PCG,VST,1,2023-06-26,2023-06-27,2023-07-12,10,signal,16.567775102346893,24.90355002807455,17.37908304043452,25.856744021003134,0.03269577409423467,0.018406455210066605,0.011025665436802778,0.002044246909574915,0.0010221234547875039,0.00795929507244036
SO,WTRG,-1,2023-06-26,2023-06-27,2023-06-30,3,signal,64.06578905082685,35.77798911410513,62.031908760642736,35.24232382861597,0.009207157323759176,0.011458310061098945,0.014563225550789715,0.001974788671473474,0.0009873943357367858,0.011601042543579455
AEP,EIX,1,2023-06-28,2023-06-29,2023-07-05,3,signal,72.16966671005028,57.62955058841975,75.51272250199378,59.36548576053167,0.008979311911572424,0.006112503421981965,0.021448671259066684,0.0020412402452902214,0.0010206201226451556,0.018386810891131308
EVRG,OTTR,1,2023-06-29,2023-06-30,2023-07-06,3,signal,50.51025319662142,72.28868817064841,51.93078600663044,72.2388520569921,0.011649037516966025,0.0056963238923625256,0.018848356680614495,0.002016634037815291,0.0010083170189077219,0.015823405623891482
CPK,DUK,1,2023-07-03,2023-07-05,2023-08-31,41,signal,110.77616014567351,79.45816486166811,103.33765859889284,80.70501426168512,0.0038084874493127803,0.007273680706107707,-0.035418234007936186,0.0019803901989974165,0.0009901950994987557,-0.038388819306432356
PCG,PPL,-1,2023-07-05,2023-07-06,2023-07-28,16,signal,17.44781193898348,23.79845175630856,17.35484440193961,24.780828816315804,0.050057705798359615,0.00528832803935433,0.011847929921424095,0.001999056151629052,0.0009995280758145673,0.008849345693980475
PCG,TXNM,-1,2023-07-05,2023-07-06,2023-07-28,16,signal,17.44781193898348,40.8414788732916,17.35484440193961,40.39243582158156,0.05344721438307562,0.0016305999632605383,0.006229217581517852,0.00199257128208828,0.000996285641044187,0.0032403606583853847
AEP,AVA,-1,2023-07-11,2023-07-12,2023-07-19,5,signal,76.46217670951731,32.0762750377135,75.36161372822977,32.90188653452061,0.009350356566521388,0.0088732265519694,0.01961268629115312,0.001996192137120817,0.000998096068560476,0.016618398085471827
AEP,AWK,-1,2023-07-11,2023-07-12,2023-07-19,5,signal,76.46217670951731,133.0027088541638,75.36161372822977,132.63532234308096,0.011287097965325314,0.0010243108734631955,0.014031604140239653,0.001985759951502594,0.0009928799757513529,0.011052964212985706
AEP,ETR,-1,2023-07-11,2023-07-12,2023-07-19,5,signal,76.46217670951731,44.01841885702813,75.36161372822977,44.602674360447885,0.008196240568317924,0.008474701171670394,0.015967307314857827,0.0019954375602537133,0.000997718780126916,0.012974150974477197
AEP,FE,-1,2023-07-11,2023-07-12,2023-07-19,5,signal,76.46217670951731,34.20966317280229,75.36161372822977,33.88822064154547,0.010412161660891928,0.005941876339834371,0.011534722497426519,0.001985454589358824,0.0009927272946794806,0.008556540613388213
AEP,IDA,-1,2023-07-11,2023-07-12,2023-07-31,13,signal,76.46217670951731,93.56100198640758,76.00175203664342,93.38312456514753,0.008221500484509217,0.003966477945780106,0.005074831896580828,0.0019949970939484134,0.0009974985469742522,0.0020823362556581623
AEP,NEE,-1,2023-07-11,2023-07-12,2023-07-19,5,signal,76.46217670951731,65.96496597018862,75.36161372822977,65.66980763109915,0.011512518039363458,0.0018034649585413364,0.014123230404724144,0.0019852869509648487,0.000992643475482475,0.011145299978276822
AEP,OGE,-1,2023-07-11,2023-07-12,2023-07-19,5,signal,76.46217670951731,31.750490054549857,75.36161372822977,31.449062660599584,0.010288831945139982,0.006699692677187164,0.011289554990727656,0.001985518335170193,0.000992759167585156,0.008311277487972307
AEP,PPL,-1,2023-07-11,2023-07-12,2023-07-19,5,signal,76.46217670951731,23.762557059461482,75.36161372822977,23.61656596127932,0.008533486416235738,0.014611422863621567,0.00924637348226394,0.00198787190109888,0.0009939359505495048,0.006264565630615554
AEP,WTRG,-1,2023-07-11,2023-07-12,2023-07-18,4,signal,76.46217670951731,35.688543939257386,76.12625496433206,36.64378997369574,0.009434868727489977,0.007793681219826764,0.012617660239688496,0.0020033995922401774,0.0010016997961201017,0.009612560851328215
AEP,AES,-1,2023-07-12,2023-07-13,2023-07-19,4,signal,77.34064932965352,18.539836087719813,75.36161372822977,18.65683900803769,0.011862700446835326,0.004406418134801548,0.0259676615787931,0.0019753912755671793,0.0009876956377836818,0.02300457466544224
AEP,AWR,-1,2023-07-12,2023-07-13,2023-07-19,4,signal,77.34064932965352,79.88787352325056,75.36161372822977,80.40273525109599,0.008999300808024512,0.003800261562265597,0.02174992750978326,0.001983381588568634,0.0009916907942843962,0.01877485512693023
AEP,CNP,-1,2023-07-12,2023-07-13,2023-07-19,4,signal,77.34064932965352,27.906931732892577,75.36161372822977,27.134213728928795,0.01139505004101472,0.0042260133184360855,0.021258368936100128,0.00197267580107317,0.0009863379005366725,0.018299355234490285
AEP,CPK,-1,2023-07-12,2023-07-13,2023-07-19,4,signal,77.34064932965352,112.34177645843442,75.36161372822977,111.32676667248998,0.011009362877097686,0.0013158424572335366,0.022427817731291128,0.0019754896193750707,0.000987744809687619,0.01946458330222844
AEP,CWEN,-1,2023-07-12,2023-07-13,2023-07-19,4,signal,77.34064932965352,23.148238773539735,75.36161372822977,22.58952982677248,0.012085906074531512,0.002781932660469822,0.02433695666818154,0.0019728089379286843,0.0009864044689644343,0.021377743261288423
AEP,EXC,-1,2023-07-12,2023-07-13,2023-07-18,3,signal,77.34064932965352,37.10120183545282,76.12625496433206,36.894461257073765,0.009826310672869711,0.006455458913263955,0.012584113030163392,0.0019857020265627683,0.0009928510132814115,0.009605559990319212
AEP,NI,-1,2023-07-12,2023-07-13,2023-07-19,4,signal,77.34064932965352,25.284484555867863,75.36161372822977,24.728925462704026,0.00844318726925906,0.013711614446222408,0.011066825573374194,0.0019750694655782533,0.0009875347327892184,0.008104221375006724
AEP,NJR,-1,2023-07-12,2023-07-13,2023-07-19,4,signal,77.34064932965352,41.53405946701579,75.36161372822977,41.041551911161896,0.012089045481397269,0.0015446010440727399,0.025137519826218802,0.001973596116288371,0.0009867980581442727,0.02217712565178616
AEP,NRG,-1,2023-07-12,2023-07-13,2023-07-19,4,signal,77.34064932965352,35.47107238641044,75.36161372822977,34.62351734311957,0.011717641496525537,0.0026200415571309946,0.022941984305192172,0.0019729840542259446,0.0009864920271130666,0.01998250822385316
AEP,ORA,-1,2023-07-12,2023-07-13,2023-07-19,4,signal,77.34064932965352,82.26974147109819,75.36161372822977,83.9582420195152,0.011517326272557991,0.001318336575711542,0.02699710397153432,0.0019778932138418614,0.0009889466069210213,0.024030264150771436
AEP,POR,-1,2023-07-12,2023-07-13,2023-07-28,11,signal,77.34064932965352,41.361357900897865,76.02845527151165,41.20894539390159,0.009391404592986314,0.006605405521938912,0.013302373842276016,0.0019857749530788763,0.0009928874765395314,0.010323711412657609
AEP,SR,-1,2023-07-12,2023-07-13,2023-07-19,4,signal,77.34064932965352,55.242907576721926,75.36161372822977,55.30574899799418,0.010970215203909901,0.002730809324509668,0.023859142232190822,0.0019770878491973563,0.0009885439245987623,0.0208935104583947
AEP,SWX,-1,2023-07-12,2023-07-13,2023-07-19,4,signal,77.34064932965352,58.136707658790236,75.36161372822977,57.58195634433722,0.011342861091835613,0.0020981489672293402,0.023258873837773687,0.0019748988125154964,0.000987449406257835,0.020296525619000357
AEP,UGI,-1,2023-07-12,2023-07-13,2023-07-19,4,signal,77.34064932965352,22.730514548904704,75.36161372822977,22.33831042651746,0.012588536675898949,0.0011194308408400467,0.026446892779455118,0.0019727759185274446,0.0009863879592638112,0.02348772890166386
AEP,VST,-1,2023-07-12,2023-07-13,2023-07-19,4,signal,77.34064932965352,25.808178267420697,75.36161372822977,25.998961346207377,0.012723576658578933,0.0005804458510820879,0.02726416788467862,0.0019730174533683286,0.000986508726684255,0.024304641704626036
ATO,FE,-1,2023-07-12,2023-07-13,2023-08-04,16,signal,111.05262562933288,34.46326034015027,109.60100484036077,32.60706067935775,0.0070563658180312775,0.006261834244609246,0.0005969492808405811,0.001976996565576874,0.0009884982827885113,-0.002368545567524804
AWK,CWEN,-1,2023-07-12,2023-07-13,2023-08-11,21,signal,134.07673535472154,23.148238773539735,129.7428191299414,20.994298657011544,0.004399851789800752,0.01770766335376017,-0.017130246408056597,0.001942411001138188,0.0009712055005691664,-0.02004386290976395
SRE,UGI,-1,2023-07-12,2023-07-13,2023-07-19,4,signal,67.67148763366312,22.730514548904704,66.10315396015679,22.33831042651746,0.013911006239193889,0.002540060040144249,0.02279631768998021,0.001975440191551457,0.0009877200957757852,0.019833157402652967
AEE,AWK,-1,2023-07-13,2023-07-14,2023-08-02,13,signal,76.80370699230652,134.44699794483446,76.63130343176638,132.7831871203026,0.009351141738677089,0.002092719150424903,0.00012431173600138462,0.00199403038032006,0.0009970151901600207,-0.002866733834478696
D,ES,1,2023-07-17,2023-07-18,2023-07-24,4,signal,44.034685980927094,62.962698741123496,46.12007744836516,64.78984911247395,0.013764294337231121,0.006259334983199995,0.019307777726701916,0.002040581999494787,0.0010202909997474496,0.01624690472745968
EVRG,OTTR,1,2023-07-17,2023-07-18,2023-07-24,4,signal,52.113609976983625,76.28315994010825,53.95066353577752,78.11282546662301,0.011185558466374245,0.005469684842943181,0.012571674275151731,0.0020308980854351474,0.0010154490427176244,0.00952532714699896
D,EVRG,1,2023-07-18,2023-07-19,2023-07-21,2,signal,43.940368052858034,51.79962805017235,45.58956402895836,53.50669131610704,0.014948268812166932,0.006630934083577618,0.015369812905390797,0.0020366121236087666,0.0010183060618044583,0.012314894719977574
D,MDU,1,2023-07-18,2023-07-19,2023-07-21,2,signal,43.940368052858034,11.030236191822098,45.58956402895836,11.179357862379009,0.018633970965242243,0.016486717554575706,0.03030703483705026,0.00203449176614077,0.0010172458830704557,0.027255297187839034
D,OTTR,1,2023-07-18,2023-07-19,2023-07-21,2,signal,43.940368052858034,77.36497919066406,45.58956402895836,78.59461140484618,0.020425257208654277,0.001335227840856251,0.034080360391353426,0.002036947558416359,0.0010184737792082537,0.031024939053728814
ATO,ED,-1,2023-07-19,2023-07-20,2023-08-10,15,signal,109.7050665236336,84.01165952839082,108.62995076881448,81.60916142369945,0.0053925042525720815,0.004859213710386246,-0.003894529871023218,0.0019821555786007188,0.0009910777893004383,-0.006867763238924375
CMS,CWEN,-1,2023-07-20,2023-07-21,2023-08-04,10,signal,55.75267130186325,23.007443151732026,53.41685596006774,20.39091500510636,0.015232249328342263,0.006522290706617276,0.020459939083195905,0.0019459746263388062,0.0009729873131694345,0.017540977143687665
SRE,UGI,-1,2023-07-20,2023-07-21,2023-08-02,8,signal,68.19889223540088,22.48473365854304,66.8912666612147,22.084560861249894,0.01381814281660598,0.0025231037779694827,0.01903844654064215,0.0019791671025821272,0.0009895835512911469,0.016069695886768876
AEP,CWEN,-1,2023-07-21,2023-07-24,2023-07-28,4,signal,77.94404238283767,23.19793472994983,76.02845527151165,21.977884390867576,0.011996675232315299,0.002761393514066425,0.021583565207156503,0.0019719278465455143,0.0009859639232728643,0.018625673437338123
AEP,FE,-1,2023-07-21,2023-07-24,2023-07-28,4,signal,77.94404238283767,35.031670085728834,76.02845527151165,34.44676430039321,0.010204757577278761,0.00582351768796721,0.018117771924027744,0.001975879021482362,0.0009879395107412663,0.015153953391804118
AEP,NI,-1,2023-07-21,2023-07-24,2023-09-15,38,signal,77.94404238283767,25.42003167083234,72.478344275526,25.179364294052125,0.00838485905980733,0.01361689027467021,0.04450228846763208,0.0019503214366769898,0.000975160718338556,0.04157680631261653
AEP,NJR,-1,2023-07-21,2023-07-24,2023-07-28,4,signal,77.94404238283767,41.41810990642155,76.02845527151165,40.11567454150252,0.012003546251065086,0.0015336769226736002,0.022969608876516435,0.001973285450220682,0.000986642725110447,0.020009680701185306
AEP,ORA,-1,2023-07-21,2023-07-24,2023-07-28,4,signal,77.94404238283767,83.13418282008917,76.02845527151165,80.51719364521739,0.011424843112885181,0.0013077504440739812,0.02043606068609565,0.001973147225706334,0.0009865736128532657,0.017476339847536052
AEP,SWX,-1,2023-07-21,2023-07-24,2023-07-28,4,signal,77.94404238283767,58.9708258809,76.02845527151165,59.02307622792413,0.011246150823560164,0.002080259957758118,0.02362875542420651,0.0019770795498729077,0.0009885397749365592,0.020663136099397045
AEP,UGI,-1,2023-07-21,2023-07-24,2023-07-28,4,signal,77.94404238283767,22.459306913190325,76.02845527151165,22.53285007894125,0.012497304551533514,0.0011113180588448567,0.025995673161428586,0.001974267787991367,0.0009871338939957917,0.023034271479441426
AEP,VST,-1,2023-07-21,2023-07-24,2023-07-28,4,signal,77.94404238283767,27.54685508691671,76.02845527151165,27.31732851573838,0.012613921288805703,0.0005754434051392777,0.026004779695893054,0.0019737942034647616,0.0009868971017324888,0.023044088390695803
CWEN,NEE,1,2023-07-21,2023-07-24,2023-08-08,11,signal,23.19793472994983,68.86435710964808,20.291727492453713,62.14565464948169,0.01875167007009153,0.008202633935039588,0.0025049509970460557,0.001890133470690547,0.0009450667353453027,-0.00033024920898979413
PCG,VST,1,2023-07-21,2023-07-24,2023-09-21,42,signal,17.689346281169122,27.491816415414384,17.07470014860454,31.998092996982493,0.030153182325777968,0.016975074464386855,-0.0929699181276799,0.00205799930261558,0.0010289996513078567,-0.09605691708160334
CMS,WTRG,-1,2023-07-25,2023-07-26,2023-07-28,2,signal,56.68969620860407,38.05883348072079,56.1802763016836,38.286295728127605,0.01155553700965128,0.009054629757207583,0.009941766987023782,0.0019955599651401367,0.0009977799825701176,0.0069484270393135265
D,FE,-1,2023-07-25,2023-07-26,2023-08-02,5,signal,46.22275389801332,34.96170505530098,44.79774068132286,33.835850550266905,0.019771122592892227,0.0024396603345726363,0.027394855844423294,0.0019674474191759346,0.0009837237095880209,0.024443684715659338
D,IDA,-1,2023-07-25,2023-07-26,2023-08-02,5,signal,46.22275389801332,95.26771892569082,44.79774068132286,92.41706764647523,0.016303527713349347,0.002581119365661437,0.01784328108507062,0.001968409836399395,0.0009842049181997539,0.01489066633047147
D,NEE,-1,2023-07-25,2023-07-26,2023-08-02,5,signal,46.22275389801332,68.10194896328495,44.79774068132286,64.89839876805357,0.01737096259575753,0.0028847749443648963,0.017477137104020636,0.0019648071546491995,0.000982403577324644,0.014529926372046793
D,NI,-1,2023-07-25,2023-07-26,2023-08-02,5,signal,46.22275389801332,25.420030031734093,44.79774068132286,24.960966550904526,0.019848037913081738,0.0032152727373208913,0.028776297705270928,0.001968595648366929,0.0009842978241835177,0.02582340423272048
D,NWE,-1,2023-07-25,2023-07-26,2023-08-02,5,signal,46.22275389801332,48.204618313796,44.79774068132286,48.05670768780001,0.02035585738031533,0.0012076129777498117,0.030797824443217662,0.001969077430702002,0.0009845387153510539,0.027844208297164608
D,OGS,-1,2023-07-25,2023-07-26,2023-08-02,5,signal,46.22275389801332,71.88854649218136,44.79774068132286,68.90811046533506,0.02132009693777946,0.00018853470708196125,0.03178664689504015,0.0019671426108804763,0.0009835713054402884,0.028835932978719385
D,ORA,-1,2023-07-25,2023-07-26,2023-08-02,5,signal,46.22275389801332,81.55264961772536,44.79774068132286,78.47803536491757,0.019159053810968014,0.0013934903391818792,0.02498435239330937,0.001966892751394671,0.0009834463756973947,0.022034013266217303
D,PNW,-1,2023-07-25,2023-07-26,2023-08-02,5,signal,46.22275389801332,74.39771316762369,44.79774068132286,72.69580082443636,0.021525245170039408,5.446384860562297e-05,0.03254834845215312,0.0019672822885437357,0.0009836411442719194,0.029597425019337466
D,POR,-1,2023-07-25,2023-07-26,2023-08-03,6,signal,46.22275389801332,42.73337152195115,44.6691323217512,41.56653030115123,0.019243289181420323,0.002568050207461771,0.02886585652834989,0.0019655740969939392,0.0009827870484970173,0.025917495382858934
NWE,SR,1,2023-07-25,2023-07-26,2023-07-28,2,signal,48.204618313796,56.42294323908351,49.140114613331605,55.8330000677889,0.011234394860414379,0.008126699439257253,0.017309922447525588,0.002005896788732563,0.0010029483943663172,0.014301077264426709
D,EXC,-1,2023-07-26,2023-07-27,2023-08-02,4,signal,46.23987313040558,38.19971196871827,44.79774068132286,36.39933896826976,0.02021454312808929,0.001686158871941105,0.028082431385572797,0.0019660977046825957,0.000983048852341348,0.025133284828548853
AWK,NEE,-1,2023-07-27,2023-07-28,2023-09-05,26,signal,138.09601426367263,67.06529293903972,127.79815704449587,61.06214302491647,0.0037855601517774056,0.007115195091928454,-0.0018122165966821188,0.0019182082707895022,0.0009591041353947998,-0.004689529002866421
AEP,EIX,1,2023-07-28,2023-07-31,2023-09-15,33,signal,76.00175203664342,62.66364486633599,72.33353239885163,61.40930053338271,0.008429879077845714,0.005738487004089689,-0.021762191590945133,0.0019624177333127336,0.0009812088666564486,-0.024705818190914317
AEP,OTTR,1,2023-08-01,2023-08-02,2023-08-24,16,signal,74.58806729642298,82.16388657159895,71.1500904543079,76.13203806438078,0.009969565136873346,0.003126375234041643,-0.01346948723250219,0.0019478250455682543,0.0009739125227841258,-0.01639122480085457
ES,WEC,1,2023-08-01,2023-08-02,2023-09-27,39,signal,61.3789364068563,79.24359299881625,52.406325726809904,72.98994597536033,0.007776175532465764,0.006595615239782189,-0.026637084636455012,0.0018888613839383314,0.0009444306919692184,-0.02947037671236256
EVRG,OTTR,1,2023-08-01,2023-08-02,2023-08-21,13,signal,52.03474956644575,82.16388657159895,49.80133439513926,77.04434664954081,0.010845900620848828,0.005303593773369673,0.00487744577814897,0.0019488847180902159,0.0009744423590451849,0.001954118701013569
FE,POR,1,2023-08-02,2023-08-03,2023-08-15,8,signal,33.45760195728933,41.56653030115123,32.289539579556156,39.666011112073306,0.0145063930715762,0.01238064855470745,0.008544762137605078,0.001959473969670986,0.0009797369848355121,0.00560555118309858
AEP,AES,1,2023-08-03,2023-08-04,2023-09-26,36,signal,73.13880765826819,17.84337836489285,70.41493221841122,13.973179714108975,0.012547000034776582,0.00466060225817676,-0.014189569755090975,0.0019494389120855045,0.000974719456042829,-0.017113728123219308
AEP,AWR,1,2023-08-03,2023-08-04,2023-08-31,19,signal,73.13880765826819,79.58965824296742,71.43698532985951,78.7216035729036,0.00937129557095182,0.003957349032622872,-0.010531739864365543,0.0019813448755568517,0.0009906724377784838,-0.013503757177700878
AEP,CNP,1,2023-08-03,2023-08-04,2023-09-14,28,signal,73.13880765826819,27.09744135914949,71.52664846789253,26.714279252228124,0.012030036735869594,0.0044615069950612605,-0.01570445744894166,0.0019803964150752794,0.0009901982075377694,-0.018675052071554708
AEP,EXC,1,2023-08-03,2023-08-04,2023-09-14,28,signal,73.13880765826819,36.01032867721425,71.52664846789253,36.969075595554436,0.010336275934995224,0.006790483919742985,-0.021183231414216616,0.0019908463607369404,0.0009954231803685934,-0.02416950095532215
AEP,MDU,1,2023-08-03,2023-08-04,2023-08-30,18,signal,73.13880765826819,10.903453473041253,71.28457109260606,10.269764947752298,0.010443934785333167,0.021705898118648148,-0.0036428187712587573,0.0019679284282182693,0.0009839642141092303,-0.006594711413586257
AEP,NRG,1,2023-08-03,2023-08-04,2023-09-14,28,signal,73.13880765826819,35.664113473944354,71.52664846789253,36.81525324304001,0.012338344575472818,0.0027588295429183435,-0.021082304622681063,0.0019848693816984586,0.0009924346908493612,-0.02405960869522888
AEP,OGE,1,2023-08-03,2023-08-04,2023-09-14,28,signal,73.13880765826819,31.18464013407547,71.52664846789253,31.27356779433928,0.010707519722940867,0.006972326096988074,-0.015897787653847653,0.0019844713200215993,0.000992235660010921,-0.018874494633880176
AEP,POR,1,2023-08-03,2023-08-04,2023-08-30,18,signal,73.13880765826819,40.92114334492419,71.28457109260606,38.529943348679936,0.009815828638124748,0.0069039224161524535,0.0002739504220093912,0.001966159549519485,0.0009830797747598181,-0.002675288902269912
AEP,PPL,1,2023-08-03,2023-08-04,2023-08-24,14,signal,73.13880765826819,23.858374744794393,71.1500904543079,22.649809796175713,0.00877516072994714,0.015025228595613404,0.0026726085638670884,0.001964957049388285,0.0009824785246942175,-0.0002748270102154141
AEP,SWX,1,2023-08-03,2023-08-04,2023-09-14,28,signal,73.13880765826819,57.64461197036748,71.52664846789253,57.508046451568596,0.011941832199905739,0.0022089438188653285,-0.0169685495857025,0.0019819193866786405,0.0009909596933394488,-0.019941428665720587
AEP,WTRG,1,2023-08-03,2023-08-04,2023-08-24,14,signal,73.13880765826819,36.50097693134001,71.1500904543079,33.27064461957549,0.009685456439055187,0.008000679408985958,0.008538952114493983,0.0019557327521346076,0.0009778663760673565,0.005605352986292018
D,EVRG,1,2023-08-03,2023-08-04,2023-08-30,18,signal,43.597421944069126,50.881507041129424,42.35517018127442,49.36960751550784,0.015117821580240704,0.006706146353500821,-0.006669413088047754,0.0019717079290153265,0.000985853964507722,-0.009626974981570802
D,EXC,1,2023-08-03,2023-08-04,2023-08-30,18,signal,43.597421944069126,36.01032867721425,42.35517018127442,36.128866210937495,0.021477381828810527,0.0017914962355193517,-0.02491742616358666,0.001975248818901212,0.0009876244094506868,-0.027880299391938562
D,MDU,1,2023-08-03,2023-08-04,2023-08-29,17,signal,43.597421944069126,10.903453473041253,42.03858011125691,10.254520655087772,0.018793269994117477,0.01662766003541798,-0.01654432959505501,0.001961171564353578,0.0009805857821768224,-0.01948608694158541
D,NI,1,2023-08-03,2023-08-04,2023-08-30,18,signal,43.597421944069126,24.6060764824934,42.35517018127442,24.390907449722288,0.021033189440243936,0.0034072607520337864,-0.023420600426151943,0.001974779232772057,0.0009873896163861062,-0.02638276927531011
D,OGS,1,2023-08-03,2023-08-04,2023-08-30,18,signal,43.597421944069126,69.14746433139821,42.35517018127442,66.73116015187571,0.02264187440843296,0.0002002232528228395,-0.025669799927854495,0.001973308186364337,0.0009866540931822492,-0.028629762207401082
D,OTTR,1,2023-08-03,2023-08-04,2023-08-30,18,signal,43.597421944069126,82.70942767340902,42.35517018127442,77.99390109252928,0.020422287095540507,0.0013350336803774141,-0.0171043595734642,0.0019698757650812243,0.0009849378825406894,-0.02005917322108611
D,POR,1,2023-08-03,2023-08-04,2023-08-30,18,signal,43.597421944069126,40.92114334492419,42.35517018127442,38.529943348679936,0.020399698697495302,0.0027223750564867714,-0.016862132666479502,0.0019696857761183416,0.0009848428880592426,-0.019816661330657088
D,WEC,1,2023-08-03,2023-08-04,2023-08-29,17,signal,43.597421944069126,78.74559445928861,42.03858011125691,76.72124961047662,0.01285515457383131,0.005583400421576149,-0.006767533915990677,0.001968890918692442,0.0009844454593462384,-0.009720870294029358
EXC,NFG,1,2023-08-03,2023-08-04,2023-08-24,14,signal,36.08242142731878,48.82089863367308,35.958555149874215,48.48096063972096,0.017620690149486216,0.007465515105169798,0.0023510255113749433,0.001995822577525211,0.0009979112887626264,-0.0006427083549128943
SO,WTRG,1,2023-08-03,2023-08-04,2023-08-10,4,signal,61.41543811531407,36.50097693134001,62.14871077629067,35.76752173853304,0.009361101827369293,0.011649894042184488,0.017407549667147068,0.0019986343396278354,0.0009993171698139858,0.014409598157705247
AEP,AWK,1,2023-08-04,2023-08-07,2023-09-14,27,signal,72.4630994396998,131.43361436684665,71.52664846789253,130.20802380487956,0.011858130194912516,0.001076132388936969,-0.007796657423640373,0.0019890024218943954,0.0009945012109472801,-0.01078016105648205
AEP,NJR,1,2023-08-04,2023-08-07,2023-09-14,27,signal,72.4630994396998,39.679442548577,71.52664846789253,38.60812422495437,0.012908960303449726,0.001649360455569847,-0.008333744319979075,0.0019878740228974207,0.0009939370114487845,-0.01131555535432528
AEP,ORA,1,2023-08-04,2023-08-07,2023-09-14,27,signal,72.4630994396998,77.01728986445505,71.52664846789253,73.83785381699151,0.01231294233292547,0.0014094071703776958,-0.005063798130509178,0.0019855487199133856,0.000992774359956759,-0.008042121210379323
AEP,SR,1,2023-08-04,2023-08-07,2023-09-14,27,signal,72.4630994396998,52.62966450575966,71.52664846789253,53.3646214568516,0.01169523688295557,0.002911288551654083,-0.011099124639597327,0.0019925630626352548,0.000996281531317704,-0.014087969233550286
AEP,UGI,1,2023-08-04,2023-08-07,2023-09-14,27,signal,72.4630994396998,20.663573378290764,71.52664846789253,20.366672610135915,0.013471633394394038,0.0011979598809961339,-0.010270929561091074,0.0019889194140341225,0.0009944597070171382,-0.013254308682142335
AEP,VST,1,2023-08-04,2023-08-07,2023-09-14,27,signal,72.4630994396998,27.79232688720953,71.52664846789253,32.50062437886126,0.013575915813496391,0.0006193293143929387,-0.013637045963460846,0.001992120250724265,0.0009960601253622102,-0.01662522633954732
CMS,WTRG,1,2023-08-04,2023-08-07,2023-08-21,10,signal,52.73424028388498,36.50990571981149,51.51162373751797,33.586141551589584,0.012297333110682908,0.009635882627115032,0.015095523911980968,0.0019573984949378355,0.0009786992474689932,0.01215942616957414
D,ES,1,2023-08-04,2023-08-07,2023-08-11,4,signal,42.259922272284584,58.61835003808581,42.783004816026434,58.0029271635162,0.01451354017208461,0.006600055731406455,0.013657599307700712,0.002003994525245371,0.0010019972626227733,0.010651607519832568
D,FE,1,2023-08-04,2023-08-07,2023-08-30,17,signal,42.259922272284584,31.830913449060944,42.35517018127442,32.11557109015986,0.021668746516182415,0.0026738178941060294,0.0033072676533459355,0.0020044875517131223,0.0010022437758566531,0.0003005363257761601
D,IDA,1,2023-08-04,2023-08-07,2023-08-30,17,signal,42.259922272284584,90.67318317370385,42.35517018127442,87.85397045620314,0.017671857941355056,0.0027977487793823465,0.011565448041222667,0.0019947915851364338,0.0009973957925683186,0.008573260663517915
D,NEE,1,2023-08-04,2023-08-07,2023-08-30,17,signal,42.259922272284584,63.07423335804958,42.35517018127442,61.67885687810593,0.018974305197147986,0.0031510401290503805,0.008202772962827436,0.00199862278482866,0.000999311392414427,0.005204838785584349
D,NWE,1,2023-08-04,2023-08-07,2023-08-30,17,signal,42.259922272284584,46.6637659804227,42.35517018127442,43.70724035395106,0.022227750721609197,0.0013186632101068099,0.00801578847059206,0.001999980119445379,0.000999990059722782,0.005015818291423899
D,ORA,1,2023-08-04,2023-08-07,2023-08-30,17,signal,42.259922272284584,77.01728986445505,42.35517018127442,74.95945981162038,0.02090957058246296,0.0015208102075700359,0.007121561987432122,0.002000400161781836,0.001000200080891,0.004120961744759287
D,PNW,1,2023-08-04,2023-08-07,2023-08-30,17,signal,42.259922272284584,69.49525064421772,42.35517018127442,69.30749516719696,0.02358839961436603,5.968410651293942e-05,0.0042621749518149815,0.002004223194241133,0.001002111597120663,0.0012558401604531855
D,XEL,1,2023-08-04,2023-08-07,2023-08-11,4,signal,42.259922272284584,54.156714045537925,42.783004816026434,53.48504697544998,0.013850983398529412,0.007659771072610049,0.014392477434326418,0.0020024538110131507,0.0010012269055066723,0.011388796717806595
AEP,SRE,1,2023-08-07,2023-08-08,2023-08-31,17,signal,71.6895571896332,64.56161763865363,71.43698532985951,64.78199123731802,0.007664015829079942,0.006980430129266501,-0.0014742206014614345,0.001999796637636153,0.0009998983188180843,-0.004473915557915672
PCG,PNW,-1,2023-08-07,2023-08-08,2023-08-18,8,signal,17.084519598302087,67.64659127480505,16.331657017376976,68.28731620773264,0.0277833424924392,0.007766609527274537,0.027877485842142467,0.00198418653812057,0.000992093269060312,0.024901206034961584
PCG,SWX,1,2023-08-09,2023-08-10,2023-09-05,17,signal,17.29581379407179,60.43732621820214,16.181201911453517,56.21318528156439,0.02966500796911505,0.008057018935297802,0.002901967351135147,0.0019329542196196493,0.0009664771098098711,2.5360217056266936e-06
AEE,AWK,1,2023-08-15,2023-08-16,2023-09-11,17,signal,71.838450277745,131.17362755376692,71.64970711432522,127.87258261130155,0.00988613197341516,0.0022124461678110245,0.007429120494768056,0.001991676084686326,0.000995838042343171,0.004441606367738559
NWE,SR,1,2023-08-15,2023-08-16,2023-09-18,22,signal,44.405108137712745,50.95819804183629,45.24384067786288,53.18893804465744,0.012306235368782184,0.008902043885180046,-0.0075061494164998365,0.002030355934496616,0.0010151779672483748,-0.010551683318244827
PCG,PPL,1,2023-08-15,2023-08-16,2023-09-08,16,signal,16.66616219352849,22.88218920409023,16.593585782548356,22.25852803344397,0.05244027407001021,0.005540033593887728,0.0016434099864906558,0.001994233032722903,0.0009971165163615249,-0.0013479395625937722
PCG,TXNM,1,2023-08-15,2023-08-16,2023-09-08,16,signal,16.66616219352849,39.58246014074764,16.593585782548356,40.09634550953856,0.05599628631944453,0.0017083685926225917,-0.0029433749172553545,0.001998540196276543,0.000999270098138338,-0.005941185211670235
SO,WTRG,-1,2023-08-21,2023-08-22,2023-09-29,27,signal,60.80176331711306,33.09036357795054,59.41596529282755,31.000150887388838,0.00980368574677394,0.012200689863117016,-0.009955593079850597,0.0019605153670488127,0.0009802576835244768,-0.012896366130423886
DTE,PEG,1,2023-08-29,2023-08-30,2023-09-14,10,signal,94.91959819477134,55.383942093521604,96.13631268374952,55.59847217150741,0.00493626382300889,0.009594621860546427,0.0059556313736027384,0.002007942634716326,0.001003971317358247,0.0029437174215281654
PCG,POR,1,2023-08-30,2023-08-31,2023-09-27,18,signal,16.331656955270105,38.60121933030933,16.259746176338272,37.40469784586101,0.042292719255560614,0.0080222817597458,0.008545658586464553,0.0019881284914435617,0.0009940642457218199,0.005563465849299172
CNP,UGI,1,2023-08-31,2023-09-01,2023-09-11,5,signal,26.00029505415583,21.492483852993956,26.105664834340015,20.340508450540263,0.026191502901465196,0.01485979060532562,0.021864290936287063,0.0019863847699186712,0.0009931923849594106,0.01888471378140898
AEP,IDA,1,2023-09-01,2023-09-05,2023-09-14,7,signal,69.48686261882078,87.34973845190997,71.52664846789253,89.11647770574545,0.008960439352998062,0.0043229803543931335,0.012666213973968405,0.0020264156659233197,0.0010132078329617125,0.009626590475083373
AEP,AVA,1,2023-09-05,2023-09-06,2023-09-14,6,signal,68.15730990336355,28.250158699305416,71.52664846789253,29.614901217251663,0.010534669708319627,0.009997106560275863,0.023901423970086967,0.002050031436518284,0.001025015718259195,0.020826376815309487
ATO,ED,1,2023-09-05,2023-09-06,2023-10-06,22,signal,104.39973716388859,78.3219847023993,98.76655499843368,75.2973301173157,0.005716165918801243,0.005150866926110099,-0.014668020428354401,0.0019525902150035219,0.0009762951075018096,-0.01759690575085973
ATO,FE,1,2023-09-05,2023-09-06,2023-09-15,7,signal,104.39973716388859,30.869541504156107,107.80443692908408,32.58396295037453,0.007592059767309667,0.006737210210471128,0.01633684914213267,0.002038582707536751,0.0010192913537684077,0.013278975080827512
AEP,ETR,1,2023-09-06,2023-09-07,2023-09-15,6,signal,69.19939434972473,42.798750865697734,72.33353239885163,44.832284402129936,0.008816214693040076,0.009115738412755965,0.011140691550427701,0.0020466174033816425,0.0010233087016909119,0.008070765445355146
PCG,SWX,-1,2023-09-07,2023-09-08,2023-09-27,13,signal,16.593585782548356,54.99076949345075,16.292298220735344,56.10088441958295,0.031715048125593455,0.00861381003328314,0.02111758952585361,0.001999920914496311,0.00099996045724823,0.01811770815410907
CPK,DUK,1,2023-09-08,2023-09-11,2023-10-06,19,signal,100.94451573303459,81.07023870535579,88.17490504905726,75.40275404669669,0.003908822386530893,0.007465306464812415,-0.00569728287454338,0.0019073473727582839,0.0009536736863791828,-0.008558303933680846
AEP,OTTR,-1,2023-09-13,2023-09-14,2023-10-12,20,signal,71.52664846789253,71.22599164488912,67.16912176007085,70.77709095941651,0.010648285765345876,0.0033392165500426316,0.046852311108488774,0.0019510980917323518,0.0009755490458662908,0.043925663970890136
AEP,AWR,-1,2023-09-14,2023-09-15,2023-09-27,8,signal,72.33353239885163,77.94946684925576,68.57952718206246,73.51360805182539,0.00949758946871499,0.004010680936451457,0.019809010363605817,0.0019458242667723651,0.0009729121333862732,0.01689027396344718
AEP,MDU,-1,2023-09-14,2023-09-15,2023-09-25,6,signal,72.33353239885163,10.151207457058062,70.82538825897902,10.273833273679635,0.010697203355651963,0.022232272698439255,0.020844691155397693,0.001985516006545912,0.0009927580032730522,0.01786641714557873
SRE,UGI,-1,2023-09-14,2023-09-15,2023-09-22,5,signal,66.62578740772267,20.6680841569363,65.2740098303271,20.92759762413001,0.014191932234340905,0.0025913553154278033,0.021836551388695988,0.001979724011759076,0.0009898620058796533,0.01886696537105726
AWK,CWEN,1,2023-09-15,2023-09-18,2023-09-28,8,signal,129.3892259995838,21.18166432197177,117.80182166359087,18.136777668020954,0.004659981623107932,0.018754583053908043,0.0049978000991672406,0.0018893117231587383,0.0009446558615794371,0.0021638325144290654
AWK,NEE,1,2023-09-15,2023-09-18,2023-10-16,20,signal,129.3892259995838,62.88065619383006,110.0480413585684,49.894302418270726,0.004039320919573631,0.007592154193661376,0.022292539678165163,0.0018233911304718188,0.0009116955652359281,0.019557452982457417
AEP,WTRG,-1,2023-09-20,2023-09-21,2023-09-26,3,signal,72.07353432752649,33.18050799582588,70.55590305368331,32.58344798861683,0.010047516207105282,0.008299759183830644,0.012271879395442081,0.0019789088532241664,0.0009894544266121608,0.009303516115605754
ATO,FE,1,2023-09-21,2023-09-22,2023-10-10,12,signal,103.69238043612472,31.75152748883606,101.88755580657173,30.719244668820142,0.0075876350877577495,0.006733283740294536,-0.004763203350263677,0.001980494208783443,0.000990247104391763,-0.007733944663438883
D,XEL,1,2023-09-21,2023-09-22,2023-11-06,31,signal,41.06504868845914,53.372409561774525,38.17273490106461,55.26159906633043,0.014170488911209016,0.007836461709884404,-0.05381597110044072,0.001974090566738354,0.000987045283369211,-0.05677710695054829
AEE,AWK,-1,2023-09-22,2023-09-25,2023-09-27,2,signal,72.47890620503165,122.44801487181215,70.09421581763633,120.10474871839456,0.01000729745313931,0.002239562142188825,0.020586420088184065,0.001970004214143505,0.0009850021070717785,0.017631413766968782
CWEN,NEE,1,2023-09-22,2023-09-25,2023-10-26,23,signal,19.81081611277445,61.42767810190027,18.595868654359272,51.98201512153856,0.021418537033537736,0.009369214478150277,0.06436128432048113,0.0018852391010161446,0.0009426195505081042,0.061533425668956886
AEP,FE,1,2023-09-26,2023-09-27,2023-10-17,14,signal,68.57952718206246,31.07240302078523,67.7790763867091,31.71788165505755,0.01159275682432901,0.0066156029584766695,-0.011553505611260662,0.00199615617163714,0.0009980780858186687,-0.014547739868716473
AEP,IDA,1,2023-09-26,2023-09-27,2023-10-17,14,signal,68.57952718206246,86.9206124576372,67.7790763867091,87.67100547835166,0.009050756511508419,0.004366554032705486,-0.008524813191189532,0.0019965037277118315,0.0009982518638560155,-0.011519568782757379
AEP,NJR,1,2023-09-26,2023-09-27,2023-10-17,14,signal,68.57952718206246,37.15712658395508,67.7790763867091,38.114331407799305,0.013649401717351246,0.0017439656568445795,-0.010602533207229729,0.0019924735928720243,0.0009962367964361203,-0.013591243596537874
AEP,NRG,1,2023-09-26,2023-09-27,2023-10-17,14,signal,68.57952718206246,36.39196006715172,67.7790763867091,39.09785507475413,0.013045236747267637,0.0029168892400905245,-0.016335856802665277,0.001999009359748249,0.000999504679874242,-0.019334370842287767
AEP,OGE,1,2023-09-26,2023-09-27,2023-10-17,14,signal,68.57952718206246,29.765552096586227,67.7790763867091,30.695161571447926,0.011374933293990846,0.007406920212088866,-0.013991733900941467,0.0019988837100274773,0.0009994418550138486,-0.016990059465982792
AEP,SWX,1,2023-09-26,2023-09-27,2023-10-12,11,signal,68.57952718206246,56.10088441958295,67.0349177205902,53.21600023952154,0.0126744831237956,0.0023444661325790696,-0.010838491407145743,0.001975121888572355,0.000987560944286248,-0.013801174240004346
AEP,UGI,1,2023-09-26,2023-09-27,2023-10-12,11,signal,68.57952718206246,20.274416877293604,67.0349177205902,18.540995127945035,0.01422157181063072,0.0012646478697179153,-0.017796885655110298,0.001977720597960755,0.0009888602989804457,-0.0207634665520515
AEP,VST,1,2023-09-26,2023-09-27,2023-10-17,14,signal,68.57952718206246,32.18776897909221,67.7790763867091,31.24554219401017,0.01428961685104218,0.0006518881472803182,-0.008834053911483362,0.0019898547889832504,0.0009949273944917384,-0.01181883609495835
CMS,CWEN,1,2023-09-26,2023-09-27,2023-10-12,11,signal,49.039020462369805,19.217135264629476,49.06820684710803,18.372322234602663,0.017474316572722193,0.007482320577216938,0.00882679599120619,0.0019956219462065714,0.0009978109731033748,0.005833363071896244
D,FE,1,2023-09-26,2023-09-27,2023-12-22,61,signal,39.97866844725035,31.07240302078523,41.4189578683447,32.620200881507785,0.02284317531607976,0.0028187366940086384,0.030576892631915244,0.0020389435048887425,0.0010194717524444341,0.027518477374582066
D,IDA,1,2023-09-26,2023-09-27,2023-11-06,28,signal,39.97866844725035,86.9206124576372,38.17273490106461,92.57525913817032,0.018617299894748314,0.002947427951762567,-0.04830429914467178,0.0019839709581991995,0.0009919854790996702,-0.051280255581970656
D,PNW,1,2023-09-26,2023-09-27,2023-11-03,27,signal,39.97866844725035,65.70394805648392,36.94108238379141,67.85782757807631,0.02493445833342548,6.308994638653926e-05,-0.0739501464998197,0.0019263047772314621,0.0009631523886158282,-0.07683960366566699
AEP,CNP,1,2023-09-27,2023-09-28,2023-10-17,13,signal,68.45374423623473,25.254295744008623,67.7790763867091,25.592301235353894,0.012859976106355168,0.00476930159188553,-0.008293817272354103,0.001994445280210618,0.0009972226401053952,-0.011285485192670116
AEP,ETR,1,2023-09-27,2023-09-28,2023-10-17,13,signal,68.45374423623473,42.41359302801176,67.7790763867091,42.95254405403143,0.008906002848268424,0.009208577047490176,-0.008972184270558639,0.0019993815668777723,0.0009996907834389558,-0.011971256620875366
AEP,MDU,1,2023-09-27,2023-09-28,2023-10-17,13,signal,68.45374423623473,10.115614092884584,67.7790763867091,9.839256729249588,0.011181936972230334,0.023239707033524327,0.0008654638278654935,0.0019870930310168307,0.0009935465155084837,-0.002115175718659821
AEP,SRE,1,2023-09-27,2023-09-28,2023-10-31,23,signal,68.45374423623473,63.89182724406367,67.87768646836271,64.25862986552534,0.007896607662145472,0.007192276121701888,-0.005188803815189304,0.0019982441041436674,0.0009991220520719213,-0.008186169971404892
D,EXC,1,2023-09-27,2023-09-28,2023-12-22,60,signal,39.778782444429126,34.629400967500054,41.4189578683447,31.793789209251443,0.023457393415809595,0.00195665525409373,0.046057255515376795,0.0020347006802998425,0.0010173503401500008,0.04300520449492695
D,MDU,1,2023-09-27,2023-09-28,2023-11-03,26,signal,39.778782444429126,10.115614092884584,36.94108238379141,9.747204998726327,0.02053474061343645,0.01816845530035955,-0.04964176090127873,0.001936249623189374,0.0009681248115947874,-0.052546135336062894
D,NI,1,2023-09-27,2023-09-28,2023-12-21,59,signal,39.778782444429126,22.940794918623464,41.6301457566895,24.10163695296206,0.023010169304219577,0.0037275205926643653,0.0403217458469632,0.002048625176058745,0.001024312588029494,0.037248808082874965
D,NWE,1,2023-09-27,2023-09-28,2023-12-21,59,signal,39.778782444429126,42.56195675229888,41.6301457566895,45.246485601462695,0.02365936422411185,0.0014035938034217294,0.04208346381057739,0.002049372952444256,0.0010246864762222503,0.03900940438191088
D,OGS,1,2023-09-27,2023-09-28,2023-11-03,26,signal,39.778782444429126,62.81496294425554,36.94108238379141,56.89218589451603,0.024816928397146557,0.0002194573664315312,-0.06719304734946735,0.0019301548146603163,0.0009650774073302732,-0.07008827957145794
D,ORA,1,2023-09-27,2023-09-28,2023-11-03,26,signal,39.778782444429126,69.80206479929633,36.94108238379141,63.88130184105639,0.022310960200530066,0.001622737104037562,-0.051775396342766795,0.0019285750346158736,0.0009642875173080449,-0.054668258894690715
D,OTTR,1,2023-09-27,2023-09-28,2023-12-21,59,signal,39.778782444429126,73.32275743385728,41.6301457566895,78.75797119572694,0.02245321421960578,0.0014677982478489605,0.03564241138585772,0.0020511515737134606,0.001025575786856853,0.03256568402528741
D,POR,1,2023-09-27,2023-09-28,2023-12-21,59,signal,39.778782444429126,36.5539046582411,41.6301457566895,38.217652068712226,0.02241041581359413,0.0029907087315910294,0.03856210418373797,0.002048066441608018,0.0010240332208041178,0.035490004521325835
EVRG,OTTR,1,2023-09-27,2023-09-28,2023-10-16,12,signal,45.428187969389946,73.32275743385728,44.329724353017426,69.99715968694102,0.012304182794720486,0.006016686814467114,0.008460100261074159,0.0019667172761787663,0.0009833586380894412,0.005510024346805951
EXC,NFG,1,2023-09-27,2023-09-28,2023-10-12,10,signal,34.69872909756511,48.144803960080075,35.5838919544093,50.11893179195167,0.01815461191194128,0.007691726504880688,0.0029171111836583143,0.002031774407216182,0.0010158872036081542,-0.00013055042716602185
FE,POR,-1,2023-09-27,2023-09-28,2023-10-11,9,signal,31.28407795928175,36.62708564854789,31.046230465502028,36.97721781384265,0.015988750659052378,0.013645783742510027,0.010581694830999895,0.002000982749166353,0.001000491374583197,0.007580220707250344
AEP,AES,1,2023-09-28,2023-09-29,2023-10-12,9,signal,67.5913519968374,13.031098249726671,67.0349177205902,11.398034190278693,0.013818053189396499,0.005132736886874063,0.0026789136547178995,0.001985663943748151,0.000992831971874128,-0.00029958226090437976
AEP,AVA,1,2023-09-28,2023-09-29,2023-10-17,12,signal,67.5913519968374,27.812108191394433,67.7790763867091,28.418600855134628,0.010644734610191742,0.010101555070103642,-0.0021192449633109386,0.002008997769030182,0.0010044988845151724,-0.005132741616856293
AEP,AWK,1,2023-09-28,2023-09-29,2023-10-12,9,signal,67.5913519968374,116.26963722915582,67.0349177205902,112.92944553050944,0.012806404561725434,0.001162188853400809,-0.0012535390529526663,0.0019904498402911596,0.0009952249201456316,-0.004239213813389458
AEP,CPK,1,2023-09-28,2023-09-29,2023-10-12,9,signal,67.5913519968374,95.271894237822,67.0349177205902,87.7424214540449,0.012670713670631868,0.0015144076180784484,0.006335247078295738,0.001982975525282941,0.0009914877626415195,0.003360783790371278
AEP,CWEN,1,2023-09-28,2023-09-29,2023-10-17,12,signal,67.5913519968374,17.69756107995694,67.7790763867091,18.288198004341453,0.013966182256886953,0.0032147344454697005,0.002729347641045348,0.0020062954636195984,0.0010031477318098911,-0.00028009555438414163
AEP,EXC,1,2023-09-28,2023-09-29,2023-10-17,12,signal,67.5913519968374,33.96928631357352,67.7790763867091,35.64619321676988,0.011128111013783632,0.007310685141480549,-0.008154974678476583,0.0020153458518802512,0.0010076729259401993,-0.011177993456297034
AEP,ORA,1,2023-09-28,2023-09-29,2023-10-12,9,signal,67.5913519968374,68.94784610663262,67.0349177205902,66.74429335276595,0.013258400690850339,0.0015176295394039485,-0.002042394457563638,0.0019908573841420944,0.0009954286920710962,-0.005028680533776829
AEP,SR,1,2023-09-28,2023-09-29,2023-10-17,12,signal,67.5913519968374,50.014299492556766,67.7790763867091,51.036782082005764,0.012502137662141376,0.003112149895829844,0.0011717440962496746,0.0020069070157738393,0.0010034535078870064,-0.001838616427411171
CMS,WTRG,1,2023-09-28,2023-09-29,2023-10-09,6,signal,48.43832425435391,31.000150887388838,48.15987255105757,29.845331466703144,0.013754175830900689,0.010777428142051966,0.010600506634090285,0.0019843969981557957,0.000992198499077965,0.007623911136856524
D,NEE,1,2023-09-28,2023-09-29,2023-12-21,58,signal,38.75323890337488,52.70060140310894,41.6301457566895,55.506657908093175,0.021063624221255437,0.0034980108359588223,0.05285419724493531,0.002071728427909248,0.0010358642139547305,0.04974660460307132
SRE,UGI,1,2023-09-28,2023-09-29,2023-10-10,7,signal,62.87127980190386,20.403333844057087,62.809841611550645,18.601273237950963,0.0150290697283017,0.002744211223904452,0.006017789330215015,0.0019959132355816672,0.0009979566177908596,0.003023919476842488
AEE,AWK,1,2023-10-02,2023-10-03,2023-10-09,4,signal,64.52321762785361,110.64233083478612,67.44767732518663,110.43584322401367,0.011205170679256147,0.00250763766816525,0.03532004184356854,0.002033175679563816,0.0010165878397819417,0.03227027832422278
AEP,AWR,1,2023-10-02,2023-10-03,2023-10-17,10,signal,63.80932583393338,70.71901885536546,67.7790763867091,73.67009917831552,0.010679312081154005,0.004509703595779354,0.03114216437411066,0.0020564568805267716,0.0010282284402634671,0.02805747905332042
AEP,EIX,1,2023-10-02,2023-10-03,2023-10-05,2,signal,63.80932583393338,52.646868521804,65.51976903686455,53.36283203734412,0.010038159699270565,0.006833294813282407,0.014299948195326928,0.0020226359450117503,0.0010113179725059133,0.011265994277809263
AEP,NEE,1,2023-10-02,2023-10-03,2023-10-12,7,signal,63.80932583393338,47.583143993125375,67.0349177205902,48.59406466716352,0.014043551075778904,0.0021999576610481565,0.04512393045659135,0.002049148728270417,0.0010245743641352464,0.04205020736418569
AEP,POR,1,2023-10-02,2023-10-03,2023-10-17,10,signal,63.80932583393338,33.96118146889528,67.7790763867091,36.4503607278813,0.011408239085766105,0.008023937708848806,0.0273810412597143,0.0020661971630590533,0.0010330985815296095,0.024281745515125637
AEP,PPL,1,2023-10-02,2023-10-03,2023-10-17,10,signal,63.80932583393338,20.251330659610485,67.7790763867091,21.741944591891237,0.010156868983808312,0.017391052197665534,0.01646374142681631,0.002066849866734784,0.001033424933367483,0.013363466626714043
AEP,WTRG,1,2023-10-02,2023-10-03,2023-10-12,7,signal,63.80932583393338,29.389876440022228,67.0349177205902,30.710672499869972,0.01135751696538821,0.00938188640813858,0.026293104506634024,0.0020499485323191404,0.0010249742661596188,0.023218181708155265
D,ES,1,2023-10-02,2023-10-03,2023-11-03,23,signal,36.276293466763384,48.56119713587316,36.94108238379141,48.83475178540335,0.017139299625668233,0.007794124065213265,0.011275919487481318,0.00201402192776871,0.0010070109638844575,0.00825488659582815
D,EVRG,1,2023-10-02,2023-10-03,2023-12-01,42,signal,36.276293466763384,42.35853576523653,39.98464331202782,46.01442178689523,0.01816570872062052,0.008058165037135445,0.04000256804737754,0.0020974978436278974,0.001048748921814034,0.036856321281935604
D,WEC,1,2023-10-02,2023-10-03,2023-11-06,24,signal,36.276293466763384,68.59081983286858,38.17273490106461,75.39955521752786,0.01513751571368085,0.006574702087941639,-0.013984341566019388,0.0020736531719319174,0.0010368265859660212,-0.017094821323917327
PCG,POR,1,2023-10-02,2023-10-03,2023-10-16,9,signal,14.757521323921422,33.96118146889528,16.053557052040254,36.998223399121,0.0471895253564951,0.00895113095544687,0.036063513973645024,0.002089163153291333,0.0010445815766457816,0.032929769243707906
PCG,PPL,1,2023-10-02,2023-10-03,2023-10-16,9,signal,14.757521323921422,20.251330659610485,16.053557052040254,21.723818186736167,0.05922639235059816,0.006256950580178863,0.06963377392914466,0.0020875350823406948,0.0010437675411704545,0.06650247130563351
PCG,TXNM,1,2023-10-02,2023-10-03,2023-10-16,9,signal,14.757521323921422,39.302310264587405,16.053557052040254,39.77942020094669,0.06272330487540466,0.0019136005459959179,0.08246263223724198,0.00208398596774459,0.0010419929838724087,0.07933665328562499
PCG,VST,1,2023-10-02,2023-10-03,2023-10-13,8,signal,14.757521323921422,31.54400602022588,15.739361603556244,31.20644945873515,0.030751623105918145,0.01731197345884956,0.03806115339355423,0.0020242009306268923,0.0010121004653134954,0.03502485199761384
AEP,NI,1,2023-10-05,2023-10-06,2023-10-17,7,signal,63.342198093277744,21.42111645217717,67.7790763867091,23.679698787016616,0.01019354213535703,0.016554165523513714,0.009921766532862045,0.00208320651873486,0.0010416032593675085,0.0067969567547596765
ES,WEC,1,2023-10-05,2023-10-06,2023-11-07,22,signal,48.0059988825835,70.34058796503179,49.59947078325693,74.21272497947915,0.009286826424897053,0.007876922741974204,-0.013657160478728638,0.002045066675906885,0.0010225333379535342,-0.016724760492589058
AWK,CWEN,1,2023-10-06,2023-10-09,2023-11-03,19,signal,110.43584322401367,17.50446771281795,118.08041511396789,19.583685542132947,0.005529609507200663,0.02225449135769529,-0.0019114560628021304,0.002088981749284672,0.0010444908746423732,-0.005044928686729176
DTE,PEG,1,2023-10-11,2023-10-12,2023-11-10,21,signal,88.793027850938,54.78112799058852,90.1710780345854,55.698267642897925,0.005120614752995921,0.009952944982301187,-5.577486827158806e-05,0.002016001531497097,0.0010080007657486218,-0.003079777165517307
AEP,EIX,1,2023-10-12,2023-10-13,2023-10-17,2,signal,66.4324922108561,56.94705658340745,67.7790763867091,57.27041503561212,0.00950836028971649,0.006472643492139448,0.012726257173044554,0.0020154336498941303,0.001007716824947146,0.009703106698203278
AEE,AWK,-1,2023-10-13,2023-10-16,2023-10-24,6,signal,71.18463380989472,110.26835775768464,69.37273578860163,108.49726351425377,0.010426603121524514,0.0023333997747082918,0.016735290951379583,0.0019760202952897013,0.0009880101476448845,0.013771260508444997
FE,POR,-1,2023-10-16,2023-10-17,2023-11-06,14,signal,31.654509264138355,36.4503607278813,32.575525416255836,37.11831916807184,0.01593267526552569,0.013597925550856503,-0.003567667975926579,0.002023734149288074,0.0010118670746440813,-0.006603269199858735
NWE,SR,1,2023-10-17,2023-10-18,2023-10-25,5,signal,42.39413981289563,51.80272257384371,40.916251906005066,48.41027620509035,0.012521571422389166,0.009057812968236396,0.01417356752615381,0.0019509017936285775,0.0009754508968143236,0.011247214835710909
AEP,AES,-1,2023-11-02,2023-11-03,2023-11-14,7,signal,71.89421462820172,13.981523318727367,69.73307419743523,14.101841227965346,0.012961015100474102,0.0048143887844189605,0.030560699175319513,0.001970868225109812,0.0009854341125549047,0.027604396837654796
AEP,AWK,-1,2023-11-02,2023-11-03,2023-11-14,7,signal,71.89421462820172,118.31681234142327,69.73307419743523,118.10745651730451,0.012092954841389952,0.0010974428656851042,0.02787699999180322,0.0019721824122107354,0.0009860912061053695,0.02491872637348711
AEP,AWR,-1,2023-11-02,2023-11-03,2023-11-14,7,signal,71.89421462820172,76.46098137139299,69.73307419743523,74.26831742918289,0.009594886539657501,0.0040517679416212544,0.013821363490983273,0.0019696317293079976,0.0009848158646540023,0.010866915897021273
AEP,CNP,-1,2023-11-02,2023-11-03,2023-11-14,7,signal,71.89421462820172,25.842662806683023,69.73307419743523,25.2913091431753,0.012263811500910349,0.00454820562885581,0.025965633192284263,0.0019694841582238803,0.0009847420791119455,0.023011406954948438
AEP,CPK,-1,2023-11-02,2023-11-03,2023-11-14,7,signal,71.89421462820172,89.31645238825672,69.73307419743523,86.2206597620756,0.012102047411886014,0.0014464404508947278,0.02364425206287414,0.001967907788084264,0.0009839538940421403,0.020692390380747737
AEP,CWEN,-1,2023-11-02,2023-11-03,2023-11-14,7,signal,71.89421462820172,19.583685542132947,69.73307419743523,18.570687651127912,0.013077118009438018,0.0030100897252491616,0.02717922593996574,0.001966952035277907,0.0009834760176389568,0.024228797887048875
AEP,EIX,-1,2023-11-02,2023-11-03,2023-11-16,9,signal,71.89421462820172,56.10162661539525,70.39633532841131,57.27784806157926,0.009081151665735402,0.006181828984112482,0.022866746380382136,0.0019930774542648074,0.0009965387271324258,0.0198771301989849
AEP,EXC,-1,2023-11-02,2023-11-03,2023-11-14,7,signal,71.89421462820172,36.924376022896034,69.73307419743523,35.295864937074306,0.010395047448417283,0.006829094248970002,0.01330933615880988,0.0019654345288682633,0.0009827172644341574,0.010361184365507458
AEP,FE,-1,2023-11-02,2023-11-03,2023-11-14,7,signal,71.89421462820172,32.74303698249519,69.73307419743523,31.88609268670068,0.011033523066390487,0.006296466746136404,0.020418875073566697,0.0019696035427569205,0.000984801771378458,0.01746446975943132
AEP,MDU,-1,2023-11-02,2023-11-03,2023-12-21,33,signal,71.89421462820172,9.747204998726327,73.25834813224195,10.135222052889713,0.010845538827139949,0.022540562121695848,-0.0040262255586848116,0.0020224148111386915,0.0010112074055693694,-0.0070598477753928725
AEP,NEE,-1,2023-11-02,2023-11-03,2023-11-14,7,signal,71.89421462820172,56.05670170343151,69.73307419743523,51.247616944439635,0.012385613943717526,0.0019402376318665528,0.01939864002843341,0.001962356199032143,0.0009811780995160734,0.01645510572988519
AEP,NI,-1,2023-11-02,2023-11-03,2023-11-14,7,signal,71.89421462820172,24.129265722717967,69.73307419743523,23.391715887929106,0.008999878253856168,0.014615672582451965,0.010639403972145509,0.0019691901042763285,0.0009845950521381837,0.007685618815730997
AEP,NJR,-1,2023-11-02,2023-11-03,2023-11-14,7,signal,71.89421462820172,38.88904664805701,69.73307419743523,37.876359353896625,0.012998827057724305,0.0016608426096153045,0.02837888876885191,0.0019685122702200433,0.0009842561351100284,0.02542612036352184
AEP,OGE,-1,2023-11-02,2023-11-03,2023-11-14,7,signal,71.89421462820172,32.13553454599145,69.73307419743523,30.53561646785244,0.0107676582684506,0.007011486010874952,0.014017044568433312,0.00196442616322518,0.0009822130816125887,0.011070405323595543
AEP,ORA,-1,2023-11-02,2023-11-03,2023-11-14,7,signal,71.89421462820172,63.88130184105639,69.73307419743523,59.678861860572475,0.0126149408082741,0.0014439755785689132,0.02315949879400658,0.00196506088373966,0.0009825304418698366,0.020211907468397083
AEP,POR,-1,2023-11-02,2023-11-03,2023-12-21,33,signal,71.89421462820172,37.64328105647344,73.25834813224195,38.14129312352,0.010160951831482391,0.007146663384724533,-0.008285283466990756,0.0020164867545606384,0.0010082433772803626,-0.011310013598831756
AEP,PPL,-1,2023-11-02,2023-11-03,2023-11-09,4,signal,71.89421462820172,23.137634129707816,70.53261423027097,23.199940312407424,0.008965079257370246,0.015350415720600872,0.015151465282446841,0.0019881839917280414,0.0009940919958640786,0.012169189294854721
AEP,SR,-1,2023-11-02,2023-11-03,2023-11-14,7,signal,71.89421462820172,52.01183998348742,69.73307419743523,51.373150701615366,0.011778490359828026,0.002932012791490337,0.025553633910673154,0.0019713073248920562,0.0009856536624460429,0.022596672923335056
AEP,SWX,-1,2023-11-02,2023-11-03,2023-11-14,7,signal,71.89421462820172,54.78249973516625,69.73307419743523,54.50725167054418,0.012181830972727093,0.0022533376603533356,0.027677994690299097,0.001971574084327323,0.0009857870421636707,0.024720633563808103
AEP,UGI,-1,2023-11-02,2023-11-03,2023-11-14,7,signal,71.89421462820172,19.14381378472858,69.73307419743523,18.289086648301797,0.01357462933438047,0.0012071187558257129,0.03027267730802077,0.001967754178316244,0.0009838770891581212,0.027321046040546408
AEP,VST,-1,2023-11-02,2023-11-03,2023-11-14,7,signal,71.89421462820172,34.07005637508031,69.73307419743523,34.04099743652226,0.01360194562243245,0.0006205167866742652,0.03134638514244005,0.0019687020798921655,0.0009843510399460825,0.028393332022601803
AEP,WTRG,-1,2023-11-02,2023-11-03,2023-11-14,7,signal,71.89421462820172,31.96361857101253,69.73307419743523,31.368859947894663,0.010168452876008949,0.008399659020537081,0.018951805583642838,0.0019721205886702566,0.0009860602943351459,0.015993624700637435
CMS,CWEN,-1,2023-11-02,2023-11-03,2023-11-30,18,signal,51.681781483286976,19.583685542132947,52.226047102930345,21.1268106448637,0.0166359820768698,0.007123354466994409,0.0039564420255406955,0.0020186080253159072,0.0010093040126579987,0.0009285299875667896
SO,WTRG,-1,2023-11-02,2023-11-03,2023-11-08,3,signal,63.56752542312415,31.96361857101253,61.7900736101359,31.44095873424352,0.009673972563391696,0.012039261767349546,0.012878644637187932,0.0019760631557310202,0.0009880315778655901,0.009914549903591321
AEP,NRG,-1,2023-11-03,2023-11-06,2023-11-14,6,signal,71.51766871876566,43.61761601155068,69.73307419743523,44.61777431827594,0.012295233955147498,0.0027491900931332033,0.02667094592564355,0.0019793134623974397,0.000989656731198755,0.023701975732047353
EVRG,OTTR,1,2023-11-03,2023-11-06,2023-11-09,3,signal,45.26875513308988,77.02049134046177,43.87891585090997,71.34703290876269,0.012059251602158615,0.005896916627261261,0.018645473529897576,0.0019499837603067266,0.0009749918801534395,0.01572049788943741
NWE,SR,-1,2023-11-03,2023-11-06,2023-11-10,4,signal,44.973912638774294,51.81858529197484,42.90018096915982,50.268541796597376,0.012126232867169068,0.008771834270234194,0.013510915069604262,0.001961086592941483,0.0009805432964707914,0.010569285180191988
PCG,PNW,-1,2023-11-03,2023-11-06,2023-11-29,16,signal,16.593587327756982,66.08762379883393,16.823573919555702,66.23218133468463,0.028517648811884056,0.007971878942143908,-0.0033984687419370344,0.002007812938444648,0.0010039064692223523,-0.006410188149604035
D,ES,-1,2023-11-06,2023-11-07,2023-12-01,17,signal,39.52582421450716,49.69876902306325,40.06469264798783,52.362322059464276,0.016091811711442347,0.007317777251831168,0.01284754723954605,0.0020276287895356626,0.0010138143947678374,0.00980610405524255
D,MDU,-1,2023-11-06,2023-11-07,2023-12-21,31,signal,39.52582421450716,9.62958638800198,41.713489391838024,10.135222052889713,0.020800046396833107,0.01840318903073913,-0.034144745614198356,0.0020534828534073337,0.0010267414267036597,-0.037224969894309345
D,OGS,-1,2023-11-06,2023-11-07,2023-12-21,31,signal,39.52582421450716,55.58390939869552,41.713489391838024,57.20491488907338,0.024964780987645426,0.00022076483444738332,-0.05220375174350321,0.0020529692741387247,0.0010264846370693559,-0.055283205654711294
D,ORA,-1,2023-11-06,2023-11-07,2023-12-21,31,signal,39.52582421450716,63.84194951541107,41.713489391838024,73.36220874520488,0.02262231019970172,0.001645382440296371,-0.03176203038737123,0.002063542503520861,0.0010317712517604318,-0.03485734414265252
D,PNW,-1,2023-11-06,2023-11-07,2023-12-21,31,signal,39.52582421450716,65.22934231617504,41.713489391838024,63.25205378596851,0.02516972572412527,6.368522729728811e-05,-0.05313595608667016,0.0020529004724460717,0.001026450236223029,-0.05621530679533926
PCG,VST,1,2023-11-06,2023-11-07,2023-11-15,6,signal,16.508748669873615,34.47991359446428,16.996153472262474,34.27529323026751,0.02783767255025403,0.015671532090720648,0.01878514660221252,0.002010216709965546,0.0010051083549828055,0.015769821537264167
AEP,IDA,-1,2023-11-07,2023-11-08,2023-11-14,4,signal,70.34317599544269,86.74199827349042,69.73307419743523,88.8715315944633,0.008911018450842354,0.004299137149757858,0.01659500948603681,0.0020032252952584674,0.001001612647629231,0.01359017154314911
D,IDA,-1,2023-11-08,2023-11-09,2023-12-22,30,signal,39.84674514988059,88.01570626074476,41.50187870491796,89.92161083664128,0.01858492165857418,0.0029423019389213955,-0.023117400728711848,0.002035379997075509,0.0010176899985378156,-0.026170470724325174
D,WEC,-1,2023-11-08,2023-11-09,2023-12-01,15,signal,39.84674514988059,73.05287714137795,40.06469264798783,75.7875722389694,0.01396958057390229,0.0060674308984463516,0.015567362375231597,0.0020194239779649913,0.0010097119889825195,0.012538226408284087
AEP,SRE,-1,2023-11-09,2023-11-10,2023-11-14,2,signal,70.52770485422297,64.16673166716753,69.73307419743523,65.54229956287288,0.007752938655116276,0.007061421555678792,0.017877568767952667,0.00200338124236898,0.0010016906211845567,0.01487249690439913
CMS,WTRG,-1,2023-11-14,2023-11-15,2023-11-30,10,signal,52.33249188428757,32.159232742068276,52.226047102930345,32.21297136372282,0.012893431269161074,0.010102970233642107,0.003913830879184163,0.001998472711821064,0.0009992363559106067,0.0009161218114524922
PCG,POR,-1,2023-11-14,2023-11-15,2023-11-30,10,signal,16.996153472262474,36.3531604539469,16.774381058136715,36.01596643014113,0.04183764978440898,0.007935962043678904,0.008589684650244319,0.00198720703048586,0.0009936035152430436,0.005608874104515415
PCG,PPL,-1,2023-11-14,2023-11-15,2023-11-30,10,signal,16.996153472262474,23.2463861776166,16.774381058136715,23.51651160302497,0.05137012018851567,0.005426977578082128,0.01484703265752982,0.0019885924624311853,0.0009942962312156855,0.011864143963882948
PCG,TXNM,-1,2023-11-14,2023-11-15,2023-11-30,10,signal,16.996153472262474,39.19952561592291,16.774381058136715,38.027661599691264,0.05492123131512928,0.0016755701639154335,0.012200604783677394,0.00198413110992579,0.0009920655549629964,0.009224408118788607
AWK,CWEN,-1,2023-11-16,2023-11-17,2024-01-11,36,signal,122.86129956838711,19.154659216450646,124.76363846273878,22.61088747350163,0.005000070031102563,0.020123304394305253,0.06211757053659743,0.0020786649584099448,0.0010393324792050383,0.05899957309898245
PCG,SWX,-1,2023-11-16,2023-11-17,2023-11-29,7,signal,17.565633879084206,55.275288996099235,16.823573919555702,55.511907439480616,0.030692741647780904,0.008336151498419816,0.026727406467732712,0.0019790646514141175,0.0009895323257070822,0.023758809490611515
FE,POR,-1,2023-11-20,2023-11-21,2023-12-04,8,signal,33.411271881115,36.13225098085857,33.1028091540749,36.79202306035825,0.01556386406130222,0.013283159372937607,0.015568626071704676,0.002003896438265325,0.0010019482191327336,0.012562781414306617
ES,WEC,-1,2023-11-21,2023-11-22,2023-12-08,11,signal,51.99277070303257,73.6694859019811,53.29591894742301,76.98363026788526,0.008736099992505516,0.00740980627382515,0.01520887248189136,0.002036138135105393,0.0010180690675527636,0.012154665279233203
SRE,UGI,-1,2023-11-24,2023-11-27,2023-12-06,7,signal,67.58705947953624,18.885461664010528,66.21462320212183,19.51809878862069,0.014064770247267785,0.0025681363565375594,0.022908237734727787,0.0019805384136719183,0.0009902692068359874,0.019937430114219883
AEP,AVA,-1,2023-11-28,2023-11-29,2023-12-22,17,signal,72.59511857117273,29.90307343488371,73.20383390994161,31.166214700406286,0.009899361421985076,0.009394216786513242,0.007857352253381088,0.0020170225146504852,0.0010085112573252936,0.00483181848140531
AEP,AWR,-1,2023-11-28,2023-11-29,2023-12-22,17,signal,72.59511857117273,74.9595591834738,73.20383390994161,76.5556506968467,0.00958861090233872,0.00404911783982001,0.0026375430892269028,0.002011515002183423,0.001005757501091773,-0.00037972941404829314
AEP,IDA,-1,2023-11-28,2023-11-29,2023-12-11,8,signal,72.59511857117273,89.19711224821248,72.52240514258115,91.57045768864005,0.008646173058989976,0.0041713620060595405,0.012537546619399468,0.0020087707346299107,0.0010043853673150573,0.0095243905174545
AEP,OTTR,-1,2023-11-28,2023-11-29,2023-12-20,15,signal,72.59511857117273,70.65934108380793,74.54851832169588,78.00260536107251,0.010548094843617066,0.0033077974849110713,0.005729219650709615,0.00204383437935259,0.00102191718967637,0.002663468081680655
CWEN,NEE,-1,2023-11-28,2023-11-29,2024-01-04,24,signal,21.18166414895696,54.029681497198624,22.87835832503812,57.27514455803597,0.022314593909913562,0.009761180981102409,-0.0041118452757319054,0.0020696439485187205,0.0010348219742594288,-0.007216311198510055
ATO,ED,-1,2023-11-30,2023-12-01,2023-12-11,6,signal,106.58492662793311,82.3882880563415,106.23586535736646,83.07031615252477,0.00552920068139153,0.0049823915754316885,0.007329276608724608,0.0020011157530288345,0.0010005578765144767,0.004327602979181297
CNP,UGI,-1,2023-11-30,2023-12-01,2023-12-18,11,signal,26.398266182307022,18.91990749836808,27.067560353336376,20.129779751062983,0.026919199766240284,0.015272650572750585,0.0024967446510169404,0.0020356519902604243,0.0010178259951302707,-0.0005567333343737546
DTE,PEG,-1,2023-11-30,2023-12-01,2024-01-22,33,signal,94.71921475235848,56.62371128259889,95.86974449147539,53.18735510132497,0.004883679207962119,0.009492413081772396,-0.03626501945824853,0.001973111075572795,0.0009865555377864645,-0.03922468607160779
PCG,VST,1,2023-12-04,2023-12-05,2024-01-03,19,signal,16.9809873855992,36.21611308136463,17.693327302404306,37.37906101308103,0.026757498145497733,0.015063435712794148,0.0035788402596842565,0.002036397663544451,0.001018198831772247,0.0005242437643675586
EXC,NFG,-1,2023-12-06,2023-12-07,2024-01-11,23,signal,35.58399795804424,46.25300567197053,32.84936611677641,46.80557125997348,0.018117102387531392,0.007675834509805913,0.0557391793088708,0.0019541722390936608,0.0009770861195468458,0.05280792095023029
NWE,SR,1,2023-12-12,2023-12-13,2023-12-28,10,signal,44.8458247210408,56.4586760145974,44.777139640040225,55.35385870236523,0.01167095434138633,0.008442496394348997,0.010515768692599802,0.0019899729619574633,0.0009949864809787714,0.007530809249663568
AEE,AWK,-1,2023-12-13,2023-12-14,2024-01-05,14,signal,75.11674777545477,127.92673079436976,67.98440634903613,122.67447934603584,0.009634613673811365,0.002156158157536716,0.05931178891909264,0.0019191194915876356,0.0009595597457938674,0.056433109681711134
AEP,AES,-1,2023-12-13,2023-12-14,2023-12-21,5,signal,76.09520520195848,17.258440772279954,73.25834813224195,16.221044137808498,0.012110108047667887,0.0044983180646600285,0.031647426296370365,0.0019593206873731433,0.000979660343686578,0.02870844526531064
AEP,AWK,-1,2023-12-13,2023-12-14,2023-12-22,6,signal,76.09520520195848,127.92673079436976,73.20383390994161,123.44964280731487,0.011393517691775453,0.001033968527121269,0.030274708674279588,0.0019609867769611925,0.0009804933884806017,0.027333228508837796
AEP,CNP,-1,2023-12-13,2023-12-14,2023-12-22,6,signal,76.09520520195848,28.533953571971374,73.20383390994161,26.528761549954602,0.01152830512947145,0.004275432827480855,0.026716155235007984,0.001956608534376617,0.0009783042671883103,0.023781242433443057
AEP,CPK,-1,2023-12-13,2023-12-14,2023-12-21,5,signal,76.09520520195848,101.1836172390489,73.25834813224195,96.62814532714299,0.01133108622179758,0.0013542949309293532,0.027935480930752973,0.001960261393164173,0.0009801306965820968,0.024995088841006704
AEP,CWEN,-1,2023-12-13,2023-12-14,2023-12-21,5,signal,76.09520520195848,22.84417042673361,73.25834813224195,22.841177588560953,0.012281332042983274,0.002826915790488146,0.03679536913754884,0.0019634460073642466,0.0009817230036821237,0.03385020012650247
AEP,EXC,-1,2023-12-13,2023-12-14,2024-01-12,19,signal,76.09520520195848,37.188991873885136,73.46731808890425,32.864769297165026,0.009942480730184777,0.006531777590427244,-0.0001725452194231876,0.0019445979205742142,0.0009722989602871015,-0.0030894421002845033
AEP,FE,-1,2023-12-13,2023-12-14,2024-01-11,18,signal,76.09520520195848,34.61316899905948,73.94886534513849,34.517254820625446,0.010427068248936857,0.005950383036685276,0.023785202122504494,0.001975896050360567,0.000987948025180258,0.020821358046963667
AEP,IDA,-1,2023-12-13,2023-12-14,2024-01-12,19,signal,76.09520520195848,94.02433399850763,73.46731808890425,88.25436141036283,0.008231247238174207,0.0039711802849124785,0.0006721354955101615,0.0019549483404749986,0.000977474170237524,-0.0022602870152023612
AEP,NEE,-1,2023-12-13,2023-12-14,2023-12-21,5,signal,76.09520520195848,58.756012140253695,73.25834813224195,55.3957554946904,0.01171420266868482,0.0018350593639019888,0.02902431032165579,0.001959062087459835,0.0009795310437299206,0.026085717190466033
AEP,NI,-1,2023-12-13,2023-12-14,2023-12-22,6,signal,76.09520520195848,25.087067848447898,73.20383390994161,24.053483966708267,0.008556390381464031,0.01389545466901581,0.012337887047179781,0.001960303510263839,0.0009801517551319282,0.009397431781784014
AEP,NJR,-1,2023-12-13,2023-12-14,2023-12-21,5,signal,76.09520520195848,41.40966789637936,73.25834813224195,40.02894210229843,0.01227642354678234,0.0015685420868850513,0.03462203439932256,0.001961301988262324,0.0009806509941311667,0.031680081416929066
AEP,NRG,-1,2023-12-13,2023-12-14,2023-12-21,5,signal,76.09520520195848,46.800055151377535,73.25834813224195,47.33604135621497,0.011543968529537565,0.0025812086238147084,0.03609923467259281,0.0019671537228169284,0.000983576861408472,0.033148504088367406
AEP,OGE,-1,2023-12-13,2023-12-14,2023-12-22,6,signal,76.09520520195848,32.9138765082201,73.20383390994161,31.374895992129584,0.010247768547307332,0.006672953767734009,0.02131955727499303,0.0019589993233906106,0.0009794996616953075,0.018381058289907114
AEP,ORA,-1,2023-12-13,2023-12-14,2023-12-21,5,signal,76.09520520195848,73.68649124135824,73.25834813224195,73.36220874520488,0.011820678614041145,0.0013530599548744525,0.035059263155937735,0.001964461120459955,0.0009822305602299793,0.0321125714752478
AEP,PPL,-1,2023-12-13,2023-12-14,2023-12-21,5,signal,76.09520520195848,25.143150350108623,73.25834813224195,24.244005110492367,0.008390696900743944,0.014366932172528095,0.01284798430966294,0.0019627351577571834,0.0009813675788786177,0.009903881573027138
AEP,SR,-1,2023-12-13,2023-12-14,2023-12-21,5,signal,76.09520520195848,58.411790440636466,73.25834813224195,55.78442438791936,0.011025690931099608,0.002744618865186647,0.02602736806380481,0.0019601772314438064,0.0009800886157219104,0.023087102216639094
AEP,SWX,-1,2023-12-13,2023-12-14,2023-12-21,5,signal,76.09520520195848,58.97251061555392,73.25834813224195,57.78608900792978,0.011485152408635069,0.002124469344158171,0.03202464988559518,0.001963430413031305,0.0009817152065156565,0.02907950426604822
AEP,UGI,-1,2023-12-13,2023-12-14,2023-12-21,5,signal,76.09520520195848,20.13505872084531,73.25834813224195,19.928829952296425,0.012827075956540349,0.0011406428557371407,0.038114853815848525,0.0019615060762388746,0.000980753038119436,0.035172594701490215
AEP,VST,-1,2023-12-13,2023-12-14,2023-12-21,5,signal,76.09520520195848,37.451641017166125,73.25834813224195,37.04934655288215,0.01284056341338786,0.0005857827526690025,0.038152649258568205,0.0019614633188272095,0.0009807316594136035,0.03521045428032739
AEP,WTRG,-1,2023-12-13,2023-12-14,2023-12-21,5,signal,76.09520520195848,34.12371863734156,73.25834813224195,33.538166284679,0.009584865740054262,0.0079175863777699,0.024522009902915518,0.0019672770968710276,0.0009836385484355364,0.021571094257608954
CMS,CWEN,-1,2023-12-13,2023-12-14,2023-12-18,2,signal,55.265312633775544,22.84417042673361,53.576005143652836,22.755888735286838,0.015362753586037942,0.006578171272172274,0.027343777303229958,0.001972094687960488,0.0009860473439802727,0.0243856352712892
CMS,WTRG,-1,2023-12-13,2023-12-14,2023-12-18,2,signal,55.265312633775544,34.12371863734156,53.576005143652836,32.83018180395546,0.012190303234419964,0.009552016693259143,0.010203648781406609,0.001966363646483481,0.0009831818232417888,0.00725410331168134
SRE,UGI,-1,2023-12-13,2023-12-14,2023-12-21,5,signal,71.17623560817927,20.13505872084531,67.89129861140027,19.928829952296425,0.01334750979068026,0.002437169222109822,0.04529700736681549,0.0019538930479609936,0.0009769465239805911,0.0423661677948739
AEP,ETR,-1,2023-12-14,2023-12-15,2024-01-11,17,signal,74.8166746046033,46.837600762706174,73.94886534513849,47.81232970699525,0.00811213858157567,0.008387741888369285,0.017216286850026644,0.0020007230790540075,0.001000361539527021,0.014215202231445616
ES,WEC,-1,2023-12-14,2023-12-15,2024-01-05,13,signal,55.405906546815025,76.04824962037075,55.87328224851637,77.70854884756017,0.008340303284465429,0.007074098471383473,0.00986286790479763,0.0020158027796768896,0.0010079013898385315,0.006839163735282209
ATO,ED,-1,2023-12-15,2023-12-18,2024-01-11,16,signal,107.55787721930714,82.19672109343469,110.38856707862999,85.43722965048515,0.00550480604541861,0.004960409441709132,0.002523139051335657,0.002031288459308868,0.0010156442296544847,-0.0005237936376276957
D,WEC,-1,2023-12-15,2023-12-18,2023-12-22,4,signal,42.87085788555402,75.20388981725998,41.50187870491796,75.18954784133702,0.01323721877591682,0.005749342994630533,0.020020563825728515,0.0019815438507754623,0.0009907719253877821,0.01704824804956527
PCG,SWX,1,2023-12-18,2023-12-19,2023-12-29,7,signal,17.13840027556171,58.21534488422566,17.742451584863367,58.093956508521714,0.03035048814271661,0.008243195414475865,0.02135131273453765,0.0020174325320118603,0.0010087162660060035,0.018325163936519784
FE,POR,1,2023-12-19,2023-12-20,2024-01-08,11,signal,32.897258233984545,38.538133283566864,34.00886366450923,39.24848616287413,0.0152003099620508,0.012972879931918297,0.009707544460077294,0.0020261199731487867,0.00101305998657441,0.006668364500354097
CMS,WTRG,1,2023-12-20,2023-12-21,2024-01-03,7,signal,52.400542057423166,33.538166284679,54.35797184346647,34.205573964520674,0.012713884400476305,0.009962281798422807,0.020269850545583994,0.002032217904794631,0.0010161089523973918,0.01722152368839197
SO,WTRG,1,2023-12-20,2023-12-21,2024-01-04,8,signal,63.752124004472385,33.538166284679,65.79956739811591,34.37836732400926,0.009481506325494547,0.011799737476347386,0.011528449773319694,0.0020297539768478774,0.0010148769884239888,0.008483818808047829
CMS,CWEN,1,2023-12-21,2023-12-22,2024-01-12,13,signal,52.55665454101562,23.284693855239297,53.27649475742262,22.47668191871729,0.016003996051648466,0.006852744625324907,0.0190647828265659,0.0020073633901709353,0.0010036816950855045,0.01605373774130946
EVRG,OTTR,1,2023-12-21,2023-12-22,2024-01-04,7,signal,46.16692910745675,81.2262233586467,48.15190481275586,79.72229982615849,0.011644181229386798,0.005693949190853886,0.03369141302963158,0.002014732000281508,0.0010073660001408348,0.030669315029209235
ATO,FE,-1,2023-12-26,2023-12-27,2024-01-12,11,signal,108.47467011203454,32.39678209867694,108.89806978003857,34.11589278180119,0.007283135142332431,0.006463069832042557,0.010040096536208371,0.002013041143457905,0.0010065205717290269,0.0070205348210214385
AEP,AWR,-1,2024-01-02,2024-01-03,2024-01-12,7,signal,75.83224475713995,75.40859885623975,73.46731808890425,72.60649116923761,0.009283310554822293,0.003920194360056065,0.01293579701427467,0.001966255064517022,0.000983127532258559,0.00998641441749909
AEP,MDU,-1,2024-01-02,2024-01-03,2024-01-16,8,signal,75.83224475713995,10.068008789711103,73.59450940668127,9.945154936152337,0.010329313953465516,0.021467678697526537,0.02245001840011478,0.0019731344754114763,0.000986567237705825,0.01949031668699748
AEP,AES,-1,2024-01-05,2024-01-08,2024-01-16,5,signal,75.95918054361785,16.33216260567856,73.59450940668127,15.819879024195146,0.012180896762919708,0.004524612640673549,0.02845313227380348,0.0019672020449124023,0.0009836010224562794,0.025502329206434797
AEP,AWK,-1,2024-01-05,2024-01-08,2024-01-16,5,signal,75.95918054361785,123.04174180121689,73.59450940668127,122.73052018190693,0.011469182523321865,0.0010408351557205642,0.028768010220217893,0.001971095745659326,0.0009855478728297438,0.025811366601728825
AEP,CNP,-1,2024-01-05,2024-01-08,2024-01-16,5,signal,75.95918054361785,27.26370250269379,73.59450940668127,26.48215751354473,0.011609515444704286,0.004305550806123605,0.026055381887450046,0.0019676774595909813,0.0009838387297955618,0.023103865698063504
AEP,CPK,-1,2024-01-05,2024-01-08,2024-01-16,5,signal,75.95918054361785,96.81218220538452,73.59450940668127,96.18625196352906,0.011416218653795406,0.0013644699855406713,0.028112246023413213,0.001970706307880237,0.0009853531539401963,0.02515618656159278
AEP,CWEN,-1,2024-01-05,2024-01-08,2024-01-16,5,signal,75.95918054361785,22.93818257197713,73.59450940668127,21.902967304690183,0.012298632988900007,0.002830898120501798,0.028117908287800104,0.0019662747896495927,0.0009831373948248786,0.02516849610332563
AEP,NEE,-1,2024-01-05,2024-01-08,2024-01-16,5,signal,75.95918054361785,57.02979843793924,73.59450940668127,55.88403452637023,0.011770223701753983,0.001843835199886443,0.027688611006436263,0.0019685025745223243,0.0009842512872612378,0.024735857144652703
AEP,NJR,-1,2024-01-05,2024-01-08,2024-01-16,5,signal,75.95918054361785,40.954913981594856,73.59450940668127,38.75818572847066,0.012305762403471934,0.0015722906730529485,0.027610917779073107,0.0019657319492027954,0.000982865974601472,0.02466231985526884
AEP,ORA,-1,2024-01-05,2024-01-08,2024-01-16,5,signal,75.95918054361785,71.58708665821739,73.59450940668127,68.18808746232926,0.011873483507030809,0.0013591042936521665,0.025423007076057064,0.0019657177333406144,0.0009828588666703831,0.022474430476046067
AEP,POR,-1,2024-01-05,2024-01-08,2024-01-12,4,signal,75.95918054361785,39.24848616287413,73.46731808890425,37.97526218848703,0.00965130805952625,0.006788207548627878,0.01737321297364349,0.0019663893752637864,0.000983194687631936,0.01442362891074777
AEP,SR,-1,2024-01-05,2024-01-08,2024-01-12,4,signal,75.95918054361785,55.824990083177276,73.46731808890425,53.73508975406595,0.011121266601175366,0.002768410461448689,0.023892107849691133,0.001965143091858782,0.000982571545929436,0.020944393211902917
AEP,SWX,-1,2024-01-05,2024-01-08,2024-01-16,5,signal,75.95918054361785,58.341052803684406,73.59450940668127,55.986842743587026,0.011518602434146746,0.002130656772172399,0.024187960296164657,0.0019662671899532977,0.000983133594976726,0.021238559511234635
CPK,DUK,1,2024-01-05,2024-01-08,2024-01-19,8,signal,96.81218220538452,88.80546259842018,94.81349325599331,87.1019149769215,0.003752467572774214,0.007166690542542739,0.006688532718158126,0.0019797495610450917,0.0009898747805225949,0.0037189083765904398
AEP,OGE,-1,2024-01-08,2024-01-09,2024-01-12,3,signal,76.1858858499931,31.99089829219297,73.46731808890425,31.159066714596797,0.01030156987255288,0.006707987126884251,0.02439089671012884,0.00196529648025336,0.000982648240126702,0.021442951989748778
AEP,UGI,-1,2024-01-08,2024-01-09,2024-01-16,4,signal,76.1858858499931,21.527005486811486,73.59450940668127,20.68020421719722,0.012791892369556052,0.001137514168632705,0.034149380253275366,0.0019640201436298566,0.0009820100718149786,0.03120335003783053
AEP,VST,-1,2024-01-08,2024-01-09,2024-01-16,4,signal,76.1858858499931,38.33246890366526,73.59450940668127,38.20684298677375,0.01281901446428385,0.000584799695904522,0.035110258441060985,0.0019648323298380745,0.000982416164919086,0.032163009946303826
D,ES,-1,2024-01-09,2024-01-10,2024-01-25,10,signal,42.457289856821106,51.10578485784646,39.429867633198945,48.44237437694016,0.015216760408010597,0.00691984626449027,0.02957211234959005,0.0019349447859486526,0.0009674723929743681,0.026669695170667026
ES,WEC,1,2024-01-09,2024-01-10,2024-02-05,17,signal,51.10578485784646,77.28265538118882,48.424590083366866,71.90809171864792,0.008571173851683116,0.007269918823586259,0.018029369793739883,0.0019377147971600282,0.0009688573985800691,0.015122797597999785
AEP,EIX,1,2024-01-11,2024-01-12,2024-02-02,14,signal,73.46731808890425,63.080518045048535,71.5795650883754,59.74136313456348,0.008592702298074498,0.00584932595262247,0.005275681111106618,0.0019647751792208606,0.0009823875896104416,0.0023285183422753156
AEP,SRE,1,2024-01-11,2024-01-12,2024-01-25,8,signal,73.46731808890425,69.74329511680124,70.76346334914663,65.24197224907431,0.007300330027284312,0.006649182988725897,0.012141573682447449,0.0019504861896622336,0.0009752430948311813,0.009215844397954033
PCG,VST,1,2024-01-12,2024-01-16,2024-04-16,63,signal,17.118431438267045,38.20684298677375,15.94459479381229,67.43180239343492,0.025885387493103665,0.014572471173607906,-0.45387028340869634,0.0023948114900506842,0.0011974057450253477,-0.45746250064377236
FE,POR,-1,2024-01-16,2024-01-17,2024-01-31,10,signal,33.61641830817123,36.219756092053416,33.111747163436114,37.07470252716772,0.015496342617391192,0.013225532417508776,0.02113110064473494,0.0020034218839707785,0.0010017109419854548,0.018125967818778708
PCG,PPL,1,2024-01-16,2024-01-17,2024-02-21,24,signal,16.68530307974496,24.23487638183901,16.445658182902143,24.338274261085612,0.05199807286940804,0.005493317409618307,-0.011039507346469357,0.001989562832528106,0.0009947814162640516,-0.014023851595261514
AEP,FE,1,2024-01-18,2024-01-19,2024-02-02,10,signal,71.08684476836392,33.21505483872165,71.5795650883754,33.04025214398767,0.011112403106571956,0.00634148097658193,0.008589346792348273,0.0020055320142707373,0.0010027660071353687,0.005581048770942168
AEP,NRG,1,2024-01-18,2024-01-19,2024-02-13,17,signal,71.08684476836392,48.72856568372229,72.77035444281123,49.640578931428855,0.012206681565787072,0.0027293899533033274,0.020085353575428302,0.0020245268620980006,0.0010122634310490105,0.01704856328228129
AEP,OTTR,1,2024-01-18,2024-01-19,2024-02-14,18,signal,71.08684476836392,79.20796618551249,72.32093556272534,85.3571346551931,0.01042973944778967,0.003270682187177432,-0.005206789618831795,0.0020339407208002595,0.001016970360400126,-0.00825770070003218
AEP,VST,1,2024-01-18,2024-01-19,2024-02-02,10,signal,71.08684476836392,38.80519218142177,71.5795650883754,42.36229011210852,0.013738550501618168,0.0006267486613655264,0.006550764471587058,0.002010907838339793,0.0010054539191698604,0.003534402714077405
AEP,WTRG,1,2024-01-18,2024-01-19,2024-02-02,10,signal,71.08684476836392,33.429248622894285,71.5795650883754,32.914097809704835,0.01013605323391587,0.00837289526903154,0.011309114725251777,0.0020015715255915943,0.0010007857627957624,0.00830675743686442
D,EXC,1,2024-01-18,2024-01-19,2024-02-02,10,signal,40.17050177669953,31.685243018749134,40.6534089499559,31.30659240250683,0.023377604101607517,0.0019499997754526624,0.014039898822598231,0.0020123174917368748,0.0010061587458685213,0.011021422584992835
D,FE,1,2024-01-18,2024-01-19,2024-02-02,10,signal,40.17050177669953,33.21505483872165,40.6534089499559,33.04025214398767,0.022607529763003936,0.002789659179256684,0.013417050343749154,0.002012072109664185,0.001006036054832182,0.010398942179252788
D,MDU,1,2024-01-18,2024-01-19,2024-02-02,10,signal,40.17050177669953,9.760223197913884,40.6534089499559,10.176103854884929,0.020502501411913173,0.018139931127455624,0.0043754988457764925,0.0020187403189604694,0.001009370159480322,0.001347388367335701
D,NEE,1,2024-01-18,2024-01-19,2024-02-02,10,signal,40.17050177669953,53.175515735580966,40.6534089499559,54.36200775714009,0.020420663535968317,0.0033912351253496155,0.007852782251069442,0.0020151707663538937,0.0010075853831770236,0.004830026101538525
D,NI,1,2024-01-18,2024-01-19,2024-02-02,10,signal,40.17050177669953,23.685836816308885,40.6534089499559,23.955757691942036,0.022742165110338032,0.0036841053905245585,0.012001577093554597,0.002013639379326774,0.0010068196896634725,0.00898111802456435
D,NWE,1,2024-01-18,2024-01-19,2024-02-02,10,signal,40.17050177669953,41.89540144258,40.6534089499559,42.36780692220262,0.023464094565628174,0.0013920094142535436,0.012687154455655462,0.0020137677509274045,0.0010068838754637866,0.00966650282926427
D,OGS,1,2024-01-18,2024-01-19,2024-02-02,10,signal,40.17050177669953,53.208614789735726,40.6534089499559,55.281048257913895,0.024629711436098038,0.00021780179727464284,0.013456796892353611,0.0020143122987286975,0.0010071561493644316,0.010435328444260483
D,OTTR,1,2024-01-18,2024-01-19,2024-02-02,10,signal,40.17050177669953,79.20796618551249,40.6534089499559,86.84722232317199,0.022068482935058576,0.0014426478217305489,0.0016594943956886477,0.002023221910099235,0.0010116109550496993,-0.0013753384694602867
D,PNW,1,2024-01-18,2024-01-19,2024-02-02,10,signal,40.17050177669953,62.03857293627745,40.6534089499559,62.650663069353975,0.024821594496614207,6.280437477643306e-05,0.01396210742526472,0.0020140233293035317,0.0010070116646518491,0.010941072431309339
D,POR,1,2024-01-18,2024-01-19,2024-02-02,10,signal,40.17050177669953,36.19196964647635,40.6534089499559,36.71114188628755,0.022239476578820964,0.002967896595204989,0.011212614825245895,0.0020138615787267753,0.0010069307893634675,0.008191822457155652
AEP,CNP,1,2024-01-19,2024-01-22,2024-02-02,9,signal,70.44175819461024,25.88558868139346,71.5795650883754,26.2362906366117,0.012502965042407905,0.004636899056956792,0.014617176402848663,0.002017386150516505,0.0010086930752582794,0.011591097177073878
AEP,CPK,1,2024-01-19,2024-01-22,2024-02-02,9,signal,70.44175819461024,95.68791850877123,71.5795650883754,96.65201529084538,0.01222202762263571,0.0014607805228039478,0.014514742963433955,0.002016769479962727,0.0010083847399813854,0.011489588743489841
AEP,CWEN,1,2024-01-19,2024-01-22,2024-02-02,9,signal,70.44175819461024,21.084163079284465,71.5795650883754,20.758881495101587,0.01329267628612771,0.003059706907979161,0.01813565408942491,0.0020158890643173933,0.0010079445321587196,0.015111820492948794
AEP,NEE,1,2024-01-19,2024-01-22,2024-02-02,9,signal,70.44175819461024,52.85307005040211,71.5795650883754,54.36200775714009,0.012713064403010413,0.001991533571379855,0.013478974353819574,0.0020190621352835004,0.0010095310676417682,0.010450381150894306
AEP,NJR,1,2024-01-19,2024-01-22,2024-02-02,9,signal,70.44175819461024,38.12280424543787,71.5795650883754,37.21686588115921,0.013289537769972647,0.001697986325415935,0.018674540787929975,0.002015342144087792,0.0010076710720439155,0.015651527571798267
AEP,PPL,1,2024-01-19,2024-01-22,2024-02-02,9,signal,70.44175819461024,23.741966742988843,71.5795650883754,24.036446758108287,0.00900380522160737,0.015416724074733075,0.007720001182474902,0.002015326669830987,0.0010076633349155165,0.004697011177728399
AEP,SWX,1,2024-01-19,2024-01-22,2024-02-02,9,signal,70.44175819461024,55.65803898722793,71.5795650883754,54.076436302976,0.012395098097192853,0.0022927868075586985,0.019741491565890713,0.002011985732757019,0.001005992866378534,0.016723512966755158
AEP,UGI,1,2024-01-19,2024-01-22,2024-02-02,9,signal,70.44175819461024,19.439562993192304,71.5795650883754,21.60579539383231,0.013869284472872175,0.001233320852060703,0.015129279254188919,0.002020371359483712,0.0010101856797418746,0.012098722214963333
AEP,AES,1,2024-01-22,2024-01-23,2024-02-02,8,signal,70.30547038447382,14.773356961001843,71.5795650883754,14.796485055435594,0.013205100511714155,0.004905054681897269,0.018729770634900788,0.002018666576323343,0.001009333288161713,0.01570177077041573
AEP,AVA,1,2024-01-22,2024-01-23,2024-02-02,8,signal,70.30547038447382,29.5996318224769,71.5795650883754,29.667611577147657,0.010167502048302466,0.009648674732386672,0.014312927026013873,0.002014481055568775,0.0010072405277844285,0.011291205442660669
AEP,AWK,1,2024-01-22,2024-01-23,2024-02-02,8,signal,70.30547038447382,119.03206215307867,71.5795650883754,115.358637481745,0.012338324938112145,0.0011197103483336448,0.021846461286896986,0.002013095209915064,0.001006547604957572,0.01882681847202435
AEP,MDU,1,2024-01-22,2024-01-23,2024-02-14,16,signal,70.30547038447382,9.91433470901281,72.32093556272534,10.567292528645861,0.011005812673217421,0.02287366337572963,0.009284513473836027,0.0020382186374438794,0.0010191093187219954,0.006227185517670152
AEP,NI,1,2024-01-22,2024-01-23,2024-03-12,34,signal,70.30547038447382,23.51119998004975,76.3199196171788,25.03492861998446,0.009220388053584768,0.01497377731933264,0.0347184791368281,0.0020788966321749966,0.00103944831608759,0.03160013418856551
AEP,ORA,1,2024-01-22,2024-01-23,2024-02-02,8,signal,70.30547038447382,67.1749209474596,71.5795650883754,64.12577199417848,0.012831675827070975,0.0014687842620910818,0.022840810220908427,0.0020134980121045386,0.00100674900605231,0.01982056320275158
AEP,SR,1,2024-01-22,2024-01-23,2024-02-02,8,signal,70.30547038447382,53.557664728561214,71.5795650883754,51.99369741276581,0.011964490482735025,0.00297831369448569,0.021913848371037905,0.0020119691377428533,0.001005984568871465,0.018895894664423585
EVRG,OTTR,1,2024-01-22,2024-01-23,2024-02-15,17,signal,44.83019300093001,82.41290007269707,44.337714492176715,83.24883028304393,0.011747393917824029,0.005744419704171719,-0.008588160555944737,0.001999112454071663,0.0009995562270358814,-0.011586829237052282
NWE,SR,1,2024-01-22,2024-01-23,2024-01-26,3,signal,42.45611455444573,53.557664728561214,42.61803099419466,52.57150176853863,0.012316052281005315,0.008909145210712057,0.012773350902473099,0.0019933105531042303,0.0009966552765521565,0.009783385072816711
PCG,POR,1,2024-01-22,2024-01-23,2024-02-22,21,signal,16.399834130633323,35.99580852226836,16.288470866318963,36.53245453772695,0.043069773086238314,0.008169676982420368,-0.007180211944485238,0.002000403179876631,0.0010002015899383569,-0.010180816714300225
PCG,TXNM,1,2024-01-22,2024-01-23,2024-02-02,8,signal,16.399834130633323,33.39837534227653,16.671612828044065,33.17218870939011,0.05746000852747956,0.0017530247156066425,0.018029920526894803,0.00201700349829655,0.001008501749148332,0.015004415279449922
SRE,UGI,1,2024-01-22,2024-01-23,2024-02-22,21,signal,66.43693788909911,20.051149178810284,65.96213743140892,21.44821878445212,0.014278484732737184,0.0026071592435384545,-0.008423168809231931,0.0019986452132098567,0.0009993226066050045,-0.011421136629046792
D,IDA,1,2024-01-23,2024-01-24,2024-02-02,7,signal,39.78254907125446,86.5318290448728,40.6534089499559,85.90940141605323,0.018706992888612262,0.002961627843190778,0.020150010347877736,0.0020154417941488246,0.0010077208970745003,0.017126847656654412
AWK,NEE,1,2024-01-24,2024-01-25,2024-02-06,8,signal,115.14341396308453,54.30866321061035,113.3443219906005,51.69421486548799,0.0046039018098226045,0.00865331899311912,0.01631004086252101,0.0019692281293013903,0.0009846140646507474,0.013356198668568874
D,ORA,1,2024-01-24,2024-01-25,2024-02-02,6,signal,39.429867633198945,64.92230058068046,40.6534089499559,64.12577199417848,0.022666906535001807,0.0016486260536301364,0.031075097683853636,0.0020280232350422932,0.0010140116175212095,0.02803306283129013
NWE,SR,-1,2024-01-31,2024-02-01,2024-02-02,1,signal,42.371287080760496,51.3003238100243,42.36780692220262,51.889813901451596,0.012580818050287731,0.009100670598193635,0.0074137323740058325,0.0020051939894241712,0.0010025969947121312,0.00440594138986953
DTE,PEG,1,2024-02-06,2024-02-07,2024-02-09,2,signal,96.1180958725643,54.02797369005038,95.65066123892309,53.1290339133264,0.004971626187593017,0.009663355730624032,0.008351771787382879,0.0019889072100898976,0.0009944536050450186,0.005368410972247962
CPK,DUK,-1,2024-02-08,2024-02-09,2024-02-26,10,signal,95.55629275854814,83.44779371979332,94.04234873320831,84.41795107086307,0.00392362435479631,0.007493576163063359,0.01521193945310952,0.0020018438030908942,0.0010009219015454716,0.012209173748473153
EXC,NFG,1,2024-02-08,2024-02-09,2024-02-16,5,signal,30.350248802351835,44.90365866116829,31.298067208716073,44.221966304706235,0.020257798065901708,0.008582802159022043,0.027065378316717525,0.0020138338086146475,0.0010069169043073613,0.024044627603795516
PCG,SWX,1,2024-02-12,2024-02-13,2024-04-08,37,signal,16.134050669456336,54.507248784092894,16.51474707117236,69.32728635217049,0.03232383247231435,0.008779155918716572,-0.11565947251830776,0.0021423813012010177,0.0010711906506005405,-0.11887304447010932
AEP,EIX,-1,2024-02-13,2024-02-14,2024-03-13,19,signal,72.32093556272534,56.910819890731474,76.81275059617838,61.364460089508704,0.00900125389280309,0.006127440027000069,-0.011075450553385654,0.0020671037823907965,0.0010335518911954583,-0.014176106226971909
AEP,IDA,-1,2024-02-13,2024-02-14,2024-03-13,19,signal,72.32093556272534,80.84386705305437,76.81275059617838,84.75268106732607,0.008980075681943993,0.004332453937207715,-0.021345432423864087,0.002056649859893859,0.001028324929946982,-0.024430407213704926
AEP,SRE,-1,2024-02-13,2024-02-14,2024-03-12,18,signal,72.32093556272534,64.38047779188227,76.47271224904502,66.7479460248033,0.007635169464137707,0.006954156692539171,-0.013187834386502603,0.002047939134462597,0.0010239695672313099,-0.01625974308819651
D,ES,1,2024-02-14,2024-02-15,2024-02-27,7,signal,39.71201850703108,51.821872472174206,41.28696019957064,51.79194679404165,0.015807273755671803,0.007188383158900062,0.027135867723555893,0.0020252159996552283,0.0010126079998276946,0.02409804372407297
ES,WEC,-1,2024-02-14,2024-02-15,2024-03-07,14,signal,51.821872472174206,70.66354411443074,53.209656760884535,74.9276936452925,0.008948590297176406,0.007590036810795665,0.021991287854056678,0.002044948968605872,0.0010224744843030033,0.0189238644011478
AEP,PPL,-1,2024-02-15,2024-02-16,2024-03-12,16,signal,74.54055550099797,24.15534868318716,76.47271224904502,24.97691633932494,0.00862561690662952,0.014769172872013823,-0.0025039461654638995,0.0020282230071949556,0.0010141115035975277,-0.005546280676256383
SO,WTRG,1,2024-02-15,2024-02-16,2024-02-28,7,signal,60.8057044604912,32.795313340534896,61.116421392437815,31.824318849771615,0.009842559262803852,0.012249067965518546,0.0169436002875052,0.0019915729593605403,0.0009957864796803228,0.013956240848464337
AEE,AWK,-1,2024-02-21,2024-02-22,2024-03-27,24,signal,65.18389666166311,114.29721829510446,66.34142794979229,111.36344757475649,0.011012912801041618,0.0024646117195909188,-0.01797377196155017,0.002004624879056137,0.00100231243952812,-0.020980709280134426
AEP,AES,-1,2024-02-21,2024-02-22,2024-03-15,16,signal,75.2559776155096,14.478660231625495,75.32391314354166,13.269084816663483,0.012390950872709304,0.004602637559435903,-0.004415486599355881,0.0019935364268754453,0.0009967682134378224,-0.007405791239669148
AEP,AVA,-1,2024-02-21,2024-02-22,2024-03-14,15,signal,75.2559776155096,29.738988417846166,75.9304763176646,30.10317947225384,0.00965954145326246,0.009166634351659245,-0.0011680000209393017,0.0020089419227983314,0.0010044709613991904,-0.004181412905136824
AEP,AWK,-1,2024-02-21,2024-02-22,2024-03-15,16,signal,75.2559776155096,114.29721829510446,75.32391314354166,109.92618592716799,0.011669498223415039,0.0010590139249986527,-0.003427113619978564,0.0019946440479629477,0.0009973220239815738,-0.006419079691923086
AEP,AWR,-1,2024-02-21,2024-02-22,2024-03-15,16,signal,75.2559776155096,70.84517396407054,75.32391314354166,66.90136081268365,0.009504058107177967,0.00401341253956546,-0.014489873149809962,0.0019839392116279375,0.0009919696058140496,-0.01746578196725195
AEP,CNP,-1,2024-02-21,2024-02-22,2024-03-15,16,signal,75.2559776155096,26.419516478997746,75.32391314354166,26.000526217843593,0.011748180060199596,0.004356976513757165,-0.0006262176044020813,0.001997431938744999,0.0009987159693726003,-0.0036223655125196806
AEP,CWEN,-1,2024-02-21,2024-02-22,2024-03-15,16,signal,75.2559776155096,19.87007197741814,75.32391314354166,18.122361631454204,0.01251557704400535,0.002880834281569946,-0.0038910759758405394,0.0019940402381773458,0.0009970201190887748,-0.00688213633310666
AEP,ETR,-1,2024-02-21,2024-02-22,2024-03-14,15,signal,75.2559776155096,46.60825851802918,75.9304763176646,46.95111522992094,0.008098811886617829,0.008373962429795281,-0.0005836761350826759,0.0020078927472538784,0.0010039463736269821,-0.0035955152559635365
AEP,FE,-1,2024-02-21,2024-02-22,2024-03-14,15,signal,75.2559776155096,34.0060938316964,75.9304763176646,34.253896703178604,0.010557646956041526,0.006024899986719351,-0.003620702452031774,0.002007429200526816,0.0010037146002634342,-0.006631846252822024
AEP,NEE,-1,2024-02-21,2024-02-22,2024-03-14,15,signal,75.2559776155096,52.423477128121746,75.9304763176646,55.038187142744185,0.011970976419331878,0.0018752836189243772,-0.0011597157857984458,0.0020113694139101074,0.001005684706955077,-0.00417676990666363
AEP,NJR,-1,2024-02-21,2024-02-22,2024-03-15,16,signal,75.2559776155096,37.83532285188003,75.32391314354166,38.054450280106416,0.01247494908887635,0.001593907427768695,0.0015012158272820313,0.001999439245330103,0.0009997196226651543,-0.001497943040713226
AEP,OGE,-1,2024-02-21,2024-02-22,2024-03-15,16,signal,75.2559776155096,30.062751237672547,75.32391314354166,30.047857615896202,0.010538800035153405,0.0068624623084847635,0.0011812734636063266,0.0019994393268958277,0.0009997196634480177,-0.0018178855267375188
AEP,ORA,-1,2024-02-21,2024-02-22,2024-03-15,16,signal,75.2559776155096,63.86951514125472,75.32391314354166,62.65632066188759,0.012101430064725104,0.001385196311643525,-0.0005051349263942495,0.001997494633121612,0.0009987473165609028,-0.003501376876076764
AEP,POR,-1,2024-02-21,2024-02-22,2024-03-15,16,signal,75.2559776155096,36.53245453772695,75.32391314354166,36.156301621972865,0.009900932239591008,0.00696377968175061,-0.0012950026083816332,0.001997068483284227,0.0009985342416422083,-0.004290605333308069
AEP,SR,-1,2024-02-21,2024-02-22,2024-03-15,16,signal,75.2559776155096,52.50038880267707,75.32391314354166,53.45468997766667,0.011313862503762996,0.002816353248064325,0.00392108702177653,0.0020020510312383174,0.0010010255156192565,0.0009180104749189565
AEP,WTRG,-1,2024-02-21,2024-02-22,2024-03-14,15,signal,75.2559776155096,33.40223624947541,75.9304763176646,33.207319160753464,0.009718580068987287,0.008028041211252706,-0.0061159162664825755,0.0020040557978760233,0.0010020278989380416,-0.009121999963296639
CWEN,NEE,1,2024-02-22,2024-02-23,2024-04-03,27,signal,19.26328841022396,52.327945129609425,20.2073857341786,58.39951667640361,0.023720839477064916,0.010376321796133738,-0.03852061632534858,0.002085182780182751,0.0010425913900914416,-0.04164839049562277
DTE,PEG,1,2024-02-22,2024-02-23,2024-04-22,40,signal,98.69349451455304,55.389411146374954,100.34070709961526,60.786558818720856,0.004845826818275317,0.009418839346942815,-0.04079407266251762,0.00205868727493967,0.001029343637469891,-0.04388210357492718
PCG,PNW,1,2024-02-22,2024-02-23,2024-04-04,28,signal,16.478581972609835,63.67298580669588,16.54424093826404,66.60706740004026,0.029172203367966273,0.008154854394171414,-0.01998584809108929,0.0020257433842578876,0.0010128716921290477,-0.023024463167476222
AEP,CPK,-1,2024-02-23,2024-02-26,2024-03-15,14,signal,75.37519919816806,94.04234873320831,75.32391314354166,95.97897028035747,0.011536767622964489,0.0013788780356321433,0.005262642335024574,0.0020006021258051937,0.0010003010629026574,0.0022617391463167227
CMS,CWEN,-1,2024-02-23,2024-02-26,2024-03-18,15,signal,53.130374261731156,18.955623817103856,53.57039975851838,18.243987744127686,0.01631532957062749,0.006986054399457676,-0.01014996266436648,0.002000726653624079,0.0010003633268121062,-0.013151052644802666
CMS,WTRG,-1,2024-02-23,2024-02-26,2024-03-14,13,signal,53.130374261731156,32.03532364305386,54.14502851109919,33.207319160753464,0.012777828466206743,0.010012386768869104,0.0007933765258827299,0.0020239820622258153,0.0010119910311129424,-0.002242596567456028
D,EVRG,-1,2024-02-23,2024-02-26,2024-03-04,5,signal,41.753326625528025,45.251850786996236,39.86602609316597,43.86317657568332,0.016168558555444242,0.007172244984004535,0.02251386212826461,0.0019588446055531605,0.0009794223027765974,0.019575595219934853
D,EXC,-1,2024-02-23,2024-02-26,2024-03-04,5,signal,41.753326625528025,32.54261651975299,39.86602609316597,32.161297434266054,0.022468430092128264,0.0018741627005057892,0.04364519409523084,0.0019551680280281546,0.0009775840140140944,0.040712442053188594
D,FE,-1,2024-02-23,2024-02-26,2024-03-04,5,signal,41.753326625528025,33.67163548321538,39.86602609316597,32.71125320685238,0.021764733816380385,0.0026856622599388475,0.04045207724075634,0.0019547459571254942,0.0009773729785627575,0.037519958305068095
D,IDA,-1,2024-02-23,2024-02-26,2024-03-04,5,signal,41.753326625528025,83.19038113646494,39.86602609316597,80.51505094139625,0.018197572561805094,0.0028809781400159894,0.02859365503269346,0.0019569344584191746,0.0009784672292096105,0.025658253345064677
D,NEE,-1,2024-02-23,2024-02-26,2024-03-04,5,signal,41.753326625528025,52.07422855315165,39.86602609316597,50.92891358575853,0.01982774164766103,0.0032927692977982896,0.035607178036572366,0.0019575286303453393,0.0009787643151726888,0.03267088509105434
D,NI,-1,2024-02-23,2024-02-26,2024-03-04,5,signal,41.753326625528025,24.16972923868446,39.86602609316597,24.12143705856108,0.021878691178350455,0.003544227373107175,0.043077429604794215,0.001956922563208718,0.0009784612816043689,0.04014204575998113
D,NWE,-1,2024-02-23,2024-02-26,2024-03-04,5,signal,41.753326625528025,43.09189743504275,39.86602609316597,42.18621327608087,0.022548423568293924,0.0013376871541261335,0.043298636207561074,0.001954506468333692,0.0009772532341668593,0.040366876505060524
D,OGS,-1,2024-02-23,2024-02-26,2024-03-04,5,signal,41.753326625528025,54.19736584975193,39.86602609316597,54.29933197634754,0.02365525044313227,0.00020918458890041425,0.04661936518281895,0.0019534686860640236,0.0009767343430320216,0.043689162153722906
D,ORA,-1,2024-02-23,2024-02-26,2024-03-04,5,signal,41.753326625528025,63.28798489833131,39.86602609316597,64.53866567204369,0.02155468264587807,0.001567730970825266,0.04460061666125153,0.001959721645226101,0.000979860822613066,0.04166103419341236
D,OTTR,-1,2024-02-23,2024-02-26,2024-03-04,5,signal,41.753326625528025,80.70759382476805,39.86602609316597,84.05000478600564,0.02124684105094135,0.0013889359341552937,0.04670460698486839,0.001963037867637401,0.0009815189338187162,0.04376005018341227
D,PNW,-1,2024-02-23,2024-02-26,2024-03-04,5,signal,41.753326625528025,63.50170023778412,39.86602609316597,61.17920696946169,0.02383470050469356,6.0307304729557184e-05,0.046796118434953564,0.0019529387930203395,0.0009764693965101788,0.043866710245423046
D,POR,-1,2024-02-23,2024-02-26,2024-03-04,5,signal,41.753326625528025,36.773679157076344,39.86602609316597,35.54998207802562,0.0214143170525344,0.002857777629954742,0.03887274434574504,0.001954546510679161,0.000977273255339597,0.03594092457972628
D,WEC,-1,2024-02-23,2024-02-26,2024-03-04,5,signal,41.753326625528025,71.80147637394623,39.86602609316597,71.35579898089439,0.013708090497194398,0.005953857483506565,0.02518899548874641,0.0019712086775755828,0.0009856043387878018,0.022232182472383028
D,XEL,-1,2024-02-23,2024-02-26,2024-03-27,22,signal,41.753326625528025,54.07573371524694,41.86872566324489,48.05057640423782,0.013952874482713411,0.0077161181460801065,-0.04614623342111013,0.001954740528043837,0.000977370264021943,-0.0490783442131759
AEP,EXC,-1,2024-02-27,2024-02-28,2024-03-14,11,signal,76.20985125006983,32.52457657648442,75.9304763176646,33.62647982644032,0.010242540878505093,0.00672890406276012,0.0122795503371045,0.002003439916117496,0.0010017199580587633,0.009274390462928241
AEP,MDU,-1,2024-02-27,2024-02-28,2024-03-13,10,signal,76.20985125006983,11.009956374698664,76.81275059617838,11.797100612817479,0.010086181040190014,0.020962369314298727,0.012440972327184871,0.0020215160579789213,0.001010758028989536,0.009408698240216413
AEP,NRG,-1,2024-02-27,2024-02-28,2024-03-13,10,signal,76.20985125006983,51.50872893908599,76.81275059617838,60.055145323722336,0.011390574817906115,0.0025469100920499214,0.016926759510562876,0.0020271754791878044,0.0010135877395939972,0.013885996291781074
AEP,OTTR,-1,2024-02-27,2024-02-28,2024-03-27,20,signal,76.20985125006983,81.60173493939517,76.27971922695522,77.89747497929494,0.009818339187528455,0.003078951995787484,-0.010102951459215337,0.001988274633258099,0.000994137316629088,-0.013085363409102524
AEP,SWX,-1,2024-02-27,2024-02-28,2024-03-12,9,signal,76.20985125006983,58.7825008702716,76.47271224904502,68.17331461709938,0.011474655637280444,0.0021225277008815203,0.018937488878367492,0.0020214660106183243,0.0010107330053091869,0.01590528986243998
AEP,UGI,-1,2024-02-27,2024-02-28,2024-03-15,12,signal,76.20985125006983,20.984237081820233,75.32391314354166,21.388514646868494,0.012795858065380174,0.0011378668166270832,0.013783585164820991,0.0019872328729996216,0.000993616436499915,0.010802735855321453
AEP,VST,-1,2024-02-27,2024-02-28,2024-03-15,12,signal,76.20985125006983,49.242470587583725,75.32391314354166,61.680245184071886,0.012733935068483504,0.0005809183987166292,0.020500889089202615,0.0019940786637873765,0.0009970393318937927,0.017509771093521448
D,MDU,-1,2024-02-28,2024-02-29,2024-03-06,4,signal,42.829022871593615,11.154078096644882,41.85084048582084,11.22939357509098,0.0189642510909239,0.01677893842130133,0.021795693031114845,0.0019814828795830337,0.000990741439791582,0.01882346871174023
AWK,CWEN,-1,2024-03-04,2024-03-05,2024-03-08,3,signal,114.48218621314733,18.994322017390633,112.88533767615979,19.41681375485857,0.005236560336149634,0.021075084342418282,0.019266203662358143,0.002000160949619032,0.0010000804748095974,0.016265962237929515
SO,WTRG,-1,2024-03-05,2024-03-06,2024-03-25,13,signal,62.964815455044814,31.980280839340377,64.40853287741866,33.591861074370385,0.00972880444694963,0.012107500062943737,0.007499675927838434,0.00203311260970311,0.0010165563048516357,0.004450007013283687
D,IDA,-1,2024-03-07,2024-03-08,2024-03-27,13,signal,42.820105536213056,83.00414206835622,41.86872566324489,84.64116523581836,0.017860084753556927,0.002827548211667984,0.023607085592506363,0.0019865984988500073,0.0009932992494250182,0.020627187844231336
D,NWE,-1,2024-03-07,2024-03-08,2024-03-27,13,signal,42.820105536213056,43.913106246561284,41.86872566324489,44.01383191879946,0.02199469214804586,0.0013048369903238442,0.023034196130963535,0.0019774581261700905,0.000988729063085055,0.02006800894170839
D,OGS,-1,2024-03-07,2024-03-08,2024-03-27,13,signal,42.820105536213056,57.71465280136721,41.86872566324489,56.94116817288848,0.023055907298543774,0.0002038845668350201,0.023753202725377395,0.00197597814695389,0.0009879890734769497,0.020789235504946556
D,OTTR,-1,2024-03-07,2024-03-08,2024-03-27,13,signal,42.820105536213056,80.36876881756831,41.86872566324489,77.89747497929494,0.02078503429058733,0.0013587469755918218,0.01839192268699576,0.001975322432530413,0.0009876612162652244,0.015428939038200123
D,PNW,-1,2024-03-07,2024-03-08,2024-03-27,13,signal,42.820105536213056,64.64243622336738,41.86872566324489,65.38069431919266,0.023241563404103088,5.88065306852317e-05,0.024130941216441826,0.0019759711800988343,0.0009879855900494215,0.021166984446293568
AWK,NEE,1,2024-03-08,2024-03-11,2024-05-13,44,signal,111.12517335227537,53.52276908629237,127.53626426220025,69.06587439571359,0.0047233482205153955,0.008877825930278943,-0.0582581428505447,0.0022155434563812695,0.0011077717281907011,-0.06158145803511667
EVRG,OTTR,-1,2024-03-08,2024-03-11,2024-04-05,18,signal,46.58630147657031,79.53109319399356,47.54265964121565,79.6539964557481,0.01169803959244316,0.005720285674004075,-0.008472773878058603,0.002011700029015934,0.0010058500145079983,-0.011490323921582534
ATO,FE,-1,2024-03-11,2024-03-12,2024-03-18,4,signal,109.83838997034901,34.62981736334728,108.34010774544419,34.23585976658689,0.007109937469904297,0.006309373844013455,0.010152812105574817,0.0019857449308827973,0.0009928724654414676,0.0071741947092505524
PCG,POR,1,2024-03-12,2024-03-13,2024-03-26,9,signal,16.193113736115446,37.22628546970361,16.13128600769687,36.831391233373566,0.04301951958154832,0.008160144661464561,0.0025574989814747874,0.0019949040604287046,0.0009974520302143972,-0.00043485710916831444
AWK,CWEN,-1,2024-03-13,2024-03-14,2024-03-25,7,signal,112.83826847995762,18.611297497497244,110.96515727813129,18.63493084825389,0.005325394852443689,0.021432608137282403,0.012471718997935217,0.0019901378999364876,0.0009950689499683063,0.009486512148030424
NWE,SR,-1,2024-03-18,2024-03-19,2024-03-21,2,signal,43.76379730616024,53.0936946779474,43.75299061026148,53.89483899720394,0.012169006374691847,0.00880277562879595,0.009190598037422953,0.002006797597441702,0.0010033987987208824,0.00618040164126037
PCG,PPL,1,2024-03-18,2024-03-19,2024-03-22,3,signal,15.897797583738793,24.866320582626166,16.239351286752,25.091569776040654,0.054020360989805345,0.005706961299209043,0.019186553221270847,0.002021187316587127,0.0010105936582936446,0.016154772246390073
ATO,ED,-1,2024-03-20,2024-03-21,2024-04-05,10,signal,109.92317750435652,82.16552920977071,109.11424227229207,82.39649297200795,0.005434811204755744,0.004897336725680569,0.007523867760265009,0.0019963501820137097,0.0009981750910068813,0.004529342487244418
ATO,FE,-1,2024-03-27,2024-03-28,2024-04-05,5,signal,111.23281341149759,34.75636778930652,109.11424227229207,34.280966199733385,0.007034514503123718,0.006242443340635949,0.013916462038887252,0.001981010121205309,0.0009905050606027045,0.01094494685707924
AEP,AWK,-1,2024-03-28,2024-04-01,2024-04-05,4,signal,78.97977107941672,115.2479001166462,76.69326589899872,112.01160873036872,0.011172285927670613,0.00101389161255703,0.024233905382543566,0.00196966442415085,0.0009848322120754494,0.021279408746317268
AEP,CNP,-1,2024-03-28,2024-04-01,2024-04-05,4,signal,78.97977107941672,26.79586213594868,76.69326589899872,26.235271303832036,0.011237656915975086,0.004167641881693493,0.025329059206162297,0.0019704402824477886,0.0009852201412239242,0.022373398782490585
AEP,CWEN,-1,2024-03-28,2024-04-01,2024-04-04,3,signal,78.97977107941672,20.099860265488214,78.20968152137206,20.7894580852229,0.011950173733213075,0.0027506898036192707,0.013090501889283339,0.0019909281891740973,0.0009954640945871104,0.01010410960552213
AEP,NJR,-1,2024-03-28,2024-04-01,2024-04-05,4,signal,78.97977107941672,39.40716961106871,76.69326589899872,39.08096494404356,0.011892190037092888,0.00151944908933224,0.028666483472536263,0.001970580730455292,0.0009852903652276647,0.025710612376853306
AEP,OGE,-1,2024-03-28,2024-04-01,2024-04-04,3,signal,78.97977107941672,31.085661073233577,78.20968152137206,31.285545137946368,0.010072481743006682,0.006558813724875662,0.01106009543585203,0.0019923800749449237,0.0009961900374725163,0.008071525323434591
AEP,ORA,-1,2024-03-28,2024-04-01,2024-04-05,4,signal,78.97977107941672,65.13188389949212,76.69326589899872,62.843553363658934,0.011559793443918278,0.0013231976019555127,0.025372524433063294,0.0019689103164781214,0.0009844551582390885,0.022419158958346085
AEP,SR,-1,2024-03-28,2024-04-01,2024-04-05,4,signal,78.97977107941672,55.289802981846634,76.69326589899872,53.39181850365265,0.010774893829617296,0.002682188087799181,0.021514985712707574,0.001968886511073283,0.000984443255536666,0.018561655946097624
AEP,UGI,-1,2024-03-28,2024-04-01,2024-04-05,4,signal,78.97977107941672,21.786749021408113,76.69326589899872,21.97377660090065,0.012346551982900947,0.00109791244395824,0.030405895851012204,0.001970100874920764,0.0009850504374604024,0.027450744538631038
SRE,UGI,-1,2024-03-28,2024-04-01,2024-04-05,4,signal,66.99014552068212,21.786749021408113,65.79728329194799,21.97377660090065,0.01407829108680898,0.0025706051746544707,0.0192561661114948,0.0019819303652694135,0.0009909651826347753,0.01628327056359061
CNP,UGI,-1,2024-04-01,2024-04-02,2024-04-04,2,signal,26.704763408660888,21.102582389988847,26.69236476719218,22.177728178805793,0.025845057269817628,0.014663234128143679,0.018100257285152164,0.002014699263014891,0.0010073496315075037,0.015078208390629767
AWK,CWEN,1,2024-04-02,2024-04-03,2024-04-22,13,signal,112.18879912966989,20.2073857341786,111.41041112821439,19.838705969457532,0.005168362875744397,0.020800616535744276,0.005634405649834617,0.0019886308890307075,0.000994315444515425,0.0026514593162884842
PCG,TXNM,-1,2024-04-09,2024-04-10,2024-04-12,2,signal,16.44593829783206,33.7905937910805,16.27201573558398,34.02704933327517,0.05716809371901732,0.0017441188019599162,0.012343945328319027,0.001988717432899792,0.000994358716449977,0.009360869178969259
EXC,NFG,1,2024-04-10,2024-04-11,2024-04-19,6,signal,33.83970472743246,50.45716212995915,33.462678498114784,48.70929608976707,0.01811432283093138,0.007674656870246565,0.008564911481865604,0.001980214201823998,0.0009901071009120732,0.005594590179129533
CMS,CWEN,1,2024-04-11,2024-04-12,2024-04-29,11,signal,53.65380902995725,20.49407997829289,55.20231558991752,20.247843181562768,0.01602966261854002,0.006863734782267524,0.028536739028595826,0.0020245972434460567,0.0010122986217230706,0.025499843163426697
ES,WEC,-1,2024-04-11,2024-04-12,2024-04-19,5,signal,53.43647134770103,73.11381698368778,53.33595731988187,73.95687644339712,0.008662368919492722,0.007347268875231413,0.009070353285023106,0.0020054791661775697,0.0010027395830888154,0.0060621345357567205
AEP,NRG,1,2024-04-12,2024-04-15,2024-04-22,5,signal,75.71910179994721,71.69327492514273,77.0353368491143,67.89829970683438,0.010906317145365304,0.0024386310303639437,0.025616247525882006,0.0020064263149912965,0.0010032131574956708,0.02260660805339504
AEP,AES,1,2024-04-15,2024-04-16,2024-04-19,3,signal,74.3589369006609,14.185408750552432,75.98055145483762,14.328577600338026,0.012569269498152104,0.004668874284239458,0.0217368804923548,0.0020228074998498045,0.0010114037499249404,0.018702669242580055
AEP,AVA,1,2024-04-15,2024-04-16,2024-04-22,4,signal,74.3589369006609,29.644266102963186,77.0353368491143,31.030062644837543,0.00976139343437688,0.009263289029667035,0.015328237222796855,0.002039878241892371,0.001019939120946224,0.01226841985995826
AEP,AWK,1,2024-04-15,2024-04-16,2024-04-19,3,signal,74.3589369006609,108.45137301920958,75.98055145483762,111.01222233171781,0.011885443683342095,0.0010786111043053106,0.018535033883033267,0.0020235859282018327,0.0010117929641009515,0.015499654990730484
AEP,CNP,1,2024-04-15,2024-04-16,2024-05-24,28,signal,74.3589369006609,25.643709567179968,82.87589049818332,27.877537697098614,0.01193253350844455,0.004425346562574732,0.09385652432694676,0.0021131537707612066,0.0010565768853806091,0.09068679367080494
AEP,CPK,1,2024-04-15,2024-04-16,2024-04-19,3,signal,74.3589369006609,94.3052556223168,75.98055145483762,96.91963697801935,0.011686703563301901,0.0013967984256096251,0.017323657813859392,0.0020240929868484492,0.0010120464934242613,0.014287518333586683
AEP,CWEN,1,2024-04-15,2024-04-16,2024-05-24,28,signal,74.3589369006609,19.45156294274465,82.87589049818332,23.050857726516718,0.012695753777723572,0.0029223073442510928,0.09973141975112856,0.0021205195214285552,0.0010602597607142867,0.09655064046898572
AEP,ETR,1,2024-04-15,2024-04-16,2024-04-23,5,signal,74.3589369006609,47.39637070885938,77.41138819575573,49.86605091452811,0.008107648047642687,0.008383098792200248,0.006090494593627736,0.002045866959690053,0.0010229334798450714,0.0030216941540926107
AEP,EXC,1,2024-04-15,2024-04-16,2024-04-19,3,signal,74.3589369006609,33.034955667190516,75.98055145483762,33.52967084746035,0.010415700373809763,0.006842662323067023,0.015526468246863932,0.002021385853431726,0.0010106929267159055,0.012494389466716299
AEP,FE,1,2024-04-15,2024-04-16,2024-04-19,3,signal,74.3589369006609,33.63142914495772,75.98055145483762,34.23208044452138,0.01069562090936575,0.006103637159217343,0.01570022105510016,0.0020222041142646365,0.0010111020571323605,0.012666914883703164
AEP,IDA,1,2024-04-15,2024-04-16,2024-04-22,4,signal,74.3589369006609,83.60034686086719,77.0353368491143,87.29682720002988,0.00872157679479404,0.004207740676310766,0.00982809460539917,0.0020394976036578302,0.0010197488018289695,0.006768848199912371
AEP,NEE,1,2024-04-15,2024-04-16,2024-04-22,4,signal,74.3589369006609,58.096896474074164,77.0353368491143,60.16948139209074,0.011991157106647441,0.0018784449744409077,0.030237475180981167,0.0020375796422034864,0.0010187898211017764,0.027181105717675905
AEP,NI,1,2024-04-15,2024-04-16,2024-04-22,4,signal,74.3589369006609,24.882775429444084,77.0353368491143,25.64893833272719,0.008715784068851633,0.01415430772023,0.01451719427838984,0.0020347757426781975,0.0010173878713391428,0.011465030664372499
AEP,NJR,1,2024-04-15,2024-04-16,2024-04-19,3,signal,74.3589369006609,37.84364753521158,75.98055145483762,38.745943220312064,0.012638274708072082,0.001614775321956185,0.021061133196397214,0.002023727795511669,0.0010118638977558668,0.018025541503129676
AEP,OGE,1,2024-04-15,2024-04-16,2024-04-19,3,signal,74.3589369006609,30.053486137767052,75.98055145483762,30.480221382024364,0.01065258607056389,0.0069365554098465634,0.016335732036139382,0.002021416091617923,0.0010107080458090002,0.013303607898712459
AEP,OTTR,1,2024-04-15,2024-04-16,2024-04-19,3,signal,74.3589369006609,77.437211938867,75.98055145483762,77.35695237297087,0.01014274437289333,0.003180682845969532,0.018720126981599847,0.002017224862751113,0.0010086124313756144,0.01569428968747312
AEP,POR,1,2024-04-15,2024-04-16,2024-04-22,4,signal,74.3589369006609,36.65858650127865,77.0353368491143,38.86502510562455,0.00999059618137927,0.007026844443825637,0.013277755258831892,0.002043225001559964,0.001021612500780032,0.010212917756491897
AEP,SR,1,2024-04-15,2024-04-16,2024-04-19,3,signal,74.3589369006609,52.0444520912115,75.98055145483762,53.51671368038452,0.011460921882800946,0.0028529606542153276,0.016409100736412184,0.00202420739360276,0.0010121036968014164,0.013372789646008007
AEP,SWX,1,2024-04-15,2024-04-16,2024-05-24,28,signal,74.3589369006609,66.3732160779264,82.87589049818332,71.57740952170735,0.01155076578823114,0.0021366061977722045,0.08936904246354851,0.0021110181957221547,0.001055509097861096,0.08620251516996527
AEP,UGI,1,2024-04-15,2024-04-16,2024-04-19,3,signal,74.3589369006609,20.732317660958937,75.98055145483762,21.084810898558956,0.013135407062018819,0.0011680610821401913,0.022912471884201493,0.002023638249954148,0.0010118191249771109,0.019877014509270235
AEP,VST,1,2024-04-15,2024-04-16,2024-04-19,3,signal,74.3589369006609,67.29707351752397,75.98055145483762,64.69981794441395,0.012926944960146474,0.0005897234536033018,0.024515481084366877,0.0020212964694869564,0.0010106482347435148,0.021483536380136406
ATO,ED,1,2024-04-15,2024-04-16,2024-04-23,5,signal,106.42366638297077,81.81759675852835,111.03494850112762,85.04740459649263,0.005551934080974012,0.005002876760377476,0.011485336193656505,0.002042132417911938,0.0010210662089560063,0.00842213756678856
ATO,FE,1,2024-04-15,2024-04-16,2024-04-29,9,signal,106.42366638297077,33.63142914495772,110.4979136053299,34.647896566117154,0.007342584554703311,0.006515825368788487,0.025330067053102347,0.002037686535502951,0.0010188432677514913,0.022273537249847902
SRE,UGI,1,2024-04-15,2024-04-16,2024-04-22,4,signal,63.4330256774134,20.732317660958937,65.35805826781025,22.897412307248644,0.014890029777450424,0.0027188234254182505,0.02481363197152021,0.0020363494205286395,0.0010181747102643523,0.02175910784072722
AEP,EIX,1,2024-04-16,2024-04-17,2024-04-19,2,signal,73.55936730993912,59.97320123428045,75.98055145483762,60.90497373545202,0.008744896210068211,0.005952929192717901,0.017653536268340056,0.00202730793893587,0.0010136539694680278,0.014612574359936159
AEP,MDU,1,2024-04-16,2024-04-17,2024-04-19,2,signal,73.55936730993912,12.277453704745662,75.98055145483762,12.229576578920378,0.010098157000734008,0.020987259260931288,0.027478747729826548,0.0020244404545900685,0.0010122202272951244,0.024442087047941354
AEP,ORA,1,2024-04-16,2024-04-17,2024-04-19,2,signal,73.55936730993912,59.18745403493513,75.98055145483762,61.823934009850554,0.012458329226655036,0.0014260489546856958,0.02843977382692369,0.002035614143698787,0.0010178070718494985,0.025386352611375406
AEP,PPL,1,2024-04-16,2024-04-17,2024-04-19,2,signal,73.55936730993912,24.147428437317426,75.98055145483762,24.712933041580428,0.008705220921922953,0.014905474481035146,0.014677908004808053,0.0020300795785595043,0.0010150397892798315,0.011632788636968717
AEP,WTRG,1,2024-04-16,2024-04-17,2024-04-19,2,signal,73.55936730993912,31.11984648467682,75.98055145483762,32.31970974736958,0.010078797144065125,0.008325598828023273,0.016448414920796517,0.0020353712496007236,0.0010176856248004628,0.013395358046395332
D,MDU,1,2024-04-16,2024-04-17,2024-04-18,1,signal,42.31574976727624,12.277453704745662,43.37330737542217,12.27097964968875,0.018815726007940875,0.01664752836933342,0.022027485796963932,0.002020994589252147,0.0010104972946261186,0.01899599391308567
D,NEE,1,2024-04-16,2024-04-17,2024-04-19,2,signal,42.31574976727624,57.86446675831946,43.551762365092266,59.8248019444659,0.01927057852009414,0.0032002418847969236,0.019576501385559265,0.0020313703384669535,0.0010156851692335513,0.01652944587785876
D,XEL,1,2024-04-16,2024-04-17,2024-04-18,1,signal,42.31574976727624,48.7868375010936,43.37330737542217,49.48393325944064,0.014434132528810798,0.007982260004307226,0.011721808853714332,0.002021281771909544,0.0010106408859548305,0.008689886195849959
FE,POR,1,2024-04-16,2024-04-17,2024-05-08,15,signal,33.427574637510446,36.802897660956376,35.768969661715616,40.05809723085644,0.015423653974607937,0.013163495456578668,-0.004657919822790575,0.0020790182546364406,0.0010395091273182819,-0.007776447204745298
SO,WTRG,-1,2024-04-17,2024-04-18,2024-06-18,42,signal,64.37179885923415,31.833501860033834,72.17670604484871,34.09125598691553,0.009614140275999676,0.01196480046767854,-0.045922367758662194,0.0021015271317768635,0.001050763565888449,-0.04907465845632751
AEE,AWK,-1,2024-04-19,2024-04-22,2024-05-01,7,signal,68.39728485921847,111.63345499433693,68.4505956623434,114.71704037363206,0.010703937183307024,0.002395465169328167,0.00882302055241628,0.0020070346675061085,0.001003517333753101,0.00581246855115707
CPK,DUK,1,2024-04-19,2024-04-22,2024-05-03,9,signal,99.29788370619357,89.58509273233565,104.51779417018845,91.33780900326201,0.003697336015156866,0.0070613969444211725,0.008954290060513289,0.0020311524260474808,0.0010155762130237898,0.005907561421442019
D,EVRG,-1,2024-04-19,2024-04-22,2024-06-10,34,signal,44.31019907678239,47.052060501305284,46.40885484486366,48.16751536351419,0.015336100152151737,0.006802973005495562,-0.02255775558463114,0.002039030143098217,0.0010195150715491684,-0.025616300799278527
D,EXC,-1,2024-04-19,2024-04-22,2024-05-30,27,signal,44.31019907678239,34.29563813829354,47.07213463509696,33.36573276648486,0.021180874752382766,0.0017667636440210422,-0.05808809281104674,0.002055041327057963,0.0010275206635290681,-0.06117065480163377
D,FE,-1,2024-04-19,2024-04-22,2024-05-30,27,signal,44.31019907678239,34.4038336196548,47.07213463509696,35.312961590489515,0.020578003909689963,0.0025392255633071375,-0.05246919951365846,0.002057440219789414,0.0010287201098947898,-0.055555359843342665
D,MDU,-1,2024-04-19,2024-04-22,2024-06-10,34,signal,44.31019907678239,12.498699656536212,46.40885484486366,12.623513970126755,0.01804990948714473,0.01596995939058248,-0.03384862954430194,0.002038637594834832,0.0010193187974174573,-0.03690658593655423
D,NEE,-1,2024-04-19,2024-04-22,2024-05-24,24,signal,44.31019907678239,60.16948139209074,47.17047640280108,70.11790768753158,0.018403718501815557,0.0030562834802343296,-0.02015276816204815,0.0020817596420408587,0.0010408798210204727,-0.02327540762510948
D,NI,-1,2024-04-19,2024-04-22,2024-05-30,27,signal,44.31019907678239,25.64893833272719,47.07213463509696,26.170872474660452,0.020616265777067072,0.0033397214167288597,-0.053140709827021765,0.0020569730703870076,0.001028486535193592,-0.05622616943260236
D,NWE,-1,2024-04-19,2024-04-22,2024-05-30,27,signal,44.31019907678239,44.755106571093854,47.07213463509696,44.92464221919251,0.021273426591466273,0.0012620478495740303,-0.056484732232701104,0.002057139017355248,0.0010285695086777132,-0.059570440758734064
D,OGS,-1,2024-04-19,2024-04-22,2024-05-30,27,signal,44.31019907678239,58.795498211801245,47.07213463509696,54.423408186643464,0.022284636132545912,0.0001970641764875213,-0.06035163816429123,0.002058673094626,0.001029336547313089,-0.06343964780623032
D,ORA,-1,2024-04-19,2024-04-22,2024-05-24,24,signal,44.31019907678239,63.611206489018315,47.17047640280108,71.99153821362246,0.020417935325666527,0.0014850522318627577,-0.04388654733713593,0.0020691797876104014,0.0010345898938052293,-0.04699031701855155
D,OTTR,-1,2024-04-19,2024-04-22,2024-05-30,27,signal,44.31019907678239,79.51229281726908,47.07213463509696,83.73189953453786,0.020182778634543052,0.0013193766748387551,-0.04811660142107359,0.0020596818755050754,0.0010298409377526231,-0.05120612423433129
D,PNW,-1,2024-04-19,2024-04-22,2024-05-30,27,signal,44.31019907678239,67.1050145305677,47.07213463509696,69.58645010890022,0.022459708577624818,5.682825714806621e-05,-0.059831123399891904,0.0020601286908909686,0.001030064345445574,-0.06292131643622845
D,ES,-1,2024-04-22,2024-04-23,2024-06-10,33,signal,44.93478282433823,54.15692282537871,46.40885484486366,53.251349058396826,0.014371304233981348,0.0065353737098349,-0.02508794514369465,0.0020146553151254923,0.0010073276575627709,-0.028109928116382913
D,IDA,-1,2024-04-22,2024-04-23,2024-06-10,33,signal,44.93478282433823,87.70654940093463,46.40885484486366,85.71253701033882,0.016991979440238957,0.002690112714575908,-0.02839292184150844,0.0020185977096549203,0.0010092988548274897,-0.031420818405990855
D,POR,-1,2024-04-22,2024-04-23,2024-06-07,32,signal,44.93478282433823,38.91925913977126,46.807216609496685,38.615991256370464,0.019932859612472847,0.00266007457355786,-0.03609478111019166,0.0020348938486341762,0.0010174469243171517,-0.03914712188314299
D,WEC,-1,2024-04-22,2024-04-23,2024-06-10,33,signal,44.93478282433823,74.7014616971042,46.40885484486366,73.72494980836456,0.012921138928414577,0.005612059514789046,-0.02251371303043114,0.0020132191737726704,0.0010066095868863753,-0.025533541791090186
D,XEL,-1,2024-04-22,2024-04-23,2024-06-06,31,signal,44.93478282433823,50.42454729338572,47.350432914425426,50.61830416351733,0.013729224685694095,0.007592436946246631,-0.029659779748627064,0.0020341362808209184,0.0010170681404104958,-0.03271098416985848
AEP,PPL,-1,2024-04-23,2024-04-24,2024-05-24,22,signal,77.56729266187864,24.934570886989558,83.04180819687838,26.599039501186112,0.00831280137528134,0.014233555917360845,-0.019748654844556186,0.0020685983309299337,0.0010342991654650586,-0.022851552340951178
AEP,AES,-1,2024-04-24,2024-04-25,2024-05-24,21,signal,79.32831627117245,15.167281622246536,83.04180819687838,18.425675346903425,0.01175972452457504,0.004368167571759076,-0.02738029204672058,0.0020561402197452755,0.001028070109872666,-0.03046450237633852
AEP,EIX,-1,2024-04-24,2024-04-25,2024-05-24,21,signal,79.32831627117245,63.063586959638755,83.04180819687838,66.31145994189814,0.008177000772095995,0.0055663446924668954,-0.01023860930687421,0.0020478365001892406,0.0010239182500946468,-0.013310364057158098
AEP,FE,-1,2024-04-24,2024-04-25,2024-05-24,21,signal,79.32831627117245,34.557497058314496,83.04180819687838,35.72336423958282,0.010089916934061393,0.005757981930551187,-0.028712834617476778,0.0020429482850380138,0.0010214741425190461,-0.031777257045033834
AEP,SRE,-1,2024-04-24,2024-04-25,2024-05-24,21,signal,79.32831627117245,67.2831189607828,83.04180819687838,70.94444822706627,0.007110941263350261,0.006476686602576275,-0.0006432803518146915,0.0020498604072469832,0.0010249302036235415,-0.0037180709626852162
AEP,WTRG,-1,2024-04-24,2024-04-25,2024-05-30,24,signal,79.32831627117245,33.4664530291907,81.48269092155013,33.316030211743936,0.009343602733105449,0.007718290868674232,-0.019272646405482746,0.0020179815242588354,0.0010089907621294266,-0.02229961869187101
AEP,AWK,-1,2024-04-25,2024-04-26,2024-05-24,20,signal,79.66767672304476,114.54194509038327,83.04180819687838,121.57513812960538,0.011094864577119824,0.0010068655788102684,-0.028311102234100636,0.0020429495531603123,0.0010214747765802598,-0.03137552656384121
AEP,AWR,-1,2024-04-25,2024-04-26,2024-05-24,20,signal,79.66767672304476,66.10398086271572,83.04180819687838,70.86500215307149,0.00929072756850334,0.003923326446937053,-0.010620042650181984,0.002049052910635616,0.001024526455317884,-0.013693622016135484
AEP,CPK,-1,2024-04-25,2024-04-26,2024-05-28,21,signal,79.66767672304476,100.90861131797085,82.31792959690362,103.26959956280974,0.01089372038318635,0.001302020830582874,-0.02376661145855629,0.0020304464184566474,0.001015223209228441,-0.026812281086241375
AEP,EXC,-1,2024-04-25,2024-04-26,2024-05-29,22,signal,79.66767672304476,34.12239103855866,81.38987951671376,33.48522582497991,0.00979029606269911,0.006431798880116883,-0.018947372931392953,0.0020116208057792684,0.001005810402889698,-0.021964804140061918
AEP,ORA,-1,2024-04-25,2024-04-26,2024-05-24,20,signal,79.66767672304476,62.75212378377406,83.04180819687838,71.99153821362246,0.011504408231257118,0.00131685790558182,-0.024601099972978012,0.0020492899930445157,0.0010246449965223565,-0.027675034962544885
CNP,UGI,-1,2024-04-25,2024-04-26,2024-07-02,45,signal,27.54046117361507,22.879639733507762,28.938457814723673,20.578872003697263,0.02466951413321428,0.013996287869917457,-0.06468860472198015,0.0020015006422788016,0.0010007503211394366,-0.0676908556853984
NWE,SR,1,2024-04-26,2024-04-29,2024-05-02,3,signal,44.5850990987163,55.358980840645984,45.772953217271855,54.920780009384416,0.011816693677205432,0.008547920833617382,0.01979263015044031,0.0020104158834132265,0.0010052079417067015,0.016777006325320386
PCG,PPL,-1,2024-04-29,2024-04-30,2024-06-06,26,signal,16.83914354496803,25.26703631561656,17.946496716876464,26.552957141511754,0.051222528854168906,0.005411385345490891,-0.04770063797254191,0.002062178714582426,0.0010310893572912175,-0.050793906044415554
PCG,VST,1,2024-04-29,2024-04-30,2024-06-04,24,signal,16.872855544057057,76.60862318744462,17.822166554440848,91.4772593364446,0.016659208934943402,0.009378489777070217,-0.12147631977940568,0.0021542618767415355,0.0010771309383708484,-0.12470771259451806
AEP,ETR,-1,2024-05-01,2024-05-02,2024-05-28,17,signal,80.75914526166036,50.35298566430834,82.31792959690362,51.030541320681756,0.007527192305094922,0.007782922538164076,-0.004443338067851751,0.0020165681968446203,0.0010082840984223743,-0.0074681903631187456
AEP,MDU,-1,2024-05-01,2024-05-02,2024-05-24,16,signal,80.75914526166036,13.104228429827188,83.04180819687838,13.04705522892969,0.009255177350628082,0.019235272985893552,-0.02020717867649897,0.002019013747389721,0.001009506873694901,-0.02323569929758359
AEP,NI,-1,2024-05-01,2024-05-02,2024-05-30,19,signal,80.75914526166036,26.47686045436697,81.48269092155013,26.170872474660452,0.008077866107701615,0.013118338144681673,-0.007857548014074832,0.0020012107353214095,0.0010006053676607468,-0.010859364117056989
AEP,NJR,-1,2024-05-01,2024-05-02,2024-05-28,17,signal,80.75914526166036,40.646966125209474,82.31792959690362,39.117632109534185,0.011624094666583725,0.0014851949052581753,-0.018376744811895617,0.0020140709542787833,0.0010070354771394517,-0.021397851243313854
AEP,OGE,-1,2024-05-01,2024-05-02,2024-05-28,17,signal,80.75914526166036,32.19393380641484,82.31792959690362,32.61434734192101,0.009824871908596983,0.006397579699163172,-0.010608410419769058,0.002016816907115774,0.0010084084535579528,-0.013633635780442785
AEP,OTTR,-1,2024-05-01,2024-05-02,2024-05-24,16,signal,80.75914526166036,82.32645428738869,83.04180819687838,85.7617037937621,0.00937812646305483,0.0029409048351932794,-0.009273891736362663,0.0020304680592509138,0.0010152340296254937,-0.01231959382523907
AEP,SR,-1,2024-05-01,2024-05-02,2024-05-28,17,signal,80.75914526166036,54.920780009384416,82.31792959690362,53.87687542377139,0.010582265283914769,0.0026342371753518374,-0.017233055159541003,0.0020123064633560013,0.0010061532316780657,-0.02025151485457507
AEP,UGI,-1,2024-05-01,2024-05-02,2024-05-24,16,signal,80.75914526166036,22.079961214786227,83.04180819687838,21.769821285640628,0.012077079410898634,0.0010739496978801031,-0.02587567251265386,0.002025303707495523,0.0010126518537478064,-0.028913628073897187
AEP,VST,-1,2024-05-01,2024-05-02,2024-05-24,16,signal,80.75914526166036,76.38719509077593,83.04180819687838,94.55252929132052,0.0118594045536163,0.0005410225720461398,-0.015208118562475023,0.002035048814564294,0.001017524407282192,-0.01826069178432151
CWEN,NEE,1,2024-05-01,2024-05-02,2024-05-13,7,signal,20.53511084667841,64.0376532731882,23.578180563493014,69.06587439571359,0.02059522775305367,0.009009070308703578,0.01948079806911046,0.002107681803432888,0.0010538409017164922,0.016319275363961078
PCG,TXNM,-1,2024-05-01,2024-05-02,2024-06-06,24,signal,17.1045580350164,35.15984568342652,17.946496716876464,35.30372383028793,0.054965331837976604,0.0016769156093565975,-0.04399145720148981,0.0020447103238600364,0.001022355161930104,-0.04705852268727995
AEP,IDA,-1,2024-05-02,2024-05-03,2024-05-28,16,signal,81.63047518504942,89.75422816696558,82.31792959690362,89.63113873641245,0.00800185514508406,0.0038605096500456708,-0.00397169220232736,0.002004406354647899,0.0010022031773240334,-0.0069783017342992925
AEP,POR,-1,2024-05-02,2024-05-03,2024-05-28,16,signal,81.63047518504942,39.75983221552195,82.31792959690362,39.47291534195577,0.009119996598548416,0.006414511833203861,-0.006106571394241634,0.002003442184161961,0.0010017210920810757,-0.009111734670484671
PCG,POR,-1,2024-05-02,2024-05-03,2024-07-12,47,signal,17.43878795779723,39.75983221552195,17.7498010791167,41.0724958875186,0.04001513893368706,0.007590259619903849,-0.000460161020712644,0.002021614175014732,0.0010108070875074176,-0.0034925822832347934
DTE,PEG,1,2024-05-06,2024-05-07,2024-06-05,20,signal,105.19311552199483,66.39223840885943,107.43840524124778,68.48422635050406,0.004268690575867345,0.008297058946529401,-0.005746169801334831,0.0020267304012524805,0.0010133652006262643,-0.008786265403213575
AEE,AWK,1,2024-05-08,2024-05-09,2024-06-04,17,signal,68.94304640418312,124.81535129397734,68.3231202145502,123.78744717576818,0.010326852874885436,0.002311076377498109,-0.0020342560996629857,0.0019920655280382888,0.000996032764019211,-0.005022354391720485
AEP,AVA,-1,2024-05-08,2024-05-09,2024-05-28,12,signal,82.7369564025615,33.31154966368182,82.31792959690362,32.929708900378635,0.0087412645584482,0.008295215292165856,0.002487649240259949,0.0019922764138478027,0.0009961382069239898,-0.0005007653805118436
AWK,CWEN,-1,2024-05-08,2024-05-09,2024-05-13,2,signal,124.81535129397734,22.145535390879164,127.79159211858101,23.578180563493014,0.004673371626503209,0.018808472521953057,0.015077322393926637,0.002040534454453632,0.0010202672272268708,0.012016520712246133
CMS,WTRG,-1,2024-05-08,2024-05-09,2024-05-23,10,signal,58.032719836332994,35.50036132985575,57.451423610315075,35.410975904734855,0.011644125294419343,0.009124045321255445,0.007944847454441068,0.001991718035378044,0.0009958590176890774,0.004957270401373946
CPK,DUK,1,2024-05-08,2024-05-09,2024-06-24,30,signal,103.96903245314107,93.34633423756819,100.55331076039516,92.38208959835957,0.003542053256101915,0.006764828497350938,-0.003594872158806008,0.001980846371186252,0.0009904231855931492,-0.00656614171558541
ES,WEC,1,2024-05-08,2024-05-09,2024-05-23,10,signal,54.97789766542608,77.76691396416066,54.00752717737751,75.99485744730875,0.008267911478090239,0.0070126970151830415,0.00638333109408619,0.001979372943759848,0.0009896864718799598,0.0034142716784463824
EVRG,OTTR,1,2024-05-08,2024-05-09,2024-05-10,1,signal,49.196162009574046,86.88673687894182,50.83873629048691,86.02534953147922,0.010907891582680603,0.005333907058607065,0.024525073573960682,0.0020134913484380875,0.0010067456742190693,0.021504836551303527
SRE,UGI,-1,2024-05-08,2024-05-09,2024-05-29,13,signal,70.16105071252176,21.857831692069446,69.91837250618606,21.45945959000095,0.013473748837563321,0.002460219658072544,0.004283671624758846,0.001993969300977897,0.0009969846504889169,0.0012927176732920325
AEP,NEE,-1,2024-05-09,2024-05-10,2024-05-24,10,signal,84.28371135354837,69.74593122849006,83.04180819687838,70.11790768753158,0.010495047140401833,0.0016440755785343973,0.015631441153962103,0.0019860515687968395,0.0009930257843985056,0.012652363800766758
ATO,ED,1,2024-05-09,2024-05-10,2024-06-03,15,signal,113.0132014035945,90.45511335255304,109.99333221377658,87.80095831635948,0.005141613751748902,0.004633134971398849,-0.0012574457951033437,0.0019724966420444894,0.0009862483210222762,-0.004216190758170109
AWK,NEE,1,2024-05-14,2024-05-15,2024-06-12,19,signal,127.55495125614058,70.62924294733659,123.35120972022655,69.18510085319559,0.0038415373330178797,0.007220407675866714,-0.003748157189502544,0.001973378197491231,0.0009866890987456746,-0.00670822448573945
PCG,SWX,-1,2024-05-14,2024-05-15,2024-06-03,12,signal,17.83199347122208,69.40442787163775,18.25184188229483,72.21620412712552,0.027261876310197428,0.0074043281522691495,0.011405788729136236,0.002032330094444408,0.0010161650472222143,0.008357293587469613
PCG,PNW,-1,2024-05-16,2024-05-17,2024-06-03,10,signal,18.2743554064652,71.40227302758431,18.25184188229483,70.39103287203373,0.026155663018085855,0.007311604845375587,-0.004812833552371461,0.0019920987172407723,0.000996049358620423,-0.007800981628232656
ATO,FE,1,2024-05-23,2024-05-24,2024-06-07,9,signal,107.92218223914809,35.72336423958282,108.50360888164263,35.47504150009155,0.00716603973894767,0.006359159118552139,0.007749335798704947,0.0020036855601263228,0.0010018427800631991,0.004743807458515425
AWK,CWEN,1,2024-05-24,2024-05-28,2024-06-14,13,signal,121.21270571044165,23.430494462520144,121.31062143731828,23.46407455533748,0.004640705432989184,0.01867700401223279,0.0018285537215841998,0.00200133120417329,0.0010006656020866995,-0.0011734430846757897
EXC,NFG,1,2024-05-24,2024-05-28,2024-07-18,35,signal,33.782519881307685,52.05883627811662,33.37492289814131,54.609631005401695,0.017912453524780568,0.00758912909911196,-0.02464692181378181,0.002012450694727212,0.001006225347363599,-0.027665597855872623
CMS,WTRG,-1,2024-05-31,2024-06-03,2024-06-07,4,signal,58.68891226250199,35.010261926043135,56.787947310609816,34.28506116002978,0.011607200314259146,0.009095111830422126,0.01743972811384697,0.0019706291932478316,0.000985314596623931,0.014483784323975207
D,NEE,-1,2024-05-31,2024-06-03,2024-06-06,3,signal,48.620190602537285,74.53876430968018,47.350432914425426,71.99438848352092,0.016384026765374458,0.0027208756935611215,0.01585191321692412,0.001971099610040633,0.0009855498050203543,0.012895263801863132
D,OTTR,-1,2024-05-31,2024-06-03,2024-06-07,4,signal,48.620190602537285,85.95232619896139,46.807216609496685,83.16543521802903,0.018422289039323476,0.0012042909896470431,0.032004593501895315,0.001961690278790395,0.0009808451393952867,0.02906205808370963
CWEN,NEE,-1,2024-06-05,2024-06-06,2024-06-11,3,signal,25.057105249080617,72.13852139339784,24.002971596013428,70.45981075211252,0.017665795118132294,0.007727634391166596,0.007618287717723033,0.0019686406599234833,0.000984320329961809,0.0046653267278377415
CMS,CWEN,1,2024-06-10,2024-06-11,2024-06-25,9,signal,56.15250383460042,23.95501361080661,56.599867823558455,23.057693674685922,0.015068419072615405,0.006452140295384064,0.014533049285009836,0.002002347103697479,0.0010011735518487646,0.011529528629463593
PCG,PNW,-1,2024-06-10,2024-06-11,2024-06-13,2,signal,17.94012633955828,68.87378461533466,17.88739561319599,70.18988839108695,0.02688753010289876,0.007516192391857922,0.013318444393114515,0.0020085562144958866,0.0010042781072480118,0.010305610071370618
PCG,SWX,-1,2024-06-10,2024-06-11,2024-06-18,5,signal,17.94012633955828,68.72364162339997,17.454002297928373,68.34433100063963,0.02731883261537056,0.0074197974900742265,0.012449888641827507,0.0019839553249483373,0.0009919776624742228,0.009473955654404946
CWEN,NEE,-1,2024-06-11,2024-06-12,2024-06-24,7,signal,24.686802537303283,69.18510085319559,22.92517970368706,67.83978582527685,0.01819993395164923,0.007961285330280368,0.02330843488388168,0.001957452460724494,0.0009787262303623282,0.020372256192794855
CMS,WTRG,1,2024-06-12,2024-06-13,2024-10-08,80,signal,55.80674908692748,34.054346461834385,66.08431338351043,35.73044958442168,0.012126820885319177,0.009502273512414727,0.110848767206083,0.002141376149906997,0.0010706880749535301,0.10763670298122247
AEP,SRE,1,2024-06-13,2024-06-14,2024-08-16,43,signal,81.10219202395315,70.63667592841094,90.1125172381875,75.52376862577765,0.006876544950715805,0.0062631970796692025,0.03344391240390274,0.00209283075787213,0.001046415378936099,0.030304666267094507
ES,WEC,-1,2024-06-13,2024-06-14,2024-06-25,6,signal,53.20579927874466,72.51947870769125,53.02019605345626,73.29950005099576,0.008717836743734607,0.007394315707618352,0.009390084528684506,0.0020043018404355545,0.0010021509202177985,0.006383631768031153
D,NEE,1,2024-06-14,2024-06-17,2024-09-25,69,signal,45.268099550251435,68.05500730711059,52.47044020223471,79.84368060553061,0.017687843874247388,0.0029373990385960997,0.0949291557928016,0.0021633164244787466,0.0010816582122394535,0.09168418115608341
D,ORA,1,2024-06-14,2024-06-17,2024-07-11,16,signal,45.268099550251435,72.6134330456681,45.30415080749511,72.6994577593543,0.019798241369474445,0.0014399801970053413,0.0025922991598090563,0.002002421551386897,0.001001210775693563,-0.0004113331672714036
D,EVRG,1,2024-06-17,2024-06-18,2024-07-12,16,signal,44.77014945904142,48.2317314782174,46.75887031374692,50.49745402340654,0.015118973590685111,0.006706657376243083,0.016917977832222913,0.0020459845708987777,0.0010229922854494262,0.01384900097587471
D,EXC,1,2024-06-17,2024-06-18,2024-07-11,15,signal,44.77014945904142,32.29030624191603,45.30415080749511,32.10627955049977,0.021087456260433717,0.0017589713126284832,0.01359715096073962,0.002012723211250624,0.0010063616056254008,0.010578066143863595
D,FE,1,2024-06-17,2024-06-18,2024-07-16,18,signal,44.77014945904142,34.784001318486396,46.28902530733052,35.57556423938046,0.02039904737463522,0.002517143197567188,0.03102579971124537,0.0020346565475816997,0.001017328273790944,0.027973814889872727
D,IDA,1,2024-06-17,2024-06-18,2024-07-12,16,signal,44.77014945904142,85.3094255010748,46.75887031374692,89.31273151024476,0.01716890192600216,0.0027181224841333553,0.025308799722104924,0.002046122483862074,0.0010230612419310854,0.022239615996311766
D,MDU,1,2024-06-17,2024-06-18,2024-07-12,16,signal,44.77014945904142,12.832248054945266,46.75887031374692,13.25324599987922,0.017828383416235685,0.015773960493253247,0.030858189823503596,0.0020433168690790183,0.0010216584345395527,0.027793214519885028
D,NI,1,2024-06-17,2024-06-18,2024-07-16,18,signal,44.77014945904142,26.16150030462416,46.28902530733052,28.12050884985934,0.020421631064113953,0.003308191666078697,0.026576325201538527,0.0020391787387094174,0.0010195893693547972,0.023517557093474313
D,NWE,1,2024-06-17,2024-06-18,2024-07-11,15,signal,44.77014945904142,44.716111668288136,45.30415080749511,44.977857653973004,0.02110556583915822,0.0012520894961058006,0.012956058126266667,0.002013386907601873,0.0010066934538010297,0.009935977764863765
D,OGS,1,2024-06-17,2024-06-18,2024-07-16,18,signal,44.77014945904142,55.993404524343596,46.28902530733052,61.51894504468693,0.022113584461174035,0.00019555155781359628,0.03454392031976473,0.0020366590191016653,0.0010183295095509265,0.03148893179111213
D,OTTR,1,2024-06-17,2024-06-18,2024-07-11,15,signal,44.77014945904142,82.1646961743991,45.30415080749511,82.37650304508222,0.01995927406560437,0.0013047658662718473,0.012394438670143193,0.0020125177800628348,0.0010062588900315145,0.009375662000048844
D,PNW,1,2024-06-17,2024-06-18,2024-07-16,18,signal,44.77014945904142,69.02872583891443,46.28902530733052,73.35358428359818,0.022271587190423804,5.635226653002407e-05,0.03562015184715828,0.002036091536338135,0.0010180457681691617,0.03256601454265098
D,POR,1,2024-06-17,2024-06-18,2024-07-16,18,signal,44.77014945904142,38.688151502338705,46.28902530733052,41.621143308696006,0.02004265361184986,0.002674726772577476,0.024637248354638146,0.0020398975561893625,0.0010199487780947693,0.021577402020354013
D,XEL,1,2024-06-17,2024-06-18,2024-07-09,13,signal,44.77014945904142,49.311747912582064,44.46384735089212,48.59999953252712,0.013884501963658194,0.007678307268068641,0.0032029398264496614,0.0019907692889093646,0.0009953846444547504,0.00021678589308554643
ATO,ED,-1,2024-06-18,2024-06-20,2024-07-08,11,signal,110.83783091134848,84.0864698676926,109.06310609053293,82.74148029236457,0.005357798003727353,0.004827939728517443,0.004998713585367754,0.0019836250884048123,0.000991812544202454,0.0020232759527604883
AEP,IDA,1,2024-06-21,2024-06-24,2024-06-28,4,signal,81.25067046694043,86.89374232503255,82.09788823906587,87.37767724822932,0.008121266103075186,0.0039181196851297406,0.0069937864119633195,0.002009420386177181,0.001004710193088595,0.003979655832697543
AEP,WTRG,1,2024-06-21,2024-06-24,2024-07-05,8,signal,81.25067046694043,34.497325916328066,81.21799328872336,34.06703040866143,0.009116221438166762,0.00753046235941897,0.004939858291230478,0.0019974265599210644,0.0009987132799605522,0.0019437184513488616
EVRG,OTTR,-1,2024-06-24,2024-06-25,2024-06-28,3,signal,48.864671018418115,81.0899437959961,49.13713651988837,83.57140251422028,0.011296043902303734,0.0055237116951639435,0.012645667446930528,0.0020165871704803566,0.0010082935852402304,0.009620786691209941
AEP,AWR,1,2024-06-25,2024-06-26,2024-06-28,2,signal,80.27621472840721,67.28732362845997,82.09788823906587,68.33951735427063,0.009204812129027642,0.0038870457236664722,0.014700062848412243,0.0020218255447540774,0.0010109127723770717,0.011667324531281095
AEP,NI,1,2024-06-25,2024-06-26,2024-07-15,12,signal,80.27621472840721,26.87388988610648,83.26489097329785,28.14868820163142,0.008072164173376885,0.01310907828551178,0.009455089786406069,0.0020414353930322576,0.0010207176965161867,0.006392936696857625
NWE,SR,1,2024-06-26,2024-06-27,2024-07-15,11,signal,44.805630166489735,54.02789880452925,46.41682848332329,56.87977562395525,0.011921435751617887,0.008623688809371347,-0.003341968387371247,0.002043932608772117,0.0010219663043861502,-0.006407867300529514
FE,POR,1,2024-06-27,2024-06-28,2024-07-05,4,signal,35.30141068203938,39.40220825223891,35.05760396003688,38.8134758371954,0.01450787634762346,0.012381914473765354,0.0057417421724826525,0.0019892255370123207,0.0009946127685062343,0.0027579038669640977
PCG,PNW,1,2024-06-27,2024-06-28,2024-08-21,37,signal,17.257026796770546,69.72359258927304,18.333995291623324,80.36366235603819,0.02721090975548072,0.007606590568079997,-0.04951929493994048,0.0021100668687136005,0.0010550334343568445,-0.052684395243010926
CPK,DUK,-1,2024-07-01,2024-07-02,2024-07-16,9,signal,101.27631021175247,92.04949146034711,109.36212639983131,98.02497452365408,0.00361005913282205,0.006894710252243012,0.014079889423604375,0.0020709396610117314,0.0010354698305059694,0.010973479932086673
DTE,PEG,1,2024-07-01,2024-07-02,2024-07-16,9,signal,102.62632815275875,68.25193792699628,106.20842233131651,69.76735507101674,0.00424956918534201,0.008259892677035606,0.004732661070313884,0.0020274870006706113,0.0010137435003353518,0.001691430569307921
PCG,PPL,1,2024-07-01,2024-07-02,2024-07-11,6,signal,16.951505066578545,25.503455085754396,17.448769827659053,25.964576648280552,0.05093835922570689,0.005381364348919814,0.024877674561890502,0.0020292866687827106,0.0010146433343914563,0.021833744558716332
PCG,TXNM,1,2024-07-01,2024-07-02,2024-07-11,6,signal,16.951505066578545,33.888599239079504,17.448769827659053,35.0012552775183,0.0556498532417455,0.0016977994026229131,0.0278150034372241,0.002031359218188332,0.0010156796090942605,0.024767964609941507
AEP,ETR,-1,2024-07-05,2024-07-08,2024-08-13,26,signal,81.41249910920281,49.45584292280493,91.33239099920176,55.288904302264136,0.007542674203179672,0.007798930421137359,-0.027211044605505573,0.002119828210894936,0.0010599141054475495,-0.03039078692184806
EVRG,OTTR,-1,2024-07-09,2024-07-10,2024-07-16,4,signal,49.103171388112344,80.05882296576455,50.01950304210036,84.16618634995835,0.011329955783422184,0.0055402944435986225,0.014406930244625884,0.002032924831970871,0.0010164624159854693,0.011357542996669544
AEP,AES,-1,2024-07-11,2024-07-12,2024-09-20,49,signal,84.51525994922629,16.73308872615518,95.51833372457475,17.21403843416205,0.01101210230742609,0.004090462161394059,-0.11707837681508877,0.0021212907130698307,0.0010606453565349854,-0.12026031288469359
AEP,AVA,-1,2024-07-11,2024-07-12,2024-09-25,52,signal,84.51525994922629,32.16291769721862,95.10630162338313,34.75632863818614,0.008688770904803696,0.008245400284789983,-0.06852702539491254,0.002112398043833773,0.0010561990219169885,-0.0716956224606633
AEP,AWK,-1,2024-07-11,2024-07-12,2024-09-20,49,signal,84.51525994922629,129.6374520203693,95.51833372457475,141.59765758677113,0.010378527417403615,0.000941857554248314,-0.10080704527217767,0.002123847617912677,0.0010619238089564144,-0.10399281669904675
AEP,CNP,-1,2024-07-11,2024-07-12,2024-09-20,49,signal,84.51525994922629,28.218547407878425,95.51833372457475,27.067648368494535,0.010520264190222924,0.0039015867785859486,-0.11813598877367261,0.002109586723054141,0.0010547933615271355,-0.12130036885825389
AEP,CPK,-1,2024-07-11,2024-07-12,2024-09-20,49,signal,84.51525994922629,104.67232211347716,95.51833372457475,117.27139160496694,0.010298891317460965,0.001230926676614506,-0.09568368306374578,0.0021272471689781367,0.0010636235844891334,-0.09887455381721305
AEP,CWEN,-1,2024-07-11,2024-07-12,2024-08-16,25,signal,84.51525994922629,22.62480991023223,90.29292267810378,25.515571272812316,0.011135555668333776,0.0025631810983123503,-0.05485801615995098,0.002069923906024583,0.0010349619530123314,-0.05796290201898789
AEP,EIX,-1,2024-07-11,2024-07-12,2024-08-09,20,signal,84.51525994922629,67.23097879245297,91.2387394175427,73.74691249091661,0.007673395344512305,0.005223524448583093,-0.015470761160244574,0.0020850159115873767,0.0010425079557937972,-0.018598285027625748
AEP,EXC,-1,2024-07-11,2024-07-12,2024-08-16,25,signal,84.51525994922629,32.68652651940618,90.29292267810378,34.8496343366783,0.009429333483426443,0.006194662158381219,-0.039013137148730184,0.002066649336465105,0.0010333246682325964,-0.04211311115342788
AEP,FE,-1,2024-07-11,2024-07-12,2024-08-16,25,signal,84.51525994922629,36.206112110506865,90.29292267810378,39.15525295914591,0.009502013741363096,0.00542248501986378,-0.0368381197810673,0.0020696387884744103,0.0010348193942372483,-0.03994257796377895
AEP,IDA,-1,2024-07-11,2024-07-12,2024-08-15,24,signal,84.51525994922629,89.31273151024476,90.81734440239877,96.08746717453768,0.007834172231676845,0.0037796107217822643,-0.021691446763082194,0.0020743047076418196,0.0010371523538209434,-0.024802903824544958
AEP,NEE,-1,2024-07-11,2024-07-12,2024-09-20,49,signal,84.51525994922629,70.319588493046,95.51833372457475,77.46154402428334,0.01045974821308205,0.0016385459126283238,-0.101261808247663,0.0021251509685657668,0.0010625754842829437,-0.1044495347005117
AEP,NJR,-1,2024-07-11,2024-07-12,2024-09-20,49,signal,84.51525994922629,41.2686904827402,95.51833372457475,43.98135132356943,0.011127501032298431,0.0014217458060569797,-0.11645558918667316,0.0021244114332685934,0.001062205716634367,-0.11964220633657613
AEP,NRG,-1,2024-07-11,2024-07-12,2024-08-15,24,signal,84.51525994922629,77.14464258475002,90.81734440239877,79.87864693585537,0.009820094130212577,0.002195753703825481,-0.05381734903545759,0.0020665133310308875,0.001033256665515486,-0.056917119032003964
AEP,OGE,-1,2024-07-11,2024-07-12,2024-08-16,25,signal,84.51525994922629,34.09813761032534,90.29292267810378,36.20489203114074,0.00936495511003722,0.006098099522612938,-0.039194607508976353,0.002065746460059384,0.0010328732300297465,-0.04229322719906549
AEP,ORA,-1,2024-07-11,2024-07-12,2024-09-25,52,signal,84.51525994922629,74.00508669351659,95.10630162338313,74.85667602874307,0.010745475195308036,0.0012299862518550858,-0.11064522611680112,0.002113106310769921,0.0010565531553850733,-0.11381488558295612
AEP,OTTR,-1,2024-07-11,2024-07-12,2024-09-25,52,signal,84.51525994922629,83.08598568837873,95.10630162338313,75.76214328405224,0.00903922723821142,0.0028346287711082377,-0.11442140560928382,0.002073801167153368,0.0010369005835767782,-0.11753210736001397
AEP,PPL,-1,2024-07-11,2024-07-12,2024-08-13,22,signal,84.51525994922629,26.33736404807472,91.33239099920176,28.740217077551804,0.007713023730531822,0.01320658940401307,-0.018763514863612524,0.0020836853405008164,0.0010418426702505043,-0.021889042874363846
AEP,SR,-1,2024-07-11,2024-07-12,2024-09-20,49,signal,84.51525994922629,56.51516721869108,95.51833372457475,61.22317762618638,0.010136426831909294,0.0025232548674088196,-0.09753045840258355,0.002121883670812134,0.0010609418354061324,-0.10071328390880181
AEP,SWX,-1,2024-07-11,2024-07-12,2024-09-20,49,signal,84.51525994922629,67.88429372107285,95.51833372457475,69.21072434565127,0.010293971952932537,0.0019041303994526792,-0.10862543703451877,0.002114198929940965,0.0010570994649705449,-0.11179673542943028
AEP,UGI,-1,2024-07-11,2024-07-12,2024-09-25,52,signal,84.51525994922629,20.96343707826205,95.10630162338313,22.74658816314,0.011565752731479495,0.0010284801671933492,-0.118537138722866,0.0021222949233203666,0.0010611474616603,-0.12172058110784667
AEP,VST,-1,2024-07-11,2024-07-12,2024-09-20,49,signal,84.51525994922629,90.16267229338442,95.51833372457475,98.6542733562171,0.011272820281665829,0.0005142627688791515,-0.11754228861148446,0.0021264703291395265,0.001063235164569833,-0.12073199410519382
ATO,FE,-1,2024-07-11,2024-07-12,2024-08-29,34,signal,114.41508517139977,36.206112110506865,123.6524995459599,40.39900870334763,0.006820031001227521,0.006052110218500279,-0.035536364684776264,0.0020872154062619563,0.0010436077031310224,-0.03866718779416924
FE,POR,1,2024-07-11,2024-07-12,2024-07-30,12,signal,36.206112110506865,41.0724958875186,37.74802705891928,42.79176610753888,0.014033349238596754,0.011976923837047232,0.0030889257168928187,0.0020422632300949295,0.00102113161504752,2.553087175036911e-05
SO,WTRG,1,2024-07-11,2024-07-12,2024-07-23,7,signal,74.38978975433042,37.12753407865736,75.85591276675459,37.54401290995408,0.008294146731898844,0.010322068104680218,0.009878251105553598,0.002016934574296353,0.0010084672871482426,0.006852849244109002
SRE,UGI,-1,2024-07-11,2024-07-12,2024-08-07,18,signal,72.73067682019528,20.96343707826205,73.10239221708439,22.1389638891699,0.013050154588408268,0.002382874079541914,-4.395937966503475e-05,0.002005851645110383,0.0010029258225552255,-0.0030527368473306435
ATO,ED,-1,2024-07-15,2024-07-16,2024-08-05,14,signal,115.1552165006415,84.30935325374978,124.41808939473198,95.31765843919987,0.0052310505523092046,0.004713726938904191,0.005535526629353749,0.0020999382936208793,0.0010499691468105398,0.0023856191889223295
AWK,NEE,-1,2024-07-15,2024-07-16,2024-08-01,12,signal,129.6618529013751,67.07552941917682,135.3549700471482,71.41425402760909,0.003910247073608244,0.007349551894797351,0.011680317794989653,0.0020541307870505397,0.0010270653935253063,0.008599121614413806
CNP,UGI,1,2024-07-15,2024-07-16,2024-08-23,28,signal,26.911343863730096,21.273247975312984,25.743323350720054,22.282686059274525,0.025663430612733875,0.014560187956919235,-0.042687582326140526,0.0019854392970949687,0.0009927196485475392,-0.045665741271783036
EVRG,OTTR,1,2024-07-16,2024-07-17,2024-07-25,6,signal,50.552608955779945,88.77337717251585,51.85507331537021,89.08354391552811,0.010643356987542414,0.005204550900860345,0.014263955724415944,0.0020156411835072943,0.0010078205917537103,0.01124049394915494
AEE,AWK,-1,2024-07-17,2024-07-18,2024-09-20,45,signal,70.05550709923394,134.17172834247123,79.73539562628004,141.59765758677113,0.00998778328770775,0.0022351950104690394,-0.07796982940181746,0.002112399460532308,0.0010561997302661488,-0.08113842859261591
AEP,MDU,-1,2024-07-17,2024-07-18,2024-09-20,45,signal,86.36764390051151,13.502915387104975,95.51833372457475,13.874920681341338,0.008734424000259498,0.01815297791220935,-0.07108741351443047,0.002085587414300189,0.0010427937071501477,-0.07421579463588081
AEP,NI,-1,2024-07-17,2024-07-18,2024-08-15,20,signal,86.36764390051151,28.684048865634466,90.81734440239877,29.947903433871208,0.007519359868587111,0.012211332061276418,-0.01597727561920752,0.0020482759520155176,0.001024137976007772,-0.01904968954723081
AEP,POR,-1,2024-07-17,2024-07-18,2024-09-25,48,signal,86.36764390051151,42.49911451913702,95.10630162338313,43.948338801953525,0.008597283369415232,0.006046863648534507,-0.0642826004632897,0.002082854614229847,0.001041427307114984,-0.06740688238463452
AEP,WTRG,-1,2024-07-17,2024-07-18,2024-09-26,49,signal,86.36764390051151,37.93240616234294,94.58188014746527,35.33336092109917,0.008492072018848008,0.007014883208483134,-0.08593738335797352,0.002050501251878525,0.0010252506259393022,-0.08901313523579135
AWK,CWEN,-1,2024-07-17,2024-07-18,2024-08-02,11,signal,133.9036529611676,22.403955058162737,139.22660529668977,24.387031388230525,0.0044620014837606905,0.017957791292326854,0.013919633939230295,0.0020589843062067768,0.0010294921531034322,0.010831157479920086
CMS,CWEN,-1,2024-07-17,2024-07-18,2024-10-08,57,signal,57.59776091870302,22.403955058162737,66.21661431120515,25.7452133173317,0.014872327034692186,0.006368175724622443,-0.10475676109316022,0.0021479254884636504,0.0010739627442318874,-0.10797864932585576
PCG,VST,-1,2024-07-17,2024-07-18,2024-08-09,16,signal,17.576636764284565,76.61554471404322,17.887778337481492,76.97562681549806,0.016479153537744064,0.009277125558124726,0.0002224854567152339,0.002009308346972715,0.0010046541734863876,-0.0027914770637438684
AEP,AWR,-1,2024-07-18,2024-07-19,2024-08-16,20,signal,86.88630067974262,75.33900007911325,90.29292267810378,78.0361573124964,0.008420630540073193,0.0035558983141163146,-0.017057758193679884,0.0020373301851115003,0.0010186650925557432,-0.020113753471347126
DTE,PEG,-1,2024-07-18,2024-07-19,2024-07-24,3,signal,109.95817506709822,69.37607616996738,109.77540760786975,70.6506644727126,0.004085302866151257,0.007940608037160261,0.012877255120385867,0.0020095885745113817,0.0010047942872557357,0.00986287225861875
NWE,SR,1,2024-07-23,2024-07-24,2024-08-01,6,signal,47.361812063270385,60.459564817392035,48.805056852009635,60.690000244924725,0.010977753767785307,0.007941051253531822,0.016031453521279423,0.002017767144527223,0.001008883572263649,0.013004802804488551
DTE,PEG,-1,2024-07-25,2024-07-26,2024-07-31,3,signal,111.57588818980796,69.4319777299476,113.08291398052845,74.84377493055644,0.004056667207503313,0.007884948873406886,0.038607253670264914,0.0020490115362953396,0.0010245057681477101,0.03553373636582187
ES,WEC,-1,2024-07-25,2024-07-26,2024-08-01,4,signal,58.02529443572105,77.35720450568226,58.716570810991286,80.254850628306,0.008088596019364468,0.006860604798724908,0.016313757678661937,0.002025608122074399,0.0010128040610372772,0.013275345495550261
EVRG,OTTR,1,2024-07-26,2024-07-29,2024-07-30,1,signal,52.40006746332602,94.76837946408646,52.33206896621785,91.94986303525425,0.010128080327152829,0.004952583066824351,0.015255730850556376,0.001985488352392948,0.000992744176196519,0.01227749832196691
CPK,DUK,1,2024-07-30,2024-07-31,2024-08-28,20,signal,112.78414499605125,100.41314035625581,110.72278769953152,104.80692190514311,0.0032825785802363,0.00626926799762871,-0.03229213501430766,0.0020202263464724987,0.001010113173236291,-0.03532247453401645
D,ES,-1,2024-08-01,2024-08-02,2024-09-25,37,signal,50.671255256652834,62.03034009160571,52.57548612856551,61.55060002042069,0.012673918814102831,0.005763484960705137,-0.024878269329619035,0.002020772829632914,0.0010103864148165325,-0.027909428574068484
D,EVRG,-1,2024-08-01,2024-08-02,2024-09-19,33,signal,50.671255256652834,55.552721492613735,52.4288729622387,56.785998361618226,0.013273142644754233,0.00588786133466179,-0.014037863853549588,0.0020298834756929465,0.00101494173784654,-0.017082689067089075
D,EXC,-1,2024-08-01,2024-08-02,2024-09-25,37,signal,50.671255256652834,35.66137124379247,52.57548612856551,37.34752173389512,0.01862418207119405,0.0015535018344467824,-0.03080902983460486,0.002036274749957565,0.001018137374978862,-0.03386344195954129
D,FE,-1,2024-08-01,2024-08-02,2024-09-25,37,signal,50.671255256652834,39.5233267499566,52.57548612856551,40.27923467265753,0.01798752305845982,0.0022195728298559695,-0.030540353831950407,0.002034250198110008,0.0010171250990550838,-0.0335917291291155
D,IDA,-1,2024-08-01,2024-08-02,2024-09-25,37,signal,50.671255256652834,96.03843038270571,52.57548612856551,97.4955064491991,0.01517191277218415,0.0024019659155328655,-0.0233596885243142,0.0020312891143892398,0.001015644557194695,-0.026406622195898136
D,MDU,-1,2024-08-01,2024-08-02,2024-09-20,34,signal,50.671255256652834,13.695370071806298,52.90533438013682,13.874920681341338,0.015916703453663725,0.014082569664296033,-0.030993813525098547,0.0020368274083730426,0.0010184137041865868,-0.03404905463765818
D,NI,-1,2024-08-01,2024-08-02,2024-09-25,37,signal,50.671255256652834,30.31096769949107,52.57548612856551,32.57590176647592,0.01797679072010461,0.0029121410065817985,-0.025596997596701313,0.002039154896764475,0.0010195774483823183,-0.028655729941848104
D,NWE,-1,2024-08-01,2024-08-02,2024-09-25,37,signal,50.671255256652834,48.42234938086886,52.57548612856551,52.084168085903194,0.018659582384735005,0.0011069813187524263,-0.029440817461615223,0.0020377704732638755,0.0010188852366320154,-0.03249747317151112
D,OGS,-1,2024-08-01,2024-08-02,2024-09-25,37,signal,50.671255256652834,63.94342621124693,52.57548612856551,69.50217640265807,0.019498168869545144,0.0001724233040394976,-0.034134459636809535,0.0020360973960116737,0.0010180486980059186,-0.03718860573082713
D,ORA,-1,2024-08-01,2024-08-02,2024-09-25,37,signal,50.671255256652834,74.89528019444741,52.57548612856551,74.85667602874307,0.017805039673677102,0.0012950091908931036,-0.0319226884081234,0.0020322105635163777,0.0010161052817582686,-0.034971004253398046
D,OTTR,-1,2024-08-01,2024-08-02,2024-09-25,37,signal,50.671255256652834,87.61725712927118,52.57548612856551,75.76214328405224,0.017716700410695257,0.0011581656668904318,-0.045448507153852846,0.0020183665492309933,0.0010091832746155732,-0.04847605697769941
D,PNW,-1,2024-08-01,2024-08-02,2024-09-25,37,signal,50.671255256652834,81.45592246328692,52.57548612856551,83.09453887534734,0.0196356126444699,4.968264128464312e-05,-0.03527387594680321,0.0020354530483117066,0.0010177265241559353,-0.038327055519270854
D,POR,-1,2024-08-01,2024-08-02,2024-09-25,37,signal,50.671255256652834,43.94409700545771,52.57548612856551,43.948338801953525,0.017673922857011776,0.002358615558479199,-0.03161317696904286,0.0020320477958710673,0.0010160238979356098,-0.03466124866284954
D,XEL,-1,2024-08-01,2024-08-02,2024-08-28,18,signal,50.671255256652834,57.03071226403253,50.82702331840658,56.823790737188254,0.012161132514177709,0.006725261908274761,-0.0012858834210034223,0.002000034081948377,0.0010000170409742329,-0.004285934543926033
EVRG,OTTR,-1,2024-08-01,2024-08-02,2024-10-07,45,signal,55.441727044077055,87.61725712927118,55.7938390729088,73.37974354111532,0.010173059583354568,0.004974577708990238,-0.07247524871901039,0.0019324256573966182,0.0009662128286983729,-0.07537388720510538
EXC,NFG,-1,2024-08-01,2024-08-02,2024-08-09,5,signal,35.590119752795886,55.91707067979392,34.68510285745124,56.21192587583602,0.016865407840504668,0.007145517906505382,0.019356831525641896,0.001986459399962155,0.0009932296999811663,0.016377142425698574
SO,WTRG,-1,2024-08-01,2024-08-02,2024-10-08,46,signal,82.0179194164082,38.21906552915757,83.63391339336646,35.6590600747625,0.007715088457153493,0.009601429907442565,-0.03505993028353917,0.0019873191279658952,0.000993659563983003,-0.038040908975488064
CWEN,NEE,-1,2024-08-06,2024-08-07,2024-08-21,10,signal,25.533204389158296,72.86984437943904,25.469477716479208,74.08105052515681,0.0174207747115672,0.007620453927018305,0.01234845974468608,0.0020083511072622284,0.0010041755536311587,0.009335933083792693
PCG,SWX,-1,2024-08-06,2024-08-07,2024-09-18,29,signal,17.655323854188765,66.08436856822895,19.60263949343991,68.93845517292849,0.02808705768259823,0.00762844749009,-0.030845666648865587,0.002076450240887309,0.0010382251204437128,-0.03396034201019661
ES,WEC,1,2024-08-12,2024-08-13,2024-09-30,33,signal,59.41036505292405,82.53938795107216,62.10312534419421,89.55544228457707,0.007726210966474261,0.006553236174195668,-0.023106433143408857,0.002066593822539856,0.0010332969112699778,-0.02620632387721869
PCG,POR,-1,2024-08-19,2024-08-20,2024-09-19,21,signal,18.314325907145026,42.63629096163568,19.16899995479126,44.066224677379736,0.03786153327559672,0.0071817535769562344,-0.02004800607367445,0.0020418322432172093,0.0010209161216086326,-0.023110754438500292
PCG,TXNM,-1,2024-08-23,2024-08-26,2024-09-19,17,signal,18.560220330454044,38.79344365338996,19.16899995479126,40.50181238706409,0.050604340731771134,0.0015438678533670931,-0.02613773839305758,0.0020316575778456256,0.001015828788922791,-0.029185224759825996
PCG,PPL,-1,2024-08-26,2024-08-27,2024-09-19,16,signal,18.658573877058522,29.720402339424016,19.16899995479126,29.91756175767575,0.04584229729617502,0.00484299274833574,-0.020421353678398854,0.0020229086918866377,0.0010114543459433757,-0.02345571671622887
AEP,AWR,-1,2024-09-03,2024-09-04,2024-09-20,12,signal,95.28075939849752,77.48847031308277,95.51833372457475,80.2386318530186,0.007808498490279237,0.0032974046878349777,0.009223250527514456,0.002009953739929684,0.0010049768699649068,0.006208319917619866
AEP,CWEN,-1,2024-09-03,2024-09-04,2024-09-25,15,signal,95.28075939849752,25.124498875334112,95.10630162338313,26.881294015945336,0.009885964136915823,0.0022755502436573047,0.007722868093409149,0.0020005091749483155,0.0010002545874742762,0.004722104330986557
AEP,EXC,-1,2024-09-03,2024-09-04,2024-09-20,12,signal,95.28075939849752,35.98010949588637,95.51833372457475,36.818238235323435,0.008404075374288689,0.005521112153769308,0.004636232664998404,0.0020054224386178788,0.0010027112193089988,0.0016280990070715266
AEP,IDA,-1,2024-09-03,2024-09-04,2024-09-25,15,signal,95.28075939849752,97.77591474745239,95.10630162338313,97.4955064491991,0.00701748577992829,0.0033855988494261653,0.0022720564085160536,0.001997151464388783,0.0009985757321944956,-0.000723670788067225
AEP,OGE,-1,2024-09-03,2024-09-04,2024-09-23,13,signal,95.28075939849752,36.9543296681739,96.39861541741732,37.824488165279256,0.008374133632154819,0.005452914584695462,-0.002603267121721046,0.0020129086023594157,0.0010064543011797811,-0.005622630025260243
ATO,FE,-1,2024-09-03,2024-09-04,2024-10-31,41,signal,126.28889719518122,41.01531209605437,133.40118834491975,38.78672850897487,0.006143410740898079,0.005451675940291413,-0.053812857451600804,0.0020303839127068734,0.001015191956353471,-0.05685843332066115
AEP,FE,-1,2024-09-04,2024-09-05,2024-09-25,14,signal,96.29947113335474,41.384566621515845,95.10630162338313,40.27923467265753,0.00833409191532764,0.004755990655781676,0.006670628196140451,0.001983592249777698,0.0009917961248889324,0.0036952398214738207
AEP,NRG,-1,2024-09-04,2024-09-05,2024-09-20,11,signal,96.29947113335474,77.15675764425899,95.51833372457475,81.1320472042197,0.00880043620047175,0.0019677601992647486,0.016696337966688176,0.0019995714602746165,0.0009997857301373685,0.013696980776276192
CWEN,NEE,1,2024-09-04,2024-09-05,2024-09-20,11,signal,25.142428031818714,77.18843766757264,26.12987291941486,77.61662219049812,0.016973311640106386,0.0074247179866502155,0.015600720731253077,0.002019660255623875,0.0010098301278120116,0.012571230347817191
EXC,NFG,-1,2024-09-04,2024-09-05,2024-10-07,22,signal,36.316799475768256,56.807647551918244,37.2082973215928,58.20039414904106,0.016557028326345178,0.007014864004668868,-0.002966507198571439,0.002024119915839376,0.0010120599579197475,-0.006002687072330563
PCG,PNW,-1,2024-09-04,2024-09-05,2024-09-11,4,signal,20.301160937587575,82.58518635307992,19.366106555938718,82.5217992563194,0.023049737046192908,0.006443368266177898,0.02312251953233093,0.001978188319186154,0.000989094159593102,0.020155237053551673
AEP,ETR,-1,2024-09-05,2024-09-06,2024-09-16,6,signal,96.7106807213048,58.216763944212595,97.69090494530789,60.49545845966866,0.006371781273461535,0.0065882573569840805,0.010787653394827786,0.0020208018433513645,0.0010104009216757234,0.007756450629800699
AEP,EIX,-1,2024-09-09,2024-09-10,2024-09-25,11,signal,97.29011767736442,77.7177905629277,95.10630162338313,77.77848286766658,0.006656033573712632,0.004530973909449672,0.016795711603358365,0.0019851633799700423,0.0009925816899850736,0.013817966533403248
ATO,ED,-1,2024-09-10,2024-09-11,2024-12-05,60,signal,129.5637609390764,97.86808730598713,138.17261771260803,91.12629252457546,0.0045914779125734145,0.004137404697097942,-0.06540972262957662,0.002011186494084976,0.001005593247042527,-0.06842650237070412
AEP,SRE,-1,2024-09-11,2024-09-12,2024-09-20,6,signal,96.04712439315104,76.8333757643428,95.51833372457475,77.88341454839154,0.006022150353918392,0.005485009518633966,0.010946199642517177,0.002002270005159554,0.0010011350025798437,0.007942794634777779
CNP,UGI,-1,2024-09-11,2024-09-12,2024-10-23,29,signal,26.629380277908492,21.225479406356808,28.420171763853745,22.810715442203332,0.02584893368204418,0.01466543341675278,-0.020973115694707254,0.0020687611303166075,0.0010343805651583837,-0.024076257390182244
DTE,PEG,1,2024-09-11,2024-09-12,2024-10-16,24,signal,116.53096576917082,77.16154712135979,120.29267866604835,83.18252953458565,0.003751730421876563,0.007292242880704132,-0.02773579473700042,0.002057738687109854,0.0010288693435549744,-0.03082240276766525
NWE,SR,-1,2024-09-12,2024-09-13,2024-10-08,17,signal,50.65619872018449,60.38692895365062,50.50080786310717,59.152961019223056,0.010599310009205349,0.007667293857708125,-0.005825422786389808,0.001988736111096758,0.000994368055548434,-0.008808526953035
FE,POR,1,2024-09-17,2024-09-18,2024-09-24,4,signal,40.34141552712519,44.540838831727626,40.4358522652398,43.90693574325771,0.012762743536437473,0.010892510739151484,0.010104436058970398,0.001994367991256095,0.0009971839956281108,0.007112884072086192
PCG,VST,1,2024-09-17,2024-09-18,2024-10-23,25,signal,19.60263949343991,90.62398546854921,20.163798335252217,122.90805038824548,0.01415389678031295,0.007968096010936012,-0.24703589779549212,0.002264046783567687,0.0011320233917839083,-0.2504319679708437
AEE,AWK,-1,2024-09-20,2024-09-23,2024-10-30,27,signal,81.12346036844265,140.74860281040452,81.86255490054795,129.41161057252225,0.008875340284054817,0.0019862381619302383,-0.027094550320746955,0.0019831317781605047,0.0009915658890802554,-0.030069247987987713
AEP,ETR,1,2024-09-24,2024-09-25,2024-12-11,54,signal,95.10630162338313,61.8539026741594,89.84909425455429,71.05754406082839,0.006288096101165451,0.006501729049060756,-0.09087032707222259,0.0020270806475719367,0.0010135403237860302,-0.09391094804358056
AWK,NEE,1,2024-09-24,2024-09-25,2024-10-30,25,signal,138.66435000159566,79.68415277215293,129.41161057252225,75.25745002121741,0.003466840762272919,0.0065161422318543655,-0.0012937525769804031,0.0019389968951843374,0.0009694984475921639,-0.004202247919756904
D,XEL,1,2024-09-24,2024-09-25,2024-10-03,6,signal,52.57548612856551,60.46624911888068,53.47631701750155,61.24503678214478,0.011628576998323549,0.006430751892810319,0.007483125238832737,0.0020159341240046412,0.0010079670620023644,0.004459224052825731
AWK,CWEN,1,2024-09-25,2024-09-26,2024-10-03,5,signal,136.34218190472757,27.3285702826203,138.55828833194062,26.66621081626681,0.004060043827275867,0.016340070695465125,0.021818898042958987,0.0019984083165396397,0.00099920415826982,0.018821285568149528
ES,WEC,1,2024-10-02,2024-10-03,2024-10-29,18,signal,61.49851186512417,90.14207943076059,60.83232308920219,90.1635032276713,0.007247924417714039,0.006147561940529617,-0.0029651085961097776,0.0019950814182120927,0.0009975407091061025,-0.0059577307234279725
AEP,AES,1,2024-10-07,2024-10-08,2024-10-17,7,signal,91.84743318005702,16.585130710254013,95.09384920217978,16.105198710682004,0.010212166304129904,0.0037933247155483843,0.03700659573201076,0.0020331175059422257,0.0010165587529711497,0.03395691947309738
AEP,AWR,1,2024-10-07,2024-10-08,2024-10-24,12,signal,91.84743318005702,78.79564051569017,94.66393717336861,80.27560962830512,0.007995961694342675,0.003376567416577881,0.019551914684255718,0.0020284721249704367,0.00101423606248528,0.016509206496800002
AEP,CNP,1,2024-10-07,2024-10-08,2024-10-17,7,signal,91.84743318005702,28.315749113425753,95.09384920217978,28.716115392291726,0.009778279469453475,0.0036264113909604857,0.03232728773808221,0.0020348174338904457,0.0010174087169452588,0.029275061587246506
AEP,CPK,1,2024-10-07,2024-10-08,2024-10-17,7,signal,91.84743318005702,114.19209926856962,95.09384920217978,117.37201255322731,0.009486080718028464,0.001133779302296631,0.029226356482618693,0.002035911917704308,0.0010179559588521948,0.026172488606062194
AEP,CWEN,1,2024-10-07,2024-10-08,2024-10-17,7,signal,91.84743318005702,25.7452133173317,95.09384920217978,25.23205803255139,0.010236709565975133,0.0023562847916997376,0.036475575000524084,0.002033817058416902,0.0010169085292084917,0.03342484941289869
AEP,EXC,1,2024-10-07,2024-10-08,2024-10-17,7,signal,91.84743318005702,36.84609171342671,95.09384920217978,38.175950018623254,0.008621716205350335,0.005664092717842678,0.02249394586298028,0.002036708977961872,0.0010183544889809805,0.019438882396037426
AEP,IDA,1,2024-10-07,2024-10-08,2024-11-27,36,signal,91.84743318005702,95.91735867979693,93.99192274996108,112.96346706039232,0.00724230933878465,0.003494065386596087,-0.04195345301710643,0.0020757074126549857,0.0010378537063275412,-0.045067014136088955
AEP,MDU,1,2024-10-07,2024-10-08,2024-11-05,20,signal,91.84743318005702,14.720251911841816,92.17794398307295,14.665908930478736,0.008171284536254693,0.01698259068904856,0.005626364909624978,0.0020027824865640424,0.001001391243282054,0.0026221911797788813
AEP,NEE,1,2024-10-07,2024-10-08,2024-10-17,7,signal,91.84743318005702,76.07712114586987,95.09384920217978,79.55114535529171,0.009644570586345571,0.0015108462834264905,0.028099698793843043,0.002038126881175537,0.001019063440587812,0.025042508472079693
AEP,NI,1,2024-10-07,2024-10-08,2024-11-06,21,signal,91.84743318005702,32.30176006808124,92.64523170253537,33.7004686228248,0.00693165071409839,0.01125690086416146,-0.008193251776344428,0.002021811064214761,0.0010109055321074014,-0.01122596837266659
AEP,NJR,1,2024-10-07,2024-10-08,2024-10-17,7,signal,91.84743318005702,42.373184426683665,95.09384920217978,44.37729386859933,0.010290706115050603,0.0013148296475525973,0.03281070340895774,0.00203785270927162,0.0010189263546358505,0.029753924345050267
AEP,NRG,1,2024-10-07,2024-10-08,2024-10-17,7,signal,91.84743318005702,91.80069023957579,95.09384920217978,89.63812947485029,0.008904507156117259,0.0019910302599473887,0.03523936402876013,0.0020259054064908685,0.0010129527032454774,0.03220050591902378
AEP,OGE,1,2024-10-07,2024-10-08,2024-10-17,7,signal,91.84743318005702,37.37896066444613,95.09384920217978,38.44706554277888,0.008611796719050846,0.005607671669989983,0.02400302516549601,0.0020351317843097794,0.001017565892154922,0.02095032748903131
AEP,ORA,1,2024-10-07,2024-10-08,2024-10-17,7,signal,91.84743318005702,75.06430349881688,95.09384920217978,78.15700461684192,0.00996447149410317,0.0011405882682694578,0.030858885662698947,0.0020375643647400988,0.0010187821823700867,0.027802539115588762
AEP,SR,1,2024-10-07,2024-10-08,2024-10-17,7,signal,91.84743318005702,59.152961019223056,95.09384920217978,59.74157756183766,0.00939008315663576,0.0023374679680780415,0.031141581598996403,0.002033337504071496,0.0010166687520357892,0.028091575342889117
AEP,SWX,1,2024-10-07,2024-10-08,2024-10-17,7,signal,91.84743318005702,69.68952697502787,95.09384920217978,72.0585402454989,0.009554801534024498,0.0017674021402875658,0.02886860322132873,0.0020367415576686278,0.0010183707788343544,0.025813490884825745
AEP,UGI,1,2024-10-07,2024-10-08,2024-10-17,7,signal,91.84743318005702,21.784692537995713,95.09384920217978,23.067505110604493,0.010672949516815862,0.0009490879805534959,0.03546915134104786,0.0020378190203153923,0.0010189095101577348,0.032412422810574736
AEP,VST,1,2024-10-07,2024-10-08,2024-10-17,7,signal,91.84743318005702,129.5869857987489,95.09384920217978,138.25174071801752,0.010238210856343813,0.0004670641890667939,0.03122956840602923,0.002039073373954212,0.0010195366869771467,0.028170958345097873
CPK,DUK,-1,2024-10-07,2024-10-08,2024-10-11,3,signal,114.19209926856962,103.51071253851406,111.03822266481592,105.53748847342072,0.0032071845092743576,0.0061252758205218244,0.02453248343840997,0.0020028576229889575,0.0010014288114945295,0.021528197003926483
AEP,AWK,1,2024-10-09,2024-10-10,2024-10-17,5,signal,91.51969389195592,126.89463898723118,95.09384920217978,135.4095025855801,0.009712928841751841,0.0008814540864573726,0.029253857259503767,0.0020438023763217415,0.0010219011881609191,0.026188153695021105
AEP,WTRG,1,2024-10-09,2024-10-10,2024-11-01,16,signal,91.51969389195592,35.826560745902775,92.08450395795273,36.17801026153806,0.008260881933208663,0.006823908444477397,0.004275659429013791,0.002008089476677488,0.0010040447383388282,0.0012635252139974746
D,MDU,1,2024-10-09,2024-10-10,2024-10-30,14,signal,51.842463790185946,14.668071704134112,53.778083750930016,15.162779132754219,0.015436509184731361,0.013657709751291928,0.025160503645356453,0.002037858815082642,0.001018929407541371,0.022103715422732442
AEP,AVA,1,2024-10-10,2024-10-11,2024-10-17,4,signal,91.1170121983152,33.64361892225602,95.09384920217978,34.94375769196618,0.008131086297243762,0.007716173208558129,0.024347261934919238,0.0020433530086692046,0.0010216765043347025,0.02128223242191533
AEP,FE,1,2024-10-10,2024-10-11,2024-10-17,4,signal,91.1170121983152,39.06312224650833,95.09384920217978,40.57220165311387,0.008822984516288756,0.005034985495948429,0.02953330616541517,0.0020439277810071184,0.0010219638905036386,0.026467414493904412
AEP,POR,1,2024-10-10,2024-10-11,2024-11-05,17,signal,91.1170121983152,42.4449634301275,92.17794398307295,42.548423612998725,0.008270658366304329,0.005817133305454269,0.01018316067463181,0.002010398008515481,0.0010051990042577964,0.0071675636618585324
AEP,SRE,1,2024-10-10,2024-10-11,2024-11-04,16,signal,91.1170121983152,77.24747368090974,90.42093477759424,77.41162315988818,0.006193719921399217,0.005641276077161175,-0.003240454495051763,0.001996866621343364,0.0009984333106717283,-0.0062357544270668554
D,EXC,1,2024-10-10,2024-10-11,2024-10-16,3,signal,50.84373297050087,36.437518181750235,53.72320994903299,37.78516579699982,0.01857515523720933,0.0015494123514165352,0.053456072214574775,0.0020574021967948147,0.0010287010983974624,0.050369968919382495
D,FE,1,2024-10-10,2024-10-11,2024-10-16,3,signal,50.84373297050087,39.06312224650833,53.72320994903299,40.2490931666856,0.017979802261172573,0.0022186201210350883,0.05119731557416207,0.0020561078310235917,0.001028053915511847,0.04811315382762663
D,IDA,1,2024-10-10,2024-10-11,2024-10-16,3,signal,50.84373297050087,94.42426938482882,53.72320994903299,98.54288777264361,0.015207544609539988,0.0024076070275087695,0.03592859149041511,0.0020548314613741325,0.0010274157306871215,0.032846344298353855
D,NEE,1,2024-10-10,2024-10-11,2024-10-16,3,signal,50.84373297050087,76.26548810031913,53.72320994903299,78.39986581669022,0.01575524261997115,0.0026164542639440687,0.041834550953546094,0.0020521942150173466,0.0010260971075087308,0.03875625963102002
D,NI,1,2024-10-10,2024-10-11,2024-10-16,3,signal,50.84373297050087,31.895277125950052,53.72320994903299,32.792680405240795,0.0178683197637538,0.0028945693095569747,0.05090954967317057,0.0020557302589216922,0.001027865129460903,0.047825954284787975
D,NWE,1,2024-10-10,2024-10-11,2024-10-16,3,signal,50.84373297050087,49.87814958477713,53.72320994903299,52.197610502407485,0.01860294574775179,0.0011036213454258704,0.053064906653685115,0.0020579592187296826,0.0010289796093648938,0.04997796782559054
D,OGS,1,2024-10-10,2024-10-11,2024-10-16,3,signal,50.84373297050087,66.16324425161935,53.72320994903299,68.58530087298666,0.01946335230372904,0.00017211541936819919,0.057685874830122726,0.0020584732375949115,0.0010292366187975095,0.0545981649737303
D,ORA,1,2024-10-10,2024-10-11,2024-10-16,3,signal,50.84373297050087,74.0162662731425,53.72320994903299,77.03750127339912,0.01779937937888135,0.0012945975021848499,0.04939844978492828,0.002056829916125648,0.0010284149580628817,0.046313204910739744
D,PNW,1,2024-10-10,2024-10-11,2024-10-16,3,signal,50.84373297050087,79.16845363735277,53.72320994903299,81.00235224594813,0.019610359783504522,4.9618745705958075e-05,0.058435185070407944,0.0020586012817848456,0.0010293006408924762,0.05534728314773062
D,POR,1,2024-10-10,2024-10-11,2024-10-16,3,signal,50.84373297050087,42.4449634301275,53.72320994903299,44.78489018890253,0.01771072456547254,0.0023635268100930277,0.047525317979071,0.0020581739476883097,0.0010290869738442002,0.04443805705753849
D,WEC,1,2024-10-10,2024-10-11,2024-10-31,14,signal,50.84373297050087,88.09743349818318,53.732358373875876,90.40674529217976,0.011224006537477448,0.0048749412131298565,0.023208174492272256,0.0020439833189885214,0.0010219916594943284,0.020142199513789406
D,XEL,1,2024-10-10,2024-10-11,2024-10-15,2,signal,50.84373297050087,58.309412386211285,52.32412256998296,59.393966878118356,0.012037885236970858,0.00665710458676449,0.012626266559285546,0.0020254991373854256,0.0010127495686927707,0.00958801785320735
PCG,PNW,-1,2024-10-14,2024-10-15,2024-11-05,15,signal,20.06539160271455,80.6413534870724,19.70127811660286,79.7506417303136,0.02347109435015235,0.006561155305379847,0.004687772553375097,0.0019857287351069354,0.000992864367553505,0.001709179450714657
FE,POR,1,2024-10-15,2024-10-16,2024-11-14,21,signal,40.2490931666856,44.695409888824805,38.34022926447911,42.927323397773776,0.012756260259615666,0.010886977511738052,-0.003144397436881597,0.0019564494329694596,0.0009782247164847858,-0.006079071586335843
PCG,PPL,-1,2024-10-15,2024-10-16,2024-10-30,10,signal,20.075230773252144,30.41899471332738,19.888630984206422,30.245708257512582,0.042907922627316936,0.0045329918085842864,0.00921087132658649,0.0019897681006860518,0.0009948840503430827,0.006226219175557355
CMS,CWEN,-1,2024-10-16,2024-10-17,2024-10-30,9,signal,66.72345570220111,25.23205803255139,65.90584414621624,23.37464944354563,0.012889329046461022,0.0055190766144985375,0.0022650531646676644,0.0019777690945401317,0.0009888845472701287,-0.000701600477142596
D,ES,-1,2024-10-16,2024-10-17,2024-10-31,10,signal,55.39663782505973,60.77880117127993,53.839930662912664,60.362687328884846,0.012038948043214884,0.005474730981594289,0.018441334172786504,0.001978328874028133,0.0009891644370141287,0.015473840861744243
D,EVRG,-1,2024-10-16,2024-10-17,2024-10-31,10,signal,55.39663782505973,56.908978761220254,53.839930662912664,55.74729086464458,0.012395990719040286,0.0054987636622973336,0.01488266091518381,0.0019735805735661984,0.0009867902867831532,0.011922290054834458
D,EXC,-1,2024-10-16,2024-10-17,2024-10-30,9,signal,55.39663782505973,38.175950018623254,53.88574758226321,36.7068033846057,0.017055158953550028,0.0014226246618422769,0.02564881317334266,0.0019703841544961493,0.0009851920772481347,0.022693236941598374
D,FE,-1,2024-10-16,2024-10-17,2024-10-30,9,signal,55.39663782505973,40.57220165311387,53.88574758226321,39.67117987052817,0.016541639225661403,0.0020411577996165492,0.025124997988952867,0.001971524322190073,0.000985762161095099,0.022167711505667695
D,IDA,-1,2024-10-16,2024-10-17,2024-10-30,9,signal,55.39663782505973,98.63757920222724,53.88574758226321,96.84347216324336,0.01407410856080238,0.0022281652657886977,0.019240501798484577,0.001973635485280176,0.0009868177426401526,0.01628004857056425
D,NEE,-1,2024-10-16,2024-10-17,2024-11-05,13,signal,55.39663782505973,79.55114535529171,52.63045185986718,73.24235360381205,0.014566673041494534,0.0024190699381922485,0.026975958485717204,0.0019432404311060395,0.0009716202155530998,0.024061097839058066
D,NI,-1,2024-10-16,2024-10-17,2024-10-30,9,signal,55.39663782505973,33.21892212939896,53.88574758226321,32.83114155142389,0.01643979846515272,0.0026631567333523006,0.025778518479478717,0.0019725078422358176,0.0009862539211179734,0.022819756716124927
D,NWE,-1,2024-10-16,2024-10-17,2024-10-30,9,signal,55.39663782505973,52.26181439593365,53.88574758226321,49.26485367644907,0.017079585813713872,0.0010132478872237484,0.024738109739358395,0.0019693942995225476,0.0009846971497613362,0.021784018290074512
D,OGS,-1,2024-10-16,2024-10-17,2024-10-30,9,signal,55.39663782505973,69.39833719304895,53.88574758226321,68.23375079062569,0.017836385801902627,0.00015772807142371307,0.028736073274942625,0.001970939967354056,0.0009854699836770921,0.025779663323911475
D,ORA,-1,2024-10-16,2024-10-17,2024-10-30,9,signal,55.39663782505973,78.15700461684192,53.88574758226321,80.49244070999697,0.016358316879753143,0.001189785088664571,0.029470752506353035,0.0019764641049954627,0.0009882320524977918,0.026506056348859778
D,OTTR,-1,2024-10-16,2024-10-17,2024-10-30,9,signal,55.39663782505973,75.09591307887369,53.88574758226321,75.37300442451301,0.016568275593661964,0.001083091518586273,0.027306580814663983,0.0019736195939007873,0.0009868097969504498,0.024346151423812745
D,PNW,-1,2024-10-16,2024-10-17,2024-10-30,9,signal,55.39663782505973,81.13195958603983,53.88574758226321,81.13611718837717,0.01796713784854449,4.546101416868062e-05,0.029117459946993024,0.0019708976718283244,0.0009854488359142255,0.026161113439250473
D,POR,-1,2024-10-16,2024-10-17,2024-10-30,9,signal,55.39663782505973,45.08987149731181,53.88574758226321,43.985226049638406,0.016269845169044516,0.0021712389637669935,0.02415493604829532,0.0019714349677121905,0.0009857174838561631,0.021197783596726968
D,XEL,-1,2024-10-16,2024-10-17,2024-10-31,10,signal,55.39663782505973,59.99533311963452,53.839930662912664,60.37246910497591,0.011287047097679723,0.006241881487142176,0.021908966940120067,0.001984301758633272,0.000992150879316694,0.018932514302170102
PCG,TXNM,-1,2024-10-16,2024-10-17,2024-10-30,9,signal,20.262204654777076,41.45878528039821,19.888630984206422,41.278058658099546,0.046412169286738386,0.001415970549772224,0.019063120243057383,0.0019806593781986834,0.0009903296890993838,0.016092131175759316
SRE,UGI,-1,2024-10-16,2024-10-17,2024-10-30,9,signal,80.99901502912226,23.067505110604493,79.60440846829444,22.44428128095198,0.011724997447796901,0.0021409089303713823,0.016998021222422336,0.001980528318558596,0.0009902641592793582,0.014027228744584383
CPK,DUK,1,2024-10-17,2024-10-18,2024-10-29,7,signal,116.78751341183006,112.36857021812749,115.47355311367482,108.17334691638034,0.003016645962861404,0.005761373728875497,0.022177792282613015,0.0019712959939508345,0.0009856479969754606,0.019220848291686722
CWEN,NEE,1,2024-10-17,2024-10-18,2024-12-17,41,signal,24.649438782782855,79.03432279134492,24.0332881345527,68.69388335767457,0.016882826535576736,0.007385136648761046,0.06787615661130753,0.0019129628992675806,0.0009564814496338454,0.0650067122624061
NWE,SR,-1,2024-10-17,2024-10-18,2024-10-29,7,signal,51.690567260742185,59.114656927950904,49.73035456680718,59.55780614352793,0.010586294910785311,0.007657879038810786,0.02612745003837289,0.001982477283479246,0.000991238641739652,0.023153734113153992
PCG,POR,-1,2024-10-22,2024-10-23,2024-10-30,5,signal,20.163798335252217,44.84034977747031,19.888630984206422,43.985226049638406,0.03486627128129916,0.006613598204460202,0.005922556215822457,0.0019839414574836785,0.0009919707287419156,0.002946644029596863
SO,WTRG,-1,2024-10-23,2024-10-24,2024-10-30,4,signal,87.84600751855096,37.60461709521387,84.69339908628457,36.00336645152887,0.007424668576637969,0.00924000227871432,0.010572709583913556,0.0019611964188635546,0.0009805982094318686,0.007630914955618132
PCG,SWX,-1,2024-10-24,2024-10-25,2024-11-12,12,signal,20.596792786000997,70.44991691868061,20.795795673383797,72.57175054878371,0.02516831364945887,0.006835716338061497,0.011515134438392992,0.002019448713247174,0.0010097243566236755,0.008485961368522144
AEP,OTTR,1,2024-10-29,2024-10-30,2024-11-06,5,signal,91.2012827104652,75.37300442451301,92.64523170253537,81.28732880575888,0.008713063226254494,0.0027323463670898018,-0.0015488488259668802,0.0020299150475269964,0.0010149575237634837,-0.00459372139725736
EVRG,OTTR,1,2024-10-29,2024-10-30,2024-12-04,24,signal,55.74738322600862,75.37300442451301,59.30262464253497,76.9748450951631,0.01080081266423229,0.005281545977218401,0.031986599106178314,0.002047297740374176,0.001023648870187108,0.02891565249561703
NWE,SR,1,2024-10-29,2024-10-30,2024-11-14,11,signal,49.36348201213765,59.695810594000626,50.65619850847396,60.81102028419993,0.010806143505439823,0.007816912388902099,0.007274609162639178,0.00202282563492221,0.0010114128174611358,0.004240370710255832
AWK,NEE,-1,2024-11-01,2024-11-04,2024-11-29,18,signal,129.60157726421758,72.99264637624331,131.81795701956327,74.50118485024899,0.003748288099494831,0.00704513995798941,0.004339229572949721,0.0020189947524914638,0.0010094973762458286,0.0013107374442124283
EXC,NFG,1,2024-11-01,2024-11-04,2024-11-18,10,signal,35.421842688637724,56.66504363055559,36.62648059698778,58.68957088885235,0.016829839544597852,0.007130448369040913,0.007873175336361352,0.0020350997164909302,0.0010175498582454911,0.004820525761624931
CMS,WTRG,1,2024-11-04,2024-11-05,2024-11-18,9,signal,64.58734776584677,36.56170269337942,64.5990646817801,36.19490307499383,0.010729574804515732,0.008407426433406813,0.005207374627363721,0.0019978162940002897,0.0009989081470002212,0.00221065018636321
DTE,PEG,-1,2024-11-04,2024-11-05,2024-11-08,3,signal,114.66456673809384,77.1470582144347,111.13453258637344,79.39103935096718,0.003779569835768907,0.007346354382579546,0.0318305308902393,0.00200343963437156,0.0010017198171858445,0.028825371438681895
AEP,EIX,-1,2024-11-05,2024-11-06,2024-11-27,15,signal,92.64523170253537,74.52397866823722,94.18009476747851,79.91461542481204,0.006972618966325769,0.004746483662842171,0.01692027297884615,0.0020357189987826804,0.0010178594993913866,0.013866694480672083
SO,WTRG,1,2024-11-05,2024-11-06,2024-11-19,9,signal,82.69630462720858,37.101424074128424,82.84449655649333,36.56155519731932,0.007762007937178012,0.009659821214457506,0.008361812344973336,0.0019965085844134796,0.0009982542922067606,0.005367049468353096
AEP,AVA,1,2024-11-06,2024-11-07,2024-11-22,11,signal,90.06817159785842,33.725045788106506,92.6613059444491,35.469497020721434,0.008195757057456904,0.0077775439490830305,0.00972093271714755,0.0020357797238378054,0.0010178898619189317,0.006667263131390813
AEP,AWR,1,2024-11-06,2024-11-07,2024-11-20,9,signal,90.06817159785842,81.09303919943476,90.83054158758789,81.79668062779945,0.008047851084469553,0.003398479480525421,0.005753558221734468,0.002009429029068157,0.0010047145145341263,0.002739414678132185
AEP,CPK,1,2024-11-06,2024-11-07,2024-11-22,11,signal,90.06817159785842,118.81104377668592,92.6613059444491,124.72154680198213,0.009597597621875667,0.0011471078371464208,0.02014101797962575,0.0020331422833778996,0.0010165711416889871,0.017091304554558862
AEP,MDU,1,2024-11-06,2024-11-07,2024-12-24,32,signal,90.06817159785842,16.058826307888943,87.33888029449,17.246797676978503,0.00810457667363443,0.01684395002348431,-0.04013111381381472,0.001998767189293123,0.000999383594646617,-0.04312926459775446
AEP,NI,1,2024-11-06,2024-11-07,2024-11-29,15,signal,90.06817159785842,33.63314318795786,94.30333068418776,36.48737148862722,0.00691311422748854,0.011226797877045773,-0.0007038962941964821,0.002061809396981526,0.0010309046984907986,-0.003796610389668807
AEP,NJR,1,2024-11-06,2024-11-07,2024-11-19,8,signal,90.06817159785842,43.681296443403525,90.68899607384857,45.10755419386719,0.010464095128580939,0.0013369833280678885,0.006599659551384198,0.0020101760103694074,0.001005088005184745,0.0035843955358300455
AEP,NRG,1,2024-11-06,2024-11-07,2024-11-22,11,signal,90.06817159785842,91.50436393544899,92.6613059444491,95.09100404622474,0.009053143523236027,0.0020242650588501903,0.01824772007718936,0.00203201291738504,0.0010160064586925586,0.015199700701111762
AEP,OGE,1,2024-11-06,2024-11-07,2024-11-22,11,signal,90.06817159785842,39.45505278088211,92.6613059444491,41.23946124312855,0.008643376462520528,0.005628235187520388,0.01440394765176605,0.0020335817724152277,0.0010167908862076503,0.011353574993143172
AEP,ORA,1,2024-11-06,2024-11-07,2024-11-18,7,signal,90.06817159785842,80.70995451284007,90.88716471845053,78.14709018330295,0.01007800914080455,0.0011535844124112872,0.013217238258536835,0.002006937761274569,0.001003468880637288,0.010206831616624978
AEP,OTTR,1,2024-11-06,2024-11-07,2024-11-19,8,signal,90.06817159785842,81.05847790599634,90.68899607384857,76.0946893489227,0.008663790281775855,0.0027168947690299652,0.02085781589555886,0.0019930316685026583,0.0009965158342513701,0.017868268392804833
AEP,PPL,1,2024-11-06,2024-11-07,2024-11-27,14,signal,90.06817159785842,30.5738535177989,93.99192274996108,32.823949251672566,0.007023431920619524,0.012025838999495128,0.0025540579262697954,0.002055147865039947,0.0010275739325200266,-0.0005286638712901782
AEP,SR,1,2024-11-06,2024-11-07,2024-11-22,11,signal,90.06817159785842,59.73262770422884,92.6613059444491,65.45759164600787,0.009536316997848666,0.0023738698735758243,0.013178396409673599,0.002039764691272904,0.0010198823456364996,0.010118749372764196
AEP,SRE,1,2024-11-06,2024-11-07,2024-11-27,14,signal,90.06817159785842,83.60424979515552,93.99192274996108,89.02099891541371,0.006016787324740057,0.0054801248405101895,-0.004022630877743648,0.0020534543335895255,0.001026727166794791,-0.007102812378127965
AEP,WTRG,1,2024-11-06,2024-11-07,2024-11-18,7,signal,90.06817159785842,37.166567324456814,90.88716471845053,36.19490307499383,0.008284290355217834,0.006843244991096969,0.015435245815543267,0.002001132497466732,0.0010005662487333812,0.012433547069343154
ES,WEC,1,2024-11-06,2024-11-07,2024-12-12,24,signal,56.09144751262736,89.63791744471898,55.21505246686677,91.07339579169387,0.007567684139916801,0.006418776509699753,-0.013844031458877408,0.00200226412297171,0.0010011320614859449,-0.016847427643335064
SRE,UGI,-1,2024-11-06,2024-11-07,2024-12-04,18,signal,83.60424979515552,22.030249009873444,87.19843742339557,26.639986168733596,0.011401663426439841,0.0020818702229517664,-0.029334112570754807,0.002048730531247096,0.0010243652656236144,-0.03240720836762551
CMS,CWEN,1,2024-11-07,2024-11-08,2024-11-19,7,signal,62.948637481325264,24.75226135822397,64.61801005429959,24.622545801767927,0.013606363739749024,0.005826103411102547,0.025493233124071372,0.00202340643308038,0.0010117032165402767,0.022458123474450715
D,IDA,1,2024-11-07,2024-11-08,2024-11-27,13,signal,51.90660346977104,106.19298488372745,54.48219780862361,112.96346706039232,0.01455949691778811,0.0023050103087824676,0.023947475878099075,0.002054149252743098,0.001027074626371611,0.020866251998984366
D,MDU,1,2024-11-07,2024-11-08,2025-01-03,37,signal,51.90660346977104,16.642783329130367,50.65048977799826,17.06625044072743,0.015016261990876023,0.01328588901586631,-0.022500413170218336,0.0019878561623163007,0.0009939280811582282,-0.025482197413692866
AEE,AWK,-1,2024-11-08,2024-11-11,2024-12-11,21,signal,85.10509079065227,128.776100409201,86.39203829935765,124.97303233482491,0.008773417614964559,0.0019634285919944735,-0.016755163056407545,0.0020028174805344036,0.0010014087402672547,-0.019759389277209206
ATO,FE,-1,2024-11-08,2024-11-11,2024-12-05,17,signal,138.33822346784387,38.70611875814234,138.17261771260803,38.423999283468845,0.005787362581288432,0.005135718035603895,0.001505923016627993,0.0019963885398058094,0.0009981942699029563,-0.0014886597930807727
CNP,UGI,-1,2024-11-08,2024-11-11,2024-11-25,10,signal,28.706374119218935,21.93845757227866,30.801681707746873,26.200261140532167,0.024289830068498726,0.013780873515152179,0.00994555475700741,0.002108844103061083,0.0010544220515306137,0.006782288602415714
PCG,POR,-1,2024-11-08,2024-11-11,2024-12-03,15,signal,20.311410730553483,43.454103542106665,20.657750637855617,43.75465233824868,0.03500654499366399,0.00664020598149332,-0.008115192856162471,0.002013264778038269,0.0010066323890191818,-0.011135090023219923
PCG,VST,1,2024-11-08,2024-11-11,2024-12-10,20,signal,20.352074215499535,144.70216594835017,19.868574781029785,144.59537627866982,0.009815950538985232,0.005526000192542315,-0.00216242678634964,0.001993460012817589,0.0009967300064087814,-0.005152616805576011
AEP,AWK,1,2024-11-11,2024-11-12,2024-11-18,4,signal,89.18740594339552,127.87692221412858,90.88716471845053,127.75008875472288,0.009929024243523417,0.0009010648730758657,0.019009551568152577,0.002018320307488478,0.0010091601537442598,0.015982071106919838
AEP,CNP,1,2024-11-11,2024-11-12,2024-11-21,7,signal,89.18740594339552,28.68732142325696,91.64212722637293,30.16738272453516,0.010025258554492152,0.0037180070310842096,0.021138043382667542,0.002031706166192228,0.0010158530830961495,0.018090484133379166
AEP,CWEN,1,2024-11-11,2024-11-12,2024-11-18,4,signal,89.18740594339552,24.823823333855255,90.88716471845053,24.59565600811715,0.010546523762583889,0.0024275977927199384,0.02049959666519767,0.0020191518570868167,0.0010095759285434285,0.017470868879567426
AEP,EXC,1,2024-11-11,2024-11-12,2024-11-19,5,signal,89.18740594339552,35.894891383940994,90.68899607384857,36.718607397718394,0.008872854990596063,0.005829079981491583,0.010541182621122205,0.002019297664645927,0.0010096488323230119,0.007512236124153267
AEP,FE,1,2024-11-11,2024-11-12,2024-11-18,4,signal,89.18740594339552,38.833566556511535,90.88716471845053,38.57554515398579,0.008986217767075911,0.00512813731420817,0.018612744159545627,0.002015172473246465,0.0010075862366232585,0.015589985449675903
AEP,POR,1,2024-11-11,2024-11-12,2024-11-18,4,signal,89.18740594339552,43.85610316618879,90.88716471845053,43.09367672189989,0.00833505639549127,0.005862427392550791,0.020647944041815587,0.0020106891211965246,0.0010053445605982998,0.017631910360020764
AEP,SWX,1,2024-11-11,2024-11-12,2024-11-21,7,signal,89.18740594339552,72.57175054878371,91.64212722637293,73.05683495470001,0.00975269835833695,0.0018040081618360445,0.025091376138720846,0.00202631613950461,0.0010131580697523498,0.022051901929463887
AEP,VST,1,2024-11-11,2024-11-12,2024-11-22,8,signal,89.18740594339552,142.36760749269297,92.6613059444491,167.1846629329017,0.010460297266177927,0.00047719570622026746,0.026545369530383965,0.0020499351434856428,0.001024967571742879,0.023470466815155442
PCG,PPL,-1,2024-11-11,2024-11-12,2024-12-04,15,signal,20.754245632078337,31.452371783187367,20.598582446711966,32.08333286068006,0.04150328979117579,0.004384599885824485,0.011221914433092508,0.0019948682726803144,0.0009974341363402088,0.008229612024071985
PCG,TXNM,-1,2024-11-11,2024-11-12,2024-12-04,15,signal,20.754245632078337,43.16601696094285,20.598582446711966,46.92024517607304,0.04526804111816532,0.0013810647951660242,0.014227790611463936,0.001996390714779147,0.0009981953573896215,0.011233204539295168
AEP,AES,1,2024-11-12,2024-11-13,2024-11-18,3,signal,87.98651743645742,12.375520472746787,90.88716471845053,12.609545861839514,0.010810796056826865,0.00401568664824132,0.03245266511574829,0.0020341315476606926,0.0010170657738303593,0.02940146779425724
AEP,NEE,1,2024-11-12,2024-11-13,2024-11-18,3,signal,87.98651743645742,70.28516807232874,90.88716471845053,72.00179760484446,0.010109180272988851,0.001583628561499373,0.028638287364878393,0.0020336246400600526,0.0010168123200300454,0.025587850404788295
AEP,UGI,1,2024-11-12,2024-11-13,2024-11-18,3,signal,87.98651743645742,21.848817038384855,90.88716471845053,22.030249329325816,0.01113047053467673,0.0009897728632298544,0.03414040504384151,0.0020344126982139764,0.001017206349107,0.031088785996520533
D,XEL,1,2024-11-12,2024-11-13,2025-01-03,34,signal,52.694589292395676,64.39542710840819,50.65048977799826,63.07730583021462,0.011326427792537102,0.006263659515359282,-0.012927119218722425,0.0019689634453054,0.0009844817226527464,-0.01588056438668057
PCG,SWX,1,2024-11-19,2024-11-20,2024-11-21,1,signal,20.677469364337977,74.30226412670997,20.83297423478759,73.05683495470001,0.02447530146615025,0.006647494164343464,0.014080575189612171,0.0019955634528639444,0.000997781726431999,0.011087230010316227
NWE,SR,1,2024-11-21,2024-11-22,2024-12-19,18,signal,52.18844668271548,65.32680724711476,48.03950276656148,60.41787411940286,0.010056365569708566,0.007274540502780773,-0.004090404298910513,0.0019226595871698548,0.000961329793584948,-0.006974393679665316
EXC,NFG,1,2024-11-22,2024-11-25,2024-11-27,2,signal,36.605825672955625,61.5381201239463,36.96414431772602,60.868218823432,0.01595716849415118,0.006760716034286476,0.012248298606942678,0.0020015351539692527,0.001000767576984703,0.009245995875988722
PCG,SWX,1,2024-11-25,2024-11-26,2024-11-27,1,signal,20.993007715832565,74.74712828944328,21.2069220616747,74.52689280831284,0.024216778319556053,0.006577279253580897,0.008632638452799376,0.0020037718992258783,0.0010018859496130237,0.005626980603960474
PCG,PNW,1,2024-12-02,2024-12-03,2024-12-16,9,signal,20.657750637855617,86.53732765699918,19.45526025048275,81.89333112553811,0.02229547961062676,0.006232521677554522,0.004077799765381043,0.0019440906262083904,0.0009720453131042577,0.001161663826068395
PCG,SWX,1,2024-12-02,2024-12-03,2024-12-16,9,signal,20.657750637855617,74.56728661762926,19.45526025048275,68.92172869295861,0.02444397994450293,0.006638987236138436,0.010020289485499306,0.0019331533951305938,0.0009665766975653609,0.007120559392803352
D,ES,1,2024-12-10,2024-12-11,2025-01-03,15,signal,51.0206245633387,55.68469414110128,50.65048977799826,53.637368046999754,0.01310311901606035,0.005958664442710433,0.009333040584770816,0.0019836315295145394,0.0009918157647573098,0.006357593290498967
D,EXC,1,2024-12-10,2024-12-11,2025-01-06,16,signal,51.0206245633387,35.00385228948485,50.9741686005318,35.48744759846757,0.018555506012403883,0.00154777334753094,0.00039116011673557226,0.0020016699441455102,0.0010008349720727948,-0.0026113447994827324
D,FE,1,2024-12-10,2024-12-11,2025-01-06,16,signal,51.0206245633387,37.74451008341827,50.9741686005318,37.09258911187593,0.01797532872929208,0.0022180681089663244,0.002610330242874084,0.0019993863292195194,0.0009996931646097996,-0.0003887492509552352
D,NEE,1,2024-12-10,2024-12-11,2025-01-03,15,signal,51.0206245633387,70.34852360320059,50.65048977799826,68.32337854049003,0.015958114590859607,0.002650144969068025,0.0014502560683619875,0.0019899813873126,0.000994990693656354,-0.0015347160126069665
D,NI,1,2024-12-10,2024-12-11,2025-01-06,16,signal,51.0206245633387,34.995231513192984,50.9741686005318,34.69306619411407,0.017654006955098955,0.0028598518158709906,0.002043931182535352,0.001999917036573151,0.000999958518286616,-0.000955944372324415
D,OGS,1,2024-12-10,2024-12-11,2025-01-06,16,signal,51.0206245633387,67.36873469778092,50.9741686005318,64.95843517030585,0.01939262439453509,0.00017148996885165993,0.0015130801626333345,0.0020006410093442164,0.0010003205046721524,-0.0014878813513830344
D,ORA,1,2024-12-10,2024-12-11,2025-01-03,15,signal,51.0206245633387,78.23780252296008,50.65048977799826,69.00812742800355,0.017647328652251097,0.0012835384373314723,0.007297979223958544,0.0019832266780339817,0.0009916133390170383,0.004323139206907524
D,PNW,1,2024-12-10,2024-12-11,2025-01-06,16,signal,51.0206245633387,84.57693773147828,50.9741686005318,78.38562108891777,0.01953740568126297,4.943415495457497e-05,0.0013992044816170173,0.0020007709670079614,0.001000385483504024,-0.001601951968894968
D,POR,1,2024-12-10,2024-12-11,2025-01-03,15,signal,51.0206245633387,41.96535632824575,50.65048977799826,40.081478273868555,0.017675461144006248,0.0023588208455378743,-0.00010795468439056804,0.001990617506823219,0.0009953087534116493,-0.0030938809446254363
D,NWE,1,2024-12-11,2024-12-12,2025-01-06,15,signal,50.45537282009665,48.074882052663014,50.9741686005318,49.157473486883795,0.01877586284596497,0.0011138796670468014,0.01054770468198005,0.0020127428497619115,0.0010063714248810455,0.007528590407337093
D,OTTR,1,2024-12-11,2024-12-12,2025-01-03,14,signal,50.45537282009665,74.56778270229728,50.65048977799826,69.35007213822557,0.01808826948462903,0.0011824556607568167,0.011698057777570568,0.0019990182693479775,0.0009995091346740735,0.008699530373548517
EXC,NFG,1,2024-12-11,2024-12-12,2024-12-20,6,signal,34.7731879859518,59.297072229247895,34.7881270083952,56.38670822244293,0.016698249297557612,0.0070746963542992775,0.022819399768103037,0.001980002618454386,0.000990001309227221,0.01984939584042143
SO,WTRG,1,2024-12-11,2024-12-12,2024-12-23,7,signal,79.00210585817858,36.225790537768134,78.16498002184652,34.09842274161128,0.008061179968072513,0.010032140896967096,0.016566302594846004,0.001972471146726048,0.0009862355733630422,0.013607595874756913
AEP,CNP,1,2024-12-12,2024-12-13,2025-01-13,18,signal,87.52317687293531,30.61545201583908,89.79248485949867,29.898291835461976,0.010121326950954938,0.0037536353364862256,0.027682209874797355,0.002021843995391982,0.001010921997696044,0.024649443881709327
AEP,WTRG,1,2024-12-12,2024-12-13,2024-12-23,6,signal,87.52317687293531,36.300847721099856,87.26337989892139,34.09842274161128,0.008514108925609587,0.007033086813782948,0.015261197571365551,0.0019832912250765727,0.000991645612538318,0.012286260733750661
D,EVRG,1,2024-12-12,2024-12-13,2025-01-03,13,signal,49.88086131846199,58.421705349058925,50.65048977799826,57.91891062614689,0.01319742116852906,0.005854271885350333,0.015108467220989154,0.0020078592867563147,0.00100392964337823,0.01209667829085461
FE,POR,-1,2024-12-12,2024-12-13,2024-12-20,5,signal,37.530419039619865,41.02355713070466,36.346447964852615,40.43431101465423,0.013784540268402392,0.011764574950453856,0.01136495406839453,0.001976687208180859,0.0009883436040904448,0.008399923256123225
AEP,ETR,1,2024-12-16,2024-12-17,2025-01-13,16,signal,86.49250597048876,71.03008312121298,89.79248485949867,72.75963640438441,0.006253013598789361,0.00646545464721596,0.01148445439611374,0.0020319898397053093,0.0010159949198527093,0.008436469636555722
AEP,NJR,1,2024-12-16,2024-12-17,2025-01-13,16,signal,86.49250597048876,44.73914467575651,89.79248485949867,42.72146551059201,0.010854453687581499,0.0013868589149140804,0.04065251780663778,0.002034813448238309,0.0010174067241191986,0.037600297634280265
AEP,SR,1,2024-12-16,2024-12-17,2025-01-13,16,signal,86.49250597048876,62.632735958616266,89.79248485949867,61.20105805842923,0.00980268783908412,0.002440177412990731,0.0378724920346856,0.0020302810354394635,0.001015140517719775,0.03482707048152636
AEP,UGI,1,2024-12-16,2024-12-17,2025-01-13,16,signal,86.49250597048876,25.954875162379352,89.79248485949867,26.546320404866492,0.011271868289813322,0.0010023466048807398,0.03864381850235831,0.0020397242370539925,0.0010198621185270394,0.03558423214677728
CPK,DUK,-1,2024-12-16,2024-12-17,2024-12-20,3,signal,120.70858214187412,100.68458154663742,112.69684116609884,100.68070517998065,0.003195594264259305,0.006103140066454875,0.02755347263512046,0.001974857134856914,0.0009874285674285027,0.024591186932835043
D,IDA,1,2024-12-16,2024-12-17,2025-01-03,11,signal,49.2878127223749,107.98398436789404,50.65048977799826,103.70415609149485,0.015071284288295936,0.002386034754310111,0.03276043889732823,0.002011326588922951,0.0010056632944615601,0.029743449013943716
PCG,PPL,1,2024-12-18,2024-12-19,2024-12-26,4,signal,19.08006777608829,29.802615712850024,19.84889268560175,30.8469597535074,0.045019402530087904,0.004756058331435655,0.03168612004700875,0.0020410431459174693,0.0010205215729587763,0.028624555328132503
PCG,TXNM,1,2024-12-18,2024-12-19,2024-12-26,4,signal,19.08006777608829,45.289231082061164,19.84889268560175,46.27305536711056,0.04891386485480796,0.0014922937922174845,0.03817888476925474,0.0020408419215153014,0.0010204209607576884,0.03511762188698175
SRE,UGI,1,2024-12-18,2024-12-19,2025-01-21,19,signal,81.55239400907695,24.924477298458218,81.88543489964697,28.17407708104529,0.01162432134258697,0.002122526122726554,-0.00101343019665125,0.0020125558980891092,0.0010062779490445366,-0.004032264043784896
PCG,PNW,-1,2024-12-23,2024-12-24,2025-01-10,10,signal,19.61271429378768,79.73257457963578,17.741355777528636,77.50085330814083,0.02386710087175695,0.006671855737640441,0.03171478392588671,0.0019406038211484862,0.0009703019105743233,0.028803878194163902
PCG,SWX,-1,2024-12-23,2024-12-24,2025-01-10,10,signal,19.61271429378768,65.93420623451865,17.741355777528636,65.72674495819791,0.026650894052363868,0.00723838531397222,0.05032027527477798,0.0019485823797073627,0.0009742911898537375,0.047397401705216884
EVRG,OTTR,-1,2025-01-02,2025-01-03,2025-01-07,2,signal,57.80318852699375,69.35007213822557,56.604277374017876,69.25925357805475,0.010900486254147674,0.005330285888206379,0.014570564566121694,0.0019859389128295633,0.0009929694564148515,0.011591656196877279
FE,POR,-1,2025-01-02,2025-01-03,2025-02-19,30,signal,37.31633838060111,40.081478273868555,38.319159916836966,39.80549264157863,0.01398063322641642,0.011931932748167309,-0.015302499271096594,0.0020106228225121843,0.001005311411256184,-0.01831843350486496
AEP,NRG,1,2025-01-06,2025-01-07,2025-01-14,4,signal,85.19704935561397,96.62860693049979,88.39581262051624,96.52866494500238,0.009368600263905232,0.002094800564674932,0.032208273198379045,0.002030980302990582,0.001015490151495354,0.029161802743893107
AWK,CWEN,1,2025-01-07,2025-01-08,2025-01-10,1,signal,115.70920678706416,23.797311795459915,116.29952537017712,23.326587112994222,0.004728931673848771,0.019032079739040416,0.013744478925392808,0.0019940329882268434,0.0009970164941134891,0.010753429443052475
CNP,UGI,1,2025-01-07,2025-01-08,2025-01-17,6,signal,29.638806636542522,25.96415663668947,31.4019423505741,27.96943977839468,0.022545500484121257,0.01279122536597805,0.016166835695341397,0.00206608718921883,0.0010330435946094524,0.013067704911513114
AEP,EIX,-1,2025-01-08,2025-01-10,2025-03-06,37,signal,87.90510441918386,63.59355178824832,98.59246131115408,50.204155126922814,0.007619627846358884,0.005186923201216841,-0.1488723012318972,0.0020111531390592475,0.0010055765695296864,-0.15188903094048614
AEP,SRE,-1,2025-01-08,2025-01-10,2025-03-25,50,signal,87.90510441918386,78.23602644410124,98.30613132875023,67.62898727329724,0.006282206589939687,0.005721870248793055,-0.12402918754714562,0.002004314105478215,0.001002157052739155,-0.12703565870536299
AWK,NEE,-1,2025-01-10,2025-01-13,2025-01-24,8,signal,115.93653458044504,63.85841828151041,116.29306826210065,64.56514854249274,0.004238032682872804,0.007965645277212349,0.006125740521327536,0.0020071793510720456,0.0010035896755360933,0.0031149714947193968
PCG,POR,1,2025-01-10,2025-01-13,2025-03-03,33,signal,17.13911427554531,37.865130891152496,16.06044717480054,41.89486679740268,0.04113259776361173,0.007802224462703427,-0.07382146825104757,0.001987815790707832,0.0009939078953539746,-0.07680319193710938
PCG,PPL,1,2025-01-10,2025-01-13,2025-02-24,28,signal,17.13911427554531,30.019946160341483,15.843682045269992,33.02461072921753,0.049269303835051216,0.0052050376020010775,-0.07751132502240647,0.0019531111911464138,0.0009765555955732434,-0.08044099180912613
PCG,SWX,1,2025-01-10,2025-01-13,2025-02-27,31,signal,17.13911427554531,64.76127517123757,15.755003714210178,70.49075649493932,0.028794572154398238,0.007820608486716894,-0.08265805911011058,0.0020048425825463815,0.0010024212912731992,-0.08566532298393016
PCG,TXNM,1,2025-01-10,2025-01-13,2025-02-24,28,signal,17.13911427554531,44.065965994828915,15.843682045269992,51.313112325360024,0.054148509015691154,0.001651995484343856,-0.08017452193659236,0.0019434548761041773,0.0009717274380521335,-0.08308970425074866
PCG,VST,1,2025-01-10,2025-01-13,2025-01-29,11,signal,17.13911427554531,160.2249825147858,15.705738488457305,146.18986936433248,0.009309882077420504,0.005241103237841952,0.06212671313100265,0.0019117957051026772,0.0009558978525513718,0.0592590195733486
AEP,AWR,-1,2025-01-13,2025-01-14,2025-03-06,35,signal,88.39581262051624,68.242011842434,98.59246131115408,74.17628890737295,0.008527110197482547,0.0036008629794662224,-0.06347219350502364,0.002107234932027229,0.0010536174660136836,-0.06663304590306456
AEP,IDA,-1,2025-01-13,2025-01-14,2025-03-06,35,signal,88.39581262051624,100.5254555287757,98.59246131115408,108.78122817848083,0.007302759589651132,0.0035232297206894262,-0.043273767775547874,0.002102922665615278,0.001051461332807695,-0.04642815177397085
AEP,WTRG,-1,2025-01-13,2025-01-14,2025-03-06,35,signal,88.39581262051624,31.804510575108672,98.59246131115408,36.45117749093228,0.00871610138795308,0.007199942856594247,-0.053298095027816836,0.0021211925095646076,0.0010605962547823857,-0.05647988379216383
EXC,NFG,1,2025-01-13,2025-01-14,2025-01-29,10,signal,35.365269353791824,61.225787289092715,37.31117816063068,65.6464151850968,0.01631428321929079,0.006912018018044817,0.0032532580763003777,0.0020626103508708197,0.0010313051754354578,0.0001593425499941002
PCG,PNW,1,2025-01-13,2025-01-14,2025-03-06,35,signal,16.082729114276614,77.16479146749073,15.971770036141521,85.75042545947912,0.026554041746699633,0.00742296840899135,-0.06461687548633957,0.0020604264003270803,0.0010302132001635675,-0.06770751508683022
ES,WEC,1,2025-01-14,2025-01-15,2025-02-11,18,signal,53.10491929472692,90.10041306397213,56.12187795479243,95.15905803408086,0.007719030365986444,0.006547145715227696,-0.0077756522894330375,0.0020560379415010092,0.001028018970750581,-0.010859709201684628
AEE,AWK,-1,2025-01-15,2025-01-16,2025-03-05,32,signal,86.47605388809014,117.95849719801602,94.39218536940294,132.80386525928026,0.008854688614170545,0.0019816164647874913,-0.03857864533345853,0.0020984081863673794,0.0010492040931837257,-0.04172625761300963
CMS,WTRG,-1,2025-01-15,2025-01-16,2025-01-30,9,signal,62.970110420022564,32.42499328756592,63.115160619400726,33.251538925689395,0.011310275612787473,0.008862449061452594,0.007692782662402634,0.0020081217802242687,0.0010040608901121881,0.004680599992066177
AEP,MDU,-1,2025-01-16,2025-01-17,2025-03-07,33,signal,92.14227809191715,17.797933140341712,98.15341211544724,15.704479671435767,0.0077406892877318,0.016087673515883378,-0.07819719917871129,0.0020119174928006,0.0010059587464003603,-0.08121507541791224
AEP,ORA,-1,2025-01-16,2025-01-17,2025-03-06,32,signal,92.14227809191715,67.35113646454788,98.59246131115408,67.9988376016027,0.010006384792264051,0.0011453858951375833,-0.06173761611633638,0.0020635314093056896,0.0010317657046529146,-0.06483291323029498
AEP,POR,-1,2025-01-16,2025-01-17,2025-03-06,32,signal,92.14227809191715,39.10935579691018,98.59246131115408,40.83165159407273,0.008353211464209767,0.005875196684936927,-0.0416980427998373,0.0020628750553758884,0.0010314375276880092,-0.044792355382901196
AEP,SWX,-1,2025-01-16,2025-01-17,2025-03-07,33,signal,92.14227809191715,67.92589082183152,98.15341211544724,69.63430236548305,0.009543207539752288,0.001765257537888634,-0.0522909050379656,0.002058808142601432,0.0010294040713007858,-0.055379117251867824
ATO,ED,-1,2025-01-16,2025-01-17,2025-01-24,4,signal,138.9529209359045,86.8703044617849,133.60181881339648,85.19821467649142,0.004602079020465578,0.004146957410717095,0.01966000861818467,0.0019678989303288145,0.0009839494651644617,0.016708160222691396
ATO,FE,-1,2025-01-16,2025-01-17,2025-01-24,4,signal,138.9529209359045,37.25113982990386,133.60181881339648,36.199358471798284,0.005810044171396885,0.005155845727581028,0.027629599420413094,0.001962282144523868,0.000981141072261985,0.02468617620362724
CMS,CWEN,-1,2025-01-16,2025-01-17,2025-01-31,9,signal,64.24864874502791,24.063213600780585,62.83047140585027,23.588566631413208,0.013403696282712896,0.00573932331427857,0.018261503077154354,0.001976837165133225,0.0009884185825666685,0.015296247329454461
AEP,AES,-1,2025-01-17,2025-01-21,2025-03-06,31,signal,92.48200487950533,10.871865660709462,98.59246131115408,10.01689567273801,0.010351011476653904,0.003844898966190667,-0.06447861318378767,0.002058064690677751,0.001029032345338913,-0.06756571021980433
AEP,AWK,-1,2025-01-17,2025-01-21,2025-03-06,31,signal,92.48200487950533,121.72964716408306,98.59246131115408,132.90001102432868,0.009651523859968631,0.0008758815477305379,-0.047124162394311955,0.0020671380644196064,0.0010335690322098444,-0.050224869490941404
AEP,CPK,-1,2025-01-17,2025-01-21,2025-03-06,31,signal,92.48200487950533,120.38202670306336,98.59246131115408,121.06420227097853,0.009350312007838429,0.0011175521840495323,-0.054315927030182905,0.002056380320207197,0.0010281901601036374,-0.05740049751049374
AEP,CWEN,-1,2025-01-17,2025-01-21,2025-03-06,31,signal,92.48200487950533,24.06321368343719,98.59246131115408,24.878851054922862,0.010192857605136782,0.002346190951707143,-0.05830700734103562,0.0020623639482985,0.0010311819741492894,-0.061400553263483405
AEP,FE,-1,2025-01-17,2025-01-21,2025-03-13,36,signal,92.48200487950533,37.40969700153706,98.12479307218828,36.031774651657365,0.00877949796084035,0.0050101691568120235,-0.05440313970205603,0.0020413317869072013,0.0010206658934536102,-0.057465137382416834
AEP,NEE,-1,2025-01-17,2025-01-21,2025-03-06,31,signal,92.48200487950533,67.79139187462589,98.59246131115408,66.93249307309918,0.00969145670542052,0.0015181911121168387,-0.05846692842998083,0.002056268054387104,0.0010281340271935853,-0.061551330511561524
AEP,NJR,-1,2025-01-21,2025-01-22,2025-03-06,30,signal,92.08565497007856,44.81926748893399,98.59246131115408,45.389866939989155,0.010214649687011837,0.0013051120202727683,-0.06365467162117865,0.0020653795318018864,0.0010326897659010343,-0.06675274091888157
AEP,UGI,-1,2025-01-21,2025-01-22,2025-03-06,30,signal,92.08565497007856,28.39730634245321,98.59246131115408,30.540607732848265,0.010559603016944334,0.0009390086861188709,-0.06462794945008457,0.002068763797257365,0.0010343818986287764,-0.0677310951459707
D,ES,-1,2025-01-21,2025-01-22,2025-01-27,3,signal,51.538283028438904,54.03904168802506,49.99205560281995,53.045432279167514,0.01313375899835086,0.0059725980239269325,0.016346412635448105,0.001973063862626093,0.0009865319313131255,0.013386816841508886
D,NEE,-1,2025-01-21,2025-01-22,2025-02-05,10,signal,51.538283028438904,67.03139811347833,50.594366302090236,67.07759496893227,0.015946273517855967,0.0026481785362623017,0.017158088693908,0.0019837968764169944,0.000991898438208585,0.01418239337928242
D,ORA,-1,2025-01-21,2025-01-22,2025-01-27,3,signal,51.538283028438904,65.70407001045942,49.99205560281995,64.77071360552289,0.017741841355220764,0.001290412604491168,0.028198236479330452,0.001969729664320262,0.0009848648321602188,0.025243641982849972
SO,WTRG,-1,2025-01-21,2025-01-22,2025-01-29,5,signal,79.51410980934175,32.60362044925065,79.29516229606165,33.42043005984559,0.00832442728552724,0.010359752262786275,0.012290559200401785,0.002006001335128035,0.001003000667564033,0.009281557197709718
AEP,AVA,-1,2025-01-22,2025-01-23,2025-03-05,28,signal,92.75568369258328,33.28917513165912,99.73776883974905,36.72852741016816,0.00803810264359787,0.00762793432498614,-0.0278062190182685,0.0020813447600317413,0.0010406723800159387,-0.03092823615831618
AEP,OTTR,-1,2025-01-22,2025-01-23,2025-03-07,30,signal,92.75568369258328,75.11887274239761,98.15341211544724,77.02617364338188,0.00859241824132687,0.0026945130726771884,-0.039190004527432695,0.002050288423681044,0.0010251442118405867,-0.04226543716295433
AEP,PPL,-1,2025-01-22,2025-01-23,2025-02-05,9,signal,92.75568369258328,30.988977097679236,93.300700793647,32.08930532632511,0.0068560650998244965,0.011739265930447593,0.011196491574020093,0.0020161186125783213,0.0010080593062892055,0.008172313655152566
D,EVRG,1,2025-01-22,2025-01-23,2025-02-12,14,signal,49.29707998227136,59.06833669865694,51.13137974425623,61.42146884824211,0.013249190610447673,0.00587723640125645,0.012511828645327037,0.0020387553885995147,0.0010193776942998118,0.00945369556242771
D,WEC,1,2025-01-22,2025-01-23,2025-01-29,4,signal,49.29707998227136,92.20037856708062,51.149876640226466,93.31911450966729,0.011194014004944004,0.004861914507163033,0.017327435109888645,0.0020264018813726022,0.001013200940686363,0.01428783228782968
DTE,PEG,1,2025-01-23,2025-01-24,2025-03-25,41,signal,113.85814254464258,82.69083773736233,130.1856749250561,79.33941723917971,0.003641242041121531,0.007077486483692428,0.08520760536358947,0.0020354747551973892,0.0010177373775987668,0.08215439323079332
AEP,CNP,-1,2025-01-24,2025-01-27,2025-03-06,27,signal,93.7465625525509,31.512856420947916,98.59246131115408,32.523002267487,0.009477261709764085,0.003514774754266973,-0.04032753707665442,0.0020478785581056263,0.001023939279052867,-0.043399354913812915
AEP,NI,-1,2025-01-24,2025-01-27,2025-02-14,14,signal,93.7465625525509,36.18196383856593,96.59771312348548,38.03349378849369,0.006555627856989463,0.010646245163272684,0.0030587049183300984,0.0020379452515472407,0.0010189726257736884,1.7870410091692067e-06
AEP,SR,-1,2025-01-24,2025-01-27,2025-03-06,27,signal,93.7465625525509,65.96549046470516,98.59246131115408,70.90497255280877,0.009070726724833977,0.002257970756255285,-0.03074894379158316,0.002053673477933769,0.001026836738966932,-0.03382945400848386
AWK,NEE,1,2025-01-24,2025-01-27,2025-01-28,1,signal,117.46078133069025,69.49524630243505,122.41300019498118,68.71288078139911,0.0040307170481752065,0.0075759826837417926,0.02790213426259662,0.0020139536202793996,0.001006976810139777,0.024881203832177443
CWEN,NEE,1,2025-01-24,2025-01-27,2025-01-29,2,signal,23.372059555719964,69.49524630243505,23.316285921403203,67.21189017613472,0.018594693617304286,0.008133966964373945,0.019515795984536687,0.001980146327352659,0.0009900731636763955,0.016545576493507633
AEP,ETR,-1,2025-01-27,2025-01-28,2025-01-31,3,signal,96.70032092427164,75.58052430339131,92.51586490346405,77.3667821007527,0.00571862013712665,0.00591290560257324,0.03647774315439273,0.001986454953223327,0.0009932274766117455,0.03349806072455766
AEP,EXC,-1,2025-01-27,2025-01-28,2025-03-06,26,signal,96.70032092427164,38.31629277826457,98.59246131115408,41.05687059599823,0.00820047809800541,0.005387357594641847,0.00127712399415259,0.0020291070750591625,0.001014553537529613,-0.0017665366184361855
AEP,NRG,-1,2025-01-27,2025-01-28,2025-03-24,38,signal,96.70032092427164,96.73404779223809,100.45360195884227,100.26068711546154,0.008445585535815286,0.0018884162896348827,-0.023001827487802183,0.002037065383975295,0.0010185326919876937,-0.02605742556376517
AEP,OGE,-1,2025-01-27,2025-01-28,2025-03-06,26,signal,96.70032092427164,40.45897041114866,98.59246131115408,41.965293150778436,0.008122412651414576,0.005289003538198451,-0.005379613309937777,0.002022185407158014,0.001011092703579049,-0.008412891420674841
AEP,VST,-1,2025-01-27,2025-01-28,2025-03-13,31,signal,96.70032092427164,141.15636177275672,98.12479307218828,120.88956872833636,0.00968708797851267,0.0004419221243425786,-0.02075226009388137,0.0020030711617297367,0.0010015355808648723,-0.023756866836475977
AWK,CWEN,-1,2025-01-27,2025-01-28,2025-01-31,3,signal,122.41300019498118,23.508473407359215,118.36050300546974,23.588566631413208,0.004607162757274825,0.01854200800829669,0.022138181875928864,0.0019825785486314155,0.0009912892743157862,0.019164314052981662
CPK,DUK,1,2025-01-27,2025-01-28,2025-02-19,15,signal,119.20709473062426,105.58509794123235,119.1227191271929,105.76854757898788,0.0031158210246782095,0.005950784287073373,0.0006457451423819555,0.0020003136433482324,0.0010001568216741878,-0.002354725322640465
D,ES,-1,2025-01-27,2025-01-28,2025-02-14,13,signal,51.38107940874179,55.11329336927044,52.74416289252222,58.26607295301575,0.01307696674382412,0.005946771654857471,0.002959749368584095,0.002035886492406713,0.00101794324620335,-9.408037002596784e-05
D,EXC,-1,2025-01-27,2025-01-28,2025-02-06,7,signal,51.38107940874179,38.31629277826457,50.27004058892526,38.61491035780073,0.01830650143346359,0.0015270030893423832,0.022773597046491657,0.001978373332403022,0.0009891866662015583,0.01980603704788708
D,FE,-1,2025-01-27,2025-01-28,2025-02-05,6,signal,51.38107940874179,38.00661269044655,50.594366302090236,37.45595725954413,0.017819703067435085,0.0021988646594661623,0.014791296125443576,0.0019831189322079465,0.0009915594661040134,0.011816617727131617
D,IDA,-1,2025-01-27,2025-01-28,2025-02-10,9,signal,51.38107940874179,104.40099932326572,50.501708103352016,105.95847981164559,0.014717913570594798,0.0023300902974568087,0.01856125824714283,0.0019896772035027845,0.000994838601751422,0.015576742441888622
D,MDU,-1,2025-01-27,2025-01-28,2025-02-05,6,signal,51.38107940874179,16.86670189535917,50.594366302090236,16.870936364627322,0.01507370277678277,0.013336710712171613,0.013902264014938177,0.001987110583024327,0.0009935552915121887,0.01092159814040166
D,NI,-1,2025-01-27,2025-01-28,2025-02-07,8,signal,51.38107940874179,35.0175654733698,50.21444340674457,36.5747260423835,0.01751328896776778,0.0028370562775765786,0.026831795531459094,0.0019824099407654483,0.0009912049703827246,0.02385818062031092
D,NWE,-1,2025-01-27,2025-01-28,2025-02-05,6,signal,51.38107940874179,50.83878375655141,50.594366302090236,49.88432660777026,0.018366986085062115,0.001089623018282693,0.015392297407740868,0.0019827472042121936,0.00099137360210613,0.012418176601422543
D,OGS,-1,2025-01-27,2025-01-28,2025-02-05,6,signal,51.38107940874179,66.23101110864303,50.594366302090236,66.53144032372455,0.019224258477788275,0.00017000110044317732,0.01715803865491475,0.001982989247612326,0.000991494623806196,0.014183554783496229
D,ORA,-1,2025-01-27,2025-01-28,2025-02-05,6,signal,51.38107940874179,63.86849162892548,50.594366302090236,62.71104262840903,0.01783383112289746,0.0012971032716726381,0.014511591917922735,0.001982814117093015,0.000991407058546541,0.01153737074228318
D,OTTR,-1,2025-01-27,2025-01-28,2025-02-05,6,signal,51.38107940874179,74.87969891871144,50.594366302090236,73.12608172821109,0.01775485799667855,0.0011606600820463484,0.013914983894756794,0.001982357874236649,0.0009911789371183557,0.010941447083401789
D,PNW,-1,2025-01-27,2025-01-28,2025-02-05,6,signal,51.38107940874179,81.55658925052686,50.594366302090236,82.8342978032974,0.019365334920030113,4.899877613239622e-05,0.017280429844136712,0.001982860892512346,0.0009914304462562056,0.01430613850536816
D,POR,-1,2025-01-27,2025-01-28,2025-02-05,6,signal,51.38107940874179,39.47389722274027,50.594366302090236,38.5461231404133,0.01763820574729012,0.0023538490484420692,0.013674692416358209,0.001982324918002854,0.0009911624590014628,0.010701205039353894
EVRG,OTTR,-1,2025-01-30,2025-01-31,2025-03-13,28,signal,60.23039667133612,74.06651560253799,62.89572109916087,77.64122430916146,0.010365629017981897,0.005068743245826117,-0.00746324384089633,0.0020452397780063745,0.0010226198890032256,-0.01053110350790593
NWE,SR,1,2025-02-03,2025-02-04,2025-03-10,23,signal,49.48258999313289,65.64759653843926,52.29464754361443,71.32664107095637,0.010312613064881394,0.007459903969278628,-0.01129407278125276,0.0020713926342874204,0.0010356963171437303,-0.01440116173268391
D,WEC,1,2025-02-05,2025-02-06,2025-02-14,6,signal,50.27004058892526,95.12901474589063,52.63877994968002,98.00272048950194,0.010919567215654763,0.004742713581945292,0.014276147968297502,0.0020397025629083705,0.0010198512814542904,0.011216594123934841
CMS,CWEN,-1,2025-02-06,2025-02-07,2025-03-12,22,signal,64.40965435318326,23.79039177423935,68.38227131184748,26.344480574696362,0.013395712677998082,0.005735904817790343,-0.036499650264040666,0.0020663748383620553,0.0010331874191810656,-0.039599212521583785
CMS,WTRG,-1,2025-02-07,2025-02-10,2025-03-07,18,signal,64.69376833095376,33.051088514686775,68.58312919248087,36.451172939745014,0.011033793523908531,0.008645804612370973,-0.01144649778650619,0.002071441294935703,0.0010357206474679239,-0.014553659728909816
CWEN,NEE,-1,2025-02-07,2025-02-10,2025-02-12,2,signal,23.73378038997179,64.92240618015029,23.272021465590043,65.71234103904824,0.01918336793492754,0.008391473624654002,0.017484773989887063,0.0019979651125986786,0.0009989825562993898,0.014487826320988996
ATO,ED,1,2025-02-10,2025-02-11,2025-02-12,1,signal,136.35389758556758,91.01317564856387,137.78131612705994,90.08107897586713,0.004580595588755368,0.004127598578341097,0.012388947303102422,0.002003199327535358,0.0010015996637677085,0.009384148311799357
ATO,FE,-1,2025-02-13,2025-02-14,2025-03-14,19,signal,142.36215616599003,37.951525031645645,142.26816326941312,36.59624266893049,0.005677003007049006,0.005037784711423469,-0.0043026243289394,0.001991398481100517,0.0009956992405502425,-0.007289722050590159
AWK,NEE,-1,2025-02-13,2025-02-14,2025-04-10,38,signal,122.06769660638275,65.16941550010493,134.15804657482377,63.854482611567704,0.0040890183005221166,0.007685563503467308,-0.0575043868873749,0.0020392756109479833,0.001019637805474051,-0.06056330030379693
D,MDU,-1,2025-02-13,2025-02-14,2025-03-05,12,signal,52.63877994968002,16.0494978395785,50.66541006958217,15.903629800597155,0.014952746197463458,0.01322969235503642,0.029544950618570112,0.0019674409279037334,0.0009837204639519593,0.026593789226714418
D,NEE,-1,2025-02-13,2025-02-14,2025-03-10,15,signal,52.63877994968002,65.16941550010493,52.03449760251196,69.78109457443487,0.015747221475812676,0.0026151222021446176,0.023577121227646623,0.002001248936421302,0.0010006244682107383,0.02057524782301458
D,NWE,-1,2025-02-13,2025-02-14,2025-03-10,15,signal,52.63877994968002,49.129610417865216,52.03449760251196,52.29464754361443,0.017984583527251703,0.0010669369538782948,0.016235396243989703,0.0019907348274434498,0.0009953674137218144,0.013249294002824439
D,ORA,-1,2025-02-13,2025-02-14,2025-03-10,15,signal,52.63877994968002,62.71752728073106,52.03449760251196,69.47429154993702,0.017467696964059948,0.0012704733337739053,0.02113607815704706,0.001996368409362034,0.0009981842046811102,0.01814152554300391
AEP,PPL,-1,2025-02-20,2025-02-21,2025-03-06,9,signal,99.39561587733124,32.257697055031855,98.59246131115408,32.54286882559326,0.006465251393777494,0.011070096959944823,0.010346876914978312,0.0019974015862288036,0.0009987007931144543,0.0073507745356350546
SO,WTRG,-1,2025-02-20,2025-02-21,2025-03-05,8,signal,83.30002543108924,34.18030537871993,85.0493719227116,36.441707095368166,0.00794418010613438,0.009886534533563984,0.010495917962831877,0.002035615394410546,0.0010178076972052986,0.007442494871216032
D,EXC,-1,2025-02-21,2025-02-24,2025-03-10,10,signal,53.267635076875386,41.0821493564638,52.03449760251196,41.000069147861765,0.017622907831781394,0.0014699823885046313,0.023587224375066326,0.0019764127815337894,0.0009882063907669908,0.020622605202765546
D,OGS,-1,2025-02-21,2025-02-24,2025-03-10,10,signal,53.267635076875386,69.94289954293659,52.03449760251196,71.1135563248486,0.018539513907509342,0.00016394586920477058,0.02502909470514127,0.0019754010056585976,0.0009877005028293947,0.02206599319665328
D,OTTR,-1,2025-02-21,2025-02-24,2025-03-10,10,signal,53.267635076875386,78.95219912183977,52.03449760251196,77.75654975229742,0.017100735647187837,0.0011178991824677502,0.02172689275618013,0.0019759502431798215,0.0009879751215900003,0.01876296739141031
D,PNW,-1,2025-02-21,2025-02-24,2025-03-10,10,signal,53.267635076875386,86.73332915108006,52.03449760251196,86.89018043518067,0.018677557164074234,4.7258539341651805e-05,0.025014425041666892,0.001975016810501452,0.0009875084052508231,0.022051899825914614
AWK,CWEN,-1,2025-02-24,2025-02-25,2025-03-13,12,signal,128.96882240125115,24.07230943139683,136.23830132131502,27.210953765872997,0.0044270773021515795,0.01781723527353702,0.02582726365287688,0.0020878442310451857,0.0010439221155226052,0.02269549730630909
FE,POR,-1,2025-02-24,2025-02-25,2025-03-21,18,signal,40.34054069084344,41.586405278414695,37.30108922602311,41.15815203877541,0.013186025714219524,0.01125376579798889,0.037213833122629304,0.001955009611516716,0.0009775048057583831,0.03428131870535421
PCG,VST,-1,2025-02-24,2025-02-25,2025-03-21,18,signal,15.814123138508577,138.41622824584843,16.82318934709885,128.8203360449022,0.010675196966238722,0.006009722670929513,-0.0664862705446178,0.001954360891881324,0.0009771804459407167,-0.06941781188243984
AEP,NI,-1,2025-02-25,2025-02-26,2025-03-06,6,signal,102.13889057562943,38.17694628522662,98.59246131115408,37.860742881865626,0.006090949865552228,0.009891614801888842,0.020448161167167963,0.0019748005806145812,0.0009874002903073604,0.017485960296246023
SRE,UGI,1,2025-02-25,2025-02-26,2025-03-27,21,signal,66.92972714443313,30.893353189317242,67.86000434274386,31.14035990539538,0.01379130811600567,0.002518203934671876,0.014222880671970613,0.0020151544810911213,0.0010075772405457066,0.011200148950333784
ES,WEC,1,2025-02-27,2025-02-28,2025-03-25,17,signal,58.77504873401766,101.35937801816408,57.26300462833749,100.3726137177343,0.006907335246805431,0.005858680199528423,-0.0026796647954693917,0.0019833942818901417,0.0009916971409451147,-0.005654756218304648
D,WEC,1,2025-03-04,2025-03-05,2025-04-01,19,signal,50.66541006958217,99.78262800153415,52.510758578592736,103.43726474857927,0.010638645293750353,0.004620700301732855,0.0047817047733884135,0.0020366776624693127,0.00101833883123472,0.0017266882796843808
AEP,ETR,-1,2025-03-10,2025-03-11,2025-03-13,2,signal,102.55800008389559,77.647197363821,98.12479307218828,79.45314607998012,0.00546849548336993,0.005654283167252171,0.03644007716260961,0.0019857592155450845,0.0009928796077725444,0.03346143833929198
AEP,NI,-1,2025-03-10,2025-03-11,2025-03-13,2,signal,102.55800008389559,37.22492793981582,98.12479307218828,37.46725879187228,0.006132974607240818,0.009959862376751245,0.03157706591963463,0.001974737952068521,0.0009873689760342811,0.028614958991531825
ATO,ED,1,2025-03-10,2025-03-11,2025-04-01,15,signal,145.036315272919,101.01398052696022,149.17053504673714,104.98931081204469,0.004237166694959648,0.003818133010747158,0.00437219435194367,0.0020331558067817933,0.001016577903390898,0.0013224606417709785
CNP,UGI,-1,2025-03-10,2025-03-11,2025-07-01,77,signal,33.68143074625843,30.248297450112855,35.54908272174437,34.107380315352415,0.019662040577778338,0.011155289826566502,0.008406466708265288,0.0020791278089537643,0.001039563904476948,0.005287774994834576
D,EVRG,-1,2025-03-10,2025-03-11,2025-03-12,1,signal,53.05355061108821,61.97552663675833,51.12489984791815,61.88957146115158,0.012411406230262115,0.00550560186142668,0.025439011545940006,0.0019749784227510963,0.000987489211375581,0.022476543911813328
CWEN,NEE,-1,2025-03-12,2025-03-13,2025-04-10,20,signal,27.210953765872997,70.11235173879241,25.59366589779108,63.854482611567704,0.01727797916648048,0.007557990179548206,-0.017428587609281114,0.0019248597082601423,0.0009624298541301437,-0.0203158771716714
PCG,POR,-1,2025-03-14,2025-03-17,2025-04-07,15,signal,16.55310061701573,42.09116395614156,15.879007126242517,39.41649077460037,0.040740260279503795,0.007727804044772749,0.008744570475412609,0.0019511764393517995,0.0009755882196759476,0.005817805816384861
PCG,PPL,-1,2025-03-14,2025-03-17,2025-04-07,15,signal,16.55310061701573,33.29137635847845,15.879007126242517,32.4247151390781,0.049792831851214144,0.005260345527985825,0.030966693170476685,0.001960606802159478,0.0009803034010797838,0.028025782967237425
PCG,TXNM,-1,2025-03-14,2025-03-17,2025-04-07,15,signal,16.55310061701573,51.23645441620278,15.879007126242517,47.8826177005281,0.05515336053189396,0.001682652102547731,0.03349073706459611,0.001955556137009934,0.000977778068505007,0.03055740285908117
CPK,DUK,1,2025-03-17,2025-03-18,2025-03-26,6,signal,123.1665318778033,113.62668179864673,120.00297080866027,110.50020833022415,0.0029388266472936317,0.005612749672280548,0.010223566731935245,0.0019726113669908747,0.000986305683495465,0.007264649681448906
EXC,NFG,1,2025-03-24,2025-03-25,2025-03-31,4,signal,41.177005964053016,75.29636618504964,42.91233546232179,76.14714173509903,0.0136856405547642,0.005798317513034278,0.02084498387631378,0.0020289548904407683,0.001014477445220414,0.017801551540652598
D,ES,1,2025-03-25,2025-03-26,2025-03-28,2,signal,49.81207920167582,55.82883254590066,51.29415010009626,57.53836644684023,0.013302120895567537,0.006049160867416537,0.011404155804923863,0.002030715113418367,0.001015357556709231,0.008358083134796265
D,EVRG,1,2025-03-25,2025-03-26,2025-03-31,3,signal,49.81207920167582,62.80791644113041,51.893094181009225,64.75508530615531,0.012878084136137226,0.0057126164977704666,0.01771456101288143,0.0020385040027502254,0.0010192520013751613,0.01465680500875604
D,EXC,1,2025-03-25,2025-03-26,2025-03-31,3,signal,49.81207920167582,40.57406765522658,51.893094181009225,42.99824604382794,0.018814634460375717,0.0015693880696026397,0.03739379994685739,0.0020447404457926066,0.0010223702228963428,0.03432668927816844
D,FE,1,2025-03-25,2025-03-26,2025-03-31,3,signal,49.81207920167582,35.82480431507043,51.893094181009225,38.07407088900608,0.0184544922063737,0.0022771945507411677,0.03532729190487578,0.0020452347727510888,0.0010226173863755882,0.0322594397457491
D,IDA,1,2025-03-25,2025-03-26,2025-03-31,3,signal,49.81207920167582,107.84030857203646,51.893094181009225,111.0289118507109,0.01495834404780578,0.002368154437423054,0.02561711573350697,0.0020396827075750447,0.0010198413537875644,0.02255759167214436
D,MDU,1,2025-03-25,2025-03-26,2025-03-31,3,signal,49.81207920167582,16.1431712801501,51.893094181009225,15.859449303383467,0.015610473726008694,0.01381162778958342,0.03843400465182535,0.0020297126546851784,0.001014856327342621,0.035389435669797555
D,NI,1,2025-03-25,2025-03-26,2025-03-31,3,signal,49.81207920167582,38.16784798117464,51.893094181009225,38.46544340836205,0.017872625963292917,0.00289526689014606,0.0383712348875195,0.002039650724878421,0.0010198253624392564,0.03531175880020183
D,NWE,1,2025-03-25,2025-03-26,2025-03-31,3,signal,49.81207920167582,51.5510137936859,51.893094181009225,53.430857292719985,0.01893091571772022,0.0011230781919072716,0.03932762218605871,0.0020433142429486027,0.0010216571214743408,0.03626265082163577
D,OGS,1,2025-03-25,2025-03-26,2025-03-31,3,signal,49.81207920167582,69.11946390253163,51.893094181009225,72.6450780577794,0.019851449350896225,0.00017554738139541592,0.04273617535635068,0.0020439242284216253,0.0010219621142108504,0.039670289013718205
D,ORA,1,2025-03-25,2025-03-26,2025-03-31,3,signal,49.81207920167582,70.2166482543713,51.893094181009225,69.42296793332355,0.018223408056980975,0.0013254382666765508,0.04101369899070403,0.002038539580596778,0.0010192697902984289,0.03795588961980882
D,OTTR,1,2025-03-25,2025-03-26,2025-03-31,3,signal,49.81207920167582,76.78590789686248,51.893094181009225,77.49815079375595,0.01825252364798918,0.001193193186833213,0.03917443769455355,0.0020405059443945337,0.0010202529721973072,0.03611367877796171
D,PNW,1,2025-03-25,2025-03-26,2025-03-31,3,signal,49.81207920167582,86.36196132661965,51.893094181009225,89.51197984688254,0.020007582331466708,5.062381062131916e-05,0.04352043415052056,0.002043821559515436,0.0010219107797577551,0.04045470181124737
D,POR,1,2025-03-25,2025-03-26,2025-03-31,3,signal,49.81207920167582,40.15253645422006,51.893094181009225,42.17129481506347,0.018140225587823085,0.0024208444640114284,0.03490726406178138,0.002044282887058997,0.0010221414435295422,0.03184083973119284
PCG,PNW,-1,2025-03-25,2025-03-26,2025-03-31,3,signal,16.77972270680531,86.53485814609236,16.778748872477433,89.33313473230336,0.024412587014858125,0.00682434199364649,0.02113962380866179,0.0020194535762769654,0.0010097267881385248,0.0181104434442463
PCG,SWX,-1,2025-03-26,2025-03-27,2025-04-17,15,signal,16.93736748074576,69.4486541058226,17.095148533106634,69.8251320269,0.027934724895982158,0.007587073891016296,0.000456165449051756,0.0020073699350009475,0.0010036849675005453,-0.002554889453449737
AEP,AES,-1,2025-03-31,2025-04-01,2025-04-07,4,signal,103.45336189401533,11.617352613425892,99.49916486658172,9.694068374691115,0.009270599335413184,0.003443578232049317,0.03198970769089167,0.001954911094823488,0.0009774555474118135,0.029057341048656368
AEP,AWK,-1,2025-03-31,2025-04-01,2025-04-14,9,signal,103.45336189401533,141.4197079551195,99.69005244131343,139.6761850001208,0.008592687821188704,0.0007797915455821675,0.03294213592703357,0.0019647770852740153,0.0009823885426370818,0.029994970299122476
AEP,AWR,-1,2025-03-31,2025-04-01,2025-04-14,9,signal,103.45336189401533,75.56657425277028,99.69005244131343,75.29069122781354,0.007383582923155248,0.003117969603777147,0.028896836033656358,0.0019703235101510667,0.000985161755075609,0.025941350768429683
AEP,CNP,-1,2025-03-31,2025-04-01,2025-04-14,9,signal,103.45336189401533,35.13209345460841,99.69005244131343,35.3611576760393,0.00857830618877751,0.003181384554952621,0.034978489671817214,0.001966927527267087,0.0009834637636336279,0.032028098380916505
AEP,CPK,-1,2025-03-31,2025-04-01,2025-04-14,9,signal,103.45336189401533,124.05706191420035,99.69005244131343,127.51886838688688,0.008448126139826545,0.0010097226499794297,0.03725861772735639,0.001970240362412123,0.0009851201812061435,0.03430325718373812
AEP,CWEN,-1,2025-03-31,2025-04-01,2025-04-14,9,signal,103.45336189401533,27.97662495783961,99.69005244131343,26.123255117857,0.009091723846166657,0.0020927320923767607,0.03229653642452812,0.0019601726760686304,0.0009800863380343956,0.029356277410425093
AEP,FE,-1,2025-03-31,2025-04-01,2025-04-15,10,signal,103.45336189401533,38.10235144189691,102.17156315708812,38.760031304265915,0.007982187031678299,0.004555170175834473,0.015218874011967769,0.001991473062535508,0.0009957365312678237,0.012231664418164437
AEP,IDA,-1,2025-03-31,2025-04-01,2025-04-03,2,signal,103.45336189401533,111.59651031557317,104.75807453288083,115.21400534287028,0.006355538759093056,0.003066241298530815,0.004818717347207855,0.0020187564430678368,0.0010093782215339574,0.0017905826826060604
AEP,MDU,-1,2025-03-31,2025-04-01,2025-04-07,4,signal,103.45336189401533,16.108451740402327,99.49916486658172,14.738170743478713,0.007299159096064494,0.015170029969305833,0.01002444640447422,0.001949336993752502,0.0009746684968763139,0.007100440913845405
AEP,NEE,-1,2025-03-31,2025-04-01,2025-04-07,4,signal,103.45336189401533,68.00515230959162,99.49916486658172,62.61179953046856,0.008756609235209696,0.0013717449004069756,0.029183432328572498,0.0019563782911664893,0.000978189145583311,0.0262488648918227
AEP,NJR,-1,2025-03-31,2025-04-01,2025-04-14,9,signal,103.45336189401533,46.773758994243124,99.69005244131343,46.00432645235515,0.009130154754468897,0.0011665475647353067,0.035425014319041964,0.0019629962848854462,0.0009814981424427997,0.03248051989171372
AEP,OGE,-1,2025-03-31,2025-04-01,2025-04-07,4,signal,103.45336189401533,43.469249534114795,99.49916486658172,40.475556434623215,0.007585288066496243,0.004939248612906434,0.017161223842603643,0.0019540948069679265,0.000977047403484024,0.014230081632151692
AEP,ORA,-1,2025-03-31,2025-04-01,2025-04-14,9,signal,103.45336189401533,70.31746726669408,99.69005244131343,69.45287590122038,0.00896074993144361,0.0010256967720515121,0.034798980472464394,0.0019637141248747022,0.0009818570624374264,0.03185340928515227
AEP,OTTR,-1,2025-03-31,2025-04-01,2025-04-07,4,signal,103.45336189401533,77.27665908643023,99.49916486658172,73.03791050953957,0.007826805515417546,0.0024544230956031537,0.02250247670930596,0.001957428009516363,0.0009787140047582367,0.01956633469503136
AEP,POR,-1,2025-03-31,2025-04-01,2025-04-07,4,signal,103.45336189401533,42.06728576717827,99.49916486658172,39.41649077460037,0.007512289444947071,0.005283737665728433,0.01765416192405276,0.001955194678030356,0.000977597339015245,0.01472136990700716
AEP,SR,-1,2025-03-31,2025-04-01,2025-04-14,9,signal,103.45336189401533,73.74860967762346,99.69005244131343,71.53276090759864,0.008203662302529313,0.0020421329112022307,0.028311094339908832,0.0019632321495406677,0.0009816160747704095,0.025366246115597756
AEP,SWX,-1,2025-03-31,2025-04-01,2025-04-07,4,signal,103.45336189401533,68.44476973893072,99.49916486658172,64.52002604467368,0.008605491934774412,0.0015918033262739548,0.02973858043576418,0.001958189874966385,0.0009790949374832603,0.02680129562331453
AEP,UGI,-1,2025-03-31,2025-04-01,2025-04-14,9,signal,103.45336189401533,31.84596345711899,99.69005244131343,30.03594732284546,0.009399734818912422,0.0008358678473053894,0.03582243175410403,0.0019612551469429308,0.000980627573471545,0.03288054903368955
AEP,VST,-1,2025-03-31,2025-04-01,2025-04-07,4,signal,103.45336189401533,117.63135441557881,99.49916486658172,91.96773697648229,0.009181230202695694,0.0004188450403520011,0.027506485208610997,0.0019511709147847238,0.0009755854573924297,0.024579728836433844
NWE,SR,-1,2025-04-02,2025-04-03,2025-05-12,26,signal,55.294206549566205,73.64499499116636,52.82924770588586,70.54552352412772,0.009210697610455572,0.006662804008234449,0.0040094292332516525,0.001956609615887151,0.0009783048079436165,0.001074514809420885
AEP,NRG,-1,2025-04-03,2025-04-04,2025-04-14,6,signal,104.89166571588409,89.3819709780973,99.69005244131343,95.5260405851067,0.008002411647954299,0.0017893234812761875,0.05458724063354156,0.0019680619585463275,0.000984030979273212,0.05163514769572202
EXC,NFG,-1,2025-04-03,2025-04-04,2025-04-28,15,signal,45.496730530694265,74.536904842219,43.99423058197883,75.33671592220763,0.012971776954050976,0.005495868548269361,0.02587031914312716,0.0019845683758506873,0.0009922841879254252,0.022893466579351048
AEE,AWK,1,2025-04-04,2025-04-07,2025-04-15,6,signal,90.42947013300557,139.42629326130194,95.06422098923223,144.1356230123826,0.00822551197271845,0.0018408111980764879,0.03150200774725746,0.00204779603002205,0.0010238980150110394,0.02843031370222437
AEP,ETR,-1,2025-04-04,2025-04-07,2025-04-08,1,signal,99.30036533637877,73.83274936963973,97.61894381553478,78.5110550069948,0.005692664740847746,0.0058860683928278045,0.03912633673635722,0.002017740786122214,0.001008870393061191,0.03609972555717382
ATO,ED,1,2025-04-04,2025-04-07,2025-04-10,3,signal,139.9355862718399,101.78420634520434,143.925478194567,101.45441152961291,0.004317679675104566,0.0038906836771277426,0.02052658141475463,0.002016378848308991,0.0010081894241545605,0.017502013142291075
D,EXC,1,2025-04-04,2025-04-07,2025-04-15,6,signal,48.30233766608739,42.59046571870118,50.80750412563932,44.13651098361584,0.019301201924652796,0.001609974198187888,0.047916245885102036,0.0020526151801658586,0.0010263075900829837,0.044837323114853195
D,FE,1,2025-04-04,2025-04-07,2025-04-15,6,signal,48.30233766608739,36.83143940951895,50.80750412563932,38.837628964534716,0.018938155291618443,0.0023368762222711814,0.044808846404133774,0.0020538316302704937,0.0010269158151352993,0.04172809895872798
D,IDA,1,2025-04-04,2025-04-07,2025-04-15,6,signal,48.30233766608739,108.2339704228164,50.80750412563932,115.08869679226625,0.015289006850767216,0.002420503854017649,0.023765483759211378,0.0020558681922994418,0.0010279340961497662,0.02068168147076217
D,NWE,1,2025-04-04,2025-04-07,2025-04-15,6,signal,48.30233766608739,51.5791602632023,50.80750412563932,53.92907036373916,0.019486687647911567,0.001156049409136233,0.04815412753169607,0.002053343411632027,0.0010266717058160638,0.045074112414247976
D,OGS,1,2025-04-04,2025-04-07,2025-04-15,6,signal,48.30233766608739,69.46130506925203,50.80750412563932,72.39768891952772,0.02046289176262369,0.00018095439789862194,0.05278539529697426,0.0020537967594337994,0.0010268983797169513,0.049704700157823516
D,PNW,1,2025-04-04,2025-04-07,2025-04-15,6,signal,48.30233766608739,84.82450379465693,50.80750412563932,88.87875259590622,0.02063177633703427,5.2203165818029644e-05,0.05352832293494134,0.0020539334768650786,0.0010269667384325903,0.05044742271964368
PCG,VST,-1,2025-04-04,2025-04-07,2025-04-10,3,signal,15.847280838277998,92.15185657002878,16.43269706405065,112.78106343874052,0.014773395452016908,0.008316849783229335,0.16510287555983208,0.0021814462929603817,0.001090723146480258,0.16183070612039144
SO,WTRG,1,2025-04-04,2025-04-07,2025-04-11,4,signal,83.65745650261107,36.45117800275906,84.16584905495468,36.69495728555757,0.0077529721030548645,0.009648576116171143,0.003596319366576347,0.002006889056482563,0.0010034445282413507,0.0005859857818524335
AEP,AVA,1,2025-04-07,2025-04-08,2025-04-14,4,signal,97.61894381553478,37.39631945106821,99.49087151735478,37.684933805582176,0.007516253562344349,0.007132714159748928,0.014028354062365297,0.0020170744982582326,0.0010085372491291681,0.011002742314977897
AEP,EXC,1,2025-04-07,2025-04-08,2025-04-15,5,signal,97.61894381553478,42.14553363367917,101.96742416976129,44.13651098361584,0.00798486572744759,0.005245709640932181,0.026324249894431568,0.0020463072269295466,0.0010231536134648563,0.023254789054037165
AEP,IDA,1,2025-04-07,2025-04-08,2025-04-15,5,signal,97.61894381553478,110.81667430572345,101.96742416976129,115.08869679226625,0.00662082202841694,0.0031942276970161327,0.017187738173343167,0.0020430362027327167,0.0010215181013664286,0.014123183869244021
D,ES,1,2025-04-07,2025-04-08,2025-04-14,4,signal,47.94600821150486,53.28130218755067,49.600252192040756,53.62432080934228,0.013859606243370775,0.006302678225781033,0.02279100149507433,0.0020257672929838953,0.0010128836464920101,0.019752350555598423
D,EVRG,1,2025-04-07,2025-04-08,2025-04-15,5,signal,47.94600821150486,61.94636890170359,50.80750412563932,64.27126529894758,0.013261801486372021,0.005882830486300095,0.026323812111013128,0.002052192746893497,0.0010260963734467859,0.023245522990672847
D,MDU,1,2025-04-07,2025-04-08,2025-04-15,5,signal,47.94600821150486,15.426334158040952,50.80750412563932,16.00310431490445,0.016244187909495396,0.014372317015350817,0.04024907850557096,0.0020559247135533494,0.0010279623567766912,0.03716519143524092
D,NEE,1,2025-04-07,2025-04-08,2025-04-15,5,signal,47.94600821150486,63.500792316004215,50.80750412563932,64.99759703003257,0.017107420348120864,0.0028410087990765782,0.04675490772058648,0.0020545296561117737,0.0010272648280559222,0.04367311323641878
D,NI,1,2025-04-07,2025-04-08,2025-04-15,5,signal,47.94600821150486,36.46916015149416,50.80750412563932,37.91730965958559,0.018583275472550495,0.0030103881934664435,0.05087562140414297,0.002059146749737323,0.0010295733748686955,0.04778690127953695
D,ORA,1,2025-04-07,2025-04-08,2025-04-15,5,signal,47.94600821150486,68.67919711320529,50.80750412563932,70.26776805383467,0.018904186320413265,0.001374953130123243,0.05396799565834764,0.002057954329689748,0.0010289771648449046,0.05088106416381299
D,OTTR,1,2025-04-07,2025-04-08,2025-04-15,5,signal,47.94600821150486,73.27817033882813,50.80750412563932,77.25740727138385,0.018977779938924452,0.0012406042123845882,0.05142911058010794,0.002060928926137684,0.0010304644630688697,0.04833771719090139
D,POR,1,2025-04-07,2025-04-08,2025-04-15,5,signal,47.94600821150486,39.6335322934123,50.80750412563932,40.97045309236883,0.01879961878830884,0.0025088416265204904,0.05249971331770539,0.0020588035194574173,0.0010294017597287397,0.049411508038519236
D,WEC,1,2025-04-07,2025-04-08,2025-04-30,15,signal,47.94600821150486,99.7351222255719,50.835585157566065,104.33193619815887,0.010957752351218522,0.004759298594655964,0.01183931043577998,0.0020536521406790504,0.0010268260703395616,0.008758832224761367
D,XEL,1,2025-04-07,2025-04-08,2025-04-28,13,signal,47.94600821150486,64.22341274824296,49.55346346789034,66.02383426249126,0.011983219014140461,0.006626873465966988,0.009362821743319776,0.0020314989109494453,0.0010157494554748022,0.006315573376895528
ES,WEC,1,2025-04-07,2025-04-08,2025-05-06,19,signal,53.38797146119941,99.7351222255719,55.932625120027026,104.15109523539157,0.007245699990277629,0.00614567522032402,-0.006656222845263033,0.0020451160637781985,0.0010225580318891647,-0.009723896940930395
SRE,UGI,1,2025-04-07,2025-04-08,2025-04-14,4,signal,63.51102529088289,29.24725765393139,66.59905429921633,30.09607934951782,0.014536302684060878,0.0026542351390221384,0.0446844273450429,0.002048875353937483,0.0010244376769688334,0.04161111431413659
DTE,PEG,1,2025-04-09,2025-04-10,2025-04-22,7,signal,124.75760187849502,77.1652415622142,127.63469447015783,77.50072794074131,0.0036394170812383024,0.007073939306998057,0.010110398268400808,0.002012668626024369,0.0010063343130122177,0.00709139532936422
PCG,PNW,-1,2025-04-09,2025-04-10,2025-04-15,3,signal,16.399864502484117,85.33456885314884,16.92706078202939,88.70117267063969,0.02484654700778087,0.006945652013000964,0.012321114475152934,0.0020368630352696373,0.0010184315176348792,0.009265819922248416
FE,POR,-1,2025-04-10,2025-04-11,2025-05-13,21,signal,37.76280462400615,39.50485589038831,39.73742746153383,40.15254151388506,0.013989379627578012,0.011939397465162488,-0.01785554876308952,0.0020352236409711677,0.0010176118204856402,-0.020908384224546328
AWK,NEE,-1,2025-04-11,2025-04-14,2025-04-30,11,signal,139.6761850001208,63.67581409520959,141.56416163705282,64.05522295020887,0.003855361044531173,0.007246390199025258,-0.0025196174788074416,0.0020098694919150526,0.0010049347459575885,-0.005534421716680083
ATO,ED,-1,2025-04-22,2025-04-23,2025-05-23,22,signal,155.14969262842163,106.93302217004982,151.43395552930932,100.10076226246309,0.0039750898601648745,0.003581974207867777,-0.007742310419936782,0.001960279484768154,0.0009801397423841252,-0.010682729647089061
ATO,FE,-1,2025-04-22,2025-04-23,2025-05-13,14,signal,155.14969262842163,40.27047117069382,150.41769186564042,39.65803200207023,0.005235454071034757,0.004645953233364384,0.023899960916775858,0.001971151994839143,0.0009855759974196376,0.020943232924517077
AEP,SRE,1,2025-04-24,2025-04-25,2025-06-10,31,signal,101.90432375881458,71.74871678685791,97.60099259841562,72.26850985463004,0.005980250208313739,0.0054468466226637365,-0.026588725318580378,0.001977504865517195,0.0009887524327586463,-0.02955498261685622
SRE,UGI,-1,2025-04-24,2025-04-25,2025-06-05,28,signal,71.74871678685791,30.6887780696811,73.73451930834973,33.45360695939805,0.01291680723069478,0.0023585257118564373,-0.01709886506167127,0.0020304432813852804,0.0010152216406926354,-0.020144529983749184
CWEN,NEE,-1,2025-04-28,2025-04-29,2025-05-05,4,signal,27.23860697855818,63.26396028300415,26.60041848879809,64.04566394259186,0.018210926710101473,0.007966093945896098,0.019843767421872258,0.0019946388174944723,0.0009973194087472808,0.016851809195630507
EVRG,OTTR,-1,2025-04-28,2025-04-29,2025-05-09,8,signal,65.28843127607715,74.84040682306542,63.55977467122223,73.75867410244327,0.0098122111854439,0.004798124560174676,0.013748951795967357,0.001977296456380187,0.0009886482281901668,0.010783007111397003
AEP,EIX,-1,2025-04-30,2025-05-01,2025-05-12,7,signal,102.75800685896219,50.1900383762136,99.3178450352931,53.22094624770133,0.007299659430948414,0.0049691105165274915,0.04216191355014978,0.001988987671179421,0.0009944938355897722,0.03917843204338059
PCG,PNW,1,2025-04-30,2025-05-01,2025-05-08,5,signal,16.49201901076468,87.72021490462319,16.982045777057674,89.37715310503363,0.024377419740671383,0.006814511265510689,0.002677210147499545,0.0020228460143632407,0.0010114230071817099,-0.00035705887404540565
PCG,VST,1,2025-05-06,2025-05-07,2025-07-17,48,signal,16.798526819435374,136.601769025479,12.989169205730631,185.63265841547877,0.010665502634237971,0.006004265137266322,-0.3327710245591489,0.0022521489181103376,0.001126074459055223,-0.33614924793631445
PCG,SWX,1,2025-05-07,2025-05-08,2025-05-27,12,signal,17.01604386670143,73.02155911269249,17.0215179105638,69.14137981436515,0.027135893582796423,0.00737011123173951,0.0307173231439345,0.0019714270444522236,0.0009857135222261391,0.027760182577256137
AEP,NRG,1,2025-05-08,2025-05-09,2025-06-11,22,signal,100.56003018598948,118.35111668291795,97.76436236641727,148.42984830142524,0.007877170539763995,0.0017613198161856459,-0.07296816953833823,0.002032048694368792,0.0010160243471844614,-0.0760162425798915
ES,WEC,-1,2025-05-08,2025-05-09,2025-06-18,27,signal,59.376522297945506,102.79007256233159,60.60799835327884,100.05648908314377,0.006824373793626596,0.00578831375491612,-0.022233955244962043,0.0019929365273276874,0.0009964682636638827,-0.025223360035953615
EXC,NFG,1,2025-05-08,2025-05-09,2025-07-02,36,signal,42.82749825995157,78.908952518728,41.213240694118,81.7448455409248,0.01311471291398455,0.005556427502481898,-0.03493316211454923,0.0019947964132163484,0.000997398206608227,-0.037925356734373805
CWEN,NEE,1,2025-05-09,2025-05-12,2025-05-22,8,signal,26.812852703556292,67.78325306242975,27.08190154837459,65.99373745437437,0.017709614171171742,0.007746802371944797,0.020618594821740863,0.0019908198296937005,0.0009954099148469253,0.017632365077200236
AEP,AES,1,2025-05-12,2025-05-13,2025-05-20,5,signal,97.24751667251086,11.21974177663631,99.59990459970084,10.61188846942293,0.009869512390875818,0.0036660453979857196,0.027468190894251152,0.002022851279142948,0.0010114256395715156,0.024433913975536688
AEP,AWR,1,2025-05-12,2025-05-13,2025-06-02,13,signal,97.24751667251086,75.05052821360616,98.86953750632786,75.82770312577912,0.007759472807450702,0.0032767019219210997,0.012055616019935309,0.0020161599951997763,0.0010080799975999374,0.009031376027135595
AEP,CNP,1,2025-05-12,2025-05-13,2025-05-20,5,signal,97.24751667251086,35.6121555233175,99.59990459970084,36.629270994355274,0.009060363179140508,0.0033601621166295535,0.01992208803887522,0.0020262719543274205,0.0010131359771637536,0.016882680107384047
AEP,CWEN,1,2025-05-12,2025-05-13,2025-05-20,5,signal,97.24751667251086,26.27995622553706,99.59990459970084,28.152111961736118,0.009689402408116315,0.0022303056844348835,0.020646508341254536,0.0020287546753083308,0.0010143773376542092,0.017603376328291995
AEP,EIX,1,2025-05-12,2025-05-13,2025-05-30,12,signal,97.24751667251086,52.6990810903084,98.71577711100805,51.91750206536017,0.007515394269313335,0.005115968087656835,0.01704106299198181,0.0020079735570234063,0.001003986778511757,0.014029102656446645
AEP,ETR,1,2025-05-12,2025-05-13,2025-06-12,21,signal,97.24751667251086,78.84778640204263,98.20643733875754,79.78183602953919,0.005594138006198902,0.0057841942925485855,0.00197255294150441,0.002010942921847017,0.0010054714609235614,-0.0010438614412661687
AEP,FE,1,2025-05-12,2025-05-13,2025-06-02,13,signal,97.24751667251086,39.65803200207023,98.86953750632786,39.6136073540612,0.008346928539338288,0.004763316092609909,0.015765087307054476,0.0020145866770961123,0.0010072933385481195,0.012743207291410244
AEP,MDU,1,2025-05-12,2025-05-13,2025-06-02,13,signal,97.24751667251086,16.00936340028452,98.86953750632786,16.443646557532293,0.007665399560247788,0.01593119693998176,0.007535125689340645,0.002020338408918367,0.00101016920445921,0.004504618075963068
AEP,NEE,1,2025-05-12,2025-05-13,2025-06-02,13,signal,97.24751667251086,66.98029648000902,98.86953750632786,67.34846052383867,0.009289061522806272,0.0014551548928597381,0.016548544685335204,0.0020172290784892725,0.0010086145392446825,0.013522701067601249
AEP,NI,1,2025-05-12,2025-05-13,2025-06-16,23,signal,97.24751667251086,36.99868662528122,98.98485586710974,38.47703452571039,0.0063574469867000915,0.010324402286007787,-0.002191240192882863,0.002026776422244137,0.001013388211122106,-0.005231404826249106
AEP,OGE,1,2025-05-12,2025-05-13,2025-05-20,5,signal,97.24751667251086,41.572579140980444,99.59990459970084,42.62121452659177,0.008048423652461903,0.005240824740340859,0.015462872181454597,0.0020255718210016515,0.0010127859105008743,0.01242451444995207
AEP,ORA,1,2025-05-12,2025-05-13,2025-05-20,5,signal,97.24751667251086,73.67837402467981,99.59990459970084,74.4619527367123,0.009470374897872755,0.0010840312515339701,0.023453402838190848,0.002024831074351898,0.0010124155371759895,0.02041615622666296
AEP,OTTR,1,2025-05-12,2025-05-13,2025-05-20,5,signal,97.24751667251086,75.42125337279076,99.59990459970084,77.23225190188435,0.008276395980861634,0.002595411040145183,0.01679441100350434,0.0020254025935779645,0.001012701296789033,0.013756307113137346
AEP,POR,1,2025-05-12,2025-05-13,2025-05-20,5,signal,97.24751667251086,40.15254151388506,99.59990459970084,40.44094904234019,0.007973225305745051,0.0056079349942567405,0.01916023933546671,0.0020214910568970394,0.001010745528448573,0.016128002750121096
AEP,PPL,1,2025-05-12,2025-05-13,2025-05-20,5,signal,97.24751667251086,32.910515290278674,99.59990459970084,33.32000778253068,0.006512212103260306,0.011150505218745535,0.012773629685214605,0.002020428726097708,0.001010214363048885,0.009742986596068013
AEP,UGI,1,2025-05-12,2025-05-13,2025-05-20,5,signal,97.24751667251086,32.439568754642586,99.59990459970084,33.82163447510581,0.009996208418548404,0.0008889090355205173,0.024313081639892938,0.002026652345027763,0.0010133261725139256,0.02127310312235125
AEP,VST,1,2025-05-12,2025-05-13,2025-06-13,22,signal,97.24751667251086,143.08296633195192,99.17706046284668,170.56946040080726,0.00964466141372388,0.0004399866368481315,0.008548566421388858,0.0020324599647481506,0.001016229982374118,0.0054998764742665894
AEP,WTRG,1,2025-05-12,2025-05-13,2025-05-19,4,signal,97.24751667251086,36.96758346182004,98.67732929767357,37.09901125378484,0.007829747632411063,0.00646776959396439,0.012358127466210345,0.002013100126222949,0.0010065500631115465,0.00933847727687585
AWK,NEE,1,2025-05-12,2025-05-13,2025-05-23,8,signal,133.22012004895944,66.98029648000902,138.65886643743542,64.18346298765906,0.0038594142871810114,0.0072540085199744005,0.04327942945144421,0.0020007999529495224,0.001000399976474837,0.04027822952201985
CMS,CWEN,1,2025-05-12,2025-05-13,2025-05-20,5,signal,67.42327695553266,26.27995622553706,69.00034506184865,28.152111961736118,0.0127194116027239,0.0054463197326822255,0.01189471418359298,0.0020316945425467013,0.001015847271273367,0.008847172369772912
PCG,PNW,-1,2025-05-12,2025-05-13,2025-05-28,10,signal,16.991915779245375,85.8658016271865,16.966609209613537,86.70364530908707,0.024397361645578243,0.00682008586434392,0.008337024580572599,0.002005445197795744,0.0010027225988979524,0.005328856783878903
AEP,AWK,1,2025-05-13,2025-05-14,2025-05-20,4,signal,95.5912562863427,129.69536969024486,99.59990459970084,138.74268567050188,0.009321621389137853,0.000845942701705416,0.03176020401009172,0.0020466130742823477,0.0010233065371412099,0.028690284398668164
AEP,EXC,1,2025-05-13,2025-05-14,2025-05-19,3,signal,95.5912562863427,40.75478048122933,98.67732929767357,41.98481043860423,0.008176836825530163,0.005371826306429822,0.020659794058129177,0.0020329858955273937,0.0010164929477637524,0.01761031521483803
AEP,NJR,1,2025-05-13,2025-05-14,2025-05-19,3,signal,95.5912562863427,43.83359417442852,98.67732929767357,44.417426745692204,0.009891008413808364,0.0012637608110921625,0.031819621612847696,0.002033072215949387,0.0010165361079747456,0.028770013288923563
AEP,SR,1,2025-05-13,2025-05-14,2025-05-19,3,signal,95.5912562863427,67.18890383428987,98.67732929767357,69.07573643568887,0.008909654519627741,0.0022178751453925416,0.02534419450776144,0.002033109284615363,0.0010165546423077342,0.022294530580838343
AEP,SWX,1,2025-05-13,2025-05-14,2025-05-19,3,signal,95.5912562863427,65.01618699281784,98.67732929767357,66.45907615935573,0.009299368235771353,0.0017201532930534603,0.028249299753664345,0.0020327609701541512,0.0010163804850771324,0.02520015829843306
AWK,CWEN,1,2025-05-13,2025-05-14,2025-06-24,27,signal,129.95502008001512,26.722409085727467,138.1657367734251,29.70173146820476,0.0042108813103622555,0.01694713191007554,-0.013831377744067154,0.0020852382054565993,0.0010426191027283612,-0.016959235052252115
D,ES,1,2025-05-13,2025-05-14,2025-05-19,3,signal,50.2246807354327,58.923628253737746,51.865012807079495,60.14855899785806,0.012987528547121815,0.0059060994910881464,0.016098457855042506,0.0020291610922374918,0.0010145805461187762,0.013054716216686238
EVRG,OTTR,1,2025-05-13,2025-05-14,2025-05-21,5,signal,61.254547235321056,75.11373000599272,63.508519065115834,76.08822865517257,0.010208208945845567,0.004991765579925256,0.020172938937255566,0.002028392355320238,0.0010141961776601338,0.017130350404275192
SO,WTRG,1,2025-05-13,2025-05-14,2025-05-19,3,signal,81.22638652029833,35.74520177313331,84.96979104977925,37.09901125378484,0.007957051965424301,0.009902553566325177,0.01842408723489665,0.002043793766962943,0.0010218968834815431,0.015358396584452164
AEP,AVA,1,2025-05-14,2025-05-15,2025-05-19,2,signal,95.68754684278692,35.37088698031179,98.67732929767357,36.47690244619588,0.007740445178278347,0.00734546572543329,0.017050291683898128,0.002032243193320275,0.00101612159666017,0.01400192689391768
AEP,CPK,1,2025-05-14,2025-05-15,2025-05-19,2,signal,95.68754684278692,113.09569295653547,98.67732929767357,119.08162493833566,0.00916399462530946,0.0010952834728453404,0.02287753951508307,0.0020354815368993804,0.0010177407684497225,0.019824317209733964
AEP,IDA,1,2025-05-14,2025-05-15,2025-06-13,20,signal,95.68754684278692,108.17089528120995,99.17706046284668,111.29485308794126,0.006764460899753975,0.003263526533206508,0.015443961004926534,0.002034401753758533,0.0010172008768793122,0.01239235837428869
PCG,POR,-1,2025-05-16,2025-05-19,2025-05-23,4,signal,17.495158355153023,40.195099650754884,16.936946576167735,39.53916520605648,0.03979394747788277,0.007548302984990215,0.01923432528654103,0.0019720669989398,0.0009860334994699414,0.016276224788131288
PCG,PPL,-1,2025-05-16,2025-05-19,2025-05-23,4,signal,17.495158355153023,33.14820430411245,16.936946576167735,32.958140678788666,0.047593885124198446,0.005028038604445102,0.02758299052282034,0.0019711704842488176,0.0009855852421244713,0.02462623479644705
PCG,TXNM,-1,2025-05-16,2025-05-19,2025-05-22,3,signal,17.495158355153023,55.278545543233925,16.976497096575883,54.20446705574593,0.05209023105043002,0.001589200294486449,0.02727991316052048,0.0019696542129479123,0.000984827106474049,0.024325431841098522
D,EVRG,-1,2025-05-20,2025-05-21,2025-06-10,13,signal,53.970691745562924,63.635663247428376,52.81590873147755,64.3882215237511,0.012161781697521357,0.005394870388568728,0.020093580967702473,0.001989407681784634,0.0009947038408923674,0.01710946944502547
D,EXC,-1,2025-05-20,2025-05-21,2025-06-12,15,signal,53.970691745562924,42.24320414858234,52.74946868956635,41.098628718428664,0.017377754115481266,0.0014495333429284099,0.021538398748967246,0.001975385011206551,0.0009876925056033184,0.01857532123215738
D,FE,-1,2025-05-20,2025-05-21,2025-06-16,17,signal,53.970691745562924,40.642279850197156,52.89182903294385,38.422281353752325,0.016939171061992143,0.002090211294089068,0.015610213879916814,0.0019754397685872453,0.0009877198842936938,0.012647054227035876
D,IDA,-1,2025-05-20,2025-05-21,2025-06-17,18,signal,53.970691745562924,113.55292228202144,51.82886524518621,109.40890615214487,0.013891962156949574,0.0021993284631876804,0.022600272401328107,0.0019601523376894334,0.0009800761688447742,0.0196600438947939
D,MDU,-1,2025-05-20,2025-05-21,2025-06-17,18,signal,53.970691745562924,16.77884020118364,51.82886524518621,15.49818597579684,0.014523221762141979,0.012849663425017005,0.016601561433766263,0.0019513159528090009,0.0009756579764045625,0.0136745875045527
D,NEE,-1,2025-05-20,2025-05-21,2025-06-09,12,signal,53.970691745562924,70.94566119181877,52.9202994777977,69.60373522504348,0.015198767817120729,0.0025240411602036146,0.014556970196489442,0.001979378375913738,0.0009896891879569395,0.011587902632618764
D,NI,-1,2025-05-20,2025-05-21,2025-06-11,14,signal,53.970691745562924,38.20586352407508,52.65455696901213,38.380822775629696,0.016609178755258892,0.002690595406706453,0.024307708238143814,0.001977045909805253,0.0009885229549027037,0.021342139373435858
D,NWE,-1,2025-05-20,2025-05-21,2025-06-12,15,signal,53.970691745562924,52.4908405940335,52.74946868956635,49.449567810685,0.017502213852537002,0.0010383203317250202,0.020189997781409497,0.0019737060589813706,0.000986853029490722,0.017229438692937405
D,OGS,-1,2025-05-20,2025-05-21,2025-06-11,14,signal,53.970691745562924,72.836553446475,52.65455696901213,71.34966939803441,0.018292179766884478,0.00016175868075576092,0.025808214926584007,0.00197375739858103,0.0009868786992905927,0.022847578828712384
D,ORA,-1,2025-05-20,2025-05-21,2025-06-09,12,signal,53.970691745562924,72.97041458166798,52.9202994777977,77.72264598803794,0.016855802228853228,0.001225968557571508,0.025517794490684732,0.0019865038800040485,0.000993251940002111,0.02253803867067857
D,OTTR,-1,2025-05-20,2025-05-21,2025-06-11,14,signal,53.970691745562924,76.08822865517257,52.65455696901213,77.40692225666746,0.016950950450917466,0.0011081075131553276,0.02574850385764777,0.001977514186239541,0.0009887570931198459,0.022782232578288385
D,PNW,-1,2025-05-20,2025-05-21,2025-06-11,14,signal,53.970691745562924,88.21306348798471,52.65455696901213,85.40858304892005,0.018433963655260757,4.66421914264236e-05,0.026104423680906298,0.001973650158034686,0.0009868250790174206,0.02314394844385419
D,POR,-1,2025-05-20,2025-05-21,2025-06-12,15,signal,53.970691745562924,40.3842167471355,52.74946868956635,38.83142002522009,0.016832558249955883,0.002246333997186287,0.019042545296598157,0.0019743371375046774,0.000987168568752375,0.016081039590341104
D,WEC,-1,2025-05-20,2025-05-21,2025-06-17,18,signal,53.970691745562924,102.96411212998886,51.82886524518621,99.98942206917425,0.010131649367856746,0.004400495927673114,0.010575154400505613,0.0019650307906094048,0.0009825153953047657,0.007627608214591441
D,XEL,-1,2025-05-20,2025-05-21,2025-06-18,19,signal,53.970691745562924,68.68924981050174,51.268914099754106,63.210013647485475,0.010872779477112446,0.006012786191520269,-0.0016323155377007785,0.0019373274642906055,0.0009686637321453539,-0.004538306734136738
SO,WTRG,-1,2025-05-20,2025-05-21,2025-08-06,52,signal,87.02304138932038,37.61573513177927,91.06201356360081,36.26089458794981,0.007469588734255842,0.009295905428392322,-0.040746999080508745,0.0020169315364594793,0.0010084657682297756,-0.043772396385198004
AEE,AWK,1,2025-05-22,2025-05-23,2025-06-03,6,signal,92.3384056919621,138.65886643743542,93.16869330596924,137.81258217517296,0.008109767873301501,0.001814908490132634,0.01027556847697852,0.0020062001666574293,0.0010031000833287764,0.007266268226992315
CMS,WTRG,1,2025-05-22,2025-05-23,2025-06-04,7,signal,67.37509179147256,37.09173156072292,68.2310009669473,35.82633364649465,0.010373333114259987,0.008128284355747115,0.021163552167501334,0.0019994071047335013,0.0009997035523668352,0.018164441510401
NWE,SR,1,2025-05-23,2025-05-27,2025-07-03,26,signal,52.10542829526843,70.57373173030997,49.59183857734622,70.19169036347753,0.009694067791604493,0.007012462732972536,-0.019714905517549335,0.0019729527609022007,0.0009864763804511684,-0.022674334658902704
CMS,CWEN,1,2025-05-28,2025-05-29,2025-06-13,11,signal,66.11278470147029,28.39083198581431,68.21178171498845,29.561184982124164,0.012785178895691226,0.0054744806033766155,0.022463620810108064,0.0020346432681588103,0.0010173216340794622,0.019411655907869793
CPK,DUK,1,2025-05-30,2025-06-02,2025-06-17,11,signal,118.09428731383903,111.96181266928319,114.70052297624534,110.85326300158101,0.0030118501697540406,0.005752214431842285,-0.001862072978593479,0.00198282132072286,0.0009914106603615238,-0.004836304959677863
DTE,PEG,1,2025-06-03,2025-06-04,2025-07-07,21,signal,130.22530752050343,77.74521425570342,127.49241400421406,79.21860329234931,0.0035541662095122436,0.006908237086285934,-0.017891381583630607,0.0020002969916445056,0.0010001484958222652,-0.020891827071097376
PCG,POR,1,2025-06-04,2025-06-05,2025-07-23,32,signal,15.819682944783395,38.94466226360701,13.552625454211254,39.19281371766963,0.043106272032315485,0.00817660027405351,-0.09784850037371037,0.0019049317750860332,0.0009524658875430554,-0.10070589803633946
PCG,PPL,1,2025-06-04,2025-06-05,2025-07-25,34,signal,15.819682944783395,32.58665165275302,13.750329122409623,35.26458066302518,0.0519482407852716,0.005488052917296991,-0.12028754577893638,0.0019083609727968442,0.0009541804863984766,-0.1231500872381317
PCG,TXNM,1,2025-06-04,2025-06-05,2025-07-23,32,signal,15.819682944783395,54.54174010939708,13.552625454211254,55.22061190712915,0.05724250115885216,0.001746388869166626,-0.12908471211974,0.0018729030626706224,0.0009364515313353525,-0.13189406671374598
PCG,PNW,1,2025-06-09,2025-06-10,2025-07-25,31,signal,14.484895492123531,85.23717042996165,13.750329122409623,87.49745076639995,0.026094916285214473,0.007294623585673012,-0.03365954597112848,0.00199679620490561,0.0009983981024528858,-0.036654740278486975
PCG,SWX,1,2025-06-09,2025-06-10,2025-07-29,33,signal,14.484895492123531,68.85879501976456,13.839297226545986,75.64448058862378,0.030128466876942542,0.008182894417953536,-0.07294168791586626,0.0020357466078043582,0.001017873303902269,-0.07599530782757288
FE,POR,1,2025-06-10,2025-06-11,2025-06-25,9,signal,38.184885929103864,39.161701911926556,38.35574842448789,38.50320254294696,0.013965855878185393,0.011919320849805244,0.01222978685674362,0.001994680612961041,0.0009973403064805555,0.009237765937302023
ATO,ED,1,2025-06-13,2025-06-16,2025-06-20,3,signal,149.51222441206733,99.7363295075756,147.95077820343118,96.73613782899182,0.004178405353238564,0.0037651828592112388,0.00675459760903173,0.0019826825234391656,0.0009913412617196045,0.0037805738238729596
SRE,UGI,1,2025-06-13,2025-06-16,2025-06-24,5,signal,72.17205220506285,34.19276194234443,72.95190458182613,34.6699989468053,0.012763310325330814,0.0023304981666956636,0.010854055416773024,0.0020127574881719477,0.0010063787440860725,0.007834919184515003
ATO,ED,-1,2025-06-23,2025-06-24,2025-07-02,6,signal,151.42808242831663,96.73613631370985,148.85040610140913,96.28393807169667,0.004190025767660591,0.003775654075261361,0.011080148810170854,0.001986962715022845,0.000993481357511524,0.008099704737636486
AWK,CWEN,1,2025-06-26,2025-06-27,2025-07-02,3,signal,133.423583909935,30.072524514399603,137.33418167640016,29.3925339555072,0.0039301770629793795,0.015817408330261122,0.028129767175922853,0.0020047372008994307,0.0010023686004497533,0.025122661374573668
AEP,PPL,-1,2025-06-27,2025-06-30,2025-07-17,12,signal,98.26410139743432,32.118188776606004,101.28224575134324,33.77291033587135,0.006523082931996405,0.011169118745244967,0.0008317793777165954,0.002037603713249634,0.0010188018566248814,-0.00222462619215792
D,WEC,-1,2025-06-27,2025-06-30,2025-07-22,15,signal,52.57777050010699,98.94153585196885,54.87538924884887,104.12850382084666,0.01046452986413466,0.004545076460919758,0.0015790832417929418,0.002047417235506707,0.0010237086177533892,-0.0014920426114671545
AEP,AVA,-1,2025-06-30,2025-07-01,2025-08-29,42,signal,100.04197198432568,35.498158586726504,108.25325596557576,34.80937837831566,0.007474108596486832,0.007092719767297872,-0.06420192458285025,0.00205542860912474,0.0010277143045624702,-0.06728506749653745
AEP,AWK,-1,2025-06-30,2025-07-01,2025-08-19,34,signal,100.04197198432568,135.03189493013096,107.47654678985127,138.98541090454898,0.00889805609092182,0.0008075038982222518,-0.06089306350115853,0.0020677205695358103,0.0010338602847680006,-0.06399464435546234
AEP,AWR,-1,2025-06-30,2025-07-01,2025-08-29,42,signal,100.04197198432568,74.03634018857969,108.25325596557576,72.38153065339887,0.007611783826378516,0.0032143352147833257,-0.06576556256499216,0.002056068599979083,0.0010280342999896448,-0.0688496654649609
AEP,CPK,-1,2025-06-30,2025-07-01,2025-08-19,34,signal,100.04197198432568,116.36129419189157,107.47654678985127,120.21935426678411,0.008769179199447415,0.0010480950109952234,-0.059083838232892254,0.0020676669918437965,0.0010338334959219854,-0.06218533872065804
AEP,EXC,-1,2025-06-30,2025-07-01,2025-08-19,34,signal,100.04197198432568,42.01352682265881,107.47654678985127,42.514945055688706,0.007829896979194484,0.005143901910595509,-0.05357310738632625,0.0020596012181640427,0.0010298006090821033,-0.056662509213572396
AEP,FE,-1,2025-06-30,2025-07-01,2025-08-19,34,signal,100.04197198432568,38.38490632883376,107.47654678985127,41.15376008150833,0.008195026709240114,0.004676630741418333,-0.045905085653479845,0.0020725468713965285,0.0010362734356983482,-0.04901390596057472
AEP,POR,-1,2025-06-30,2025-07-01,2025-08-19,34,signal,100.04197198432568,38.761808475673575,107.47654678985127,40.146855830744435,0.007850659367599716,0.005521728749321724,-0.048653637751455155,0.0020648207899983326,0.0010324103949992417,-0.051750868936452726
AEP,WTRG,-1,2025-06-30,2025-07-01,2025-08-19,34,signal,100.04197198432568,35.4627129713977,107.47654678985127,37.32433361007178,0.007727566012183348,0.006383362380935569,-0.04349957278175618,0.0020681956479725715,0.0010340978239863686,-0.046601866253715124
CPK,DUK,1,2025-06-30,2025-07-01,2025-07-03,2,signal,116.36129419189157,113.55976242720787,118.85908758225295,112.17637306257208,0.0029998906578160497,0.005729373429371993,0.017418040785696982,0.001998979460577104,0.000999489730288614,0.014419571594831265
EVRG,OTTR,-1,2025-06-30,2025-07-01,2025-07-10,6,signal,66.28199612858306,74.53697013720331,65.57133217253254,76.72961956401994,0.009731398205511011,0.004758607397685133,0.019352666637472645,0.0020029549078615363,0.0010014774539308055,0.0163482342756803
AEP,AES,-1,2025-07-01,2025-07-02,2025-08-19,33,signal,99.80172374249314,10.207356802590434,107.47654678985127,12.770837369448719,0.009644189599318247,0.003582348904143269,-0.06275288271380063,0.0020812840966612928,0.0010406420483306958,-0.06587480885879261
AEP,CNP,-1,2025-07-01,2025-07-02,2025-08-29,41,signal,99.80172374249314,35.4225741671729,108.25325596557576,36.609894144405516,0.00884756427822414,0.0032812426747504684,-0.06880252260248605,0.0020770670128405994,0.0010385335064203591,-0.07191812312174702
AEP,ETR,-1,2025-07-01,2025-07-02,2025-07-16,9,signal,99.80172374249314,79.74301976861074,100.53115450344757,80.15497615371599,0.0054863218470742455,0.0056727151671565595,0.0003411660886817043,0.002006146774440405,0.0010030733872202894,-0.00266805407297899
AEP,IDA,-1,2025-07-01,2025-07-02,2025-07-16,9,signal,99.80172374249314,111.57589788018828,100.53115450344757,114.02242896496,0.00650711883040053,0.003139371381171291,0.004945908751827231,0.002011831721228892,0.0010059158606145176,0.0019281611699838216
AEP,MDU,-1,2025-07-01,2025-07-02,2025-08-29,41,signal,99.80172374249314,16.146907900856874,108.25325596557576,15.816049270107628,0.007494755502032237,0.015576543007502108,-0.06643867417858168,0.002057127142238436,0.0010285635711192766,-0.06952436489193939
AEP,NJR,-1,2025-07-01,2025-07-02,2025-08-19,33,signal,99.80172374249314,43.60452745074827,107.47654678985127,44.53682008653653,0.009481607221329316,0.001211452172637551,-0.06956818908360765,0.0020720406054881924,0.001036020302744145,-0.07267624999184
AEP,OGE,-1,2025-07-01,2025-07-02,2025-08-29,41,signal,99.80172374249314,42.62121123131272,108.25325596557576,43.13511957179478,0.007835320519430748,0.005102060154869243,-0.061530822701649036,0.002067649879271905,0.0010338249396359997,-0.06463229752055694
AEP,SR,-1,2025-07-01,2025-07-02,2025-08-19,33,signal,99.80172374249314,69.62041904330395,107.47654678985127,71.38178538427307,0.008531339848287231,0.002123701493108376,-0.059668159071260794,0.0020677482929919114,0.0010338741464959987,-0.0627697815107487
AEP,UGI,-1,2025-07-01,2025-07-02,2025-08-19,33,signal,99.80172374249314,33.386624778548715,107.47654678985127,32.788622479153815,0.009721238398501723,0.0008644574309638122,-0.07305359792781543,0.002072134113313822,0.0010360670566569577,-0.07616179909778621
D,ES,-1,2025-07-01,2025-07-02,2025-07-09,4,signal,54.46264923757871,61.49816855415272,53.603630301517846,61.86248121434621,0.012127736256474744,0.005515107564347972,0.014418139611173863,0.001990961007289316,0.0009954805036446884,0.011431698100239859
D,EXC,-1,2025-07-01,2025-07-02,2025-07-16,9,signal,54.46264923757871,41.295749684496606,53.698543268616916,41.02221651811073,0.017253774030930848,0.001439191772595405,0.014774719930391091,0.0019846748888333703,0.0009923374444167098,0.011797707597141011
D,FE,-1,2025-07-01,2025-07-02,2025-07-16,9,signal,54.46264923757871,38.213458930946544,53.698543268616916,38.431790774796,0.016883960232319393,0.002083398546327346,0.015341894255990625,0.0019858872166689063,0.000992943608334473,0.012363063430987246
D,IDA,-1,2025-07-01,2025-07-02,2025-07-16,9,signal,54.46264923757871,111.57589788018828,53.698543268616916,114.02242896496,0.013857355991974537,0.0021938497321940683,0.017949584920219468,0.001993774927592347,0.0009968874637962099,0.01495892252883091
D,MDU,-1,2025-07-01,2025-07-02,2025-07-16,9,signal,54.46264923757871,16.146907900856874,53.698543268616916,16.03758983164444,0.014537178116718823,0.01286201154321624,0.011688221893102304,0.0019863275903491393,0.0009931637951746107,0.008708730507578555
D,NI,-1,2025-07-01,2025-07-02,2025-07-16,9,signal,54.46264923757871,38.55451733676411,53.698543268616916,38.429152973115485,0.016459131741981374,0.0026662886176313646,0.014227777460620969,0.001985514228497402,0.0009927571142487302,0.011249506117874836
D,NWE,-1,2025-07-01,2025-07-02,2025-07-16,9,signal,54.46264923757871,49.52928911636093,53.698543268616916,49.06932350635106,0.017405664681889067,0.0010325925439297404,0.014809259667670376,0.001984444449851749,0.0009922222249258953,0.011832592992892733
D,OGS,-1,2025-07-01,2025-07-02,2025-07-16,9,signal,54.46264923757871,69.3324692754764,53.698543268616916,69.76880442457148,0.018139054708682906,0.00016040458803849074,0.015914420319216468,0.0019842701851500253,0.0009921350925750352,0.012938015041491408
D,OTTR,-1,2025-07-01,2025-07-02,2025-07-09,4,signal,54.46264923757871,76.9123146344842,53.603630301517846,76.69091165705512,0.01679542884152977,0.0010979408464353983,0.01616818697433943,0.0019836829326443884,0.000991841466322238,0.013192662575372802
D,PNW,-1,2025-07-01,2025-07-02,2025-07-16,9,signal,54.46264923757871,86.37151660004272,53.698543268616916,85.61808403439926,0.01826968273465639,4.622652270265723e-05,0.015909182122639243,0.001984037061650716,0.00099201853082538,0.012933126530163146
D,POR,-1,2025-07-01,2025-07-02,2025-08-26,38,signal,54.46264923757871,39.05872348443358,57.162656299677025,40.557883481289494,0.016743571753746214,0.0022344585954346377,-0.039811084525472044,0.00204686651348614,0.001023433256743131,-0.04288138429570131
D,XEL,-1,2025-07-01,2025-07-02,2025-07-16,9,signal,54.46264923757871,65.85076694981068,53.698543268616916,65.74802206260901,0.011001450692839703,0.006083943020443323,0.009771759434166808,0.001990579331905948,0.0009952896659529964,0.006785890436307863
CMS,WTRG,-1,2025-07-03,2025-07-07,2025-07-09,2,signal,67.28856334551914,35.19477570959457,66.98001594042911,35.29635666617789,0.010536728853372137,0.008256317169828374,0.006086519788349589,0.001996754846537975,0.0009983774232690296,0.0030913875185425844
FE,POR,1,2025-07-03,2025-07-07,2025-07-17,8,signal,37.93724491973085,39.23877073413483,38.1941455770601,38.819271357149105,0.014001356822961298,0.011949619540765974,0.010608533001282486,0.001998717277394606,0.0009993586386973577,0.007610457085190522
AEP,SRE,-1,2025-07-07,2025-07-08,2025-07-25,13,signal,99.40771266661802,72.00995696318499,105.0762301201839,78.17692536616163,0.006059548931803058,0.005519072360579999,0.0017552604643070666,0.002067974483530585,0.0010339872417653427,-0.0013467012609888612
AEP,NI,-1,2025-07-08,2025-07-09,2025-08-29,37,signal,99.90743132660613,37.925009311048285,108.25325596557576,41.06790080595095,0.0061905866498092686,0.010053423503606041,-0.01798596340252559,0.002082767964991108,0.00104138398249559,-0.02111011535001229
AEP,NRG,-1,2025-07-08,2025-07-09,2025-09-03,39,signal,99.90743132660613,150.77695027067907,107.03964419680634,142.9782765303549,0.007480148354147619,0.0016725464375389003,-0.06435440461430396,0.0020392497300619553,0.001019624865031002,-0.06741327920939692
AEP,CWEN,-1,2025-07-10,2025-07-11,2025-08-29,35,signal,101.08949437340789,29.982816157391024,108.25325596557576,27.949867879203634,0.009251957737736044,0.002129614713631811,-0.06854808003215208,0.0020601360270820794,0.001030068013541094,-0.07163828407277525
AEP,NEE,-1,2025-07-10,2025-07-11,2025-08-19,27,signal,101.08949437340789,71.30728686162189,107.47654678985127,73.04393243017563,0.008900757205314672,0.0013943260431283435,-0.05237053668491608,0.0020576159875469284,0.0010288079937735171,-0.055456960666236524
AEP,ORA,-1,2025-07-10,2025-07-11,2025-08-19,27,signal,101.08949437340789,86.99704405785937,107.47654678985127,91.1549581739354,0.008997749866374615,0.001029931988313008,-0.05112667288556164,0.0020600583882145512,0.001030029194107324,-0.05421676046788352
AEP,OTTR,-1,2025-07-10,2025-07-11,2025-08-19,27,signal,101.08949437340789,77.57159452884183,107.47654678985127,80.59283021054671,0.007968622112666371,0.002498895636915405,-0.04128907538793857,0.002057179069385872,0.0010285895346929684,-0.04437484399201741
AEP,SWX,-1,2025-07-10,2025-07-11,2025-08-29,35,signal,101.08949437340789,73.74373074232616,108.25325596557576,76.51396502840386,0.008709449035141826,0.001611032820579324,-0.055864203901146194,0.002065274230181061,0.0010326371150905828,-0.05896211524641784
AEP,VST,-1,2025-07-10,2025-07-11,2025-08-19,27,signal,101.08949437340789,193.48933642512606,107.47654678985127,196.23317514708282,0.009090182374936025,0.00041469146504128035,-0.054864161717786845,0.002057463086514086,0.0010287315432570845,-0.05795035634755801
D,OTTR,-1,2025-07-10,2025-07-11,2025-08-26,32,signal,54.481597219899626,77.57159452884183,57.162656299677025,82.5112374862172,0.016777951497016365,0.001096798327800742,-0.03751618412880696,0.002048702936751544,0.0010243514683758255,-0.04058923853393433
EXC,NFG,1,2025-07-15,2025-07-16,2025-07-23,5,signal,41.104343077706545,87.02742766117552,42.63636053979089,86.1669146060558,0.012825137168321898,0.005433740361115964,0.026339244051971897,0.0020151054376044914,0.001007552718802317,0.023316585895565088
NWE,SR,1,2025-07-15,2025-07-16,2025-09-10,39,signal,49.16756039024766,72.1039630374845,53.505982935111405,72.02932870091384,0.009868845115066199,0.0071388925758095485,0.04539029342332101,0.0020422667731045396,0.0010211333865523375,0.04232689326366413
CMS,WTRG,-1,2025-07-16,2025-07-17,2025-08-12,18,signal,67.60591990107257,35.46270875917141,70.8786548838167,37.22798486890161,0.010478497979848195,0.008210688913888585,-0.017751280662991097,0.002047933258157662,0.0010239666290789132,-0.02082318055022767
AEE,AWK,-1,2025-07-18,2025-07-21,2025-08-18,20,signal,95.21367394527935,138.72329956299384,97.18248418607823,140.34686159196974,0.00791619858399847,0.0017715890570645712,-0.010691774969927976,0.0020174331464465033,0.0010087165732233043,-0.013717924689597783
AEP,EIX,-1,2025-07-18,2025-07-21,2025-08-19,21,signal,103.46320068808008,48.73556329978747,107.47654678985127,52.861018287293206,0.007314782008039764,0.004979404936092194,-0.006765578904962433,0.0020488620238977876,0.0010244310119489606,-0.009838871940809181
AEP,IDA,-1,2025-07-18,2025-07-21,2025-08-19,21,signal,103.46320068808008,116.60567705485008,107.47654678985127,121.39641296809752,0.0062591074238176345,0.003019717824455399,-0.008614308671845197,0.0020389850786085035,0.0010194925393042994,-0.011672786289758
ATO,FE,-1,2025-07-18,2025-07-21,2025-07-29,6,signal,152.16630285664095,38.83257168292039,151.24462186906163,39.477423471767416,0.0053549156811579235,0.004751963723817401,0.009996712452801504,0.0019968761715480395,0.0009984380857740683,0.007001398195479396
CMS,CWEN,-1,2025-07-18,2025-07-21,2025-08-19,21,signal,69.30808253114405,30.816712243088187,69.99535685372665,28.01532466817371,0.012112451018793512,0.005186425524642564,-0.020861351388858765,0.0019924132028503842,0.0009962066014253053,-0.023849971193134454
FE,POR,-1,2025-07-18,2025-07-21,2025-08-25,25,signal,38.75498412711036,38.4074239900356,42.516066220747916,40.8159727514226,0.013978137241957931,0.011929802521430305,-0.021758294981086,0.002081115615467789,0.001040557807733988,-0.02487996840428778
SRE,UGI,-1,2025-07-18,2025-07-21,2025-08-22,24,signal,76.00211658602134,34.56542582972484,79.66624566755537,33.206071598368965,0.01213838042014679,0.00221638999560041,-0.04544972739946314,0.0020397244195741945,0.0010198622097871098,-0.04850931402882444
CPK,DUK,1,2025-07-21,2025-07-22,2025-07-29,5,signal,119.27228032248884,114.93763510613594,118.48013930913953,113.15432471389849,0.0029508296751359383,0.005635673784068606,0.009699710890516123,0.0019870284732097965,0.000993514236604935,0.006719168180701392
ES,WEC,1,2025-07-21,2025-07-22,2025-08-18,19,signal,63.0296397131494,104.12850382084666,62.74131010688749,104.09767200162152,0.006606108650233594,0.005603185101368397,0.0002656063153289971,0.001997586631243854,0.0009987933156219635,-0.0027307736315368204
CNP,UGI,-1,2025-07-24,2025-07-25,2025-08-26,22,signal,36.90571814419555,34.14714100789091,36.95723606145708,33.24402042104944,0.017763017516993822,0.01007787608883235,-0.00802547033591248,0.0019911806983049386,0.0009955903491524717,-0.01101224138336989
D,NEE,-1,2025-07-24,2025-07-25,2025-08-19,17,signal,55.646625400543215,69.61755345642031,57.44737822687251,73.04393243017563,0.014869428206562283,0.002469348125693372,-0.01628133461313121,0.002033907758978469,0.0010169538794893183,-0.019332196251598998
DTE,PEG,1,2025-07-29,2025-07-30,2025-08-08,7,signal,133.2016461131003,84.88683522578755,136.00995548054885,84.47103419234712,0.0033531349378290607,0.0065174923645483504,0.014133125897750847,0.002006505580907184,0.0010032527904536748,0.01112336752638999
AEP,PPL,-1,2025-07-30,2025-07-31,2025-08-19,13,signal,108.17218642263764,34.1484302912297,107.47654678985127,34.83881647664863,0.005999068434725152,0.010271877332669333,0.013267085283592203,0.002002333311806954,0.0010011666559035133,0.010263585315881736
AEP,SRE,-1,2025-07-30,2025-07-31,2025-08-19,13,signal,108.17218642263764,78.57665118587812,107.47654678985127,78.79830632988045,0.005562445553389249,0.00506630771637434,0.006989282036646872,0.0019968512880599596,0.000998425644030021,0.003994005104556891
CPK,DUK,1,2025-07-30,2025-07-31,2025-08-18,12,signal,116.39051409191235,114.85151922777659,120.43310961281612,118.94847423326814,0.0029775709810942346,0.005686745954790891,-0.009226516102985393,0.002034711090109373,0.001017355545054705,-0.012278582738149472
EVRG,OTTR,-1,2025-07-30,2025-07-31,2025-08-13,9,signal,66.71237935163728,75.24473082167499,69.72104133094777,79.69042930290809,0.009658409473900122,0.004722916255378929,-0.00601275812480517,0.002049469616401148,0.0010247348082006431,-0.00908696254940696
PCG,VST,1,2025-07-30,2025-07-31,2025-08-07,5,signal,13.748142638013915,208.4368869532929,14.98598047153086,189.40665134162234,0.007622313357260894,0.0042910673716776895,0.09302149789921245,0.0019262869380949176,0.0009631434690475379,0.09013206749206999
AWK,NEE,-1,2025-08-01,2025-08-04,2025-08-21,13,signal,140.90217370353733,68.07263700437059,141.59252564510342,73.68956267296143,0.0037193782488389557,0.006990802100645236,0.03874091063202478,0.002041774864376472,0.0010208874321883245,0.03567824833545999
D,ES,-1,2025-08-01,2025-08-04,2025-08-27,17,signal,57.43679290431714,62.93392507222152,56.9253857395195,61.67142060607765,0.011616425611722686,0.005282588226446126,0.0012581517896813393,0.001986719731194804,0.0009933598655974458,-0.0017219278071109105
D,EXC,-1,2025-08-01,2025-08-04,2025-08-26,16,signal,57.43679290431714,42.81742385934167,57.162656299677025,42.97748319963179,0.016376728762379986,0.0013660346573793765,0.006702077038582601,0.001993969614478098,0.0009969848072390972,0.003711122616865406
D,FE,-1,2025-08-01,2025-08-04,2025-08-26,16,signal,57.43679290431714,41.20424120514677,57.162656299677025,41.998926957133854,0.01598117781376718,0.001971999588228569,0.007943664531814254,0.0019955187321085855,0.0009977593660543361,0.004950386433651332
D,IDA,-1,2025-08-01,2025-08-04,2025-08-26,16,signal,57.43679290431714,120.44343990762275,57.162656299677025,123.88939115310443,0.013064477519688242,0.0020683238941413304,0.012711348879569356,0.0020025540718491062,0.0010012770359246075,0.009707517771795642
D,MDU,-1,2025-08-01,2025-08-04,2025-08-26,16,signal,57.43679290431714,16.571574517784143,57.162656299677025,15.767889310847167,0.013861624295416944,0.012264303997922037,-0.004071509624023544,0.0019851514533419136,0.0009925757266709997,-0.007049236804036458
D,NI,-1,2025-08-01,2025-08-04,2025-08-26,16,signal,57.43679290431714,41.67656022484967,57.162656299677025,41.54464865404661,0.015566887933243878,0.0025217500387632636,0.005928631592364522,0.0019938257983178513,0.000996912899158963,0.002937892894887708
D,NWE,-1,2025-08-01,2025-08-04,2025-08-26,16,signal,57.43679290431714,50.97624103395212,57.162656299677025,54.969039284566435,0.01652470952560478,0.0009803298040378166,0.010441881256265549,0.0019975943676648613,0.0009987971838324723,0.007445489704768216
D,OGS,-1,2025-08-01,2025-08-04,2025-08-26,16,signal,57.43679290431714,69.69727546078407,57.162656299677025,72.94431788622632,0.017208739659863168,0.00015217776450504025,0.007205499288862797,0.001993826170815438,0.0009969130854077615,0.004214760032639597
D,ORA,-1,2025-08-01,2025-08-04,2025-08-26,16,signal,57.43679290431714,87.67400537149926,57.162656299677025,91.62117411323692,0.015658105446126207,0.0011388567976450405,0.010786332395055463,0.0019986125799776196,0.0009993062899888495,0.007788413525088994
D,PNW,-1,2025-08-01,2025-08-04,2025-08-26,16,signal,57.43679290431714,87.51253836877632,57.162656299677025,86.55866848999813,0.017326370250498813,4.3839723949885654e-05,0.006701205341312656,0.001993230422273202,0.000996615211136644,0.00371135970790281
D,WEC,-1,2025-08-04,2025-08-05,2025-08-27,16,signal,58.08086595409,106.48745819228196,56.9253857395195,103.52261285282235,0.009583714761218196,0.004162510589096975,0.0007089496336196675,0.0019763569654802334,0.0009881784827401544,-0.0022555858146007203
PCG,POR,-1,2025-08-04,2025-08-05,2025-08-22,13,signal,14.867358862068855,40.390052345330766,14.66930778805794,40.605675542720846,0.044373521082493615,0.00841697802982911,0.012595516981154175,0.001992397757966556,0.0009961988789833581,0.00960692034420426
PCG,PPL,-1,2025-08-04,2025-08-05,2025-08-22,13,signal,14.867358862068855,34.812340322042,14.66930778805794,35.46299534977,0.05389004185530133,0.005693193781859405,0.016369125501163723,0.001991839675231565,0.00099591983761588,0.013381365988316279
PCG,TXNM,-1,2025-08-04,2025-08-05,2025-08-22,13,signal,14.867358862068855,55.01784212524066,14.66930778805794,55.13808282074619,0.060389821537318325,0.0018424092240669396,0.014168482069797348,0.0019866804884964007,0.0009933402442483003,0.011188461337052646
AWK,CWEN,-1,2025-08-06,2025-08-07,2025-09-09,22,signal,136.48328179164102,28.455568330764766,135.96038854757924,26.931465609731323,0.00398362090741754,0.016032498667584626,-0.020378881914611555,0.0019732844702273593,0.0009866422351137217,-0.023338808619952637
ATO,ED,-1,2025-08-07,2025-08-08,2025-09-18,28,signal,158.16902556360574,102.01161485860511,157.6367298258385,92.57384288442685,0.003997462094272565,0.003602133944720318,-0.029904972242214948,0.0019633145138352533,0.0009816572569176457,-0.03284994401296785
ATO,FE,-1,2025-08-07,2025-08-08,2025-09-09,21,signal,158.16902556360574,41.9579067388592,159.36833561167091,41.42268060487507,0.005114469669067233,0.0045385914141446455,-0.006560548541160503,0.0020024590598025976,0.0010012295299013344,-0.009564237130864434
D,EVRG,-1,2025-08-07,2025-08-08,2025-08-26,12,signal,58.72494676192321,70.02772331859165,57.162656299677025,69.19553863957466,0.011133818753055557,0.004938874138383222,0.015262096454977475,0.0019778929982567778,0.0009889464991284494,0.012295256957592248
D,XEL,-1,2025-08-07,2025-08-08,2025-08-26,12,signal,58.72494676192321,70.60943441007008,57.162656299677025,70.02610914298916,0.010225718166137977,0.005654953006005542,0.01465720100284135,0.0019803360148246507,0.0009901680074123956,0.011686696980604304
CWEN,NEE,1,2025-08-11,2025-08-12,2025-08-29,13,signal,27.537343021016838,70.0470043885706,27.949867879203634,70.44781455019725,0.017187592359954755,0.00751845184063138,0.0060868383824686095,0.0020100011790314806,0.001005000589515781,0.003071836613921348
PCG,SWX,-1,2025-08-19,2025-08-20,2025-08-29,7,signal,15.450586299890237,74.94592659077453,14.85750324720493,76.51396502840386,0.027932150994886832,0.007586374819238389,0.0304574447978884,0.0019956320989449644,0.000997816049472561,0.027463996649470877
AEP,ETR,-1,2025-08-22,2025-08-25,2025-09-02,5,signal,110.16862737140426,86.95338198940435,107.72898136367219,85.4150510338966,0.004997585143759704,0.005167374032072223,0.006222867451946993,0.0019796602398961275,0.0009898301199481102,0.003253377092102755
CMS,WTRG,1,2025-08-28,2025-08-29,2025-09-12,9,signal,69.13144632448441,38.22998297969632,69.19675350146181,36.703975141708135,0.01009607134918119,0.00791102897189766,0.014721028945797576,0.0019893908097527377,0.0009946954048764443,0.011736942731168393
SO,WTRG,1,2025-08-28,2025-08-29,2025-09-12,9,signal,89.60377949471157,38.22998297969632,88.8541717573019,36.703975141708135,0.0072918656142419245,0.009074728952034044,0.010363375744788014,0.001981307120953086,0.0009906535604765896,0.007391415063358338
AEP,ETR,1,2025-09-04,2025-09-05,2025-10-02,19,signal,105.82604984652995,86.08760463643213,108.62801942062978,91.02611969702271,0.0051328960179963705,0.005307281983147475,-0.009787120405943713,0.0020407531291871113,0.0010203765645936049,-0.012848250099724429
AEP,FE,1,2025-09-04,2025-09-05,2025-09-30,17,signal,105.82604984652995,41.85486787584403,106.40914252564045,43.69011751140195,0.0077142977364046674,0.004402294613859675,-0.00156732092593442,0.0020138381251939433,0.0010069190625970476,-0.004588078113725411
AEP,IDA,1,2025-09-04,2025-09-05,2025-10-01,18,signal,105.82604984652995,121.98069844001292,109.45160983766435,129.20165510246048,0.006074262132042946,0.002930538875358815,0.002905063038031643,0.00204375549301785,0.0010218777465089543,-0.00016057020149516112
AEP,OTTR,1,2025-09-04,2025-09-05,2025-09-25,14,signal,105.82604984652995,82.24830728046192,105.93435429579347,80.4029014520016,0.007602333856616484,0.0023840305935045134,0.0072205165020461475,0.0019976459681070005,0.0009988229840535792,0.004224047549885568
AEP,POR,1,2025-09-04,2025-09-05,2025-09-30,17,signal,105.82604984652995,40.86375824965015,106.40914252564045,42.04393045033912,0.0074354719213462995,0.005229708378676616,0.00017526481996484305,0.002011652023120521,0.001005826011560335,-0.002842213214716013
AEP,SRE,1,2025-09-04,2025-09-05,2025-10-08,23,signal,105.82604984652995,79.68181793811732,114.87768169961288,92.23501418280351,0.005606398130334059,0.005106339978729582,-0.01123862840533768,0.002115207542145151,0.00105760377107262,-0.014411439718555451
AEP,WTRG,1,2025-09-04,2025-09-05,2025-09-25,14,signal,105.82604984652995,37.71934703835658,105.93435429579347,36.684671295448545,0.007304088796901768,0.006033548672330571,0.009029477860470708,0.0019956460910350348,0.0009978230455175926,0.006036008723918081
AEP,AVA,1,2025-09-05,2025-09-08,2025-09-30,16,signal,105.06876745221108,34.97119010569265,106.40914252564045,35.81374906826998,0.007236743358890845,0.00686746680354541,0.005930235216320908,0.002016530510787542,0.0010082652553938596,0.002905439450139507
AEP,AWK,1,2025-09-05,2025-09-08,2025-09-25,13,signal,105.06876745221108,138.72282845002366,105.93435429579347,134.13822393575683,0.008505890572954991,0.0007719146435276619,0.012906918145290264,0.0020054078130433417,0.001002703906521762,0.00989880642572516
AEP,AWR,1,2025-09-05,2025-09-08,2025-09-25,13,signal,105.06876745221108,72.35234551271088,105.93435429579347,70.72302295663351,0.007377480415424049,0.003115392611846438,0.013464250248301939,0.0020024208084059325,0.0010012104042030452,0.010460619035692962
AEP,CPK,1,2025-09-05,2025-09-08,2025-09-30,16,signal,105.06876745221108,121.9099826163925,106.40914252564045,132.41005480869404,0.008364763388580363,0.0009997591081590657,0.002737601720887375,0.0020232241902808567,0.001011612095140516,-0.0002972345645339976
AEP,AES,1,2025-09-08,2025-09-09,2025-09-29,14,signal,104.1658434989358,12.14276284904554,105.88591249783092,12.68197954913502,0.009210075374239068,0.003421096514559873,0.01601678911715109,0.0020195363617037353,0.0010097681808519372,0.012987484574595419
AEP,CNP,1,2025-09-08,2025-09-09,2025-09-29,14,signal,104.1658434989358,36.40477405484128,105.88591249783092,38.01427760197242,0.00850509985543499,0.0031542349646844054,0.011573864137896992,0.0020212579082005337,0.0010106289541003406,0.008541977275596118
AEP,EXC,1,2025-09-08,2025-09-09,2025-09-29,14,signal,104.1658434989358,41.45495916279829,105.88591249783092,42.42625936894711,0.007614803693122761,0.005002594972826013,0.01025810314438308,0.0020191369075555302,0.0010095684537778373,0.007229397783049712
AEP,NJR,1,2025-09-08,2025-09-09,2025-09-29,14,signal,104.1658434989358,44.5752816360246,105.88591249783092,46.41596202027279,0.009110554229917887,0.001164043232136637,0.015547771553054998,0.0020196212032312453,0.0010098106016156925,0.01251833974820806
AEP,ORA,1,2025-09-08,2025-09-09,2025-09-29,14,signal,104.1658434989358,89.94989882226052,105.88591249783092,94.69530496222028,0.008743685508549447,0.0010008503831227787,0.012311741855737964,0.0020214410296454984,0.0010107205148228151,0.009279580311269651
AEP,SR,1,2025-09-08,2025-09-09,2025-10-24,33,signal,104.1658434989358,70.98267053332943,112.85259954707468,85.32281282417253,0.008213610096664093,0.002044609209841466,0.04413177282351565,0.0021021326375592203,0.0010510663187796635,0.040978573867176765
AEP,SWX,1,2025-09-08,2025-09-09,2025-09-29,14,signal,104.1658434989358,75.21350298363643,105.88591249783092,76.10314088189988,0.008475413221109732,0.0015677419790949335,0.015201088940860115,0.0020175160857048616,0.001008758042852506,0.012174814812302747
AEP,UGI,1,2025-09-08,2025-09-09,2025-09-25,12,signal,104.1658434989358,32.55143847974264,105.93435429579347,31.67495160448428,0.009349350331610662,0.0008313874259158655,0.01928084382002366,0.002017716647895287,0.001008858323947716,0.016254268848180653
AEP,VST,1,2025-09-08,2025-09-09,2025-09-29,14,signal,104.1658434989358,188.81951664804924,105.88591249783092,201.36340123075536,0.008874351089962724,0.0004048453048570684,0.012208212377507816,0.0020220489603293944,0.0010110244801647668,0.009175138937013655
SRE,UGI,1,2025-09-08,2025-09-09,2025-09-11,2,signal,77.00064836449364,32.55143847974264,79.61386765765617,32.71166719285965,0.012066604221912797,0.002203284124620785,0.033213285333922586,0.0020336317581827494,0.001016815879091465,0.030162837696648372
AEP,NRG,1,2025-09-10,2025-09-11,2025-10-01,14,signal,105.1852614790715,159.3296482102715,109.45160983766435,159.86615787142182,0.00710521784784785,0.0015887127148710035,0.03149315843998941,0.0020321836576997635,0.0010160918288499095,0.02844488295343974
ES,WEC,1,2025-09-10,2025-09-11,2025-10-14,23,signal,61.26845002270804,105.54148339843432,68.4009818101603,111.9279858381946,0.006630627891519264,0.005623981890331877,0.01345843770976956,0.0020828475665129716,0.0010414237832565344,0.010334166360000055
EXC,NFG,1,2025-09-11,2025-09-12,2025-09-22,6,signal,41.85658274746742,85.69274158114357,41.77295199218125,84.58551606777482,0.012794706982023193,0.005420847732419878,0.006925144728888374,0.0019930748240378363,0.000996537412019005,0.003935532492831533
PCG,PNW,-1,2025-09-11,2025-09-12,2025-09-24,8,signal,15.569207657461662,84.89130668329776,14.619784125036727,83.57720140101955,0.025450624791629173,0.007114517090071078,0.016781115166882958,0.0019669175637137197,0.0009834587818568815,0.013830738821312357
PCG,POR,-1,2025-09-11,2025-09-12,2025-09-17,3,signal,15.569207657461662,40.5145655181264,14.986268607316852,40.15641114256036,0.042988364836411275,0.008154235082982927,0.02411048577062305,0.0019713641799713666,0.0009856820899857219,0.02115343950066596
SRE,UGI,-1,2025-09-12,2025-09-15,2025-11-03,35,signal,81.58479558602633,33.05881207337509,89.85393168833369,31.918574531840367,0.011402930125939627,0.002082101514112661,-0.09457637272152261,0.002090098766650469,0.0010450493833253146,-0.09771152087149838
CNP,UGI,-1,2025-09-15,2025-09-16,2025-10-02,12,signal,37.28387914854359,32.72245526072998,37.290005444208745,31.947350702845977,0.017899401260523567,0.01015525362147898,-0.005989480217214339,0.001991560175613254,0.0009957800878066902,-0.008976820480634282
AEP,CWEN,1,2025-09-16,2025-09-17,2025-09-29,8,signal,104.37943244719422,26.80805687284704,105.88591249783092,27.14708513538802,0.00905370576676556,0.0020839810946342643,0.014948835643103309,0.0020161370108186857,0.0010080685054094179,0.011924630126875205
AEP,EIX,1,2025-09-16,2025-09-17,2025-09-25,6,signal,104.37943244719422,52.64324352527251,105.93435429579347,52.00863721645735,0.007135367018133722,0.004857271441838346,0.016186398010333003,0.0020090048354440863,0.0010045024177221056,0.01317289075716681
AEP,NEE,1,2025-09-16,2025-09-17,2025-09-30,9,signal,104.37943244719422,68.24833255713156,106.40914252564045,74.39833071482161,0.008697381627597896,0.0013624667464409278,0.011301666481244272,0.0020276713161414216,0.001013835658070774,0.008260159507032076
AEP,OGE,1,2025-09-16,2025-09-17,2025-09-30,9,signal,104.37943244719422,42.277999425486,106.40914252564045,44.282949150945605,0.007585381466644494,0.004939309431500092,0.0075195287022725085,0.0020264705792110834,0.0010132352896056046,0.0044798228334558205
CMS,CWEN,1,2025-09-16,2025-09-17,2025-09-24,5,signal,68.25784297440995,26.80805687284704,69.22581890755205,26.909285664750453,0.012550189018403787,0.005373860382439897,0.013618420592721309,0.002014129060894175,0.0010070645304471402,0.010597227001379994
AEP,NI,1,2025-09-18,2025-09-19,2025-10-01,8,signal,103.44739396547482,39.1609365566264,109.45160983766435,42.15425884581194,0.005987862352510769,0.009724202166355951,0.008910291327672952,0.002065544239341169,0.0010327721196706201,0.005811974968661163
ATO,FE,1,2025-09-18,2025-09-19,2025-10-30,29,signal,159.2509455012151,41.72040379863843,168.33518541867645,44.20977324081362,0.005098095260247901,0.0045240607284454835,0.03710911768404309,0.0020588557498157052,0.0010294278749079422,0.03402083405931944
CPK,DUK,-1,2025-09-18,2025-09-19,2025-10-13,16,signal,124.61303056548839,116.7822699120127,134.8671680044122,121.80887594817379,0.002877260438721237,0.005495166786843434,0.0001759049804807844,0.002057690426247401,0.0010288452131237502,-0.0029106306588903667
AEP,MDU,1,2025-09-19,2025-09-22,2025-10-01,7,signal,103.83573734073717,16.136645639843124,109.45160983766435,17.337088288554412,0.007283173646466221,0.015136806998510556,0.02479062491192381,0.002060119026712883,0.001030059513356493,0.021700446371854438
FE,POR,1,2025-09-19,2025-09-22,2025-10-20,20,signal,41.64033270870512,40.95935026400378,45.2163150390536,43.52714899597712,0.013056371773322153,0.0111431111460666,0.020151583375911376,0.0020754952871585046,0.0010377476435793195,0.01703834044517355
AWK,CWEN,1,2025-09-22,2025-09-23,2025-10-01,6,signal,131.43908574294224,27.045379249106375,135.56230688274874,26.91879706761417,0.004162093754149949,0.0167507812913427,0.02129683163100172,0.0020152482404770917,0.0010076241202385996,0.01827395927028603
AWK,NEE,1,2025-09-22,2025-09-23,2025-10-23,22,signal,131.43908574294224,70.01571868363278,140.2690739924675,81.6279908162389,0.0038017263697180483,0.0071455805012033006,-0.04729073103416126,0.0021164951187348314,0.0010582475593675289,-0.05046547371226362
D,ES,1,2025-09-22,2025-09-23,2025-10-14,15,signal,57.358841396234766,65.30940761423403,58.82504268657393,68.53792071268313,0.011490181482858923,0.005225178505841479,0.002011713776801684,0.002034352108246668,0.001017176054123404,-0.001039814385568388
PCG,VST,1,2025-09-22,2025-09-23,2025-09-25,2,signal,14.62968831168838,209.0293714330787,14.511490464803195,197.37601045123392,0.007552395990912776,0.004251706600821392,0.05060204763189011,0.0019480527685764334,0.0009740263842882749,0.0476799684790254
AEE,AWK,-1,2025-09-23,2025-09-24,2025-10-24,22,signal,98.16761841627071,132.92994078089916,101.94598335275666,139.53973668693115,0.007813419144673322,0.001748587748031253,-0.015924148129273334,0.00203999266275366,0.001019996331376899,-0.018984137123403896
EVRG,OTTR,-1,2025-09-23,2025-09-24,2025-10-30,26,signal,70.80766064493726,81.12495953788455,74.62506316145476,75.05182094672851,0.009049067181033921,0.004424950774846704,-0.05941022550006453,0.002007045643637643,0.0010035228218188725,-0.06242079396552104
PCG,SWX,1,2025-09-23,2025-09-24,2025-09-29,3,signal,14.619784125036727,77.01862886450041,14.817932740709754,76.10314088189988,0.028133838903899835,0.007641153274165156,0.014568302692628422,0.001998237464545761,0.0009991187322729445,0.011570946495809717
SO,WTRG,-1,2025-09-23,2025-09-24,2025-09-30,4,signal,90.52720076147016,36.15370306684685,90.92162018966776,37.76752179664285,0.007376471873099946,0.009180021466652335,0.013922531242281539,0.0020170644777724603,0.0010085322388862646,0.010896934525622813
D,XEL,1,2025-09-24,2025-09-25,2025-10-27,22,signal,58.63561633470036,75.72910391795466,58.298107526590286,77.98743096696298,0.00995043450122607,0.0055027176164606974,-0.013775909056184352,0.0020093862688095633,0.0010046931344048521,-0.016789988459398768
EXC,NFG,1,2025-09-24,2025-09-25,2025-11-11,33,signal,42.93800307518254,91.29452945771453,44.33450482151398,78.27084275065273,0.01225289065698565,0.005191291572900592,0.08667062870560481,0.0019496904550488133,0.0009748452275244472,0.08374609302303156
PCG,POR,1,2025-09-24,2025-09-25,2025-10-24,21,signal,14.540542497765761,41.8244768273992,16.218900395876055,44.593514646379795,0.04450889090251628,0.008442655613514986,0.05342253534725104,0.002098719451335245,0.0010493597256677105,0.05027445617024808
CWEN,NEE,1,2025-09-25,2025-09-26,2025-10-07,7,signal,26.994889917668807,72.5696993726535,30.7096534366755,80.88847778918316,0.01702295320275244,0.007446432936029491,0.0034160411368344135,0.0021250211818692006,0.0010625105909346446,0.00022850936403056828
PCG,PPL,1,2025-09-25,2025-09-26,2025-09-30,2,signal,14.362252557353761,35.145767344124444,14.852473588660029,35.95303016713183,0.0553569376897134,0.005848163456322345,0.024449189756519087,0.0020330596134703737,0.001016529806735237,0.021399600336313475
PCG,TXNM,1,2025-09-25,2025-09-26,2025-09-29,1,signal,14.362252557353761,55.03132330571681,14.817932740709754,55.09286500703226,0.06238881463488305,0.001903395715300789,0.030342365703713976,0.00203015742212357,0.0010150787110617958,0.02729712957052861
ATO,ED,-1,2025-09-29,2025-09-30,2025-10-30,22,signal,165.7087500841903,96.47962485171101,168.67219279689198,94.09192398798173,0.00395685341814964,0.003565541254842877,-0.01823678550169032,0.0020025688594046136,0.0010012844297024185,-0.02124063879079735
NWE,SR,1,2025-09-29,2025-09-30,2025-10-23,17,signal,56.050156007435575,78.16272741879659,59.32137398567812,84.25495370084442,0.008881637125001387,0.00642476932137784,-0.008019201296601303,0.002068176179660405,0.0010340880898302759,-0.011121465566091985
CMS,CWEN,-1,2025-09-30,2025-10-01,2025-10-02,1,signal,70.67891629252092,26.91879706761417,70.08269888712366,28.241490213682717,0.012155911723484175,0.005205034946284549,0.016130443318079953,0.001998213121568144,0.0009991065607841865,0.013133123635727623
AWK,CWEN,1,2025-10-01,2025-10-02,2025-10-21,13,signal,132.02375320364658,28.241490213682717,141.44573673400942,30.038715465680156,0.004070559653999983,0.01638239273911868,0.01097785016900989,0.002067954068546183,0.0010339770342731418,0.007875919066190566
PCG,SWX,-1,2025-10-01,2025-10-02,2025-10-24,16,signal,15.367359272125809,75.54884709898046,16.25137066693887,78.61995468286001,0.02786965678421949,0.007569401385783812,0.0006575211852577131,0.0020481693507277783,0.001024084675363968,-0.002414732840834033
PCG,TXNM,-1,2025-10-01,2025-10-02,2025-10-29,19,signal,15.367359272125809,55.21929228868704,15.953728174851381,55.5355324205445,0.05859699129937638,0.001787712474126568,-0.03176081955319404,0.0020332875095002132,0.0010166437547501853,-0.03481075081744444
AEP,AWR,-1,2025-10-02,2025-10-03,2025-10-24,15,signal,109.81980762567603,68.84162041623429,113.07853067729904,74.85262382801004,0.007195724294180981,0.0030386398933851754,-0.00314305095625652,0.002040546908018562,0.0010202734540093635,-0.006203871318284445
AEP,OTTR,-1,2025-10-02,2025-10-03,2025-10-29,18,signal,109.81980762567603,77.93421353282226,116.79701058627819,75.61663124889895,0.007443529856903669,0.0023342309397630856,-0.05529959394194012,0.002045196885559269,0.0010225984427797517,-0.05836738927027914
PCG,PPL,-1,2025-10-03,2025-10-06,2025-10-29,17,signal,15.7436222011326,35.55548698783375,15.953728174851381,35.5715364639764,0.05125083946665598,0.005414376209803166,-0.008671594020544786,0.0020096156076953283,0.0010048078038477374,-0.011686017432087852
AEP,AES,-1,2025-10-06,2025-10-07,2025-10-29,16,signal,112.9494881996893,13.6069065742372,116.79701058627819,13.846176551967364,0.00846655402119367,0.0031449143764072187,-0.029791303593352563,0.002031468947648056,0.0010157344738241049,-0.03283850701482472
AEP,AVA,-1,2025-10-06,2025-10-07,2025-10-24,13,signal,112.9494881996893,35.441780777781396,113.07853067729904,37.13190341246666,0.006818389069025171,0.006470460297263326,0.012066753768599968,0.002010744182137066,0.0010053720910685841,0.009050637495394318
AEP,AWK,-1,2025-10-06,2025-10-07,2025-10-29,16,signal,112.9494881996893,135.81421386199216,116.79701058627819,130.17481571810134,0.007976042598987073,0.0007238306238190459,-0.03274500541095644,0.0020249661214894283,0.0010124830607447898,-0.03578245459319066
AEP,CNP,-1,2025-10-06,2025-10-07,2025-10-29,16,signal,112.9494881996893,38.75811794944268,116.79701058627819,38.60253788948352,0.007847927259907808,0.0029105133372046743,-0.028619729248775278,0.002028164411555462,0.0010140822057778088,-0.03166197586610855
AEP,CPK,-1,2025-10-06,2025-10-07,2025-10-29,16,signal,112.9494881996893,133.8490698881885,116.79701058627819,129.0387246958891,0.007749279723589742,0.0009261963100962352,-0.032247027840954824,0.002023823342892955,0.001011911671446551,-0.03528276285529433
AEP,CWEN,-1,2025-10-06,2025-10-07,2025-10-29,16,signal,112.9494881996893,30.771134224336507,116.79701058627819,30.67168512678965,0.008323735265360696,0.0019159565570849402,-0.030186257303653763,0.0020300406204020243,0.001015020310201089,-0.033231318234256874
AEP,EIX,-1,2025-10-06,2025-10-07,2025-10-24,13,signal,112.9494881996893,52.45973676632288,113.07853067729904,55.26780376195333,0.006723236517554861,0.0045767210923349745,0.013996849084124519,0.002012692734314499,0.001006346367157282,0.010977809982652739
AEP,EXC,-1,2025-10-06,2025-10-07,2025-10-27,14,signal,112.9494881996893,44.704954128521855,112.11736751164143,46.14779131325188,0.007022352461388277,0.00461338027039104,0.014499452914271188,0.001999651550966107,0.0009998257754831185,0.011499975587821964
AEP,FE,-1,2025-10-06,2025-10-07,2025-10-29,16,signal,112.9494881996893,44.71018811201769,116.79701058627819,44.17906993164779,0.007217523066133798,0.004118801737390194,-0.027932862104784014,0.0020242899519545437,0.0010121449759773356,-0.030969297032715896
AEP,NEE,-1,2025-10-06,2025-10-07,2025-10-29,16,signal,112.9494881996893,80.88847778918316,116.79701058627819,80.89195085314074,0.00795410317767213,0.0012460303044482465,-0.028570280395864,0.002028982102526923,0.0010144910512635385,-0.03161375354965446
AEP,NJR,-1,2025-10-06,2025-10-07,2025-10-29,16,signal,112.9494881996893,45.20883139411414,116.79701058627819,44.098381888560226,0.008415167209522501,0.00107519456998294,-0.03154214721241765,0.0020293462917207565,0.0010146731458604511,-0.034586166649998855
AEP,OGE,-1,2025-10-06,2025-10-07,2025-10-29,16,signal,112.9494881996893,45.25180654486409,116.79701058627819,43.26589412079354,0.007017575648848323,0.004569576064307698,-0.034058339544190824,0.0020167177431782246,0.0010083588715891823,-0.03708341615895823
AEP,ORA,-1,2025-10-06,2025-10-07,2025-10-29,16,signal,112.9494881996893,103.63652467371364,116.79701058627819,106.68246413884174,0.008005539385170844,0.0009163581138546646,-0.025978374479825993,0.0020319461781576308,0.0010159730890788913,-0.029026293747062514
AEP,POR,-1,2025-10-06,2025-10-07,2025-10-24,13,signal,112.9494881996893,42.40261460051564,113.07853067729904,44.5044167150184,0.0070000334507704385,0.004923444533952636,0.011454901568404488,0.0020100970961442824,0.0010050485480721878,0.008439755924188018
AEP,PPL,-1,2025-10-06,2025-10-07,2025-10-29,16,signal,112.9494881996893,36.27299867805505,116.79701058627819,35.5715364639764,0.005710735931976411,0.009778181331118001,-0.02681670540693946,0.00201450366142594,0.0010072518307130277,-0.029838460899078427
AEP,SWX,-1,2025-10-06,2025-10-07,2025-10-27,14,signal,112.9494881996893,76.2878872522889,112.11736751164143,79.21195443100828,0.007864118897575881,0.0014546676371620247,0.012793607815817471,0.0019961658941056535,0.0009980829470528935,0.009799358974658924
AEP,UGI,-1,2025-10-06,2025-10-07,2025-10-29,16,signal,112.9494881996893,31.165615537523898,116.79701058627819,32.22547980882475,0.008633254564664693,0.0007677088819236123,-0.030370877446542637,0.0020320955454143485,0.0010160477727072488,-0.033419020764664235
AEP,VST,-1,2025-10-06,2025-10-07,2025-10-29,16,signal,112.9494881996893,200.93475782590895,116.79701058627819,191.3109638451582,0.008181968398262953,0.00037325900868089034,-0.03304631958409484,0.002026154795588875,0.0010130773977945116,-0.03608555177747823
AEP,WTRG,-1,2025-10-06,2025-10-07,2025-10-24,13,signal,112.9494881996893,38.769900109571346,113.07853067729904,39.88712796137311,0.006893867142211746,0.005694684730661884,0.007478800280052645,0.0020061415880703645,0.0010030707940352085,0.004469587897947072
CNP,UGI,-1,2025-10-06,2025-10-07,2025-10-24,13,signal,38.6806791523409,31.165615537523898,38.85599012708649,31.976122626349188,0.01773565500371603,0.010062351923637513,0.007056877661739672,0.0020105250638296785,0.001005262531914939,0.004041090065995055
DTE,PEG,-1,2025-10-06,2025-10-07,2025-10-21,10,signal,138.73931315597113,78.96518195073351,140.29629925452,82.07214015028745,0.003422201308036742,0.0066517367504205956,0.01736445945079268,0.0020261112758480446,0.0010130556379240735,0.014325292537020562
AEP,IDA,-1,2025-10-07,2025-10-08,2025-10-27,13,signal,114.87768169961288,131.10441216994155,112.11736751164143,132.28370363051118,0.005612269111389046,0.0027076494975644865,0.02067187465998722,0.0019871406744126933,0.000993570337206386,0.01769116364836814
AEP,MDU,-1,2025-10-07,2025-10-08,2025-10-23,11,signal,114.87768169961288,17.78487142319594,114.20474701765339,18.90542434154073,0.0065824766164676255,0.013680530350120542,0.021769229221009018,0.002009894204268574,0.0010049471021343088,0.018754387914606138
AEP,NI,-1,2025-10-07,2025-10-08,2025-10-24,12,signal,114.87768169961288,42.72944530980467,113.07853067729904,42.86784747094264,0.005425483946045623,0.00881090773897702,0.012971689252475856,0.0019909755917388375,0.0009954877958694617,0.009985225864867556
AEP,NRG,-1,2025-10-07,2025-10-08,2025-10-27,13,signal,114.87768169961288,162.74351204294194,112.11736751164143,170.00688573132263,0.006607400472904216,0.0014774017304377514,0.030960906296883535,0.0019914841698871312,0.0009957420849436016,0.027973680042052803
CWEN,NEE,1,2025-10-07,2025-10-08,2025-10-29,15,signal,29.991156778372837,81.2803857744544,30.67168512678965,81.05389670069457,0.015255143993746294,0.006673131584508937,0.013901661656205993,0.0020087123176282043,0.0010043561588141446,0.010888593179763643
D,WEC,1,2025-10-07,2025-10-08,2025-10-31,17,signal,58.77961138389541,111.7140088852632,57.23466062359184,108.55969428510488,0.009320499328824726,0.004048187797585566,0.0003425659538792442,0.001973020604248977,0.0009865103021245486,-0.0026169649524942816
D,EVRG,1,2025-10-08,2025-10-09,2025-11-17,27,signal,58.41482115710716,75.66331573218679,58.154398727948546,74.32519398639732,0.0108750368130604,0.004824080511931205,0.005614360351034778,0.001991256818627026,0.000995628409313545,0.0026274751230942073
SO,WTRG,-1,2025-10-13,2025-10-14,2025-10-20,4,signal,95.44957396295982,38.586477548710356,95.34996484105763,39.87748836991873,0.00696776569668525,0.008671386507069202,0.01389875859371211,0.00200985175553846,0.0010049258777692655,0.010883980960404384
CMS,WTRG,-1,2025-10-14,2025-10-15,2025-10-22,5,signal,71.95764836933857,38.50924935338018,72.61616710226241,40.14726119506767,0.009787185687143858,0.007668993893413463,0.008135052905297542,0.0020181952116455106,0.001009097605822797,0.005107760087829235
CMS,CWEN,-1,2025-10-15,2025-10-16,2025-10-29,9,signal,72.99419732576285,30.8947886795645,71.33487448558589,30.67168512678965,0.011589785194433842,0.004962625455762092,0.02010231030764623,0.001978294392048701,0.0009891471960243895,0.017134868719573138
CPK,DUK,1,2025-10-15,2025-10-16,2025-10-29,9,signal,129.5124418721528,124.3471669524057,129.0387246958891,121.51119167364739,0.0027240047424975924,0.005202469747517711,0.015447048481587698,0.001983380723884374,0.000991690361942257,0.012471977395761067
PCG,VST,-1,2025-10-20,2025-10-21,2025-10-27,4,signal,16.565458246054252,192.27214837444416,16.29105766687259,202.61253721951567,0.008018237731391712,0.004513957468667245,0.05092227948733787,0.0020459949536936924,0.0010229974768468809,0.0478532870567973
AWK,CWEN,1,2025-10-28,2025-10-29,2025-12-04,25,signal,130.4354259597792,30.67168512678965,128.07459620871285,33.16944422751854,0.00393902254327756,0.01585300789015666,-0.046866052475553734,0.002030303866302631,0.001015151933151378,-0.049911508275007746
D,ES,1,2025-10-28,2025-10-29,2025-11-07,7,signal,57.138046479573255,72.04323294890224,58.12565961896267,69.5640484982082,0.01112649830220875,0.005059792994628777,0.025531846527382312,0.0019990104927125676,0.0009995052463563454,0.022533330788313398
D,EXC,1,2025-10-28,2025-10-29,2025-11-07,7,signal,57.138046479573255,45.71416561107016,58.12565961896267,44.376668542576475,0.01642091524620842,0.0013697203915191535,0.020065663533368888,0.0020161548671005607,0.001008077433550344,0.017041431232717983
D,FE,1,2025-10-28,2025-10-29,2025-11-07,7,signal,57.138046479573255,44.17906993164779,58.12565961896267,44.195856962380766,0.01599030226894606,0.001973125501603994,0.01777660380489932,0.00201749409971523,0.001008747049857676,0.014750362655326412
D,IDA,1,2025-10-28,2025-10-29,2025-11-06,6,signal,57.138046479573255,130.9787947712305,57.19633900127932,125.860667711101,0.012847221505307994,0.0020339286567496017,0.013150087703904124,0.001991285468960362,0.0009956427344802329,0.010163159500463528
D,MDU,1,2025-10-28,2025-10-29,2025-11-18,14,signal,57.138046479573255,19.20659081876938,59.102878227696,19.95565900865882,0.013496856126532552,0.011941569257993856,0.01961056711470057,0.0020365653659692243,0.0010182826829846616,0.016555719065746686
D,NEE,1,2025-10-28,2025-10-29,2025-11-07,7,signal,57.138046479573255,80.89195085314074,58.12565961896267,79.70138300518857,0.014178757447946746,0.0023546492603727935,0.018818952783477498,0.0020124559250655335,0.0010062279625328303,0.015800268895879134
D,NI,1,2025-10-28,2025-10-29,2025-11-07,7,signal,57.138046479573255,43.29594453415682,58.12565961896267,42.00447216008428,0.015600212578089958,0.00252714844753917,0.020684443142308773,0.0020137258177419506,0.0010068629088710412,0.01766385441569578
D,NWE,1,2025-10-28,2025-10-29,2025-11-07,7,signal,57.138046479573255,58.36984419398384,58.12565961896267,60.83657327830636,0.01651603280368776,0.000979815056768981,0.01591502801844827,0.0020205153087287735,0.0010102576543644507,0.012884255055355044
D,ORA,1,2025-10-28,2025-10-29,2025-11-10,8,signal,57.138046479573255,106.68246413884174,58.66216832412507,114.57134368306079,0.015420666593846106,0.0011215872210749624,0.016688796964083215,0.0020338886362477075,0.0010169443181238897,0.013637964009711616
D,POR,1,2025-10-28,2025-10-29,2025-11-07,7,signal,57.138046479573255,44.262547393798826,58.12565961896267,46.34817313799486,0.01587458019762136,0.002118490170029296,0.01328130049640507,0.0020217341483825084,0.0010108670741913201,0.01024869927383124
AEP,AWK,-1,2025-10-29,2025-10-30,2025-12-02,22,signal,117.77482178884443,126.80086646485641,118.17787668940134,128.92607285368388,0.007728663741682702,0.0007013808449493837,0.00037846467756701857,0.0020029614207211005,0.0010014807103606222,-0.002625977453514704
AEP,AWR,-1,2025-10-29,2025-10-30,2025-12-02,22,signal,117.77482178884443,70.86924727901109,118.17787668940134,72.27330388373198,0.006766368057110593,0.002857329585055148,0.003290186209846807,0.0020055515384758815,0.0010027757692380177,0.00028185890213290794
AEP,ETR,-1,2025-10-29,2025-10-30,2025-12-02,22,signal,117.77482178884443,92.95994062922811,118.17787668940134,93.2854094147652,0.004674756803388516,0.004833577861548938,0.0016922496534074482,0.0020032545755276797,0.0010016272877638953,-0.0013126322098841268
AEP,EXC,-1,2025-10-29,2025-10-30,2025-12-02,22,signal,117.77482178884443,45.680167022177436,118.17787668940134,44.40254553260336,0.006762577216129645,0.004442719227983715,-0.006405949309131574,0.001995854136039917,0.0009979270680200193,-0.00939973051319151
AEP,FE,-1,2025-10-29,2025-10-30,2025-11-24,17,signal,117.77482178884443,44.20977324081362,118.17787086585115,45.455610560884594,0.006988287882051902,0.003987984798418742,0.004158251001640264,0.0020064936886126862,0.0010032468443064411,0.001148510468721137
AEP,IDA,-1,2025-10-29,2025-10-30,2025-12-02,22,signal,117.77482178884443,130.20671732020506,118.17787668940134,128.12901476263872,0.005535614190992314,0.0026706671910181265,-0.005783942394360884,0.0019960660860978184,0.0009980330430490068,-0.00877804152350771
AEP,MDU,-1,2025-10-29,2025-10-30,2025-11-07,6,signal,117.77482178884443,18.904337024315677,116.54457353358531,19.97407726743295,0.006363637303063674,0.013225710979956354,0.023982271266251187,0.0020053422979579042,0.001002671148979038,0.020974257819314245
AEP,NEE,-1,2025-10-29,2025-10-30,2025-12-02,22,signal,117.77482178884443,79.61380478073467,118.17787668940134,83.01376109454766,0.007671537984086974,0.00120176575490384,0.002999463414574033,0.0020055633277592175,0.0010027816638796903,-8.881577064874698e-06
AEP,NI,-1,2025-10-29,2025-10-30,2025-12-02,22,signal,117.77482178884443,41.364598695241426,118.17787668940134,42.32212206844755,0.005405372731988414,0.00877824741718102,0.008236758368320324,0.002010043259547847,0.0010050216297739821,0.005221693478998495
AEP,OGE,-1,2025-10-29,2025-10-30,2025-12-02,22,signal,117.77482178884443,43.420697895098016,118.17787668940134,43.68387817265616,0.00684283023626509,0.0044557885549676365,0.00041734365817794696,0.0020027042499468142,0.0010013521249734726,-0.0025867127167423397
AEP,PPL,-1,2025-10-29,2025-10-30,2025-12-03,23,signal,117.77482178884443,35.45852764411004,116.67094122226385,34.226478075074475,0.00560080500963178,0.009589952614996849,-0.003651319923576357,0.0019813572554623106,0.0009906786277312004,-0.006623355806769868
AEP,SRE,-1,2025-10-29,2025-10-30,2025-11-25,18,signal,117.77482178884443,90.62803340251074,119.96860225488831,91.83559732028174,0.004991145916488176,0.004545964689011098,-0.0034438535863269308,0.002016081898528632,0.0010080409492643912,-0.006467976434119954
AEP,WTRG,-1,2025-10-29,2025-10-30,2025-11-24,17,signal,117.77482178884443,37.69832459314173,118.17787086585115,38.84705690080617,0.006711304109306525,0.005543878384322122,0.005671361516126744,0.002007914233060711,0.0010039571165304513,0.0026594901665355822
D,OGS,1,2025-10-29,2025-10-30,2025-11-07,6,signal,56.77325424922036,78.20295662187522,58.12565961896267,79.22157121680937,0.017418937538414312,0.00015403655509016491,0.025426252341097938,0.0020256915621086765,0.001012845781054417,0.022387714997934845
D,OTTR,1,2025-10-29,2025-10-30,2025-11-07,6,signal,56.77325424922036,75.05182094672851,58.12565961896267,82.23732941885865,0.01622647165987005,0.0010607473138670406,0.016354022961604278,0.0020312643674054455,0.0010156321837028045,0.013307126410496029
D,PNW,1,2025-10-29,2025-10-30,2025-11-07,6,signal,56.77325424922036,85.818105995646,58.12565961896267,85.29596309769832,0.01756422961818649,4.4441563161882284e-05,0.025802904583275995,0.0020257412856749205,0.0010128706428375405,0.022764292654763534
ES,WEC,-1,2025-10-30,2025-10-31,2025-12-04,23,signal,71.01915287177256,108.55969428510488,63.66862194641277,103.95737580389559,0.0061320846528029405,0.005201126288726767,0.02306810626067351,0.0019312680250320447,0.0009656340125160613,0.0201712042231254
PCG,PNW,-1,2025-10-31,2025-11-03,2025-11-04,1,signal,15.74362071075477,86.86361685375986,15.675924762969407,87.85617301976046,0.024989288025939357,0.006985554114480088,0.010630905596080044,0.0020056772494245916,0.0010028386247123277,0.007622389721943125
D,XEL,1,2025-11-03,2025-11-04,2025-11-07,3,signal,56.3508623654139,79.05242209625244,58.12565961896267,78.19129756174718,0.009994470097173625,0.005527069864550175,0.024510907254447767,0.0020132537110198715,0.0010066268555100255,0.021491026687917872
DTE,PEG,1,2025-11-03,2025-11-04,2025-11-21,13,signal,131.6053079054214,77.96708091491288,133.16480555855094,78.54902677514397,0.0035314445681090415,0.00686407300488119,0.0035221231373458685,0.0020093624907373247,0.001004681245368747,0.0005080794012397969
FE,POR,1,2025-11-03,2025-11-04,2025-12-22,33,signal,44.51772565229473,45.64605214282615,42.87587697249061,46.236417953130655,0.0119804385624177,0.010224843532138048,-0.0237199914271868,0.001986473847080527,0.000993236923540336,-0.02669970219780766
CMS,CWEN,1,2025-11-05,2025-11-06,2025-11-11,3,signal,70.39332843336112,32.86454547410333,72.16993549862468,33.51057573247172,0.011847029038394767,0.005072774593728142,0.019796026562713242,0.00202567695214932,0.001012838476074738,0.016757511134489186
CWEN,NEE,-1,2025-11-05,2025-11-06,2025-12-03,18,signal,32.86454547410333,79.90571236400142,33.949563816837184,82.76934852494973,0.014745768054207641,0.006450312798142991,0.004506455053674221,0.002034534891998403,0.001017267445999217,0.001454652715676601
SO,WTRG,1,2025-11-05,2025-11-06,2025-12-01,16,signal,88.17933914068173,38.14327168243968,88.35662522706181,38.49632998928508,0.007374191981186592,0.009177184140479836,7.24064445460893e-05,0.002005145902232408,0.0010025729511162727,-0.0029353124088025914
EVRG,OTTR,1,2025-11-06,2025-11-07,2025-11-25,12,signal,73.27087811325033,82.07301907036943,75.28277989938151,79.38069768567578,0.008820584668537437,0.004313223913891437,0.03136548254559634,0.0020067475159026753,0.001003373757951374,0.02835536127174229
PCG,PNW,-1,2025-11-06,2025-11-07,2025-11-18,7,signal,16.189198633603066,85.29596309769832,16.221605157179702,87.00102190156295,0.02498414552134436,0.006984116568756696,0.01311179171974041,0.0020131115778445237,0.00100655578892227,0.010092124352973617
AEE,AWK,-1,2025-11-07,2025-11-10,2025-11-20,8,signal,101.05261208829508,126.39161376298082,100.81693420510622,124.60015500172578,0.007727315125588346,0.0017293182796921738,0.0007171098577343762,0.0019939549693555286,0.0009969774846777966,-0.002273822596298949
NWE,SR,-1,2025-11-07,2025-11-10,2025-12-17,26,signal,62.08944986434466,86.32333318838178,63.4473708942051,81.70951197770421,0.00802996737977592,0.005808691274722741,-0.03572025280670259,0.001984071776982006,0.0009920358884911028,-0.03869636047217569
AEP,AES,-1,2025-11-10,2025-11-11,2025-12-02,14,signal,119.99258269641184,13.857146020218126,118.17787668940134,13.549978313380958,0.007983725255627789,0.002965566896621457,0.01555996852896854,0.001982780732366781,0.000991390366183414,0.012585797430418344
AEP,CNP,-1,2025-11-10,2025-11-11,2025-12-02,14,signal,119.99258269641184,38.709180278721774,118.17787668940134,38.58240419573601,0.007437477206969392,0.00275829220750123,0.015131744352654903,0.001984595269961033,0.000992297634980544,0.012154851447713326
AEP,CWEN,-1,2025-11-10,2025-11-11,2025-12-02,14,signal,119.99258269641184,33.51057573247172,118.17787668940134,34.15086160949449,0.007823596632997063,0.0018008346963361563,0.017335790833133895,0.001985214003890377,0.0009926070019452165,0.014357969827298303
AEP,NJR,-1,2025-11-10,2025-11-11,2025-11-24,9,signal,119.99258269641184,44.53712567453753,118.17787086585115,47.20732542243008,0.007949286153087418,0.001015669575450438,0.019124190531293033,0.001986486260463071,0.0009932431302315846,0.01614446114059838
AEP,NRG,-1,2025-11-10,2025-11-11,2025-12-02,14,signal,119.99258269641184,163.04230314216048,118.17787668940134,165.16021077031237,0.00638846136778889,0.001428447377801744,0.01660887822554011,0.001990379407999207,0.000995189703999619,0.013623309113541284
AEP,ORA,-1,2025-11-10,2025-11-11,2025-12-02,14,signal,119.99258269641184,112.98643920466121,118.17787668940134,112.03893035543638,0.0075169417683538095,0.0008604305405783778,0.014809720814278914,0.0019839469842404447,0.0009919734921202462,0.011833800337918223
AEP,SR,-1,2025-11-10,2025-11-11,2025-12-02,14,signal,119.99258269641184,86.5157342406377,118.17787668940134,83.3761228298861,0.0070607760115460666,0.0017576348879402115,0.009275227488877894,0.0019802853966818038,0.000990142698340925,0.0063047993938551644
AEP,SWX,-1,2025-11-10,2025-11-11,2025-12-02,14,signal,119.99258269641184,77.32840770279584,118.17787668940134,81.17024259962429,0.007440351624479115,0.001376281164895909,0.0207797272455514,0.001990231451194014,0.000995115725597031,0.017794380068760354
AEP,UGI,-1,2025-11-10,2025-11-11,2025-12-02,14,signal,119.99258269641184,32.981928144365696,118.17787668940134,37.74025989187408,0.008127261811960624,0.0007227136686433493,0.02017430797015741,0.001986805745581522,0.0009934028727907821,0.01719409935178511
AEP,VST,-1,2025-11-10,2025-11-11,2025-12-02,14,signal,119.99258269641184,185.33408478011216,118.17787668940134,174.49787954123894,0.007778521487494197,0.00035485387844341786,0.012250774267313401,0.0019803140549204783,0.0009901570274602621,0.009280303184932661
ATO,ED,-1,2025-11-10,2025-11-11,2025-11-25,10,signal,174.04689338173387,95.56888751032564,172.08082159450046,97.35201991955003,0.003842419222352586,0.003462424004098227,0.01572638997655586,0.001997957492581087,0.000998978746290625,0.012729453737684148
CMS,WTRG,-1,2025-11-10,2025-11-11,2025-11-24,9,signal,72.16993549862468,38.12309621116236,72.52957502696968,38.84705690080617,0.009795792998850026,0.007675738367568073,0.004042231720012768,0.0020082532517744,0.0010041266258872445,0.001029851842351123
PCG,VST,-1,2025-11-11,2025-11-12,2025-12-12,21,signal,16.407032397215353,179.76170647981823,14.872286460423998,174.29891266032445,0.008509100105518029,0.004790293984744905,-0.011146879398113343,0.0019622021626146836,0.0009811010813073776,-0.014090182642035404
AEP,OTTR,-1,2025-11-17,2025-11-18,2025-12-02,9,signal,121.50627403084107,80.568707193153,118.17787668940134,79.85900939693194,0.006808818530882167,0.0021351905861271914,0.02312164620189313,0.001974532758845823,0.0009872663794229866,0.02015984706362432
D,ES,-1,2025-11-19,2025-11-20,2025-12-05,10,signal,57.96278819776724,63.27172874441048,57.268556788910345,64.78770440100217,0.01152538662305082,0.005241188099954528,0.0179460862893306,0.0019992873252405044,0.0009996436626202782,0.01494715530146982
PCG,POR,1,2025-11-19,2025-11-20,2025-12-18,19,signal,15.76521953311684,47.29078183610105,15.54558922947323,47.65689571775785,0.040438699816427164,0.0076706026388337805,-0.009695413419242814,0.0019944646071422293,0.0009972323035711435,-0.012687110329956187
PCG,TXNM,1,2025-11-19,2025-11-20,2025-12-01,6,signal,15.76521953311684,56.473992740844785,15.862442143241028,57.04742663144512,0.05722743117713922,0.0017459291050440035,0.0065708020631336395,0.0020081767528075762,0.001004088376403832,0.0035585369339222314
SRE,UGI,1,2025-11-20,2025-11-21,2025-12-30,25,signal,89.47178085367773,33.56821378147353,87.56054678836782,36.99687010426254,0.010469244815443203,0.0019116165968836203,-0.024575190072339118,0.0019882635886585556,0.0009941317943293567,-0.027557585455327032
CNP,UGI,1,2025-11-21,2025-11-24,2025-12-30,24,signal,38.85648462753079,36.10981122680451,37.80643115078986,36.99687010426254,0.016856262266287735,0.009563427062884388,-0.024191923235372722,0.0019913764372536075,0.0009956882186268287,-0.02717898789125316
PCG,SWX,1,2025-11-25,2025-11-26,2025-12-22,17,signal,15.765219063027182,79.82066824299257,15.496080571004816,78.76537086425843,0.026701933479644148,0.0072522476271889265,0.002451604620850958,0.0019848448207405566,0.0009924224103703093,-0.000525662610259908
CMS,WTRG,-1,2025-11-26,2025-11-28,2025-12-02,2,signal,73.3314339341667,38.23339041423953,71.78628065944243,38.44857347862762,0.009677390788998862,0.007582961357573464,0.018570632704651185,0.001985855774183948,0.0009929278870919596,0.015591849043375277
D,OTTR,-1,2025-11-28,2025-12-01,2025-12-02,1,signal,60.07052552268669,80.35270519211677,58.539618905848734,79.85900939693194,0.015295623516429529,0.0009998964592592213,0.024896962709927927,0.0019744361375202413,0.0009872180687601792,0.021935308503647506
EXC,NFG,1,2025-12-02,2025-12-03,2025-12-31,19,signal,43.86809672997249,80.04478906247566,42.71120747093458,79.75840037980707,0.012858179029319522,0.005447739501347589,-0.011331511260789807,0.0019838070097038954,0.000991903504851987,-0.01430722177534569
PCG,PPL,1,2025-12-02,2025-12-03,2025-12-18,11,signal,15.249303617678258,34.226478075074475,15.54558922947323,33.655399015026056,0.053040457274125395,0.005603439729195988,0.020928899561135604,0.0020137681341991158,0.0010068840670996188,0.01790824735983687
PCG,TXNM,1,2025-12-02,2025-12-03,2025-12-18,11,signal,15.249303617678258,57.089861320335395,15.54558922947323,57.59595968658556,0.05890133091776089,0.0017969974513940392,0.018562128256556253,0.002019968864355643,0.001009984432177892,0.015532174960022717
AEE,AWK,1,2025-12-05,2025-12-08,2025-12-29,14,signal,97.42975558210483,126.38142508291014,97.7199494874871,128.3506214178315,0.00795899521432453,0.0017811666391780545,0.0008091016873939347,0.0020069166009839268,0.0010034583004920436,-0.0022012732140820356
CMS,CWEN,1,2025-12-05,2025-12-08,2025-12-31,16,end_of_period,69.57596832434841,32.824431190727175,68.25593264007568,32.03297753906249,0.01196521315486563,0.005123379802972808,-0.00975812322600854,0.0019814674544156082,0.0009907337272078974,-0.012730324407632046
AEP,OTTR,1,2025-12-08,2025-12-09,2025-12-31,15,end_of_period,113.78424334696086,80.6625015041394,112.60962872314452,79.34142341613769,0.007194710281804378,0.002256203127450787,-0.0034805552029985097,0.0019898361943745165,0.0009949180971873099,-0.006465309494560336
AEP,POR,1,2025-12-08,2025-12-09,2025-12-31,15,end_of_period,113.78424334696086,46.61354095694624,112.60962872314452,47.040191593170164,0.006826458961942996,0.004801361636169193,-0.008071836678757724,0.001995125843635359,0.0009975629218177237,-0.011064525444210806
ATO,FE,1,2025-12-08,2025-12-09,2025-12-16,5,signal,165.53764847316899,43.428682276307,165.62915061449888,43.24352751784755,0.004903173122940722,0.004351086403431952,0.0032551648693764854,0.0020008896772525514,0.00100044483862629,0.00025383035349764395
ATO,ED,1,2025-12-09,2025-12-10,2025-12-31,14,end_of_period,163.4910702742227,93.24734420223547,164.60790188598634,97.02914504241943,0.0040414242662429505,0.003641748487198419,-0.0072398580867212925,0.002018919024815546,0.0010094595124078504,-0.010268236623944688
AEP,AES,1,2025-12-10,2025-12-11,2025-12-31,13,end_of_period,112.05224532487266,13.299409518012379,112.60962872314452,13.847488058090208,0.008555393127939171,0.0031779137978119277,0.005035233929353679,0.002008346188949122,0.0010041730944745774,0.0020227146459299798
AEP,AVA,1,2025-12-10,2025-12-11,2025-12-31,13,end_of_period,112.05224532487266,37.318633988529015,112.60962872314452,37.20029866409301,0.006784716506405831,0.006438505978240181,0.00654765530271479,0.00200406426624488,0.0010020321331224687,0.0035415589033474413
AEP,AWK,1,2025-12-10,2025-12-11,2025-12-31,13,end_of_period,112.05224532487266,126.88056588631768,112.60962872314452,127.97794775390624,0.00809937491931771,0.00073502310546067,0.005714809447165828,0.0020069533589497637,0.0010034766794749,0.0027043794087411644
AEP,AWR,1,2025-12-10,2025-12-11,2025-12-31,13,end_of_period,112.05224532487266,71.07837371556356,112.60962872314452,71.13235585021972,0.007042966905573006,0.0029741328783778184,0.005770328306870816,0.0020052455206521643,0.0010026227603260978,0.002762460025892554
AEP,CNP,1,2025-12-10,2025-12-11,2025-12-31,13,end_of_period,112.05224532487266,36.75543728487798,112.60962872314452,37.734489395141594,0.007962720660106679,0.0029530860715378175,0.003555961617821303,0.0020088984669306325,0.001004449233465344,0.0005426139174253266
AEP,CPK,1,2025-12-10,2025-12-11,2025-12-31,13,signal,112.05224532487266,125.15037323822426,113.29324035492968,123.39215948338196,0.007879395493181394,0.0009417477871340641,0.01344374858804523,0.0020096640282220137,0.0010048320141110318,0.010429252545712184
AEP,CWEN,1,2025-12-10,2025-12-11,2025-12-31,13,end_of_period,112.05224532487266,31.699843746221735,112.60962872314452,32.03297753906249,0.008386146778469515,0.001930322432976748,0.006038321740545148,0.0020070783842582865,0.0010035391921291632,0.0030277041641576983
AEP,EIX,1,2025-12-10,2025-12-11,2025-12-31,13,end_of_period,112.05224532487266,55.47929616210373,112.60962872314452,57.81552449035644,0.006678035706240143,0.004545951461370102,-0.004882826457781951,0.0020153278894076846,0.001007663944703871,-0.007905818291893506
AEP,ETR,1,2025-12-10,2025-12-11,2025-12-31,13,end_of_period,112.05224532487266,91.2346456622873,112.60962872314452,90.8765370941162,0.004845688980611464,0.005010317320391442,0.006496227029536366,0.0020010828768663455,0.0010005414384332036,0.0034946027142368167
AEP,EXC,1,2025-12-10,2025-12-11,2025-12-31,13,end_of_period,112.05224532487266,42.29323251524697,112.60962872314452,42.45582359695434,0.00715548490178003,0.0047008424957961864,0.00522999526671198,0.0020059618422022607,0.001002980921101156,0.0022210525034085634
AEP,FE,1,2025-12-10,2025-12-11,2025-12-31,13,end_of_period,112.05224532487266,43.438375800331116,112.60962872314452,43.5059105682373,0.007312402331867881,0.004172946196779803,0.005799630348817403,0.002005637640434267,0.001002818820217165,0.002791173888165971
AEP,IDA,1,2025-12-10,2025-12-11,2025-12-31,13,end_of_period,112.05224532487266,123.59920275087742,112.60962872314452,124.33787485504149,0.005826464913920163,0.0028109886542572516,0.0031771119254792464,0.002005936015868149,0.0010029680079340932,0.0001682079016770042
AEP,MDU,1,2025-12-10,2025-12-11,2025-12-31,13,end_of_period,112.05224532487266,19.197434410172907,112.60962872314452,19.137824455261228,0.006584198922386408,0.013684109862782259,0.006489441194566826,0.0020038088523822188,0.0010019044261911293,0.0034837279159934775
AEP,NEE,1,2025-12-10,2025-12-11,2025-12-31,13,end_of_period,112.05224532487266,79.43549233410718,112.60962872314452,78.64428532409667,0.008038809360541313,0.0012592997414258074,0.007482156943899209,0.0020050912813404783,0.0010025456406702617,0.004474520021888469
AEP,NI,1,2025-12-10,2025-12-11,2025-12-31,13,end_of_period,112.05224532487266,40.480755597196,112.60962872314452,40.98379869079589,0.0056259969540306785,0.009136537974250089,0.000548016534450141,0.0020082515609050064,0.0010041257804525494,-0.0024643608069074147
AEP,NJR,1,2025-12-10,2025-12-11,2025-12-31,13,end_of_period,112.05224532487266,44.38985000186433,112.60962872314452,45.366694358825676,0.008502127948415978,0.0010863054263607155,0.00568540634763723,0.002007612704883869,0.0010038063524419544,0.002673987290311407
AEP,NRG,1,2025-12-10,2025-12-11,2025-12-18,5,signal,112.05224532487266,163.26067764543325,112.30687698548752,152.950662121859,0.006734840663448238,0.0015058971060108168,0.019227950111532152,0.0019872239095447895,0.0009936119547724253,0.016247114247214936
AEP,OGE,1,2025-12-10,2025-12-11,2025-12-31,13,end_of_period,112.05224532487266,41.7495035106847,112.60962872314452,41.58959033966064,0.007186324496159693,0.004679458840374401,0.006758326817212659,0.0020044817466179743,0.0010022408733090086,0.0037516041972856756
AEP,ORA,1,2025-12-10,2025-12-11,2025-12-31,13,end_of_period,112.05224532487266,113.2240462976317,112.60962872314452,110.2375001144409,0.008005538170219153,0.0009163579747846048,0.0092022186627567,0.002003319180415397,0.0010016595902077176,0.006197239892133586
AEP,SR,1,2025-12-10,2025-12-11,2025-12-31,13,end_of_period,112.05224532487266,79.24610290807185,112.60962872314452,80.36681607055664,0.007593779108960484,0.0018903150406406853,0.004121900927241814,0.0020077554690524973,0.0010038777345262682,0.0011102677236630486
AEP,SRE,1,2025-12-10,2025-12-11,2025-12-19,6,signal,112.05224532487266,86.89071877289268,112.45336486928728,86.25532057146363,0.0052312172899529755,0.0047646230902828575,0.007125196810119933,0.0019994203719870037,0.0009997101859935435,0.004126066252139386
AEP,SWX,1,2025-12-10,2025-12-11,2025-12-31,13,end_of_period,112.05224532487266,78.23638256835937,112.60962872314452,78.41260856628418,0.007909728577748376,0.0014631043007669825,0.006157128793859537,0.0020062144152567796,0.0010031072076284039,0.0031478071709743535
AEP,UGI,1,2025-12-10,2025-12-11,2025-12-31,13,end_of_period,112.05224532487266,36.04267256209762,112.60962872314452,36.32719972229003,0.008684430811518842,0.0007722597102305001,0.006627784161038433,0.0020069554655400535,0.0010034777327700432,0.0036173509627283364
AEP,VST,1,2025-12-10,2025-12-11,2025-12-31,13,end_of_period,112.05224532487266,161.21655283376518,112.60962872314452,161.0458031311035,0.008382066732962776,0.0003823874362686343,0.00674368402161503,0.002006366640410242,0.001003183320205138,0.00373413406099965
AEP,WTRG,1,2025-12-10,2025-12-11,2025-12-31,13,end_of_period,112.05224532487266,36.38812936310045,112.60962872314452,37.356926387786864,0.007040823623517179,0.005816078255210335,0.00030055083475142696,0.0020107119458337213,0.0010053559729168824,-0.0027155170839991767
CMS,WTRG,1,2025-12-11,2025-12-12,2025-12-31,12,end_of_period,68.21652380261432,36.689420461402456,68.25593264007568,37.356926387786864,0.010317142218571844,0.008084254575412626,-0.002983088981474484,0.0020066122772562124,0.001003306138628126,-0.005993007397358823
AEP,PPL,1,2025-12-12,2025-12-15,2025-12-31,11,end_of_period,112.28708781608327,33.305247958604625,112.60962872314452,34.23212731170654,0.005908113903836756,0.010116140855530963,-0.005458906114243888,0.0020119275602538188,0.0010059637801269265,-0.008476797454624634
AWK,CWEN,-1,2025-12-12,2025-12-15,2025-12-30,10,signal,129.24904976244395,31.34916876933114,128.40945254023222,32.295778358387764,0.003915114182179267,0.015756786192268998,0.02021426638921664,0.0020116224949003596,0.001005811247450199,0.01719683264686608
D,WEC,-1,2025-12-12,2025-12-15,2025-12-24,7,signal,57.58043374361243,101.58965446359376,56.43364937137979,102.42859463399915,0.009831140919055998,0.004269975599031027,0.016848511135643403,0.0019920583117752104,0.0009960291558876715,0.01386042366798052
AWK,NEE,-1,2025-12-15,2025-12-16,2025-12-31,10,end_of_period,131.813271590669,79.97657452622391,127.97794775390624,78.48715388488769,0.003544641485990949,0.006662373517411167,0.005648388276684827,0.0019766169298096052,0.000988308464904829,0.0026834628819703927
DTE,PEG,1,2025-12-15,2025-12-16,2025-12-31,10,end_of_period,127.36785190759147,78.60095316128692,126.8380237197876,78.33881200408935,0.0035692576076464242,0.0069375702547785694,0.0019236382303954567,0.0019961088257328123,0.000998054412866461,-0.0010705250082038167
D,XEL,-1,2025-12-16,2025-12-17,2025-12-23,4,signal,57.57074712050127,71.46339613206364,55.3269190212078,71.48532316416808,0.010297699554129328,0.005694759634721956,0.025207806845554653,0.0019766700505798288,0.0009883350252899723,0.022242801769684854
PCG,VST,-1,2025-12-17,2025-12-18,2025-12-31,8,end_of_period,15.54558922947323,165.13792852945798,15.993537603378295,160.72403329467772,0.009222153879644536,0.005191715658322679,-0.025064121572478944,0.0019826162664146278,0.0009913081332073614,-0.028038045972100935
D,EVRG,1,2025-12-22,2025-12-23,2025-12-26,2,signal,55.3269190212078,70.54777361418458,57.0087967726053,71.21617409218318,0.011547689635357168,0.0051224639957866665,0.018021361614776972,0.0020234167203406718,0.0010117083601703558,0.014986236534265944
D,EXC,1,2025-12-22,2025-12-23,2025-12-29,3,signal,55.3269190212078,42.36127474642632,57.44479349340569,42.5337364612494,0.0170042948520621,0.0014183819265282146,0.037806400212105115,0.00203805480651991,0.0010190274032600296,0.034749318002325176
D,FE,1,2025-12-22,2025-12-23,2025-12-29,3,signal,55.3269190212078,43.06014714982643,57.44479349340569,43.62251646804809,0.016504270487332183,0.002036546679118637,0.03584646576376193,0.0020377839838546016,0.0010188919919273745,0.03278978978797995
D,IDA,1,2025-12-22,2025-12-23,2025-12-29,3,signal,55.3269190212078,124.22670644572845,57.44479349340569,125.0255857355789,0.01334071764882968,0.002112057297085527,0.028597605811192053,0.0020309192955549576,0.0010154596477775432,0.02555122686785955
D,MDU,1,2025-12-22,2025-12-23,2025-12-26,2,signal,55.3269190212078,19.109372535888745,57.0087967726053,19.245670554999208,0.013851200410739688,0.012255081291564067,0.023651734832392114,0.0020260523354989797,0.001013026167749554,0.02061265632914358
D,NEE,1,2025-12-22,2025-12-23,2025-12-26,2,signal,55.3269190212078,78.24274122940568,57.0087967726053,78.84022142152521,0.014645934744843858,0.002432232834295983,0.025206809963967375,0.002027349109309458,0.00101367455465478,0.022165786300003137
D,NI,1,2025-12-22,2025-12-23,2025-12-29,3,signal,55.3269190212078,40.68643713715841,57.44479349340569,40.97399012431928,0.01616312511231599,0.0026183371752471246,0.03551515273627973,0.0020365933461017074,0.001018296673050928,0.0324602627171271
D,NWE,1,2025-12-22,2025-12-23,2025-12-29,3,signal,55.3269190212078,62.01032325757411,57.44479349340569,62.76661269385475,0.01696234938020425,0.00100629282579223,0.03720155063178419,0.0020384725248995613,0.0010192362624498587,0.034143841844434766
D,OGS,1,2025-12-22,2025-12-23,2025-12-29,3,signal,55.3269190212078,75.46516569413768,57.44479349340569,76.00687997283876,0.01787640541752057,0.00015808196693038365,0.0398142850954738,0.002039937665738256,0.0010199688328692046,0.03675437859686634
D,ORA,1,2025-12-22,2025-12-23,2025-12-29,3,signal,55.3269190212078,112.49703604460935,57.44479349340569,111.86406703827306,0.015757447593198064,0.0011460822234716003,0.03613189728452388,0.00203416675372312,0.0010170833768616378,0.033080647153939116
D,OTTR,1,2025-12-22,2025-12-23,2025-12-29,3,signal,55.3269190212078,81.0152537280866,57.44479349340569,81.08907642202239,0.016508997476630812,0.001079216424559061,0.03692104414750832,0.0020367304939732283,0.0010183652469866896,0.0338659484065484
D,PNW,1,2025-12-22,2025-12-23,2025-12-29,3,signal,55.3269190212078,85.27130209193875,57.44479349340569,85.78280794332562,0.018022038243891838,4.559992486618796e-05,0.04018530646096027,0.0020402163556395084,0.001020108177819831,0.037124981927500925
D,POR,1,2025-12-22,2025-12-23,2025-12-29,3,signal,55.3269190212078,46.4668598147101,57.44479349340569,46.75592911397706,0.016265733302075862,0.0021706902280117725,0.03585800968365467,0.002036708254746113,0.0010183541273731315,0.03280294730153543
